Workbook

Sheet Veículos 2024-2025
C1: KM Unidas | J1: KM Localiza
A2: Grupo | B2: Veículos | C2: 3000 | D2: 4500 | E2: 5000 | F2: 6000 | G2: + | H2: Grupo | I2: Veículos | J2: 3000 | K2: 4000 | L2: 5000
A3: AM | B3: KWID/ Mobi | C3: 2310.17 | D3: 2495.06 | E3: 2610.07 | F3: 2782.62 | H3: B | I3: KWID/ Mobi | J3: 2742.1 | K3: 2959.82 | L3: 3220.9
A4: B | B4: Polo, argo, onix | C4: 2294.35 | D4: 2477.59 | E4: 2592.8 | F4: 2706.92 | H4: CE | I4: Polo, argo, onix | J4: 2747.81 | K4: 3019.97 | L4: 3281.04
A5: BS | B5: Onix plus, cronos, voyage manual | C5: 2570.28 | D5: 2775.69 | E5: 2903.93 | F5: 3062.43 | H5: CS | I5: Onix plus, cronos, voyage manual | J5: 2834.83 | K5: 3253.15 | L5: 3553.87
A6: C | B6: Sedan 1.3 | C6: 2903.32 | D6: 3135.94 | E6: 3280.78 | F6: 3425.62 | H6: FH | I6: Hatch automatico 1.6 | J6: 3440.98 | K6: 3901.97 | L6: 4244.02
A7: CA | B7: Onix plus, cronos, voyage automatico | C7: 2960.53 | D7: 3197.02 | E7: 3345.37 | F7: 3566.06 | H7: FS | I7: Sedan automatico 1.3 | J7: 2902.7 | K7: 2970.24 | L7: 3212.83
A8: CG | B8: Fiorino | C8: 3134.67 | D8: 3385.15 | E8: 3542.1 | F8: 3775.65 | H8: FX | I8: Sedan automatico 1.0 | J8: 3134.88 | K8: 3589.15 | L8: 3907.01
A9: E | B9: 208, GOL, HB20 1.3 | C9: 2784.82 | D9: 3007.57 | E9: 3146.92 | F9: 3286.27 | H9: GC | I9: C4 Cactus, Kicks | J9: 3274.99 | K9: 3456.43 | L9: 3725.23
A10: G1 | B10: Strada, saveiro | C10: 2960.53 | D10: 3197.02 | E10: 3345.37 | F10: 3566.06 | H10: GX | I10: Renegade | J10: 3851.9 | K10: 4104.91 | L10: 4470.14
A11: G2 | B11: Strada cabine dupla | C11: 3366.88 | D11: 3636.7 | E11: 3804.4 | F11: 4055.44 | H11: NX | I11: Toro | J11: 4647.89 | K11: 5197.92 | L11: 5730.14
A12: I | B12: Spin, doblo | C12: 3482.97 | D12: 3761.4 | E12: 3935.55 | F12: 4194.8 | H12: P | I12: S10, L200 e Hilux | J12: 9330.05 | K12: 11599.39 | L12: 13269.31
A13: J | B13: S10, L200 | C13: 6912.67 | D13: 7465.69 | E13: 7811.33 | F13: 8156.96 | H13: RX | I13: Spin | J13: 4298.11 | K13: 5101.15 | L13: 5675.04
A14: SU | B14: C4 Cactus, Nivus, Pulse, Duster | C14: 3671.05 | D14: 3964.91 | E14: 4148.03 | F14: 4335.24 | H14: U | I14: Fiorino | J14: 3402 | K14: 3936.91 | L14: 4333.06
A15: SV | B15: Renegade, Tcross, Creta | C15: 3511.2 | D15: 3792.09 | E15: 3967.66 | F15: 4143.22 | H15: V | I15: Strada | J15: 3064.99 | K15: 3715.15 | L15: 4109.95
A16: T | B16: Toro | C16: 4254.05 | D16: 4594.19 | E16: 4807.06 | F16: 5019.92
A17: TT | B17: Toro 4x4 | C17: 5688.85 | D17: 6143.58 | E17: 6428.45 | F17: 6852.33

Sheet Valores Locadoras 2025
C1: KM Unidas | J1: KM Localiza
A2: Grupo | B2: Veículos | C2: 3000 | D2: 4500 | E2: 5000 | F2: 6000 | H2: Grupo | I2: Veículos | J2: 3000 | K2: 4000 | L2: 5000
A3: AM | B3: KWID/ Mobi | C3: 2471.88 | D3: 2669.71 | E3: 2792.78 | F3: 3031 | H3: B | I3: KWID/ Mobi | J3: 2373 | K3: 2452.2 | L3: 2534.25
A4: B | B4: Polo, argo, onix | C4: 2484 | D4: 2682 | E4: 2806 | F4: 3146 | H4: CE | I4: Polo, argo, onix | J4: 2714.88 | K4: 2821.9 | L4: 2918.9
A5: BS | B5: Onix plus, cronos, voyage manual | C5: 2756 | D5: 2977.01 | E5: 3116.99 | F5: 3470 | H5: CS | I5: Onix plus, cronos, voyage manual | J5: R$ 2.805,30 | K5: R$ 2.917,66 | L5: R$ 3.027,46
A6: C | B6: Sedan 1.3 | C6: 3106.55 | D6: 3355.46 | E6: 3510.43 | F6: 3904 | H6: FH | I6: Hatch automatico 1.6 | J6: 3181.72 | K6: 3294.35 | L6: R$ 3.418,26
A7: CA | B7: Onix plus, cronos, voyage automatico | C7: 3167.77 | D7: 3420.81 | E7: 3579.55 | F7: 3889 | H7: FS | I7: Sedan automatico 1.3 | J7: R$ 3.049,67 | K7: 3192.67 | L7: 3355.67
A8: CG | B8: Fiorino | C8: 3354.1 | D8: 3622.11 | E8: 3790.04 | F8: 4075 | H8: FX | I8: Sedan automatico 1.0 | J8: R$ 3.142,31 | K8: 3276.84 | L8: 3391.35
A9: E | B9: 208, GOL, HB20 1.3 | C9: 2979.75 | D9: 3218.1 | E9: 3367.2 | F9: 3706 | H9: GC | I9: C4 Cactus, Kicks | J9: 3435.13 | K9: 3574.7 | L9: 3714.24
A10: G1 | B10: Strada, saveiro | C10: 3148.21 | D10: 3400.78 | E10: 3557.19 | F10: 3867 | H10: GX | I10: Renegade | J10: 3761.79 | K10: 3896.02 | L10: 4033.68
A11: G2 | B11: Strada cabine dupla | C11: 3580.43 | D11: 3866.83 | E11: 4046.48 | F11: 4362 | H11: NX | I11: Toro | J11: 4556.53 | K11: 4770.53 | L11: 4989.23
A12: I | B12: Spin, doblo | C12: 3705.14 | D12: 3999.99 | E12: 4185.99 | F12: 4526 | H12: P | I12: S10, L200 e Hilux | J12: 9545.42 | K12: 9895.57 | L12: 10269.13
A13: J | B13: S10, L200 | C13: 7553 | D13: 8158 | E13: 8534 | F13: 9541 | H13: RX | I13: Spin | J13: 4204.84 | K13: 4364.1 | L13: 4548.06
A14: J2 | B14: Hilux | C14: 8870.67 | D14: 9581.9 | E14: 10023.65 | F14: 11206.16 | H14: U | I14: Fiorino | J14: 3680.75 | K14: 3801.24 | L14: 3962.68
A15: SU | B15: C4 Cactus, Nivus, Pulse, Duster | C15: 3928.02 | D15: 4242.45 | E15: 4438.39 | F15: 4668 | H15: V | I15: Strada | J15: 2906.67 | K15: 3047.79 | L15: 3168.24
A16: SV | B16: Renegade, Tcross, Creta | C16: 3837 | D16: 4144 | E16: 4335.99 | F16: 4808 | I16: Ultima atualização: 31/07/2025
A17: T | B17: Toro | C17: 4433.27 | D17: 4788.36 | E17: 5009.23 | F17: 5531.99
A18: TT | B18: Toro 4x4 | C18: 6049.13 | D18: 6533.14 | E18: 6836.44 | F18: 7385
B19: Aumento ocorrido a partir de Abril/2025 - Duração 6 meses

Sheet Valores Locadoras 2026
C1: KM Unidas | J1: KM Localiza
A2: Grupo | B2: Veículos | C2: 3000 | D2: 4500 | E2: 5000 | F2: 6000 | H2: Grupo | I2: Veículos | J2: 3000 | K2: 4000 | L2: 5000
A3: AM | B3: KWID/ Mobi | C3: 2537.87 | D3: 2743.23 | E3: 2870.99 | F3: 3118.28 | H3: B | I3: KWID/ Mobi | J3: 2445.95
A4: B | B4: Polo, argo, onix | C4: 2606.08 | D4: 2817.94 | E4: 2950.62 | F4: 3314.42 | H4: CE | I4: Polo, argo, onix | J4: 2802.44 | K4: 2900.15 | L4: 2986.23
A5: BS | B5: Onix plus, cronos, voyage manual | C5: 2876.96 | D5: 3133.59 | E5: 3254.35 | F5: 3661.09 | H5: CS | I5: Onix plus, cronos, voyage manual | J5: R$ 2.805,30 | K5: R$ 2.917,66 | L5: R$ 3.027,46
A6: C | B6: Sedan 1.3 | C6: 3272.21 | D6: 3538.54 | E6: 3704.36 | F6: 4125.48 | H6: FH | I6: Hatch automatico 1.6 | J6: 3181.72 | K6: 3294.35 | L6: R$ 3.418,26
A7: CA | B7: Onix plus, cronos, voyage automatico | C7: 3324.43 | D7: 3595.19 | E7: 3765.03 | F7: 4096.15 | H7: FS | I7: Sedan automatico 1.3 | J7: R$ 3.049,67 | K7: 3192.67 | L7: 3355.67
A8: CG | B8: Fiorino | C8: 3523.81 | D8: 3810.57 | E8: 3990.26 | F8: 4295.17 | H8: FX | I8: Sedan automatico 1.0 | J8: R$ 3.142,31 | K8: 3276.84 | L8: 3391.35
A9: E | B9: 208, GOL, HB20 1.3 | C9: 3136.53 | D9: 3391.57 | E9: 3551.11 | F9: 3913.62 | H9: GC | I9: C4 Cactus, Kicks | J9: 3435.13 | K9: 3574.7 | L9: 3714.24
A10: G1 | B10: Strada, saveiro | C10: 3232.73 | D10: 3573.75 | E10: 3657.3 | F10: 4072.61 | H10: GX | I10: Renegade | J10: 4005.66 | K10: 4131.35 | L10: 4259.88
A11: G2 | B11: Strada cabine dupla | C11: 3765.97 | D11: 4072.43 | E11: 4264.65 | F11: 4602.25 | H11: NX | I11: Toro | J11: 4556.53 | K11: 4770.53 | L11: 4989.23
A12: I | B12: Spin, doblo | C12: 3899.42 | D12: 4214.9 | E12: 4413.92 | F12: 4777.73 | H12: P | I12: S10, L200 e Hilux | J12: 10281.3 | K12: 10610.98 | L12: 10961.9
A13: J | B13: S10, L200 | C13: 7997.43 | D13: 8644.77 | E13: 9047.1 | F13: 10124.59 | H13: RX | I13: Spin | J13: 4204.84 | K13: 4364.1 | L13: 4548.06
A14: J2 | B14: Hilux | C14: 9407.33 | D14: 10168.36 | E14: 10641.03 | F14: 11906.31 | H14: U | I14: Fiorino | J14: 3680.75 | K14: 3801.24 | L14: 3962.68
A15: SU | B15: C4 Cactus, Nivus, Pulse, Duster | C15: 4042.25 | D15: 4417.94 | E15: 4572.07 | F15: 4929.67 | H15: V | I15: Strada | J15: 2906.67 | K15: 3047.79 | L15: 3168.24
A16: SV | B16: Renegade, Tcross, Creta | C16: 4040.5 | D16: 4369 | E16: 4574.44 | F16: 5079.48 | I16: Ultima atualização: 31/07/2025
A17: T | B17: Toro | C17: 4671.39 | D17: 5051.34 | E17: 5287.67 | F17: 5847.03 | I17: Localiza será atualizado
A18: TT | B18: Toro 4x4 | C18: 6400.36 | D18: 6918.25 | E18: 7242.78 | F18: 7829.74
B19: Alteração a partir de 04/05/2026
B21: Porcentagem de diferença para os valores anteriores
B22: Veículos | C22: 3000 | D22: 4500 | E22: 5000 | F22: 6000
A23: AM | B23: KWID/ Mobi | C23: =(C3*1/'Valores Locadoras 2025'!C3)-100% -> 0.02669628 | D23: =(D3*1/'Valores Locadoras 2025'!D3)-100% -> 0.027538572 | E23: =(E3*1/'Valores Locadoras 2025'!E3)-100% -> 0.028004354 | F23: =(F3*1/'Valores Locadoras 2025'!F3)-100% -> 0.028795777
A24: B | B24: Polo, argo, onix | C24: =(C4*1/'Valores Locadoras 2025'!C4)-100% -> 0.049146538 | D24: =(D4*1/'Valores Locadoras 2025'!D4)-100% -> 0.050686055 | E24: =(E4*1/'Valores Locadoras 2025'!E4)-100% -> 0.051539558 | F24: =(F4*1/'Valores Locadoras 2025'!F4)-100% -> 0.053534647
A25: BS | B25: Onix plus, cronos, voyage manual | C25: =(C5*1/'Valores Locadoras 2025'!C5)-100% -> 0.043889695 | D25: =(D5*1/'Valores Locadoras 2025'!D5)-100% -> 0.052596397 | E25: =(E5*1/'Valores Locadoras 2025'!E5)-100% -> 0.044068155 | F25: =(F5*1/'Valores Locadoras 2025'!F5)-100% -> 0.055069164
A26: C | B26: Sedan 1.3 | C26: =(C6*1/'Valores Locadoras 2025'!C6)-100% -> 0.053326037 | D26: =(D6*1/'Valores Locadoras 2025'!D6)-100% -> 0.054561819 | E26: =(E6*1/'Valores Locadoras 2025'!E6)-100% -> 0.055243944 | F26: =(F6*1/'Valores Locadoras 2025'!F6)-100% -> 0.056731557
A27: CA | B27: Onix plus, cronos, voyage automatico | C27: =(C7*1/'Valores Locadoras 2025'!C7)-100% -> 0.049454348 | D27: =(D7*1/'Valores Locadoras 2025'!D7)-100% -> 0.050976231 | E27: =(E7*1/'Valores Locadoras 2025'!E7)-100% -> 0.051816569 | F27: =(F7*1/'Valores Locadoras 2025'!F7)-100% -> 0.053265621
A28: CG | B28: Fiorino | C28: =(C8*1/'Valores Locadoras 2025'!C8)-100% -> 0.050597776 | D28: =(D8*1/'Valores Locadoras 2025'!D8)-100% -> 0.052030446 | E28: =(E8*1/'Valores Locadoras 2025'!E8)-100% -> 0.052827938 | F28: =(F8*1/'Valores Locadoras 2025'!F8)-100% -> 0.054029448
A29: E | B29: 208, GOL, HB20 1.3 | C29: =(C9*1/'Valores Locadoras 2025'!C9)-100% -> 0.052615152 | D29: =(D9*1/'Valores Locadoras 2025'!D9)-100% -> 0.053904478 | E29: =(E9*1/'Valores Locadoras 2025'!E9)-100% -> 0.05461808 | F29: =(F9*1/'Valores Locadoras 2025'!F9)-100% -> 0.056022666
A30: G1 | B30: Strada, saveiro | C30: =(C10*1/'Valores Locadoras 2025'!C10)-100% -> 0.026847002 | D30: =(D10*1/'Valores Locadoras 2025'!D10)-100% -> 0.050861861 | E30: =(E10*1/'Valores Locadoras 2025'!E10)-100% -> 0.028143001 | F30: =(F10*1/'Valores Locadoras 2025'!F10)-100% -> 0.053170416
A31: G2 | B31: Strada cabine dupla | C31: =(C11*1/'Valores Locadoras 2025'!C11)-100% -> 0.051820591 | D31: =(D11*1/'Valores Locadoras 2025'!D11)-100% -> 0.053170168 | E31: =(E11*1/'Valores Locadoras 2025'!E11)-100% -> 0.053915996 | F31: =(F11*1/'Valores Locadoras 2025'!F11)-100% -> 0.055077946
A32: I | B32: Spin, doblo | C32: =(C12*1/'Valores Locadoras 2025'!C12)-100% -> 0.052435266 | D32: =(D12*1/'Valores Locadoras 2025'!D12)-100% -> 0.053727634 | E32: =(E12*1/'Valores Locadoras 2025'!E12)-100% -> 0.05445068 | F32: =(F12*1/'Valores Locadoras 2025'!F12)-100% -> 0.055618648
A33: J | B33: S10, L200 | C33: =(C13*1/'Valores Locadoras 2025'!C13)-100% -> 0.05884152 | D33: =(D13*1/'Valores Locadoras 2025'!D13)-100% -> 0.059667811 | E33: =(E13*1/'Valores Locadoras 2025'!E13)-100% -> 0.060124209 | F33: =(F13*1/'Valores Locadoras 2025'!F13)-100% -> 0.061166544
A34: J2 | B34: Hilux | C34: =(C14*1/'Valores Locadoras 2025'!C14)-100% -> 0.060498249 | D34: =(D14*1/'Valores Locadoras 2025'!D14)-100% -> 0.06120498 | E34: =(E14*1/'Valores Locadoras 2025'!E14)-100% -> 0.061592334 | F34: =(F14*1/'Valores Locadoras 2025'!F14)-100% -> 0.062479029
... A38: TT | B38: Toro 4x4 | C38: =(C18*1/'Valores Locadoras 2025'!C18)-100% -> 0.058062895 | D38: =(D18*1/'Valores Locadoras 2025'!D18)-100% -> 0.058947153 | E38: =(E18*1/'Valores Locadoras 2025'!E18)-100% -> 0.059437368 | F38: =(F18*1/'Valores Locadoras 2025'!F18)-100% -> 0.060222072

Sheet Cotação Nacional
H1: Na cobrança de km excedente tem o acréscimo da taxa administrativa da Locadora: 15% Unidas - 12% Localiza
C3: KM Unidas | H3: KM EXCEDENTE - UNIDAS | M3: KM Localiza | Q3: KM EXCEDENTE - LOCALIZA
A4: Grupo | B4: Veículos | C4: 3000 | D4: 4500 | E4: 5000 | F4: 6000 | H4: Passeio | I4: 0.6 | K4: Grupo | L4: Veículos | M4: 3000 | N4: 4000 | O4: 5000 | Q4: Grupo | R4: 3000 KM | S4: 4000 KM | T4: 5000 KM
A5: B | B5: Polo, argo, onix | C5: 2606.08 | D5: 2817.94 | E5: 2950.62 | F5: 3314.42 | H5: SUV | I5: 1.2 | K5: CE | L5: Polo, argo, onix | M5: 2802.44 | N5: 2900.15 | O5: 2986.23 | Q5: Passeio | R5: 0.5 | S5: 1 | T5: 1
A6: J | B6: S10, L200 | C6: 7997.43 | D6: 8644.77 | E6: 9047.1 | F6: 10124.59 | H6: 4X4 | I6: 3.2 | K6: GX | L6: Renegade, T-Cross | M6: 4005.66 | N6: 4131.35 | O6: 4259.88 | Q6: SUV | R6: 1 | S6: 2 | T6: 2
A7: SV | B7: Renegade, Tcross, Creta | C7: 4040.5 | D7: 4369 | E7: 4574.44 | F7: 5079.48 | K7: P | L7: S10, L200 e Hilux | M7: 10281.3 | N7: 10610.98 | O7: 10961.9 | Q7: 4X4 | R7: 3 | S7: 6 | T7: 6
A11: Locadora | B11: Grupo | C11: Local | D11: 3000 | E11: 4500 | F11: 5000 | G11: 6000 | K11: Locadora | L11: Grupo | M11: Local | N11: 3000 | O11: 4000 | P11: 5000
A12: Unidas | B12: Passeio | C12: Amazonas | D12: 2662.07 | E12: 2880.28 | F12: 3016.94 | G12: 3391.65 | K12: Localiza | L12: Passeio | M12: Acre | N12: 3125.24 | O12: 3233.9 | P12: 3329.86
A13: Unidas | B13: SUV | C13: Amazonas | D13: 4133.82 | E13: 4472.18 | F13: 4683.78 | G13: 5203.97 | K13: Localiza | L13: SUV | M13: Acre | N13: 4467.02 | O13: 4607.13 | P13: 4750.37
A14: Unidas | B14: 4X4 | C14: Amazonas | D14: 8201.24 | E14: 8868 | F14: 9282.39 | G14: 10392.21 | K14: Localiza | L14: 4X4 | M14: Acre | N14: 11461.26 | O14: 11828.68 | P14: 12220.05
A15: Unidas | B15: Passeio | C15: Maranhão | D15: 2662.07 | E15: 2880.28 | F15: 3016.94 | G15: 3391.65 | K15: Localiza | L15: Passeio | M15: Amapá | N15: 2919.91 | O15: 3021.51 | P15: 3111.12
A16: Unidas | B16: SUV | C16: Maranhão | D16: 4133.82 | E16: 4472.18 | F16: 4683.78 | G16: 5203.97 | K16: Localiza | L16: SUV | M16: Amapá | N16: 4173.49 | O16: 4304.46 | P16: 4438.22
A17: Unidas | B17: 4X4 | C17: Maranhão | D17: 8201.24 | E17: 8868 | F17: 9282.39 | G17: 10392.21 | K17: Localiza | L17: 4X4 | M17: Amapá | N17: 10710.37 | O17: 11053.76 | P17: 11419.46
A18: Unidas | B18: Passeio | C18: Mato Grosso | D18: 2662.07 | E18: 2880.28 | F18: 3016.94 | G18: 3391.65 | K18: Localiza | L18: Passeio | M18: Roraima | N18: 3125.24 | O18: 3233.9 | P18: 3329.86
A19: Unidas | B19: SUV | C19: Mato Grosso | D19: 4133.82 | E19: 4472.18 | F19: 4683.78 | G19: 5203.97 | K19: Localiza | L19: SUV | M19: Roraima | N19: 4467.02 | O19: 4607.13 | P19: 4750.37
A20: Unidas | B20: 4X4 | C20: Mato Grosso | D20: 8201.24 | E20: 8868 | F20: 9282.39 | G20: 10392.21 | K20: Localiza | L20: 4X4 | M20: Roraima | N20: 11461.26 | O20: 11828.68 | P20: 12220.05
A21: Unidas | B21: Passeio | C21: Mato Grosso do Sul | D21: 2662.07 | E21: 2880.28 | F21: 3016.94 | G21: 3391.65 | K21: **A Localiza possui preços flutuantes, mesmo sendo em locações mensais
A22: Unidas | B22: SUV | C22: Mato Grosso do Sul | D22: 4133.82 | E22: 4472.18 | F22: 4683.78 | G22: 5203.97
A23: Unidas | B23: 4X4 | C23: Mato Grosso do Sul | D23: 8201.24 | E23: 8868 | F23: 9282.39 | G23: 10392.21
A24: Unidas | B24: Passeio | C24: Pará | D24: 2662.07 | E24: 2880.28 | F24: 3016.94 | G24: 3391.65
A25: Unidas | B25: SUV | C25: Pará | D25: 4133.82 | E25: 4472.18 | F25: 4683.78 | G25: 5203.97
A26: Unidas | B26: 4X4 | C26: Pará | D26: 8201.24 | E26: 8868 | F26: 9282.39 | G26: 10392.21
A27: Unidas | B27: Passeio | C27: Rondônia | D27: 2662.07 | E27: 2880.28 | F27: 3016.94 | G27: 3391.65
A28: Unidas | B28: SUV | C28: Rondônia | D28: 4133.82 | E28: 4472.18 | F28: 4683.78 | G28: 5203.97
A29: Unidas | B29: 4X4 | C29: Rondônia | D29: 8201.24 | E29: 8868 | F29: 9282.39 | G29: 10392.21
A30: Unidas | B30: Passeio | C30: Tocantins | D30: 2662.07 | E30: 2880.28 | F30: 3016.94 | G30: 3391.65
A31: Unidas | B31: SUV | C31: Tocantins | D31: 4133.82 | E31: 4472.18 | F31: 4683.78 | G31: 5203.97
A32: Unidas | B32: 4X4 | C32: Tocantins | D32: 8201.24 | E32: 8868 | F32: 9282.39 | G32: 10392.21
A33: **Para as Lojas dos Estados do Acre , Amapá, Amazonas, Maranhão, Mato Grosso, e Mato Grosso do Sul, Pará, Rondônia, Roraima e Tocantins, devem ser acrescidos 3% (três por cento) sobre os valores de diárias, devido às condições locais para o tráfego de veículos.
A34: *** Não possui lojas no Acre, Amapá e Roraima
