Workbook

Sheet RESUMO
A1: NOME DA OBRA
B5: JAN | C5: FEV | D5: MAR | E5: ABR | F5: MAI | G5: JUN | H5: JUL | I5: AGO | J5: SET | K5: OUT | L5: NOV | M5: DEZ
A6: ABASTECIMENTO | B6: =SUM('Controle Central'!D4+'Controle Central'!K4+'Controle Central'!R4+'Controle Central'!Y4+'Controle Central'!D23+'Controle Central'!K23+'Controle Central'!R23+'Controle Central'!Y23+'Controle Central'!D42+'Controle Central'!K42+'Controle Central'!R42+'Controle Central'!Y42+'Controle Central'!D61+'Controle Central'!K61+'Controle Central'!R61+'Controle Central'!Y61+'Controle Central'!D80+'Controle Central'!K80+'Controle Central'!R80+'Controle Central'!Y80+'Controle Central'!D98+'Controle Central'!K98+'Controle Central'!R98+'Controle Central'!Y98+'Controle Central'!D116+'Controle Central'!K116+'Controle Central'!R116+'Controle Central'!Y116+'Controle Central'!D134+'Controle Central'!K134) -> 0 | C6: =SUM('Controle Central'!D5+'Controle Central'!K5+'Controle Central'!R5+'Controle Central'!Y5+'Controle Central'!D24+'Controle Central'!K24+'Controle Central'!R24+'Controle Central'!Y24+'Controle Central'!D43+'Controle Central'!K43+'Controle Central'!R43+'Controle Central'!Y43+'Controle Central'!D62+'Controle Central'!K62+'Controle Central'!R62+'Controle Central'!Y62+'Controle Central'!D81+'Controle Central'!K81+'Controle Central'!R81+'Controle Central'!D99+'Controle Central'!K99+'Controle Central'!R99+'Controle Central'!Y99+'Controle Central'!D117+'Controle Central'!K117+'Controle Central'!R117+'Controle Central'!Y117+'Controle Central'!D135+'Controle Central'!K135) -> 1473.89 | D6: =SUM('Controle Central'!D6+'Controle Central'!K6+'Controle Central'!R6+'Controle Central'!Y6+'Controle Central'!D25+'Controle Central'!K25+'Controle Central'!R25+'Controle Central'!Y25+'Controle Central'!D44+'Controle Central'!K44+'Controle Central'!R44+'Controle Central'!Y44+'Controle Central'!D63+'Controle Central'!K63+'Controle Central'!R63+'Controle Central'!Y63+'Controle Central'!D82+'Controle Central'!K82+'Controle Central'!R82+'Controle Central'!Y82+'Controle Central'!D100+'Controle Central'!K100+'Controle Central'!R100+'Controle Central'!Y100+'Controle Central'!D118+'Controle Central'!K118+'Controle Central'!R118+'Controle Central'!Y118+'Controle Central'!D136+'Controle Central'!K136) -> 1722.32 | E6: ='Controle Central'!D7+'Controle Central'!K7+'Controle Central'!R7+'Controle Central'!Y7+'Controle Central'!D26+'Controle Central'!K26+'Controle Central'!R26+'Controle Central'!Y26+'Controle Central'!D45+'Controle Central'!K45+'Controle Central'!R45+'Controle Central'!Y45+'Controle Central'!D64+'Controle Central'!K64+'Controle Central'!R64+'Controle Central'!D83+'Controle Central'!K83+'Controle Central'!R83+'Controle Central'!Y83+'Controle Central'!D101+'Controle Central'!K101+'Controle Central'!R101+'Controle Central'!Y101+'Controle Central'!D119+'Controle Central'!K119+'Controle Central'!R119+'Controle Central'!Y119+'Controle Central'!D137+'Controle Central'!K137 -> 0 | F6: =SUM('Controle Central'!D8+'Controle Central'!K8+'Controle Central'!R8+'Controle Central'!Y8+'Controle Central'!D27+'Controle Central'!K27+'Controle Central'!R27+'Controle Central'!Y27+'Controle Central'!D46+'Controle Central'!K46+'Controle Central'!R46+'Controle Central'!Y46+'Controle Central'!D65+'Controle Central'!K65+'Controle Central'!R65+'Controle Central'!Y65+'Controle Central'!D84+'Controle Central'!K84+'Controle Central'!R84+'Controle Central'!Y84+'Controle Central'!D102+'Controle Central'!K102+'Controle Central'!R102+'Controle Central'!Y102+'Controle Central'!D120+'Controle Central'!K120+'Controle Central'!R120+'Controle Central'!Y120+'Controle Central'!D138+'Controle Central'!K138) -> 0 | G6: =SUM('Controle Central'!D9+'Controle Central'!K9+'Controle Central'!R9+'Controle Central'!Y9+'Controle Central'!D28+'Controle Central'!K28+'Controle Central'!R28+'Controle Central'!Y28+'Controle Central'!D47+'Controle Central'!K47+'Controle Central'!R47+'Controle Central'!Y47+'Controle Central'!D66+'Controle Central'!K66+'Controle Central'!R66+'Controle Central'!Y66+'Controle Central'!D85+'Controle Central'!K85+'Controle Central'!R85+'Controle Central'!Y85+'Controle Central'!D103+'Controle Central'!K103+'Controle Central'!R103+'Controle Central'!Y103+'Controle Central'!D121+'Controle Central'!K121+'Controle Central'!R121+'Controle Central'!Y121+'Controle Central'!D139+'Controle Central'!K139) -> 0 | H6: =SUM('Controle Central'!D10+'Controle Central'!K10+'Controle Central'!R10+'Controle Central'!Y10+'Controle Central'!D29+'Controle Central'!K29+'Controle Central'!R29+'Controle Central'!D48+'Controle Central'!K48+'Controle Central'!R48+'Controle Central'!Y48+'Controle Central'!D67+'Controle Central'!K67+'Controle Central'!R67+'Controle Central'!Y67+'Controle Central'!D86+'Controle Central'!K86+'Controle Central'!R86+'Controle Central'!Y86+'Controle Central'!D104+'Controle Central'!K104+'Controle Central'!R104+'Controle Central'!Y104+'Controle Central'!D122+'Controle Central'!K122+'Controle Central'!R122+'Controle Central'!Y122+'Controle Central'!D140+'Controle Central'!K140) -> 0 | I6: =SUM('Controle Central'!D11+'Controle Central'!K11+'Controle Central'!R11+'Controle Central'!Y11+'Controle Central'!D30+'Controle Central'!K30+'Controle Central'!R30+'Controle Central'!Y30+'Controle Central'!D49+'Controle Central'!K49+'Controle Central'!R49+'Controle Central'!Y49+'Controle Central'!D68+'Controle Central'!K68+'Controle Central'!R68+'Controle Central'!Y68+'Controle Central'!D87+'Controle Central'!K87+'Controle Central'!R87+'Controle Central'!Y87+'Controle Central'!D105+'Controle Central'!K105+'Controle Central'!R105+'Controle Central'!Y105+'Controle Central'!D123+'Controle Central'!K123+'Controle Central'!R123+'Controle Central'!Y123+'Controle Central'!D141+'Controle Central'!K141) -> 0 | J6: =SUM('Controle Central'!D12+'Controle Central'!K12+'Controle Central'!R12+'Controle Central'!Y12+'Controle Central'!D31+'Controle Central'!K31+'Controle Central'!R31+'Controle Central'!Y31+'Controle Central'!D50+'Controle Central'!K50+'Controle Central'!R50+'Controle Central'!Y50+'Controle Central'!D69+'Controle Central'!K69+'Controle Central'!R69+'Controle Central'!Y69+'Controle Central'!D88+'Controle Central'!K88+'Controle Central'!R88+'Controle Central'!Y88+'Controle Central'!D106+'Controle Central'!K106+'Controle Central'!R106+'Controle Central'!Y106+'Controle Central'!D124+'Controle Central'!K124+'Controle Central'!R124+'Controle Central'!Y124+'Controle Central'!D142+'Controle Central'!K142) -> 1191.86 | K6: =SUM('Controle Central'!D13+'Controle Central'!K13+'Controle Central'!R13+'Controle Central'!Y13+'Controle Central'!D32+'Controle Central'!K32+'Controle Central'!R32+'Controle Central'!Y32+'Controle Central'!D51+'Controle Central'!K51+'Controle Central'!R51+'Controle Central'!Y51+'Controle Central'!D70+'Controle Central'!K70+'Controle Central'!R70+'Controle Central'!Y70+'Controle Central'!D89+'Controle Central'!K89+'Controle Central'!R89+'Controle Central'!Y89+'Controle Central'!D107+'Controle Central'!K107+'Controle Central'!R107+'Controle Central'!Y107+'Controle Central'!D125+'Controle Central'!K125+'Controle Central'!R125+'Controle Central'!Y125+'Controle Central'!D143+'Controle Central'!K143) -> 3520.35 | L6: =SUM('Controle Central'!D14+'Controle Central'!K14+'Controle Central'!R14+'Controle Central'!Y14+'Controle Central'!D33+'Controle Central'!K33+'Controle Central'!R33+'Controle Central'!Y33+'Controle Central'!D52+'Controle Central'!K52+'Controle Central'!R52+'Controle Central'!Y52+'Controle Central'!D71+'Controle Central'!K71+'Controle Central'!R71+'Controle Central'!Y71+'Controle Central'!D90+'Controle Central'!K90+'Controle Central'!R90+'Controle Central'!Y90+'Controle Central'!D108+'Controle Central'!K108+'Controle Central'!R108+'Controle Central'!Y108+'Controle Central'!D126+'Controle Central'!K126+'Controle Central'!R126+'Controle Central'!Y126+'Controle Central'!D144+'Controle Central'!K144) -> 4647.05 | M6: =SUM('Controle Central'!D15+'Controle Central'!K15+'Controle Central'!R15+'Controle Central'!Y15+'Controle Central'!D34+'Controle Central'!K34+'Controle Central'!R34+'Controle Central'!Y34+'Controle Central'!D53+'Controle Central'!K53+'Controle Central'!R53+'Controle Central'!Y53+'Controle Central'!D72+'Controle Central'!K72+'Controle Central'!R72+'Controle Central'!Y72+'Controle Central'!D91+'Controle Central'!K91+'Controle Central'!R91+'Controle Central'!Y91+'Controle Central'!D109+'Controle Central'!K109+'Controle Central'!R109+'Controle Central'!Y109+'Controle Central'!D127+'Controle Central'!K127+'Controle Central'!R127+'Controle Central'!Y127+'Controle Central'!D145+'Controle Central'!K145) -> 4444.43
A8: LAVA_RAPIDO | B8: =SUM('Controle Central'!E4+'Controle Central'!L4+'Controle Central'!S4+'Controle Central'!Z4+'Controle Central'!E23+'Controle Central'!L23+'Controle Central'!S23+'Controle Central'!Z23+'Controle Central'!E42+'Controle Central'!L42+'Controle Central'!S42+'Controle Central'!Z42+'Controle Central'!E61+'Controle Central'!L61+'Controle Central'!S61+'Controle Central'!Z61+'Controle Central'!E80+'Controle Central'!L80+'Controle Central'!S80+'Controle Central'!Z80+'Controle Central'!E98+'Controle Central'!L98+'Controle Central'!S98+'Controle Central'!Z98+'Controle Central'!E116+'Controle Central'!L116+'Controle Central'!S116+'Controle Central'!Z116+'Controle Central'!E134+'Controle Central'!L134) -> 0 | C8: =SUM('Controle Central'!E5,'Controle Central'!L5,'Controle Central'!S5,'Controle Central'!Z5,'Controle Central'!E24,'Controle Central'!L24,'Controle Central'!S24,'Controle Central'!Z24,'Controle Central'!E43,'Controle Central'!L43,'Controle Central'!S43,'Controle Central'!Z43,'Controle Central'!E62,'Controle Central'!L62,'Controle Central'!S62,'Controle Central'!Z62,'Controle Central'!E81,'Controle Central'!L81,'Controle Central'!S81,'Controle Central'!Z81,'Controle Central'!E99,'Controle Central'!L99,'Controle Central'!S99,'Controle Central'!Z99,'Controle Central'!E117,'Controle Central'!L117,'Controle Central'!S117,'Controle Central'!Z117,'Controle Central'!E135,'Controle Central'!L135) -> 0 | D8: =SUM('Controle Central'!E6,'Controle Central'!L6,'Controle Central'!S6,'Controle Central'!Z6,'Controle Central'!E25,'Controle Central'!L25,'Controle Central'!S25,'Controle Central'!Z25,'Controle Central'!E44,'Controle Central'!L44,'Controle Central'!S44,'Controle Central'!Z44,'Controle Central'!E63,'Controle Central'!L63,'Controle Central'!S63,'Controle Central'!Z63,'Controle Central'!E82,'Controle Central'!L82,'Controle Central'!S82,'Controle Central'!Z82,'Controle Central'!E100,'Controle Central'!L100,'Controle Central'!S100,'Controle Central'!Z100,'Controle Central'!E118,'Controle Central'!L118,'Controle Central'!S118,'Controle Central'!Z118,'Controle Central'!E136,'Controle Central'!L136) -> 120 | E8: =SUM('Controle Central'!E7,'Controle Central'!L7,'Controle Central'!S7,'Controle Central'!Z7,'Controle Central'!E26,'Controle Central'!L26,'Controle Central'!S26,'Controle Central'!Z26,'Controle Central'!E45,'Controle Central'!L45,'Controle Central'!S45,'Controle Central'!Z45,'Controle Central'!E64,'Controle Central'!L64,'Controle Central'!S64,'Controle Central'!Z64,'Controle Central'!E83,'Controle Central'!L83,'Controle Central'!S83,'Controle Central'!Z83,'Controle Central'!E101,'Controle Central'!L101,'Controle Central'!S101,'Controle Central'!Z101,'Controle Central'!E119,'Controle Central'!L119,'Controle Central'!S119,'Controle Central'!Z119,'Controle Central'!E137,'Controle Central'!L137) -> 0 | F8: =SUM('Controle Central'!E8,'Controle Central'!L8,'Controle Central'!S8,'Controle Central'!Z8,'Controle Central'!E27,'Controle Central'!L27,'Controle Central'!S27,'Controle Central'!Z27,'Controle Central'!E46,'Controle Central'!L46,'Controle Central'!S46,'Controle Central'!Z46,'Controle Central'!E65,'Controle Central'!L65,'Controle Central'!S65,'Controle Central'!Z65,'Controle Central'!E84,'Controle Central'!L84,'Controle Central'!S84,'Controle Central'!Z84,'Controle Central'!E102,'Controle Central'!L102,'Controle Central'!S102,'Controle Central'!Z102,'Controle Central'!E120,'Controle Central'!L120,'Controle Central'!S120,'Controle Central'!Z120,'Controle Central'!E138,'Controle Central'!L138) -> 0 | G8: =SUM('Controle Central'!E9,'Controle Central'!L9,'Controle Central'!S9,'Controle Central'!Z9,'Controle Central'!E28,'Controle Central'!L28,'Controle Central'!S28,'Controle Central'!Z28,'Controle Central'!E47,'Controle Central'!L47,'Controle Central'!S47,'Controle Central'!Z47,'Controle Central'!E66,'Controle Central'!L66,'Controle Central'!S66,'Controle Central'!Z66,'Controle Central'!E85,'Controle Central'!L85,'Controle Central'!S85,'Controle Central'!Z85,'Controle Central'!E103,'Controle Central'!L103,'Controle Central'!S103,'Controle Central'!Z103,'Controle Central'!E121,'Controle Central'!L121,'Controle Central'!S121,'Controle Central'!Z121,'Controle Central'!E139+'Controle Central'!L139) -> 0 | H8: =SUM('Controle Central'!E10,'Controle Central'!L10,'Controle Central'!S10,'Controle Central'!Z10,'Controle Central'!E29,'Controle Central'!L29,'Controle Central'!S29,'Controle Central'!Z29,'Controle Central'!E48,'Controle Central'!L48,'Controle Central'!S48,'Controle Central'!Z48,'Controle Central'!E67,'Controle Central'!L67,'Controle Central'!S67,'Controle Central'!Z67,'Controle Central'!E86,'Controle Central'!L86,'Controle Central'!S86,'Controle Central'!Z86,'Controle Central'!E104,'Controle Central'!L104,'Controle Central'!S104,'Controle Central'!Z104,'Controle Central'!E122,'Controle Central'!L122,'Controle Central'!S122,'Controle Central'!Z122,'Controle Central'!E140,'Controle Central'!L140) -> 0 | I8: =SUM('Controle Central'!L11,'Controle Central'!S11,'Controle Central'!E11,'Controle Central'!Z11,'Controle Central'!Z30,'Controle Central'!S30,'Controle Central'!L30,'Controle Central'!E30,'Controle Central'!E49,'Controle Central'!L49,'Controle Central'!S49,'Controle Central'!Z49,'Controle Central'!Z68,'Controle Central'!S68,'Controle Central'!L68,'Controle Central'!E68,'Controle Central'!E87,'Controle Central'!L87,'Controle Central'!S87,'Controle Central'!Z87,'Controle Central'!Z105,'Controle Central'!Z123,'Controle Central'!S105,'Controle Central'!S123,'Controle Central'!L123,'Controle Central'!L105,'Controle Central'!E123,'Controle Central'!E105,'Controle Central'!E141,'Controle Central'!L141) -> 0 | J8: =SUM('Controle Central'!E12,'Controle Central'!E31,'Controle Central'!L12,'Controle Central'!L31,'Controle Central'!S12,'Controle Central'!S31,'Controle Central'!Z12,'Controle Central'!Z31,'Controle Central'!Z50,'Controle Central'!Z69,'Controle Central'!S50,'Controle Central'!S69,'Controle Central'!L50,'Controle Central'!L69,'Controle Central'!E50,'Controle Central'!E69,'Controle Central'!E88,'Controle Central'!E106,'Controle Central'!L88,'Controle Central'!L106,'Controle Central'!S88,'Controle Central'!S106,'Controle Central'!Z88,'Controle Central'!Z106,'Controle Central'!Z124,'Controle Central'!S124,'Controle Central'!L124,'Controle Central'!E124,'Controle Central'!E142,'Controle Central'!L142) -> 0 | K8: =SUM('Controle Central'!E13,'Controle Central'!L13,'Controle Central'!E32,'Controle Central'!L32,'Controle Central'!S13,'Controle Central'!S32,'Controle Central'!Z13,'Controle Central'!Z32,'Controle Central'!Z51,'Controle Central'!Z70,'Controle Central'!S51,'Controle Central'!S70,'Controle Central'!L51,'Controle Central'!L70,'Controle Central'!E51,'Controle Central'!E70,'Controle Central'!E89,'Controle Central'!E107,'Controle Central'!L89,'Controle Central'!L107,'Controle Central'!S89,'Controle Central'!S107,'Controle Central'!Z107,'Controle Central'!Z89,'Controle Central'!Z125,'Controle Central'!S125,'Controle Central'!L143,'Controle Central'!L125,'Controle Central'!E125,'Controle Central'!E143) -> 0 | L8: =SUM('Controle Central'!E14,'Controle Central'!E33,'Controle Central'!L14,'Controle Central'!L33,'Controle Central'!S14,'Controle Central'!S33,'Controle Central'!Z14,'Controle Central'!Z33,'Controle Central'!Z52,'Controle Central'!Z71,'Controle Central'!S52,'Controle Central'!S71,'Controle Central'!L52,'Controle Central'!L71,'Controle Central'!E52,'Controle Central'!E71,'Controle Central'!E90,'Controle Central'!E108,'Controle Central'!L90,'Controle Central'!L108,'Controle Central'!S90,'Controle Central'!S108,'Controle Central'!Z90,'Controle Central'!Z108,'Controle Central'!Z126,'Controle Central'!S126,'Controle Central'!L126,'Controle Central'!L144,'Controle Central'!E126,'Controle Central'!E144) -> 115 | M8: =SUM('Controle Central'!E15,'Controle Central'!E34,'Controle Central'!L15,'Controle Central'!L34,'Controle Central'!S15,'Controle Central'!S34,'Controle Central'!Z15,'Controle Central'!Z34,'Controle Central'!Z53,'Controle Central'!Z72,'Controle Central'!S53,'Controle Central'!S72,'Controle Central'!L53,'Controle Central'!L72,'Controle Central'!E53,'Controle Central'!E72,'Controle Central'!E91,'Controle Central'!E109,'Controle Central'!L91,'Controle Central'!L109,'Controle Central'!S91,'Controle Central'!S109,'Controle Central'!Z91,'Controle Central'!Z109,'Controle Central'!Z127,'Controle Central'!S127,'Controle Central'!L127,'Controle Central'!E127,'Controle Central'!E145,'Controle Central'!L145) -> 230
A10: BORRACHARIA | B10: =SUM('Controle Central'!F4,'Controle Central'!M4,'Controle Central'!M23,'Controle Central'!F23,'Controle Central'!T4,'Controle Central'!T23,'Controle Central'!AA4,'Controle Central'!AA23,'Controle Central'!AA61,'Controle Central'!AA42,'Controle Central'!T42,'Controle Central'!M42,'Controle Central'!M61,'Controle Central'!F61,'Controle Central'!F42,'Controle Central'!F98,'Controle Central'!F80,'Controle Central'!M80,'Controle Central'!M98,'Controle Central'!T80,'Controle Central'!T98,'Controle Central'!AA80,'Controle Central'!AA98,'Controle Central'!AA116,'Controle Central'!T116,'Controle Central'!M116,'Controle Central'!F116,'Controle Central'!F134,'Controle Central'!M134) -> 0 | C10: =SUM('Controle Central'!F5,'Controle Central'!F24,'Controle Central'!M5,'Controle Central'!M24,'Controle Central'!T24,'Controle Central'!T5,'Controle Central'!AA5,'Controle Central'!AA24,'Controle Central'!AA43,'Controle Central'!AA62,'Controle Central'!T43,'Controle Central'!T62,'Controle Central'!M43,'Controle Central'!M62,'Controle Central'!F43,'Controle Central'!F62,'Controle Central'!F81,'Controle Central'!F99,'Controle Central'!M99,'Controle Central'!M81,'Controle Central'!T99,'Controle Central'!T81,'Controle Central'!AA81,'Controle Central'!AA99,'Controle Central'!AA117,'Controle Central'!T117,'Controle Central'!M117,'Controle Central'!F117,'Controle Central'!F135,'Controle Central'!M135) -> 0 | D10: =SUM('Controle Central'!F6,'Controle Central'!F25,'Controle Central'!M6,'Controle Central'!M25,'Controle Central'!T6,'Controle Central'!T25,'Controle Central'!AA25,'Controle Central'!AA6,'Controle Central'!AA44,'Controle Central'!AA63,'Controle Central'!T63,'Controle Central'!T44,'Controle Central'!M44,'Controle Central'!M63,'Controle Central'!F63,'Controle Central'!F44,'Controle Central'!F82,'Controle Central'!F100,'Controle Central'!M100,'Controle Central'!M82,'Controle Central'!T82,'Controle Central'!T100,'Controle Central'!AA100,'Controle Central'!AA82,'Controle Central'!AA118,'Controle Central'!T118,'Controle Central'!M118,'Controle Central'!M136,'Controle Central'!F118,'Controle Central'!F136) -> 0 | E10: =SUM('Controle Central'!F7,'Controle Central'!F26,'Controle Central'!M26,'Controle Central'!M7,'Controle Central'!T7,'Controle Central'!T26,'Controle Central'!AA7,'Controle Central'!AA26,'Controle Central'!AA45,'Controle Central'!T45,'Controle Central'!AA64,'Controle Central'!T64,'Controle Central'!M45,'Controle Central'!M64,'Controle Central'!F45,'Controle Central'!F64,'Controle Central'!F83,'Controle Central'!F101,'Controle Central'!M83,'Controle Central'!M101,'Controle Central'!T83,'Controle Central'!T101,'Controle Central'!AA83,'Controle Central'!AA101,'Controle Central'!AA119,'Controle Central'!T119,'Controle Central'!M119,'Controle Central'!M137,'Controle Central'!F137,'Controle Central'!F119) -> 0 | F10: =SUM('Controle Central'!F8,'Controle Central'!F27,'Controle Central'!M8,'Controle Central'!M27,'Controle Central'!T8,'Controle Central'!T27,'Controle Central'!AA27,'Controle Central'!AA8,'Controle Central'!AA46,'Controle Central'!AA65,'Controle Central'!T46,'Controle Central'!T65,'Controle Central'!M65,'Controle Central'!M46,'Controle Central'!F46,'Controle Central'!F65,'Controle Central'!F84,'Controle Central'!F102,'Controle Central'!M84,'Controle Central'!M102,'Controle Central'!T84,'Controle Central'!T102,'Controle Central'!AA84,'Controle Central'!AA102,'Controle Central'!AA120,'Controle Central'!T120,'Controle Central'!M120,'Controle Central'!M138,'Controle Central'!F120,'Controle Central'!F138) -> 0 | G10: =SUM('Controle Central'!F9,'Controle Central'!F28,'Controle Central'!M9,'Controle Central'!M28,'Controle Central'!T9,'Controle Central'!T28,'Controle Central'!AA9,'Controle Central'!AA28,'Controle Central'!AA47,'Controle Central'!AA66,'Controle Central'!T47,'Controle Central'!T66,'Controle Central'!M47,'Controle Central'!M66,'Controle Central'!F47,'Controle Central'!F66,'Controle Central'!F85,'Controle Central'!F103,'Controle Central'!M85,'Controle Central'!M103,'Controle Central'!T85,'Controle Central'!T103,'Controle Central'!AA85,'Controle Central'!AA103,'Controle Central'!AA121,'Controle Central'!T121,'Controle Central'!M121,'Controle Central'!M139,'Controle Central'!F139) -> 0 | H10: =SUM('Controle Central'!F10,'Controle Central'!F29,'Controle Central'!M10,'Controle Central'!M29,'Controle Central'!T10,'Controle Central'!T29,'Controle Central'!AA10,'Controle Central'!AA29,'Controle Central'!AA48,'Controle Central'!T48,'Controle Central'!AA67,'Controle Central'!T67,'Controle Central'!M48,'Controle Central'!M67,'Controle Central'!F48,'Controle Central'!F67,'Controle Central'!F86,'Controle Central'!F104,'Controle Central'!M104,'Controle Central'!M86,'Controle Central'!T86,'Controle Central'!T104,'Controle Central'!AA86,'Controle Central'!AA104,'Controle Central'!AA122,'Controle Central'!T122,'Controle Central'!M122,'Controle Central'!M140,'Controle Central'!F122,'Controle Central'!F140) -> 0 | I10: =SUM('Controle Central'!F11,'Controle Central'!F30,'Controle Central'!M11,'Controle Central'!M30,'Controle Central'!T11,'Controle Central'!T30,'Controle Central'!AA11,'Controle Central'!AA30,'Controle Central'!AA49,'Controle Central'!AA68,'Controle Central'!T49,'Controle Central'!T68,'Controle Central'!M49,'Controle Central'!M68,'Controle Central'!F68,'Controle Central'!F49,'Controle Central'!F87,'Controle Central'!F105,'Controle Central'!M87,'Controle Central'!M105,'Controle Central'!T87,'Controle Central'!T105,'Controle Central'!AA87,'Controle Central'!AA105,'Controle Central'!AA123,'Controle Central'!T123,'Controle Central'!M123,'Controle Central'!M141,'Controle Central'!F123,'Controle Central'!F141) -> 0 | J10: =SUM('Controle Central'!F12,'Controle Central'!F31,'Controle Central'!M12,'Controle Central'!M31,'Controle Central'!T12,'Controle Central'!T31,'Controle Central'!AA12,'Controle Central'!AA31,'Controle Central'!AA50,'Controle Central'!T50,'Controle Central'!T69,'Controle Central'!AA69,'Controle Central'!M50,'Controle Central'!M69,'Controle Central'!F69,'Controle Central'!F50,'Controle Central'!F88,'Controle Central'!F106,'Controle Central'!M88,'Controle Central'!M106,'Controle Central'!T88,'Controle Central'!T106,'Controle Central'!AA88,'Controle Central'!AA106,'Controle Central'!AA124,'Controle Central'!T124,'Controle Central'!M124,'Controle Central'!F124,'Controle Central'!F142,'Controle Central'!M142) -> 0 | K10: =SUM('Controle Central'!F13,'Controle Central'!F32,'Controle Central'!M13,'Controle Central'!M32,'Controle Central'!T13,'Controle Central'!T32,'Controle Central'!AA13,'Controle Central'!AA32,'Controle Central'!AA51,'Controle Central'!T51,'Controle Central'!T70,'Controle Central'!AA70,'Controle Central'!M51,'Controle Central'!M70,'Controle Central'!F70,'Controle Central'!F51,'Controle Central'!F89,'Controle Central'!F107,'Controle Central'!M89,'Controle Central'!M107,'Controle Central'!T89,'Controle Central'!T107,'Controle Central'!AA107,'Controle Central'!AA89,'Controle Central'!AA125,'Controle Central'!T125,'Controle Central'!M125,'Controle Central'!F125,'Controle Central'!F143,'Controle Central'!M143) -> 50 | L10: =SUM('Controle Central'!F14,'Controle Central'!M14,'Controle Central'!F33,'Controle Central'!M33,'Controle Central'!T14,'Controle Central'!T33,'Controle Central'!AA33,'Controle Central'!AA14,'Controle Central'!AA52,'Controle Central'!T52,'Controle Central'!M52,'Controle Central'!M71,'Controle Central'!T71,'Controle Central'!AA71,'Controle Central'!AA90,'Controle Central'!T90,'Controle Central'!M90,'Controle Central'!F90,'Controle Central'!F108,'Controle Central'!F126,'Controle Central'!M108,'Controle Central'!M126,'Controle Central'!T108,'Controle Central'!T126,'Controle Central'!AA108,'Controle Central'!AA126,'Controle Central'!M144,'Controle Central'!F144) -> 0 | M10: =SUM('Controle Central'!F15,'Controle Central'!F34,'Controle Central'!M15,'Controle Central'!M34,'Controle Central'!T15,'Controle Central'!T34,'Controle Central'!AA15,'Controle Central'!AA34,'Controle Central'!AA53,'Controle Central'!T53,'Controle Central'!AA72,'Controle Central'!T72,'Controle Central'!M53,'Controle Central'!F53,'Controle Central'!F72,'Controle Central'!M72,'Controle Central'!F91,'Controle Central'!F109,'Controle Central'!M91,'Controle Central'!M109,'Controle Central'!T91,'Controle Central'!T109,'Controle Central'!AA91,'Controle Central'!AA109,'Controle Central'!AA127,'Controle Central'!T127,'Controle Central'!M127,'Controle Central'!M145,'Controle Central'!F127,'Controle Central'!F145) -> 70
B14: JAN | C14: FEV | D14: MAR | E14: ABR | F14: MAI | G14: JUN | H14: JUL | I14: AGO | J14: SET | K14: OUT | L14: NOV | M14: DEZ
A15: Medição
A17: Contrato de Locação
A19: Lucro Car's | B19: =B15-B17 -> 0 | C19: =C15-C17 -> 0 | D19: =D15-D17 -> 0 | E19: =E15-E17 -> 0 | F19: =F15-F17 -> 0 | G19: =G15-G17 -> 0 | H19: =H15-H17 -> 0 | I19: =I15-I17 -> 0 | ... M19: =M15-M17 -> 0

Sheet Controle Central
B2: ERIKA | I2: JOSEANE | P2: ALIRE | W2: LUCIANE
B3: KM RODADO | C3: KM MENSAL | D3: ABASTECIMENTO | E3: LAVA_RAPIDO | F3: BORRACHARIA | I3: KM RODADO | J3: KM MENSAL | K3: ABASTECIMENTO | L3: LAVA_RAPIDO | M3: BORRACHARIA | P3: KM RODADO | Q3: KM MENSAL | R3: ABASTECIMENTO | S3: LAVA_RAPIDO | T3: BORRACHARIA | W3: KM RODADO | X3: KM MENSAL | Y3: ABASTECIMENTO | Z3: LAVA_RAPIDO | AA3: BORRACHARIA
A4: JAN | C4: 0 | D4: 0 | E4: 0 | F4: 0 | H4: JAN | J4: 0 | K4: 0 | L4: 0 | M4: 0 | O4: JAN | Q4: 0 | R4: 0 | S4: 0 | T4: 0 | V4: JAN | X4: 0 | Y4: 0 | Z4: 0 | AA4: 0
A5: FEV | B5: =Geferson!H11 -> 0 | C5: =SUM(5000-B5) -> 5000 | D5: =Geferson!U12 -> 0 | E5: =Geferson!AC12 -> 0 | F5: =Geferson!AK12 -> 0 | H5: FEV | I5: ='Diego Parisio-Desmob'!H11 -> 0 | J5: =SUM(5000-I5) -> 5000 | K5: ='Diego Parisio-Desmob'!U12 -> 0 | L5: ='Diego Parisio-Desmob'!AC12 -> 0 | M5: ='Diego Parisio-Desmob'!AK12 -> 0 | O5: FEV | P5: =Izadora!H11 -> 0 | Q5: =SUM(5000-P5) -> 5000 | R5: =Izadora!U12 -> 0 | S5: =Izadora!AI12 -> 0 | T5: =Izadora!AR12 -> 0 | V5: FEV | W5: ='João Carlos'!H11 -> 0 | X5: =SUM(5000-W5) -> 5000 | Y5: ='João Carlos'!U12 -> 0 | Z5: ='João Carlos'!AI12 -> 0 | AA5: ='João Carlos'!AR12 -> 0
A6: MAR | B6: =Geferson!H15 -> 0 | C6: =SUM(5000-B6) -> 5000 | D6: =Geferson!U16 -> 0 | E6: =Geferson!AC16 -> 0 | F6: =Geferson!AK16 -> 0 | H6: MAR | I6: ='Diego Parisio-Desmob'!H15 -> 0 | J6: =SUM(5000-I6) -> 5000 | K6: ='Diego Parisio-Desmob'!U16 -> 0 | L6: ='Diego Parisio-Desmob'!AC16 -> 0 | M6: ='Diego Parisio-Desmob'!AK16 -> 0 | O6: MAR | P6: =Izadora!H15 -> 0 | Q6: =SUM(5000-P6) -> 5000 | R6: =Izadora!U16 -> 0 | S6: =Izadora!AI16 -> 0 | T6: =Izadora!AR16 -> 0 | V6: MAR | W6: ='João Carlos'!H15 -> 0 | X6: =SUM(5000-W6) -> 5000 | Y6: ='João Carlos'!U16 -> 0 | Z6: ='João Carlos'!AI16 -> 0 | AA6: ='João Carlos'!AR16 -> 0
A7: ABR | B7: =Geferson!H19 -> 0 | C7: =SUM(5000-B7) -> 5000 | D7: =Geferson!U20 -> 0 | E7: =Geferson!AC20 -> 0 | F7: =Geferson!AK20 -> 0 | H7: ABR | I7: ='Diego Parisio-Desmob'!H19 -> 0 | J7: =SUM(5000-I7) -> 5000 | K7: ='Diego Parisio-Desmob'!U20 -> 0 | L7: ='Diego Parisio-Desmob'!AC20 -> 0 | M7: ='Diego Parisio-Desmob'!AK20 -> 0 | O7: ABR | P7: =Izadora!H19 -> 0 | Q7: =SUM(5000-P7) -> 5000 | R7: =Izadora!Z20 -> 0 | S7: =Izadora!AI20 -> 0 | T7: =Izadora!AR20 -> 0 | V7: ABR | W7: ='João Carlos'!H19 -> 0 | X7: =SUM(5000-W7) -> 5000 | Y7: ='João Carlos'!Z20 -> 0 | Z7: ='João Carlos'!AI20 -> 0 | AA7: ='João Carlos'!AR20 -> 0
A8: MAI | B8: =Geferson!H23 -> 0 | C8: =SUM(5000-B8) -> 5000 | D8: =Geferson!U24 -> 0 | E8: =Geferson!AC24 -> 0 | F8: =Geferson!AK24 -> 0 | H8: MAI | I8: ='Diego Parisio-Desmob'!H23 -> 0 | J8: =SUM(5000-I8) -> 5000 | K8: ='Diego Parisio-Desmob'!U24 -> 0 | L8: ='Diego Parisio-Desmob'!AC24 -> 0 | M8: ='Diego Parisio-Desmob'!AK24 -> 0 | O8: MAI | P8: =Izadora!H23 -> 0 | Q8: =SUM(5000-P8) -> 5000 | R8: =Izadora!Z24 -> 0 | S8: =Izadora!AI24 -> 0 | T8: =Izadora!AR24 -> 0 | V8: MAI | W8: ='João Carlos'!H23 -> 0 | X8: =SUM(5000-W8) -> 5000 | Y8: ='João Carlos'!Z24 -> 0 | Z8: ='João Carlos'!AI24 -> 0 | AA8: ='João Carlos'!AR24 -> 0
A9: JUN | B9: =Geferson!H27 -> 0 | C9: =SUM(5000-B9) -> 5000 | D9: =Geferson!U28 -> 0 | E9: =Geferson!AC28 -> 0 | F9: =Geferson!AK28 -> 0 | H9: JUN | I9: ='Diego Parisio-Desmob'!H27 -> 0 | J9: =SUM(5000-I9) -> 5000 | K9: ='Diego Parisio-Desmob'!U28 -> 0 | L9: ='Diego Parisio-Desmob'!AC28 -> 0 | M9: =Geferson!AK28 -> 0 | O9: JUN | P9: =Izadora!H27 -> 0 | Q9: =SUM(5000-P9) -> 5000 | R9: =Izadora!Z28 -> 0 | S9: =Izadora!AI28 -> 0 | T9: =Izadora!AR28 -> 0 | V9: JUN | W9: ='João Carlos'!H27 -> 0 | X9: =SUM(5000-W9) -> 5000 | Y9: ='João Carlos'!Z28 -> 0 | Z9: ='João Carlos'!AI28 -> 0 | AA9: ='João Carlos'!AR28 -> 0
A10: JUL | B10: =Geferson!H31 -> 0 | C10: =SUM(5000-B10) -> 5000 | D10: =Geferson!U32 -> 0 | E10: =Geferson!AC32 -> 0 | F10: =Geferson!AK32 -> 0 | H10: JUL | I10: ='Diego Parisio-Desmob'!H31 -> 0 | J10: =SUM(5000-I10) -> 5000 | K10: ='Diego Parisio-Desmob'!U32 -> 0 | L10: ='Diego Parisio-Desmob'!AC32 -> 0 | M10: ='Diego Parisio-Desmob'!AK32 -> 0 | O10: JUL | P10: =Izadora!H31 -> 0 | Q10: =SUM(5000-P10) -> 5000 | R10: =Izadora!Z32 -> 0 | S10: =Izadora!AI32 -> 0 | T10: =Izadora!AR32 -> 0 | V10: JUL | W10: ='João Carlos'!H31 -> 0 | X10: =SUM(5000-W10) -> 5000 | Y10: ='João Carlos'!Z32 -> 0 | Z10: ='João Carlos'!AI32 -> 0 | AA10: ='João Carlos'!AR32 -> 0
A11: AGO | B11: =Geferson!H35 -> 0 | C11: =SUM(5000-B11) -> 5000 | D11: =Geferson!U36 -> 0 | E11: =Geferson!AC36 -> 0 | F11: =Geferson!AK36 -> 0 | H11: AGO | I11: ='Diego Parisio-Desmob'!H35 -> 0 | J11: =SUM(5000-I11) -> 5000 | K11: ='Diego Parisio-Desmob'!U36 -> 0 | L11: ='Diego Parisio-Desmob'!AC36 -> 0 | M11: ='Diego Parisio-Desmob'!AK36 -> 0 | O11: AGO | P11: =Izadora!H35 -> 0 | Q11: =SUM(5000-P11) -> 5000 | R11: =Izadora!Z36 -> 0 | S11: =Izadora!AI36 -> 0 | T11: =Izadora!AR36 -> 0 | V11: AGO | W11: ='João Carlos'!H35 -> 0 | X11: =SUM(5000-W11) -> 5000 | Y11: ='João Carlos'!Z36 -> 0 | Z11: ='João Carlos'!AI36 -> 0 | AA11: ='João Carlos'!AR36 -> 0
A12: SET | B12: =Geferson!H39 -> 1776 | C12: =SUM(5000-B12) -> 3224 | D12: =Geferson!U40 -> 677.05 | E12: =Geferson!AC40 -> 0 | F12: =Geferson!AK40 -> 0 | H12: SET | I12: ='Diego Parisio-Desmob'!H39 -> 934 | J12: =SUM(5000-I12) -> 4066 | K12: ='Diego Parisio-Desmob'!U40 -> 514.81 | L12: ='Diego Parisio-Desmob'!AC40 -> 0 | M12: ='Diego Parisio-Desmob'!AK40 -> 0 | O12: SET | P12: =Izadora!H35 -> 0 | Q12: =SUM(5000-P12) -> 5000 | R12: =Izadora!Z40 -> 0 | S12: =Izadora!AI40 -> 0 | T12: =Izadora!AR40 -> 0 | V12: SET | W12: ='João Carlos'!H39 -> 0 | X12: =SUM(5000-W12) -> 5000 | Y12: ='João Carlos'!Z40 -> 0 | Z12: ='João Carlos'!AI40 -> 0 | AA12: ='João Carlos'!AR40 -> 0
A13: OUT | B13: =Geferson!H43 -> 3146 | C13: =SUM(5000-B13) -> 1854 | D13: =Geferson!U44 -> 1952.39 | E13: =Geferson!AC44 -> 0 | F13: =Geferson!AK44 -> 0 | H13: OUT | I13: ='Diego Parisio-Desmob'!H43 -> 4586 | J13: =SUM(5000-I13) -> 414 | K13: ='Diego Parisio-Desmob'!U44 -> 1567.96 | L13: ='Diego Parisio-Desmob'!AC44 -> 0 | M13: ='Diego Parisio-Desmob'!AK44 -> 50 | O13: OUT | P13: =Izadora!H39 -> 0 | Q13: =SUM(5000-P13) -> 5000 | R13: =Izadora!Z44 -> 0 | S13: =Izadora!AI44 -> 0 | T13: =Izadora!AR44 -> 0 | V13: OUT | W13: ='João Carlos'!H43 -> 0 | X13: =SUM(5000-W13) -> 5000 | Y13: ='João Carlos'!Z44 -> 0 | Z13: ='João Carlos'!AI44 -> 0 | AA13: ='João Carlos'!AR44 -> 0
A14: NOV | B14: =Geferson!H47 -> 2312 | C14: =SUM(5000-B14) -> 2688 | D14: =Geferson!U48 -> 1420.87 | E14: =Geferson!AC48 -> 0 | F14: =Geferson!AK48 -> 0 | H14: NOV | I14: ='Diego Parisio-Desmob'!H47 -> 2355 | J14: =SUM(5000-I14) -> 2645 | K14: ='Diego Parisio-Desmob'!U48 -> 1236.56 | L14: ='Diego Parisio-Desmob'!AC48 -> 115 | M14: ='Diego Parisio-Desmob'!AK48 -> 0 | O14: NOV | P14: =Izadora!H43 -> 2562 | Q14: =SUM(5000-P14) -> 2438 | R14: =Izadora!Z48 -> 0 | S14: =Izadora!AI48 -> 0 | T14: =Izadora!AR48 -> 0 | V14: NOV | W14: ='João Carlos'!H47 -> 2729 | X14: =SUM(5000-W14) -> 2271 | Y14: ='João Carlos'!Z48 -> 0 | Z14: ='João Carlos'!AI48 -> 0 | AA14: ='João Carlos'!AR48 -> 0
A15: DEZ | B15: =Geferson!H51 -> 2263 | C15: =SUM(5000-B15) -> 2737 | D15: =Geferson!U52 -> 1184.43 | E15: =Geferson!AC52 -> 0 | F15: =Geferson!AK52 -> 0 | H15: DEZ | I15: ='Diego Parisio-Desmob'!H51 -> 2148 | J15: =SUM(5000-I15) -> 2852 | K15: ='Diego Parisio-Desmob'!U52 -> 1036.74 | L15: ='Diego Parisio-Desmob'!AC48 -> 115 | M15: ='Diego Parisio-Desmob'!AK48 -> 0 | O15: DEZ | P15: =Izadora!H47 -> 894 | Q15: =SUM(5000-P15) -> 4106 | R15: =Izadora!Z56 -> 0 | S15: =Izadora!AI48 -> 0 | T15: =Izadora!AR52 -> 0 | V15: DEZ | W15: ='João Carlos'!H51 -> 2358 | X15: =SUM(5000-W15) -> 2642 | Y15: ='João Carlos'!Z52 -> 0 | Z15: ='João Carlos'!AI52 -> 0 | AA15: ='João Carlos'!AR52 -> 0
A17: TOTAL | B17: =SUM(B4:B15) -> 9497 | D17: =SUM(D4:D15) -> 5234.74 | E17: =SUM(E4:E15) -> 0 | F17: =SUM(F4:F15) -> 0 | H17: TOTAL | I17: =SUM(I4:I15) -> 10023 | K17: =SUM(K4:K15) -> 4356.07 | L17: =SUM(L4:L15) -> 230 | M17: =SUM(M4:M15) -> 50 | O17: TOTAL | P17: =SUM(P4:P15) -> 3456 | R17: =SUM(R4:R15) -> 0 | S17: =SUM(S4:S15) -> 0 | T17: =SUM(T4:T15) -> 0 | V17: TOTAL | W17: =SUM(W4:W15) -> 5087 | Y17: =SUM(Y4:Y15) -> 0 | Z17: =SUM(Z4:Z15) -> 0 | AA17: =SUM(AA4:AA15) -> 0
A18: SALDO KM | B18: =SUM(60000-B17) -> 50503 | H18: SALDO KM | I18: =SUM(60000-I17) -> 49977 | O18: SALDO KM | P18: =SUM(60000-P17) -> 56544 | V18: SALDO KM | W18: =SUM(60000-W17) -> 54913
B21: CAR_05 | I21: CAR_06 | P21: CAR_07 | W21: CAR_08
B22: KM RODADO | C22: KM MENSAL | D22: ABASTECIMENTO | E22: LAVA_RAPIDO | F22: BORRACHARIA | I22: KM RODADO | J22: KM MENSAL | K22: ABASTECIMENTO | L22: LAVA_RAPIDO | M22: BORRACHARIA | P22: KM RODADO | Q22: KM MENSAL | R22: ABASTECIMENTO | S22: LAVA_RAPIDO | T22: BORRACHARIA | W22: KM RODADO | X22: KM MENSAL | Y22: ABASTECIMENTO | Z22: LAVA_RAPIDO | AA22: BORRACHARIA
A23: JAN | C23: 0 | D23: 0 | E23: 0 | F23: 0 | H23: JAN | J23: 0 | K23: 0 | L23: 0 | M23: 0 | O23: JAN | Q23: 0 | R23: 0 | S23: 0 | T23: 0 | V23: JAN | X23: 0 | Y23: 0 | Z23: 0 | AA23: 0
A24: FEV | B24: ='Antonio Willian'!H11 -> 0 | C24: =SUM(5000-B24) -> 5000 | D24: ='Antonio Willian'!U12 -> 0 | E24: ='Antonio Willian'!AC12 -> 0 | F24: ='Antonio Willian'!AK12 -> 0 | H24: FEV | I24: =Geraldo!H11 -> 0 | J24: =SUM(5000-I24) -> 5000 | K24: =Geraldo!U12 -> 0 | L24: =Geraldo!AC12 -> 0 | M24: =Geraldo!AK12 -> 0 | O24: FEV | P24: ='Rogerio Salustiano'!H12 -> 0 | Q24: =SUM(5000-P24) -> 5000 | R24: ='Rogerio Salustiano'!U13 -> 0 | S24: ='Rogerio Salustiano'!AC13 -> 0 | T24: ='Rogerio Salustiano'!AK13 -> 0 | V24: FEV | W24: =Jurandir!H15 -> 2749 | X24: =SUM(5000-W24) -> 2251 | Y24: =Jurandir!U16 -> 1473.89 | Z24: =Jurandir!AE16 -> 0 | AA24: =Jurandir!AN16 -> 0
A25: MAR | B25: ='Antonio Willian'!H15 -> 0 | C25: =SUM(5000-B25) -> 5000 | D25: ='Antonio Willian'!U16 -> 0 | E25: ='Antonio Willian'!AC16 -> 0 | F25: ='Antonio Willian'!AK16 -> 0 | H25: MAR | I25: =Geraldo!H15 -> 0 | J25: =SUM(5000-I25) -> 5000 | K25: =Geraldo!U16 -> 0 | L25: =Geraldo!AC16 -> 0 | M25: =Geraldo!AK16 -> 0 | O25: MAR | P25: ='Rogerio Salustiano'!H16 -> 0 | Q25: =SUM(5000-P25) -> 5000 | R25: ='Rogerio Salustiano'!U17 -> 0 | S25: ='Rogerio Salustiano'!AC17 -> 0 | T25: ='Rogerio Salustiano'!AK17 -> 0 | V25: MAR | W25: =Jurandir!H19 -> 2697 | X25: =SUM(5000-W25) -> 2303 | Y25: =Jurandir!U20 -> 1722.32 | Z25: =Jurandir!AE20 -> 120 | AA25: =Jurandir!AN20 -> 0
A26: ABR | B26: ='Antonio Willian'!H19 -> 0 | C26: =SUM(5000-B26) -> 5000 | D26: ='Antonio Willian'!U20 -> 0 | E26: ='Antonio Willian'!AC20 -> 0 | F26: ='Antonio Willian'!AK20 -> 0 | H26: ABR | I26: =Geraldo!H19 -> 0 | J26: =SUM(5000-I26) -> 5000 | K26: =Geraldo!U20 -> 0 | L26: =Geraldo!AC20 -> 0 | M26: =Geraldo!AK20 -> 0 | O26: ABR | P26: ='Rogerio Salustiano'!H20 -> 0 | Q26: =SUM(5000-P26) -> 5000 | R26: ='Rogerio Salustiano'!U21 -> 0 | S26: ='Rogerio Salustiano'!AC21 -> 0 | T26: ='Rogerio Salustiano'!AK21 -> 0 | V26: ABR | W26: =Jurandir!H23 -> 2357 | X26: =SUM(5000-W26) -> 2643 | Y26: =Jurandir!U204 -> 0 | Z26: =Jurandir!AE24 -> 0 | AA26: =Jurandir!AN204 -> 0
A27: MAI | B27: ='Antonio Willian'!H23 -> 0 | C27: =SUM(5000-B27) -> 5000 | D27: ='Antonio Willian'!U24 -> 0 | E27: ='Antonio Willian'!AC24 -> 0 | F27: ='Antonio Willian'!AK24 -> 0 | H27: MAI | I27: =Geraldo!H23 -> 0 | J27: =SUM(5000-I27) -> 5000 | K27: =Geraldo!U24 -> 0 | L27: =Geraldo!AC24 -> 0 | M27: =Geraldo!AK24 -> 0 | O27: MAI | P27: ='Rogerio Salustiano'!H24 -> 0 | Q27: =SUM(5000-P27) -> 5000 | R27: ='Rogerio Salustiano'!U25 -> 0 | S27: ='Rogerio Salustiano'!AC25 -> 0 | T27: ='Rogerio Salustiano'!AK25 -> 0 | V27: MAI | W27: =Jurandir!H27 -> 3179 | X27: =SUM(5000-W27) -> 1821 | Y27: =Jurandir!U28 -> 0 | Z27: =Jurandir!AE28 -> 0 | AA27: =Jurandir!AN28 -> 0
A28: JUN | B28: ='Antonio Willian'!H27 -> 0 | C28: =SUM(5000-B28) -> 5000 | D28: ='Antonio Willian'!U28 -> 0 | E28: ='Antonio Willian'!AC28 -> 0 | F28: ='Antonio Willian'!AK28 -> 0 | H28: JUN | I28: =Geraldo!H27 -> 0 | J28: =SUM(5000-I28) -> 5000 | K28: =Geraldo!U28 -> 0 | L28: =Geraldo!AC28 -> 0 | M28: =Geraldo!AK28 -> 0 | O28: JUN | P28: ='Rogerio Salustiano'!H28 -> 0 | Q28: =SUM(5000-P28) -> 5000 | R28: ='Rogerio Salustiano'!U29 -> 0 | S28: ='Rogerio Salustiano'!AC29 -> 0 | T28: ='Rogerio Salustiano'!AK29 -> 0 | V28: JUN | W28: =Jurandir!H31 -> 0 | X28: =SUM(5000-W28) -> 5000 | Y28: =Jurandir!U32 -> 0 | Z28: =Jurandir!AE32 -> 0 | AA28: =Jurandir!AN32 -> 0
A29: JUL | B29: ='Antonio Willian'!H31 -> 0 | C29: =SUM(5000-B29) -> 5000 | D29: ='Antonio Willian'!U32 -> 0 | E29: ='Antonio Willian'!AC32 -> 0 | F29: ='Antonio Willian'!AK32 -> 0 | H29: JUL | I29: =Geraldo!H31 -> 0 | J29: =SUM(5000-I29) -> 5000 | K29: =Geraldo!U32 -> 0 | L29: =Geraldo!AC32 -> 0 | M29: =Geraldo!AK32 -> 0 | O29: JUL | P29: ='Rogerio Salustiano'!H32 -> 0 | Q29: =SUM(5000-P29) -> 5000 | R29: ='Rogerio Salustiano'!U33 -> 0 | S29: ='Rogerio Salustiano'!AC33 -> 0 | T29: ='Rogerio Salustiano'!AK33 -> 0 | V29: JUL | W29: =Jurandir!H35 -> 0 | X29: =SUM(5000-W29) -> 5000 | Y29: =Jurandir!U36 -> 0 | Z29: =Jurandir!AE36 -> 0 | AA29: =Jurandir!AN36 -> 0
A30: AGO | B30: ='Antonio Willian'!H35 -> 0 | C30: =SUM(5000-B30) -> 5000 | D30: ='Antonio Willian'!U36 -> 0 | E30: ='Antonio Willian'!AC36 -> 0 | F30: ='Antonio Willian'!AK36 -> 0 | H30: AGO | I30: =Geraldo!H35 -> 0 | J30: =SUM(5000-I30) -> 5000 | K30: =Geraldo!U36 -> 0 | L30: =Geraldo!AC36 -> 0 | M30: =Geraldo!AK36 -> 0 | O30: AGO | P30: ='Rogerio Salustiano'!H36 -> 0 | Q30: =SUM(5000-P30) -> 5000 | R30: ='Rogerio Salustiano'!U37 -> 0 | S30: ='Rogerio Salustiano'!AC37 -> 0 | T30: ='Rogerio Salustiano'!AK37 -> 0 | V30: AGO | W30: =Jurandir!H39 -> 0 | X30: =SUM(5000-W30) -> 5000 | Y30: =Jurandir!U40 -> 0 | Z30: =Jurandir!AE40 -> 0 | AA30: =Jurandir!AN40 -> 0
A31: SET | B31: ='Antonio Willian'!H39 -> 0 | C31: =SUM(5000-B31) -> 5000 | D31: ='Antonio Willian'!U40 -> 0 | E31: ='Antonio Willian'!AC40 -> 0 | F31: ='Antonio Willian'!AK4 -> 0 | H31: SET | I31: =Geraldo!H39 -> 0 | J31: =SUM(5000-I31) -> 5000 | K31: =Geraldo!U40 -> 0 | L31: =Geraldo!AC40 -> 0 | M31: =Geraldo!AK40 -> 0 | O31: SET | P31: ='Rogerio Salustiano'!H40 -> 0 | Q31: =SUM(5000-P31) -> 5000 | R31: ='Rogerio Salustiano'!U41 -> 0 | S31: ='Rogerio Salustiano'!AC41 -> 0 | T31: ='Rogerio Salustiano'!AK41 -> 0 | V31: SET | W31: =Jurandir!H43 -> 0 | X31: =SUM(5000-W31) -> 5000 | Y31: =Jurandir!U44 -> 0 | Z31: =Jurandir!AE44 -> 0 | AA31: =Jurandir!AN44 -> 0
A32: OUT | B32: ='Antonio Willian'!H43 -> 0 | C32: =SUM(5000-B32) -> 5000 | D32: ='Antonio Willian'!U44 -> 0 | E32: ='Antonio Willian'!AC44 -> 0 | F32: ='Antonio Willian'!AK44 -> 0 | H32: OUT | I32: =Geraldo!H43 -> 0 | J32: =SUM(5000-I32) -> 5000 | K32: =Geraldo!U44 -> 0 | L32: =Geraldo!AC44 -> 0 | M32: =Geraldo!AK44 -> 0 | O32: OUT | P32: ='Rogerio Salustiano'!H44 -> 0 | Q32: =SUM(5000-P32) -> 5000 | R32: ='Rogerio Salustiano'!U45 -> 0 | S32: ='Rogerio Salustiano'!AC45 -> 0 | T32: ='Rogerio Salustiano'!AK45 -> 0 | V32: OUT | W32: =Jurandir!H47 -> 0 | X32: =SUM(5000-W32) -> 5000 | Y32: =Jurandir!U48 -> 0 | Z32: =Jurandir!AE48 -> 0 | AA32: =Jurandir!AN48 -> 0
A33: NOV | B33: ='Antonio Willian'!H47 -> 1704 | C33: =SUM(5000-B33) -> 3296 | D33: ='Antonio Willian'!U48 -> 1178.71 | E33: ='Antonio Willian'!AC48 -> 0 | F33: ='Antonio Willian'!AK48 -> 0 | H33: NOV | I33: =Geraldo!H47 -> 1699 | J33: =SUM(5000-I33) -> 3301 | K33: =Geraldo!U48 -> 810.91 | L33: =Geraldo!AC48 -> 0 | M33: =Geraldo!AK48 -> 0 | O33: NOV | P33: ='Rogerio Salustiano'!H48 -> 0 | Q33: =SUM(5000-P33) -> 5000 | R33: ='Rogerio Salustiano'!U49 -> 0 | S33: ='Rogerio Salustiano'!AC49 -> 0 | T33: ='Rogerio Salustiano'!AK49 -> 0 | V33: NOV | W33: =Jurandir!H51 -> 0 | X33: =SUM(5000-W33) -> 5000 | Y33: =Jurandir!U52 -> 0 | Z33: =Jurandir!AE52 -> 0 | AA33: =Jurandir!AN52 -> 0
A34: DEZ | B34: ='Antonio Willian'!H51 -> 797 | C34: =SUM(5000-B34) -> 4203 | D34: ='Antonio Willian'!U52 -> 396.45 | E34: ='Antonio Willian'!AC52 -> 55 | F34: ='Antonio Willian'!AK52 -> 0 | H34: DEZ | I34: =Geraldo!H51 -> 2006 | J34: =SUM(5000-I34) -> 2994 | K34: =Geraldo!U52 -> 1138.13 | L34: =Geraldo!AC52 -> 60 | M34: =Geraldo!AK52 -> 70 | O34: DEZ | P34: ='Rogerio Salustiano'!H52 -> 1594 | Q34: =SUM(5000-P34) -> 3406 | R34: ='Rogerio Salustiano'!U53 -> 688.68 | S34: ='Rogerio Salustiano'!AC53 -> 0 | T34: ='Rogerio Salustiano'!AK53 -> 0 | V34: DEZ | W34: =Jurandir!H55 -> 0 | X34: =SUM(5000-W34) -> 5000 | Y34: =Jurandir!U56 -> 0 | Z34: =Jurandir!AE56 -> 0 | AA34: =Jurandir!AN56 -> 0
A36: TOTAL | B36: =SUM(B23:B34) -> 2501 | D36: =SUM(D23:D34) -> 1575.16 | E36: =SUM(E23:E34) -> 55 | F36: =SUM(F23:F34) -> 0 | H36: TOTAL | I36: =SUM(I23:I34) -> 3705 | K36: =SUM(K23:K34) -> 1949.04 | L36: =SUM(L23:L34) -> 60 | M36: =SUM(M23:M34) -> 70 | O36: TOTAL | P36: =SUM(P23:P34) -> 1594 | R36: =SUM(R23:R34) -> 688.68 | S36: =SUM(S23:S34) -> 0 | T36: =SUM(T23:T34) -> 0 | V36: TOTAL | W36: =SUM(W23:W34) -> 10982 | Y36: =SUM(Y23:Y34) -> 3196.21 | Z36: =SUM(Z23:Z34) -> 120 | AA36: =SUM(AA23:AA34) -> 0
A37: SALDO KM | B37: =SUM(60000-B36) -> 57499 | H37: SALDO KM | I37: =SUM(60000-I36) -> 56295 | O37: SALDO KM | P37: =SUM(60000-P36) -> 58406 | V37: SALDO KM | W37: =SUM(60000-W36) -> 49018
B40: CAR_09 | I40: CAR_10 | P40: CAR_11 | W40: CAR_12
B41: KM | C41: KM MENSAL | D41: ABASTECIMENTO | E41: LAVA_RAPIDO | F41: BORRACHARIA | I41: KM | J41: KM MENSAL | K41: ABASTECIMENTO | L41: LAVA_RAPIDO | M41: BORRACHARIA | P41: KM | Q41: KM MENSAL | R41: ABASTECIMENTO | S41: LAVA_RAPIDO | T41: BORRACHARIA | W41: KM | X41: KM MENSAL | Y41: ABASTECIMENTO | Z41: LAVA_RAPIDO | AA41: BORRACHARIA
A42: JAN | H42: JAN | O42: JAN | V42: JAN
A43: FEV | B43: =Railson!H11 -> 0 | C43: =SUM(5000-B43) -> 5000 | D43: =Railson!U12 -> 0 | E43: =Railson!AE12 -> 0 | F43: =Railson!AN12 -> 0 | H43: FEV | I43: =Assibi!H11 -> 0 | J43: =SUM(5000-I43) -> 5000 | K43: =Assibi!U12 -> 0 | L43: =Assibi!AE12 -> 0 | M43: =Assibi!AN12 -> 0 | O43: FEV | P43: =CAR_11!H11 -> 0 | Q43: =SUM(5000-P43) -> 5000 | R43: =CAR_11!U12 -> 0 | S43: =CAR_11!AE12 -> 0 | T43: =CAR_11!AN12 -> 0 | V43: FEV | W43: =CAR_12!H11 -> 0 | X43: =SUM(5000-W43) -> 5000 | Y43: =CAR_12!U12 -> 0 | Z43: =CAR_12!AE12 -> 0 | AA43: =CAR_12!AN12 -> 0
A44: MAR | B44: =Railson!H15 -> 0 | C44: =SUM(5000-B44) -> 5000 | D44: =Railson!U16 -> 0 | E44: =Railson!AE16 -> 0 | F44: =Railson!AN16 -> 0 | H44: MAR | I44: =Assibi!H15 -> 0 | J44: =SUM(5000-I44) -> 5000 | K44: =Assibi!U16 -> 0 | L44: =Assibi!AE16 -> 0 | M44: =Assibi!AN16 -> 0 | O44: MAR | P44: =CAR_11!H15 -> 0 | Q44: =SUM(5000-P44) -> 5000 | R44: =CAR_11!U16 -> 0 | S44: =CAR_11!AE16 -> 0 | T44: =CAR_11!AN16 -> 0 | V44: MAR | W44: =CAR_12!H15 -> 0 | X44: =SUM(5000-W44) -> 5000 | Y44: =CAR_12!U16 -> 0 | Z44: =CAR_12!AE16 -> 0 | AA44: =CAR_12!AN16 -> 0
A45: ABR | B45: =Railson!H19 -> 655 | C45: =SUM(5000-B45) -> 4345 | D45: =Railson!U20 -> 0 | E45: =Railson!AE20 -> 0 | F45: =Railson!AN20 -> 0 | H45: ABR | I45: =Assibi!H19 -> 0 | J45: =SUM(5000-I45) -> 5000 | K45: =Assibi!U20 -> 0 | L45: =Assibi!AE20 -> 0 | M45: =Assibi!AN20 -> 0 | O45: ABR | P45: =CAR_11!H19 -> 0 | Q45: =SUM(5000-P45) -> 5000 | R45: =CAR_11!U20 -> 0 | S45: =CAR_11!AE20 -> 0 | T45: =CAR_11!AN20 -> 0 | V45: ABR | W45: =CAR_12!H19 -> 0 | X45: =SUM(5000-W45) -> 5000 | Y45: =CAR_12!U20 -> 0 | Z45: =CAR_12!AE20 -> 0 | AA45: =CAR_12!AN20 -> 0
A46: MAI | B46: =Railson!H23 -> 2255 | C46: =SUM(5000-B46) -> 2745 | D46: =Railson!U24 -> 0 | E46: =Railson!AE24 -> 0 | F46: =Railson!AN24 -> 0 | H46: MAI | I46: =Assibi!H23 -> 0 | J46: =SUM(5000-I46) -> 5000 | K46: =Assibi!U24 -> 0 | L46: =Assibi!AE24 -> 0 | M46: =Assibi!AN24 -> 0 | O46: MAI | P46: =CAR_11!H23 -> 0 | Q46: =SUM(5000-P46) -> 5000 | R46: =CAR_11!U24 -> 0 | S46: =CAR_11!AE24 -> 0 | T46: =CAR_11!AN24 -> 0 | V46: MAI | W46: =CAR_12!H23 -> 0 | X46: =SUM(5000-W46) -> 5000 | Y46: =CAR_12!U24 -> 0 | Z46: =CAR_12!AE24 -> 0 | AA46: =CAR_12!AN24 -> 0
A47: JUN | B47: =Railson!H27 -> 0 | C47: =SUM(5000-B47) -> 5000 | D47: =Railson!U28 -> 0 | E47: =Railson!AE28 -> 0 | F47: =Railson!AN28 -> 0 | H47: JUN | I47: =Assibi!H27 -> -22542 | J47: =SUM(5000-I47) -> 27542 | K47: =Assibi!U28 -> 0 | L47: =Assibi!AE28 -> 0 | M47: =Assibi!AN28 -> 0 | O47: JUN | P47: =CAR_11!H27 -> 0 | Q47: =SUM(5000-P47) -> 5000 | R47: =CAR_11!U28 -> 0 | S47: =CAR_11!AE28 -> 0 | T47: =CAR_11!AN28 -> 0 | V47: JUN | W47: =CAR_12!H27 -> 0 | X47: =SUM(5000-W47) -> 5000 | Y47: =CAR_12!U28 -> 0 | Z47: =CAR_12!AE28 -> 0 | AA47: =CAR_12!AN28 -> 0
A48: JUL | B48: =Railson!H31 -> 0 | C48: =SUM(5000-B48) -> 5000 | D48: =Railson!U32 -> 0 | E48: =Railson!AE32 -> 0 | F48: =Railson!AN32 -> 0 | H48: JUL | I48: =Assibi!H31 -> 0 | J48: =SUM(5000-I48) -> 5000 | K48: =Assibi!U32 -> 0 | L48: =Assibi!AE32 -> 0 | M48: =Assibi!AN32 -> 0 | O48: JUL | P48: =CAR_11!H31 -> 0 | Q48: =SUM(5000-P48) -> 5000 | R48: =CAR_11!U32 -> 0 | S48: =CAR_11!AE32 -> 0 | T48: =CAR_11!AN32 -> 0 | V48: JUL | W48: =CAR_12!H31 -> 0 | X48: =SUM(5000-W48) -> 5000 | Y48: =CAR_12!U32 -> 0 | Z48: =CAR_12!AE32 -> 0 | AA48: =CAR_12!AN32 -> 0
A49: AGO | B49: =Railson!H35 -> 0 | C49: =SUM(5000-B49) -> 5000 | D49: =Railson!U36 -> 0 | E49: =Railson!AE36 -> 0 | F49: =Railson!AN36 -> 0 | H49: AGO | I49: =Assibi!H35 -> 0 | J49: =SUM(5000-I49) -> 5000 | K49: =Assibi!U36 -> 0 | L49: =Assibi!AE36 -> 0 | M49: =Assibi!AN36 -> 0 | O49: AGO | P49: =CAR_11!H35 -> 0 | Q49: =SUM(5000-P49) -> 5000 | R49: =CAR_11!U36 -> 0 | S49: =CAR_11!AE36 -> 0 | T49: =CAR_11!AN36 -> 0 | V49: AGO | W49: =CAR_12!H35 -> 0 | X49: =SUM(5000-W49) -> 5000 | Y49: =CAR_12!U36 -> 0 | Z49: =CAR_12!AE36 -> 0 | AA49: =CAR_12!AN36 -> 0
A50: SET | B50: =Railson!H39 -> 0 | C50: =SUM(5000-B50) -> 5000 | D50: =Railson!U40 -> 0 | E50: =Railson!AE40 -> 0 | F50: =Railson!AN40 -> 0 | H50: SET | I50: =Assibi!H39 -> 0 | J50: =SUM(5000-I50) -> 5000 | K50: =Assibi!U40 -> 0 | L50: =Assibi!AE40 -> 0 | M50: =Assibi!AN40 -> 0 | O50: SET | P50: =CAR_11!H39 -> 0 | Q50: =SUM(5000-P50) -> 5000 | R50: =CAR_11!U40 -> 0 | S50: =CAR_11!AE40 -> 0 | T50: =CAR_11!AN40 -> 0 | V50: SET | W50: =CAR_12!H39 -> 0 | X50: =SUM(5000-W50) -> 5000 | Y50: =CAR_12!U40 -> 0 | Z50: =CAR_12!AE40 -> 0 | AA50: =CAR_12!AN40 -> 0
A51: OUT | B51: =Railson!H43 -> 0 | C51: =SUM(5000-B51) -> 5000 | D51: =Railson!U44 -> 0 | E51: =Railson!AE44 -> 0 | F51: =Railson!AN44 -> 0 | H51: OUT | I51: =Assibi!H43 -> 0 | J51: =SUM(5000-I51) -> 5000 | K51: =Assibi!U44 -> 0 | L51: =Assibi!AE44 -> 0 | M51: =Assibi!AN44 -> 0 | O51: OUT | P51: =CAR_11!H43 -> 0 | Q51: =SUM(5000-P51) -> 5000 | R51: =CAR_11!U44 -> 0 | S51: =CAR_11!AE44 -> 0 | T51: =CAR_11!AN44 -> 0 | V51: OUT | W51: =CAR_12!H43 -> 0 | X51: =SUM(5000-W51) -> 5000 | Y51: =CAR_12!U44 -> 0 | Z51: =CAR_12!AE44 -> 0 | AA51: =CAR_12!AN44 -> 0
A52: NOV | B52: =Railson!H47 -> 0 | C52: =SUM(5000-B52) -> 5000 | D52: =Railson!U48 -> 0 | E52: =Railson!AE48 -> 0 | F52: =Railson!AN48 -> 0 | H52: NOV | I52: =Assibi!H47 -> 0 | J52: =SUM(5000-I52) -> 5000 | K52: =Assibi!U48 -> 0 | L52: =Assibi!AE48 -> 0 | M52: =Assibi!AN48 -> 0 | O52: NOV | P52: =CAR_11!H47 -> 0 | Q52: =SUM(5000-P52) -> 5000 | R52: =CAR_11!U48 -> 0 | S52: =CAR_11!AE48 -> 0 | T52: =CAR_11!AN48 -> 0 | V52: NOV | W52: =CAR_12!H47 -> 0 | X52: =SUM(5000-W52) -> 5000 | Y52: =CAR_12!U48 -> 0 | Z52: =CAR_12!AE48 -> 0 | AA52: =CAR_12!AN48 -> 0
A53: DEZ | B53: =Railson!H51 -> 0 | C53: =SUM(5000-B53) -> 5000 | D53: =Railson!U52 -> 0 | E53: =Railson!AE52 -> 0 | F53: =Railson!AN52 -> 0 | H53: DEZ | I53: =Assibi!H51 -> 0 | J53: =SUM(5000-I53) -> 5000 | K53: =Assibi!U52 -> 0 | L53: =Assibi!AE52 -> 0 | M53: =Assibi!AN52 -> 0 | O53: DEZ | P53: =CAR_11!H51 -> 0 | Q53: =SUM(5000-P53) -> 5000 | R53: =CAR_11!U52 -> 0 | S53: =CAR_11!AE52 -> 0 | T53: =CAR_11!AN52 -> 0 | V53: DEZ | W53: =CAR_12!H51 -> 0 | X53: =SUM(5000-W53) -> 5000 | Y53: =CAR_12!U52 -> 0 | Z53: =CAR_12!AE52 -> 0 | AA53: =CAR_12!AN52 -> 0
A55: TOTAL | B55: =SUM(B42:B53) -> 2910 | D55: =SUM(D42:D53) -> 0 | E55: =SUM(E42:E53) -> 0 | F55: =SUM(F42:F53) -> 0 | H55: TOTAL | I55: =SUM(I42:I53) -> -22542 | K55: =SUM(K42:K53) -> 0 | L55: =SUM(L42:L53) -> 0 | M55: =SUM(M42:M53) -> 0 | O55: TOTAL | P55: =SUM(P42:P53) -> 0 | R55: =SUM(R42:R53) -> 0 | S55: =SUM(S42:S53) -> 0 | T55: =SUM(T42:T53) -> 0 | V55: TOTAL | W55: =SUM(W42:W53) -> 0 | Y55: =SUM(Y42:Y53) -> 0 | Z55: =SUM(Z42:Z53) -> 0 | AA55: =SUM(AA42:AA53) -> 0
A56: SALDO KM | B56: =SUM(60000-B55) -> 57090 | H56: SALDO KM | I56: =SUM(60000-I55) -> 82542 | O56: SALDO KM | P56: =SUM(60000-P55) -> 60000 | V56: SALDO KM | W56: =SUM(60000-W55) -> 60000
B59: CAR_13 | I59: CAR_14 | P59: CAR_15 | W59: CAR_16
B60: KM | C60: KM MENSAL | D60: ABASTECIMENTO | E60: LAVA_RAPIDO | F60: BORRACHARIA | I60: KM | J60: KM MENSAL | K60: ABASTECIMENTO | L60: LAVA_RAPIDO | M60: BORRACHARIA | P60: KM | Q60: KM MENSAL | R60: ABASTECIMENTO | S60: LAVA_RAPIDO | T60: BORRACHARIA | W60: KM | X60: KM MENSAL | Y60: ABASTECIMENTO | Z60: LAVA_RAPIDO | AA60: BORRACHARIA
A61: JAN | H61: JAN | O61: JAN | V61: JAN
A62: FEV | B62: =CAR_13!H11 -> 0 | C62: =SUM(5000-B62) -> 5000 | D62: =CAR_13!U12 -> 0 | E62: =CAR_13!AE12 -> 0 | F62: =CAR_13!AN12 -> 0 | H62: FEV | I62: =CAR_14!H11 -> 0 | J62: =SUM(5000-I62) -> 5000 | K62: =CAR_14!U12 -> 0 | L62: =CAR_14!AE12 -> 0 | M62: =CAR_14!AN12 -> 0 | O62: FEV | P62: =CAR_15!H11 -> 0 | Q62: =SUM(5000-P62) -> 5000 | R62: =CAR_15!U12 -> 0 | S62: =CAR_15!AE12 -> 0 | T62: =CAR_15!AN12 -> 0 | V62: FEV | W62: =CAR_16!H11 -> 0 | X62: =SUM(5000-W62) -> 5000 | Y62: =CAR_16!U12 -> 0 | Z62: =CAR_16!AE12 -> 0 | AA62: =CAR_16!AN12 -> 0
A63: MAR | B63: =CAR_13!H15 -> 0 | C63: =SUM(5000-B63) -> 5000 | D63: =CAR_13!U16 -> 0 | E63: =CAR_13!AE16 -> 0 | F63: =CAR_13!AN16 -> 0 | H63: MAR | I63: =CAR_14!H15 -> 0 | J63: =SUM(5000-I63) -> 5000 | K63: =CAR_14!U16 -> 0 | L63: =CAR_14!AE16 -> 0 | M63: =CAR_14!AN16 -> 0 | O63: MAR | P63: =CAR_15!H15 -> 0 | Q63: =SUM(5000-P63) -> 5000 | R63: =CAR_15!U16 -> 0 | S63: =CAR_15!AE16 -> 0 | T63: =CAR_15!AN16 -> 0 | V63: MAR | W63: =CAR_16!H15 -> 0 | X63: =SUM(5000-W63) -> 5000 | Y63: =CAR_16!U16 -> 0 | Z63: =CAR_16!AE16 -> 0 | AA63: =CAR_16!AN16 -> 0
A64: ABR | B64: =CAR_13!H19 -> 0 | C64: =SUM(5000-B64) -> 5000 | D64: =CAR_13!U20 -> 0 | E64: =CAR_13!AE20 -> 0 | F64: =CAR_13!AN20 -> 0 | H64: ABR | I64: =CAR_14!H19 -> 0 | J64: =SUM(5000-I64) -> 5000 | K64: =CAR_14!U20 -> 0 | L64: =CAR_14!AE20 -> 0 | M64: =CAR_14!AN20 -> 0 | O64: ABR | P64: =CAR_15!H19 -> 0 | Q64: =SUM(5000-P64) -> 5000 | R64: =CAR_15!U20 -> 0 | S64: =CAR_15!AE20 -> 0 | T64: =CAR_15!AN20 -> 0 | V64: ABR | W64: =CAR_16!H19 -> 0 | X64: =SUM(5000-W64) -> 5000 | Y64: =CAR_16!U20 -> 0 | Z64: =CAR_16!AE20 -> 0 | AA64: =CAR_16!AN20 -> 0
A65: MAI | B65: =CAR_13!H23 -> 0 | C65: =SUM(5000-B65) -> 5000 | D65: =CAR_13!U24 -> 0 | E65: =CAR_13!AE224 -> 0 | F65: =CAR_13!AN24 -> 0 | H65: MAI | I65: =CAR_14!H23 -> 0 | J65: =SUM(5000-I65) -> 5000 | K65: =CAR_14!U24 -> 0 | L65: =CAR_14!AE24 -> 0 | M65: =CAR_14!AN24 -> 0 | O65: MAI | P65: =CAR_15!H23 -> 0 | Q65: =SUM(5000-P65) -> 5000 | R65: =CAR_15!U24 -> 0 | S65: =CAR_15!AE24 -> 0 | T65: =CAR_15!AN24 -> 0 | V65: MAI | W65: =CAR_16!H23 -> 0 | X65: =SUM(5000-W65) -> 5000 | Y65: =CAR_16!U24 -> 0 | Z65: =CAR_16!AE24 -> 0 | AA65: =CAR_16!AN24 -> 0
A66: JUN | B66: =CAR_13!H27 -> 0 | C66: =SUM(5000-B66) -> 5000 | D66: =CAR_13!U28 -> 0 | E66: =CAR_13!AE28 -> 0 | F66: =CAR_13!AN28 -> 0 | H66: JUN | I66: =CAR_14!H27 -> 0 | J66: =SUM(5000-I66) -> 5000 | K66: =CAR_14!U28 -> 0 | L66: =CAR_14!AE28 -> 0 | M66: =CAR_14!AN28 -> 0 | O66: JUN | P66: =CAR_15!H27 -> 0 | Q66: =SUM(5000-P66) -> 5000 | R66: =CAR_15!U28 -> 0 | S66: =CAR_15!AE28 -> 0 | T66: =CAR_15!AN28 -> 0 | V66: JUN | W66: =CAR_16!H27 -> 0 | X66: =SUM(5000-W66) -> 5000 | Y66: =CAR_16!U28 -> 0 | Z66: =CAR_16!AE28 -> 0 | AA66: =CAR_16!AN28 -> 0
A67: JUL | B67: =CAR_13!H31 -> 0 | C67: =SUM(5000-B67) -> 5000 | D67: =CAR_13!U32 -> 0 | E67: =CAR_13!AE32 -> 0 | F67: =CAR_13!AN32 -> 0 | H67: JUL | I67: =CAR_14!H31 -> 0 | J67: =SUM(5000-I67) -> 5000 | K67: =CAR_14!U32 -> 0 | L67: =CAR_14!AE32 -> 0 | M67: =CAR_14!AN32 -> 0 | O67: JUL | P67: =CAR_15!H31 -> 0 | Q67: =SUM(5000-P67) -> 5000 | R67: =CAR_15!U32 -> 0 | S67: =CAR_15!AE32 -> 0 | T67: =CAR_15!AN32 -> 0 | V67: JUL | W67: =CAR_16!H31 -> 0 | X67: =SUM(5000-W67) -> 5000 | Y67: =CAR_16!U32 -> 0 | Z67: =CAR_16!AE32 -> 0 | AA67: =CAR_16!AN32 -> 0
A68: AGO | B68: =CAR_13!H35 -> 0 | C68: =SUM(5000-B68) -> 5000 | D68: =CAR_13!U36 -> 0 | E68: =CAR_13!AE36 -> 0 | F68: =CAR_13!AN36 -> 0 | H68: AGO | I68: =CAR_14!H35 -> 0 | J68: =SUM(5000-I68) -> 5000 | K68: =CAR_14!U36 -> 0 | L68: =CAR_14!AE36 -> 0 | M68: =CAR_14!AN36 -> 0 | O68: AGO | P68: =CAR_15!H35 -> 0 | Q68: =SUM(5000-P68) -> 5000 | R68: =CAR_15!U36 -> 0 | S68: =CAR_15!AE36 -> 0 | T68: =CAR_15!AN36 -> 0 | V68: AGO | W68: =CAR_16!H35 -> 0 | X68: =SUM(5000-W68) -> 5000 | Y68: =CAR_16!U36 -> 0 | Z68: =CAR_16!AE36 -> 0 | AA68: =CAR_16!AN36 -> 0
A69: SET | B69: =CAR_13!H39 -> 0 | C69: =SUM(5000-B69) -> 5000 | D69: =CAR_13!U40 -> 0 | E69: =CAR_13!AE40 -> 0 | F69: =CAR_13!AN400 -> 0 | H69: SET | I69: =CAR_14!H39 -> 0 | J69: =SUM(5000-I69) -> 5000 | K69: =CAR_14!U40 -> 0 | L69: =CAR_14!AE40 -> 0 | M69: =CAR_14!AN40 -> 0 | O69: SET | P69: =CAR_15!H39 -> 0 | Q69: =SUM(5000-P69) -> 5000 | R69: =CAR_15!U40 -> 0 | S69: =CAR_15!AE40 -> 0 | T69: =CAR_15!AN40 -> 0 | V69: SET | W69: =CAR_16!H39 -> 0 | X69: =SUM(5000-W69) -> 5000 | Y69: =CAR_16!U40 -> 0 | Z69: =CAR_16!AE40 -> 0 | AA69: =CAR_16!AN40 -> 0
A70: OUT | B70: =CAR_13!H43 -> 0 | C70: =SUM(5000-B70) -> 5000 | D70: =CAR_13!U44 -> 0 | E70: =CAR_13!AE44 -> 0 | F70: =CAR_13!AN44 -> 0 | H70: OUT | I70: =CAR_14!H43 -> 0 | J70: =SUM(5000-I70) -> 5000 | K70: =CAR_14!U44 -> 0 | L70: =CAR_14!AE44 -> 0 | M70: =CAR_14!AN44 -> 0 | O70: OUT | P70: =CAR_15!H43 -> 0 | Q70: =SUM(5000-P70) -> 5000 | R70: =CAR_15!U44 -> 0 | S70: =CAR_15!AE44 -> 0 | T70: =CAR_15!AN44 -> 0 | V70: OUT | W70: =CAR_16!H43 -> 0 | X70: =SUM(5000-W70) -> 5000 | Y70: =CAR_16!U44 -> 0 | Z70: =CAR_16!AE44 -> 0 | AA70: =CAR_16!AN44 -> 0
A71: NOV | B71: =CAR_13!H47 -> 0 | C71: =SUM(5000-B71) -> 5000 | D71: =CAR_13!U48 -> 0 | E71: =CAR_13!AE48 -> 0 | F71: =CAR_13!AN48 -> 0 | H71: NOV | I71: =CAR_14!H47 -> 0 | J71: =SUM(5000-I71) -> 5000 | K71: =CAR_14!U48 -> 0 | L71: =CAR_14!AE48 -> 0 | M71: =CAR_14!AN48 -> 0 | O71: NOV | P71: =CAR_15!H47 -> 0 | Q71: =SUM(5000-P71) -> 5000 | R71: =CAR_15!U48 -> 0 | S71: =CAR_15!AE48 -> 0 | T71: =CAR_15!AN48 -> 0 | V71: NOV | W71: =CAR_16!H47 -> 0 | X71: =SUM(5000-W71) -> 5000 | Y71: =CAR_16!U48 -> 0 | Z71: =CAR_16!AE48 -> 0 | AA71: =CAR_16!AN48 -> 0
A72: DEZ | B72: =CAR_13!H51 -> 0 | C72: =SUM(5000-B72) -> 5000 | D72: =CAR_13!U52 -> 0 | E72: =CAR_13!AE52 -> 0 | F72: =CAR_13!AN52 -> 0 | H72: DEZ | I72: =CAR_14!H51 -> 0 | J72: =SUM(5000-I72) -> 5000 | K72: =CAR_14!U52 -> 0 | L72: =CAR_14!AE52 -> 0 | M72: =CAR_14!AN52 -> 0 | O72: DEZ | P72: =CAR_15!H51 -> 0 | Q72: =SUM(5000-P72) -> 5000 | R72: =CAR_15!U52 -> 0 | S72: =CAR_15!AE52 -> 0 | T72: =CAR_15!AN52 -> 0 | V72: DEZ | W72: =CAR_16!H51 -> 0 | X72: =SUM(5000-W72) -> 5000 | Y72: =CAR_16!U52 -> 0 | Z72: =CAR_16!AE52 -> 0 | AA72: =CAR_16!AN52 -> 0
A74: TOTAL | B74: =SUM(B61:B72) -> 0 | D74: =SUM(D61:D72) -> 0 | E74: =SUM(E61:E72) -> 0 | F74: =SUM(F61:F72) -> 0 | H74: TOTAL | I74: =SUM(I61:I72) -> 0 | K74: =SUM(K61:K72) -> 0 | L74: =SUM(L61:L72) -> 0 | M74: =SUM(M61:M72) -> 0 | O74: TOTAL | P74: =SUM(P61:P72) -> 0 | R74: =SUM(R61:R72) -> 0 | S74: =SUM(S61:S72) -> 0 | T74: =SUM(T61:T72) -> 0 | V74: TOTAL | W74: =SUM(W61:W72) -> 0 | Y74: =SUM(Y61:Y72) -> 0 | Z74: =SUM(Z61:Z72) -> 0 | AA74: =SUM(AA61:AA72) -> 0
A75: SALDO KM | B75: =SUM(60000-B74) -> 60000 | H75: SALDO KM | I75: =SUM(60000-I74) -> 60000 | O75: SALDO KM | P75: =SUM(60000-P74) -> 60000 | V75: SALDO KM | W75: =SUM(60000-W74) -> 60000
B78: CAR_17 | I78: CAR_18 | P78: CAR_19 | W78: CAR_20
B79: KM | C79: KM MENSAL | D79: ABASTECIMENTO | E79: LAVA_RAPIDO | F79: BORRACHARIA | I79: KM | J79: KM MENSAL | K79: ABASTECIMENTO | L79: LAVA_RAPIDO | M79: BORRACHARIA | P79: KM | Q79: KM MENSAL | R79: ABASTECIMENTO | S79: LAVA_RAPIDO | T79: BORRACHARIA | W79: KM | X79: KM MENSAL | Y79: ABASTECIMENTO | Z79: LAVA_RAPIDO | AA79: BORRACHARIA
A80: JAN | H80: JAN | O80: JAN | V80: JAN
A81: FEV | B81: =CAR_17!H11 -> 0 | C81: =SUM(5000-B81) -> 5000 | D81: =CAR_17!U12 -> 0 | E81: =CAR_17!AE12 -> 0 | F81: =CAR_17!AN12 -> 0 | H81: FEV | I81: =CAR_18!H11 -> 0 | J81: =SUM(5000-I81) -> 5000 | K81: =CAR_18!U12 -> 0 | L81: =CAR_18!AE12 -> 0 | M81: =CAR_18!AE12 -> 0 | O81: FEV | P81: =CAR_19!H11 -> 0 | Q81: =SUM(5000-P81) -> 5000 | R81: =CAR_19!U12 -> 0 | S81: =CAR_19!AE12 -> 0 | T81: =CAR_19!AE12 -> 0 | V81: FEV | W81: =CAR_20!H11 -> 0 | X81: =SUM(5000-W81) -> 5000 | Y81: =CAR_20!U12 -> 0 | Z81: =CAR_20!AE12 -> 0 | AA81: =CAR_20!AE12 -> 0
A82: MAR | B82: =CAR_17!H15 -> 0 | C82: =SUM(5000-B82) -> 5000 | D82: =CAR_17!U16 -> 0 | E82: =CAR_17!AE16 -> 0 | F82: =CAR_17!AN16 -> 0 | H82: MAR | I82: =CAR_18!H15 -> 0 | J82: =SUM(5000-I82) -> 5000 | K82: =CAR_18!U16 -> 0 | L82: =CAR_18!AE16 -> 0 | M82: =CAR_18!AE16 -> 0 | O82: MAR | P82: =CAR_19!H15 -> 0 | Q82: =SUM(5000-P82) -> 5000 | R82: =CAR_19!U16 -> 0 | S82: =CAR_19!AE16 -> 0 | T82: =CAR_19!AE16 -> 0 | V82: MAR | W82: =CAR_20!H15 -> 0 | X82: =SUM(5000-W82) -> 5000 | Y82: =CAR_20!U16 -> 0 | Z82: =CAR_20!AE16 -> 0 | AA82: =CAR_20!AE16 -> 0
A83: ABR | B83: =CAR_17!H19 -> 0 | C83: =SUM(5000-B83) -> 5000 | D83: =CAR_17!U20 -> 0 | E83: =CAR_17!AE20 -> 0 | F83: =CAR_17!AN20 -> 0 | H83: ABR | I83: =CAR_18!H19 -> 0 | J83: =SUM(5000-I83) -> 5000 | K83: =CAR_18!U20 -> 0 | L83: =CAR_18!AE120 -> 0 | M83: =CAR_18!AE20 -> 0 | O83: ABR | P83: =CAR_19!H19 -> 0 | Q83: =SUM(5000-P83) -> 5000 | R83: =CAR_19!U20 -> 0 | S83: =CAR_19!AE20 -> 0 | T83: =CAR_19!AE20 -> 0 | V83: ABR | W83: =CAR_20!H19 -> 0 | X83: =SUM(5000-W83) -> 5000 | Y83: =CAR_20!U20 -> 0 | Z83: =CAR_20!AE20 -> 0 | AA83: =CAR_20!AE20 -> 0
A84: MAI | B84: =CAR_17!H23 -> 0 | C84: =SUM(5000-B84) -> 5000 | D84: =CAR_17!U24 -> 0 | E84: =CAR_17!AE24 -> 0 | F84: =CAR_17!AN24 -> 0 | H84: MAI | I84: =CAR_18!H23 -> 0 | J84: =SUM(5000-I84) -> 5000 | K84: =CAR_18!U24 -> 0 | L84: =CAR_18!AE24 -> 0 | M84: =CAR_18!AE24 -> 0 | O84: MAI | P84: =CAR_19!H23 -> 0 | Q84: =SUM(5000-P84) -> 5000 | R84: =CAR_19!U24 -> 0 | S84: =CAR_19!AE24 -> 0 | T84: =CAR_19!AE24 -> 0 | V84: MAI | W84: =CAR_20!H23 -> 0 | X84: =SUM(5000-W84) -> 5000 | Y84: =CAR_20!U24 -> 0 | Z84: =CAR_20!AE24 -> 0 | AA84: =CAR_20!AE24 -> 0
A85: JUN | B85: =CAR_17!H27 -> 0 | C85: =SUM(5000-B85) -> 5000 | D85: =CAR_17!U28 -> 0 | E85: =CAR_17!AE28 -> 0 | F85: =CAR_17!AN28 -> 0 | H85: JUN | I85: =CAR_18!H27 -> 0 | J85: =SUM(5000-I85) -> 5000 | K85: =CAR_18!U28 -> 0 | L85: =CAR_18!AE28 -> 0 | M85: =CAR_18!AE28 -> 0 | O85: JUN | P85: =CAR_19!H27 -> 0 | Q85: =SUM(5000-P85) -> 5000 | R85: =CAR_19!U28 -> 0 | S85: =CAR_19!AE28 -> 0 | T85: =CAR_19!AE28 -> 0 | V85: JUN | W85: =CAR_20!H27 -> 0 | X85: =SUM(5000-W85) -> 5000 | Y85: =CAR_20!U28 -> 0 | Z85: =CAR_20!AE28 -> 0 | AA85: =CAR_20!AE28 -> 0
A86: JUL | B86: =CAR_17!H31 -> 0 | C86: =SUM(5000-B86) -> 5000 | D86: =CAR_17!U32 -> 0 | E86: =CAR_17!AE32 -> 0 | F86: =CAR_17!AN32 -> 0 | H86: JUL | I86: =CAR_18!H31 -> 0 | J86: =SUM(5000-I86) -> 5000 | K86: =CAR_18!U32 -> 0 | L86: =CAR_18!AE32 -> 0 | M86: =CAR_18!AE32 -> 0 | O86: JUL | P86: =CAR_19!H31 -> 0 | Q86: =SUM(5000-P86) -> 5000 | R86: =CAR_19!U32 -> 0 | S86: =CAR_19!AE32 -> 0 | T86: =CAR_19!AE32 -> 0 | V86: JUL | W86: =CAR_20!H31 -> 0 | X86: =SUM(5000-W86) -> 5000 | Y86: =CAR_20!U32 -> 0 | Z86: =CAR_20!AE32 -> 0 | AA86: =CAR_20!AE32 -> 0
A87: AGO | B87: =CAR_17!H35 -> 0 | C87: =SUM(5000-B87) -> 5000 | D87: =CAR_17!U36 -> 0 | E87: =CAR_17!AE36 -> 0 | F87: =CAR_17!AN36 -> 0 | H87: AGO | I87: =CAR_18!H35 -> 0 | J87: =SUM(5000-I87) -> 5000 | K87: =CAR_18!U36 -> 0 | L87: =CAR_18!AE36 -> 0 | M87: =CAR_18!AE36 -> 0 | O87: AGO | P87: =CAR_19!H35 -> 0 | Q87: =SUM(5000-P87) -> 5000 | R87: =CAR_19!U36 -> 0 | S87: =CAR_19!AE36 -> 0 | T87: =CAR_19!AE36 -> 0 | V87: AGO | W87: =CAR_20!H35 -> 0 | X87: =SUM(5000-W87) -> 5000 | Y87: =CAR_20!U36 -> 0 | Z87: =CAR_20!AE36 -> 0 | AA87: =CAR_20!AE36 -> 0
A88: SET | B88: =CAR_17!H39 -> 0 | C88: =SUM(5000-B88) -> 5000 | D88: =CAR_17!U40 -> 0 | E88: =CAR_17!AE40 -> 0 | F88: =CAR_17!AN40 -> 0 | H88: SET | I88: =CAR_18!H39 -> 0 | J88: =SUM(5000-I88) -> 5000 | K88: =CAR_18!U40 -> 0 | L88: =CAR_18!AE40 -> 0 | M88: =CAR_18!AE40 -> 0 | O88: SET | P88: =CAR_19!H39 -> 0 | Q88: =SUM(5000-P88) -> 5000 | R88: =CAR_19!U40 -> 0 | S88: =CAR_19!AE40 -> 0 | T88: =CAR_19!AE40 -> 0 | V88: SET | W88: =CAR_20!H39 -> 0 | X88: =SUM(5000-W88) -> 5000 | Y88: =CAR_20!U40 -> 0 | Z88: =CAR_20!AE40 -> 0 | AA88: =CAR_20!AE40 -> 0
A89: OUT | B89: =CAR_17!H43 -> 0 | C89: =SUM(5000-B89) -> 5000 | D89: =CAR_17!U44 -> 0 | E89: =CAR_17!AE44 -> 0 | F89: =CAR_17!AN44 -> 0 | H89: OUT | I89: =CAR_18!H43 -> 0 | J89: =SUM(5000-I89) -> 5000 | K89: =CAR_18!U44 -> 0 | L89: =CAR_18!AE44 -> 0 | M89: =CAR_18!AE44 -> 0 | O89: OUT | P89: =CAR_19!H43 -> 0 | Q89: =SUM(5000-P89) -> 5000 | R89: =CAR_19!U44 -> 0 | S89: =CAR_19!AE44 -> 0 | T89: =CAR_19!AE44 -> 0 | V89: OUT | W89: =CAR_20!H43 -> 0 | X89: =SUM(5000-W89) -> 5000 | Y89: =CAR_20!U44 -> 0 | Z89: =CAR_20!AE44 -> 0 | AA89: =CAR_20!AE44 -> 0
A90: NOV | B90: =CAR_17!H47 -> 0 | C90: =SUM(5000-B90) -> 5000 | D90: =CAR_17!U48 -> 0 | E90: =CAR_17!AE48 -> 0 | F90: =CAR_17!AN48 -> 0 | H90: NOV | I90: =CAR_18!H47 -> 0 | J90: =SUM(5000-I90) -> 5000 | K90: =CAR_18!U48 -> 0 | L90: =CAR_18!AE48 -> 0 | M90: =CAR_18!AE48 -> 0 | O90: NOV | P90: =CAR_19!H47 -> 0 | Q90: =SUM(5000-P90) -> 5000 | R90: =CAR_19!U48 -> 0 | S90: =CAR_19!AE48 -> 0 | T90: =CAR_19!AE48 -> 0 | V90: NOV | W90: =CAR_20!H47 -> 0 | X90: =SUM(5000-W90) -> 5000 | Y90: =CAR_20!U48 -> 0 | Z90: =CAR_20!AE48 -> 0 | AA90: =CAR_20!AE48 -> 0
A91: DEZ | B91: =CAR_17!H51 -> 0 | C91: =SUM(5000-B91) -> 5000 | D91: =CAR_17!U52 -> 0 | E91: =CAR_17!AE52 -> 0 | F91: =CAR_17!AN52 -> 0 | H91: DEZ | I91: =CAR_18!H51 -> 0 | J91: =SUM(5000-I91) -> 5000 | K91: =CAR_18!U52 -> 0 | L91: =CAR_18!AE52 -> 0 | M91: =CAR_18!AE52 -> 0 | O91: DEZ | P91: =CAR_19!H51 -> 0 | Q91: =SUM(5000-P91) -> 5000 | R91: =CAR_19!U52 -> 0 | S91: =CAR_19!AE52 -> 0 | T91: =CAR_19!AE52 -> 0 | V91: DEZ | W91: =CAR_20!H51 -> 0 | X91: =SUM(5000-W91) -> 5000 | Y91: =CAR_20!U52 -> 0 | Z91: =CAR_20!AE52 -> 0 | AA91: =CAR_20!AE52 -> 0
A93: TOTAL | B93: =SUM(B80:B91) -> 0 | D93: =SUM(D80:D91) -> 0 | E93: =SUM(E80:E91) -> 0 | F93: =SUM(F80:F91) -> 0 | H93: TOTAL | I93: =SUM(I80:I91) -> 0 | K93: =SUM(K80:K91) -> 0 | L93: =SUM(L80:L91) -> 0 | M93: =SUM(M80:M91) -> 0 | O93: TOTAL | P93: =SUM(P80:P91) -> 0 | R93: =SUM(R80:R91) -> 0 | S93: =SUM(S80:S91) -> 0 | T93: =SUM(T80:T91) -> 0 | V93: TOTAL | W93: =SUM(W80:W91) -> 0 | Y93: =SUM(Y80:Y91) -> 0 | Z93: =SUM(Z80:Z91) -> 0 | AA93: =SUM(AA80:AA91) -> 0
A94: SALDO KM | B94: =SUM(60000-B93) -> 60000 | H94: SALDO KM | I94: =SUM(60000-I93) -> 60000 | O94: SALDO KM | P94: =SUM(60000-P93) -> 60000 | V94: SALDO KM | W94: =SUM(60000-W93) -> 60000
B96: CAR_21 | I96: CAR_22 | P96: CAR_23 | W96: CAR_24
B97: KM | C97: KM MENSAL | D97: ABASTECIMENTO | E97: LAVA_RAPIDO | F97: BORRACHARIA | I97: KM | J97: KM MENSAL | K97: ABASTECIMENTO | L97: LAVA_RAPIDO | M97: BORRACHARIA | P97: KM | Q97: KM MENSAL | R97: ABASTECIMENTO | S97: LAVA_RAPIDO | T97: BORRACHARIA | W97: KM | X97: KM MENSAL | Y97: ABASTECIMENTO | Z97: LAVA_RAPIDO | AA97: BORRACHARIA
A98: JAN | H98: JAN | O98: JAN | V98: JAN
A99: FEV | B99: =CAR_21!H11 -> 0 | C99: =SUM(5000-B99) -> 5000 | D99: =CAR_21!U12 -> 0 | E99: =CAR_21!AE12 -> 0 | F99: =CAR_21!AN12 -> 0 | H99: FEV | I99: =CAR_22!H11 -> 0 | J99: =SUM(5000-I99) -> 5000 | K99: =CAR_22!U12 -> 0 | L99: =CAR_22!AE12 -> 0 | M99: =CAR_22!AN12 -> 0 | O99: FEV | P99: =CAR_23!H11 -> 0 | Q99: =SUM(5000-P99) -> 5000 | R99: =CAR_23!U12 -> 0 | S99: =CAR_23!AE12 -> 0 | T99: =CAR_23!AN12 -> 0 | V99: FEV | W99: =CAR_24!H11 -> 0 | X99: =SUM(5000-W99) -> 5000 | Y99: =CAR_24!U12 -> 0 | Z99: =CAR_24!AE12 -> 0 | AA99: =CAR_24!AN12 -> 0
A100: MAR | B100: =CAR_21!H15 -> 0 | C100: =SUM(5000-B100) -> 5000 | D100: =CAR_21!U16 -> 0 | E100: =CAR_21!AE16 -> 0 | F100: =CAR_21!AN16 -> 0 | H100: MAR | I100: =CAR_22!H15 -> 0 | J100: =SUM(5000-I100) -> 5000 | K100: =CAR_22!U16 -> 0 | L100: =CAR_22!AE16 -> 0 | M100: =CAR_22!AN16 -> 0 | O100: MAR | P100: =CAR_23!H19 -> 0 | Q100: =SUM(5000-P100) -> 5000 | R100: =CAR_23!U16 -> 0 | S100: =CAR_23!AE16 -> 0 | T100: =CAR_23!AN16 -> 0 | V100: MAR | W100: =CAR_24!H15 -> 0 | X100: =SUM(5000-W100) -> 5000 | Y100: =CAR_24!U16 -> 0 | Z100: =CAR_24!AE16 -> 0 | AA100: =CAR_24!AN16 -> 0
A101: ABR | B101: =CAR_21!H19 -> 0 | C101: =SUM(5000-B101) -> 5000 | D101: =CAR_21!U20 -> 0 | E101: =CAR_21!AE20 -> 0 | F101: =CAR_21!AN220 -> 0 | H101: ABR | I101: =CAR_22!H19 -> 0 | J101: =SUM(5000-I101) -> 5000 | K101: =CAR_22!U20 -> 0 | L101: =CAR_22!AE20 -> 0 | M101: =CAR_22!AN20 -> 0 | O101: ABR | P101: =CAR_23!H19 -> 0 | Q101: =SUM(5000-P101) -> 5000 | R101: =CAR_23!U20 -> 0 | S101: =CAR_23!AE20 -> 0 | T101: =CAR_23!AN20 -> 0 | V101: ABR | W101: =CAR_24!H19 -> 0 | X101: =SUM(5000-W101) -> 5000 | Y101: =CAR_24!U20 -> 0 | Z101: =CAR_24!AE20 -> 0 | AA101: =CAR_24!AN20 -> 0
A102: MAI | B102: =CAR_21!H23 -> 0 | C102: =SUM(5000-B102) -> 5000 | D102: =CAR_21!U24 -> 0 | E102: =CAR_21!AE24 -> 0 | F102: =CAR_21!AN24 -> 0 | H102: MAI | I102: =CAR_22!H23 -> 0 | J102: =SUM(5000-I102) -> 5000 | K102: =CAR_22!U24 -> 0 | L102: =CAR_22!AE24 -> 0 | M102: =CAR_22!AN24 -> 0 | O102: MAI | P102: =CAR_23!H23 -> 0 | Q102: =SUM(5000-P102) -> 5000 | R102: =CAR_23!U24 -> 0 | S102: =CAR_23!AE24 -> 0 | T102: =CAR_23!AN24 -> 0 | V102: MAI | W102: =CAR_24!H23 -> 0 | X102: =SUM(5000-W102) -> 5000 | Y102: =CAR_24!U24 -> 0 | Z102: =CAR_24!AE24 -> 0 | AA102: =CAR_24!AN24 -> 0
A103: JUN | B103: =CAR_21!H27 -> 0 | C103: =SUM(5000-B103) -> 5000 | D103: =CAR_21!U28 -> 0 | E103: =CAR_21!AE28 -> 0 | F103: =CAR_21!AN28 -> 0 | H103: JUN | I103: =CAR_22!H27 -> 0 | J103: =SUM(5000-I103) -> 5000 | K103: =CAR_22!U28 -> 0 | L103: =CAR_22!AE28 -> 0 | M103: =CAR_22!AN28 -> 0 | O103: JUN | P103: =CAR_23!H27 -> 0 | Q103: =SUM(5000-P103) -> 5000 | R103: =CAR_23!U28 -> 0 | S103: =CAR_23!AE28 -> 0 | T103: =CAR_23!AN28 -> 0 | V103: JUN | W103: =CAR_24!H27 -> 0 | X103: =SUM(5000-W103) -> 5000 | Y103: =CAR_24!U28 -> 0 | Z103: =CAR_24!AE28 -> 0 | AA103: =CAR_24!AN28 -> 0
A104: JUL | B104: =CAR_21!H31 -> 0 | C104: =SUM(5000-B104) -> 5000 | D104: =CAR_21!U32 -> 0 | E104: =CAR_21!AE32 -> 0 | F104: =CAR_21!AN32 -> 0 | H104: JUL | I104: =CAR_22!H31 -> 0 | J104: =SUM(5000-I104) -> 5000 | K104: =CAR_22!U32 -> 0 | L104: =CAR_22!AE32 -> 0 | M104: =CAR_22!AN32 -> 0 | O104: JUL | P104: =CAR_23!H27 -> 0 | Q104: =SUM(5000-P104) -> 5000 | R104: =CAR_23!U32 -> 0 | S104: =CAR_23!AE32 -> 0 | T104: =CAR_23!AN32 -> 0 | V104: JUL | W104: =CAR_24!H31 -> 0 | X104: =SUM(5000-W104) -> 5000 | Y104: =CAR_24!U32 -> 0 | Z104: =CAR_24!AE32 -> 0 | AA104: =CAR_24!AN32 -> 0
A105: AGO | B105: =CAR_21!H35 -> 0 | C105: =SUM(5000-B105) -> 5000 | D105: =CAR_21!U36 -> 0 | E105: =CAR_21!AE36 -> 0 | F105: =CAR_21!AN36 -> 0 | H105: AGO | I105: =CAR_22!H35 -> 0 | J105: =SUM(5000-I105) -> 5000 | K105: =CAR_22!U36 -> 0 | L105: =CAR_22!AE36 -> 0 | M105: =CAR_22!AN36 -> 0 | O105: AGO | P105: =CAR_23!H35 -> 0 | Q105: =SUM(5000-P105) -> 5000 | R105: =CAR_23!U36 -> 0 | S105: =CAR_23!AE36 -> 0 | T105: =CAR_23!AN36 -> 0 | V105: AGO | W105: =CAR_24!H35 -> 0 | X105: =SUM(5000-W105) -> 5000 | Y105: =CAR_24!U36 -> 0 | Z105: =CAR_24!AE36 -> 0 | AA105: =CAR_24!AN36 -> 0
A106: SET | B106: =CAR_21!H39 -> 0 | C106: =SUM(5000-B106) -> 5000 | D106: =CAR_21!U40 -> 0 | E106: =CAR_21!AE40 -> 0 | F106: =CAR_21!AN40 -> 0 | H106: SET | I106: =CAR_22!H39 -> 0 | J106: =SUM(5000-I106) -> 5000 | K106: =CAR_22!U40 -> 0 | L106: =CAR_22!AE40 -> 0 | M106: =CAR_22!AN40 -> 0 | O106: SET | P106: =CAR_23!H39 -> 0 | Q106: =SUM(5000-P106) -> 5000 | R106: =CAR_23!U40 -> 0 | S106: =CAR_23!AE40 -> 0 | T106: =CAR_23!AN40 -> 0 | V106: SET | W106: =CAR_24!H39 -> 0 | X106: =SUM(5000-W106) -> 5000 | Y106: =CAR_24!U40 -> 0 | Z106: =CAR_24!AE40 -> 0 | AA106: =CAR_24!AN40 -> 0
A107: OUT | B107: =CAR_21!H43 -> 0 | C107: =SUM(5000-B107) -> 5000 | D107: =CAR_21!U44 -> 0 | E107: =CAR_21!AE44 -> 0 | F107: =CAR_21!AN44 -> 0 | H107: OUT | I107: =CAR_22!H43 -> 0 | J107: =SUM(5000-I107) -> 5000 | K107: =CAR_22!U44 -> 0 | L107: =CAR_22!AE44 -> 0 | M107: =CAR_22!AN44 -> 0 | O107: OUT | P107: =CAR_23!H43 -> 0 | Q107: =SUM(5000-P107) -> 5000 | R107: =CAR_23!U44 -> 0 | S107: =CAR_23!AE44 -> 0 | T107: =CAR_23!AN44 -> 0 | V107: OUT | W107: =CAR_24!H43 -> 0 | X107: =SUM(5000-W107) -> 5000 | Y107: =CAR_24!U44 -> 0 | Z107: =CAR_24!AE44 -> 0 | AA107: =CAR_24!AN44 -> 0
A108: NOV | B108: =CAR_21!H47 -> 0 | C108: =SUM(5000-B108) -> 5000 | D108: =CAR_21!U48 -> 0 | E108: =CAR_21!AE48 -> 0 | F108: =CAR_21!AN48 -> 0 | H108: NOV | I108: =CAR_22!H47 -> 0 | J108: =SUM(5000-I108) -> 5000 | K108: =CAR_22!U48 -> 0 | L108: =CAR_22!AE48 -> 0 | M108: =CAR_22!AN48 -> 0 | O108: NOV | P108: =CAR_23!H47 -> 0 | Q108: =SUM(5000-P108) -> 5000 | R108: =CAR_23!U48 -> 0 | S108: =CAR_23!AE48 -> 0 | T108: =CAR_23!AN48 -> 0 | V108: NOV | W108: =CAR_24!H47 -> 0 | X108: =SUM(5000-W108) -> 5000 | Y108: =CAR_24!U48 -> 0 | Z108: =CAR_24!AE48 -> 0 | AA108: =CAR_24!AN48 -> 0
A109: DEZ | B109: =CAR_21!H51 -> 0 | C109: =SUM(5000-B109) -> 5000 | D109: =CAR_21!U52 -> 0 | E109: =CAR_21!AE52 -> 0 | F109: =CAR_21!AN52 -> 0 | H109: DEZ | I109: =CAR_22!H51 -> 0 | J109: =SUM(5000-I109) -> 5000 | K109: =CAR_22!U52 -> 0 | L109: =CAR_22!AE52 -> 0 | M109: =CAR_22!AN52 -> 0 | O109: DEZ | P109: =CAR_23!H51 -> 0 | Q109: =SUM(5000-P109) -> 5000 | R109: =CAR_23!U52 -> 0 | S109: =CAR_23!AE52 -> 0 | T109: =CAR_23!AN52 -> 0 | V109: DEZ | W109: =CAR_24!H51 -> 0 | X109: =SUM(5000-W109) -> 5000 | Y109: =CAR_24!U52 -> 0 | Z109: =CAR_24!AE52 -> 0 | AA109: =CAR_24!AN52 -> 0
A111: TOTAL | B111: =SUM(B98:B109) -> 0 | D111: =SUM(D98:D109) -> 0 | E111: =SUM(E98:E109) -> 0 | F111: =SUM(F98:F109) -> 0 | H111: TOTAL | I111: =SUM(I98:I109) -> 0 | K111: =SUM(K98:K109) -> 0 | L111: =SUM(L98:L109) -> 0 | M111: =SUM(M98:M109) -> 0 | O111: TOTAL | P111: =SUM(P98:P109) -> 0 | R111: =SUM(R98:R109) -> 0 | S111: =SUM(S98:S109) -> 0 | T111: =SUM(T98:T109) -> 0 | V111: TOTAL | W111: =SUM(W98:W109) -> 0 | Y111: =SUM(Y98:Y109) -> 0 | Z111: =SUM(Z98:Z109) -> 0 | AA111: =SUM(AA98:AA109) -> 0
A112: SALDO KM | B112: =SUM(60000-B111) -> 60000 | H112: SALDO KM | I112: =SUM(60000-I111) -> 60000 | O112: SALDO KM | P112: =SUM(60000-P111) -> 60000 | V112: SALDO KM | W112: =SUM(60000-W111) -> 60000
B114: CAR_25 | I114: CAR_26 | P114: CAR_27 | W114: CAR_28
B115: KM | C115: KM MENSAL | D115: ABASTECIMENTO | E115: LAVA_RAPIDO | F115: BORRACHARIA | I115: KM | J115: KM MENSAL | K115: ABASTECIMENTO | L115: LAVA_RAPIDO | M115: BORRACHARIA | P115: KM | Q115: KM MENSAL | R115: ABASTECIMENTO | S115: LAVA_RAPIDO | T115: BORRACHARIA | W115: KM | X115: KM MENSAL | Y115: ABASTECIMENTO | Z115: LAVA_RAPIDO | AA115: BORRACHARIA
A116: JAN | H116: JAN | O116: JAN | V116: JAN
A117: FEV | B117: =CAR_25!H11 -> 0 | C117: =SUM(5000-B117) -> 5000 | D117: =CAR_25!U12 -> 0 | E117: =CAR_25!AE12 -> 0 | F117: =CAR_25!AN12 -> 0 | H117: FEV | I117: =CAR_26!H11 -> 0 | J117: =SUM(5000-I117) -> 5000 | K117: =CAR_26!U12 -> 0 | L117: =CAR_26!AE12 -> 0 | M117: =CAR_26!AN12 -> 0 | O117: FEV | P117: =CAR_27!H11 -> 0 | Q117: =SUM(5000-P117) -> 5000 | R117: =CAR_27!U12 -> 0 | S117: =CAR_27!AE12 -> 0 | T117: =CAR_27!AN12 -> 0 | V117: FEV | W117: =CAR_28!H11 -> 0 | X117: =SUM(5000-W117) -> 5000 | Y117: =CAR_28!U12 -> 0 | Z117: =CAR_28!AE12 -> 0 | AA117: =CAR_28!AN12 -> 0
...

Sheet Geferson
A2: Veiculo | B2: Tracker | D2: Placa: | E2: TEU0E78 | H2: KM | I2: 3000
A3: Substituição (data) | D3: Placa: | H3: Modelo
A4: Contrato de Locação | B4: 3837 | D4: Rastreador | E4: 45 | H4: Data mob. | I4: 45916
A7: REGISTRO DE KM | J7: ABASTECIMENTO | W7: LAVA_RAPIDO | AE7: BORRACHARIA
B9: Fevereiro | J9: Fevereiro | W9: Fevereiro | AE9: Fevereiro
A10: KM (Rodados) | B10: 1ª Leitura | C10: 2ª Leitura | D10: 3ª Leitura | E10: 4ª Leitura | F10: 15 dias Rodados | G10: 30 dias Rodados | H10: Total Mensal | J10: DATA | W10: DATA | AE10: DATA
F11: =SUM(C11-B11) -> 0 | G11: =SUM(E11-D11) -> 0 | H11: =SUM(F11:G11) -> 0 | J11: VALOR | W11: VALOR | AE11: VALOR
T12: TOTAL | U12: =SUM(K11:U11) -> 0 | AB12: TOTAL | AC12: =SUM(X11:AC11) -> 0 | AJ12: TOTAL | AK12: =SUM(AF11:AK11) -> 0
B13: Março | J13: Março | W13: =J13 -> Março | AE13: =W13 -> Março
A14: KM (Rodados) | B14: 1ª Leitura | C14: 2ª Leitura | D14: 3ª Leitura | E14: 4ª Leitura | F14: 15 dias Rodados | G14: 30 dias Rodados | H14: Total Mensal | J14: DATA | W14: DATA | AE14: DATA
F15: =SUM(C15-B15) -> 0 | G15: =SUM(E15-D15) -> 0 | H15: =SUM(F15:G15) -> 0 | J15: VALOR | W15: VALOR | AE15: VALOR
T16: TOTAL | U16: =SUM(K15:U15) -> 0 | AB16: TOTAL | AC16: =SUM(X15:AC15) -> 0 | AJ16: TOTAL | AK16: =SUM(AF15:AK15) -> 0
B17: Abril | J17: Abril | W17: =J17 -> Abril | AE17: =W17 -> Abril
A18: KM (Rodados) | B18: 1ª Leitura | C18: 2ª Leitura | D18: 3ª Leitura | E18: 4ª Leitura | F18: 15 dias Rodados | G18: 30 dias Rodados | H18: Total Mensal | J18: DATA | W18: DATA | AE18: DATA
F19: =SUM(C19-B19) -> 0 | G19: =SUM(E19-D19) -> 0 | H19: =SUM(F19:G19) -> 0 | J19: VALOR | W19: VALOR | AE19: VALOR
T20: TOTAL | U20: =SUM(K19:U19) -> 0 | AB20: TOTAL | AC20: =SUM(X19:AC19) -> 0 | AJ20: TOTAL | AK20: =SUM(AF19:AK19) -> 0
B21: Maio | J21: Maio | W21: =J21 -> Maio | AE21: =W21 -> Maio
A22: KM (Rodados) | B22: 1ª Leitura | C22: 2ª Leitura | D22: 3ª Leitura | E22: 4ª Leitura | F22: 15 dias Rodados | G22: 30 dias Rodados | H22: Total Mensal | J22: DATA | W22: DATA | AE22: DATA
F23: =SUM(C23-B23) -> 0 | G23: =SUM(E23-D23) -> 0 | H23: =SUM(F23:G23) -> 0 | J23: VALOR | W23: VALOR | AE23: VALOR
T24: TOTAL | U24: =SUM(K23:U23) -> 0 | AB24: TOTAL | AC24: =SUM(X23:AC23) -> 0 | AJ24: TOTAL | AK24: =SUM(AF23:AK23) -> 0
B25: Junho | J25: Junho | W25: =J25 -> Junho | AE25: =W25 -> Junho
A26: KM (Rodados) | B26: 1ª Leitura | C26: 2ª Leitura | D26: 3ª Leitura | E26: 4ª Leitura | F26: 15 dias Rodados | G26: 30 dias Rodados | H26: Total Mensal | J26: DATA | W26: DATA | AE26: DATA
F27: =SUM(C27-B27) -> 0 | G27: =SUM(E27-D27) -> 0 | H27: =SUM(F27:G27) -> 0 | J27: VALOR | W27: VALOR | AE27: VALOR
T28: TOTAL | U28: =SUM(K27:U27) -> 0 | AB28: TOTAL | AC28: =SUM(X27:AC27) -> 0 | AJ28: TOTAL | AK28: =SUM(AF27:AK27) -> 0
B29: Julho | J29: Julho | W29: =J29 -> Julho | AE29: =W29 -> Julho
A30: KM (Rodados) | B30: 1ª Leitura | C30: 2ª Leitura | D30: 3ª Leitura | E30: 4ª Leitura | F30: 15 dias Rodados | G30: 30 dias Rodados | H30: Total Mensal | J30: DATA | W30: DATA | AE30: DATA
F31: =SUM(C31-B31) -> 0 | G31: =SUM(E31-D31) -> 0 | H31: =SUM(F31:G31) -> 0 | J31: VALOR | W31: VALOR | AE31: VALOR
T32: TOTAL | U32: =SUM(K31:U31) -> 0 | AB32: TOTAL | AC32: =SUM(X31:AC31) -> 0 | AJ32: TOTAL | AK32: =SUM(AF31:AK31) -> 0
B33: Agosto | J33: Agosto | W33: =J33 -> Agosto | AE33: =W33 -> Agosto
A34: KM (Rodados) | B34: 1ª Leitura | C34: 2ª Leitura | D34: 3ª Leitura | E34: 4ª Leitura | F34: 15 dias Rodados | G34: 30 dias Rodados | H34: Total Mensal | J34: DATA | W34: DATA | AE34: DATA
F35: =SUM(C35-B35) -> 0 | G35: =SUM(E35-D35) -> 0 | H35: =SUM(F35:G35) -> 0 | J35: VALOR | W35: VALOR | AE35: VALOR
T36: TOTAL | U36: =SUM(K35:U35) -> 0 | AB36: TOTAL | AC36: =SUM(X35:AC35) -> 0 | AJ36: TOTAL | AK36: =SUM(AF35:AK35) -> 0
B37: Setembro | J37: Setembro | W37: =J37 -> Setembro | AE37: =W37 -> Setembro
A38: KM (Rodados) | B38: 1ª Leitura | C38: 2ª Leitura | D38: 3ª Leitura | E38: 4ª Leitura | F38: 15 dias Rodados | G38: 30 dias Rodados | H38: Total Mensal | J38: DATA | K38: 45917 | L38: 45920 | M38: 45923 | N38: 45925 | W38: DATA | AE38: DATA
D39: 4262 | E39: 6038 | F39: =SUM(C39-B39) -> 0 | G39: =SUM(E39-D39) -> 1776 | H39: =SUM(F39:G39) -> 1776 | J39: VALOR | K39: 227.42 | L39: 121.12 | M39: 114.24 | N39: 214.27 | W39: VALOR | AE39: VALOR
T40: TOTAL | U40: =SUM(K39:U39) -> 677.05 | AB40: TOTAL | AC40: =SUM(X39:AC39) -> 0 | AJ40: TOTAL | AK40: =SUM(AF39:AK39) -> 0
B41: Outubro | J41: Outubro | W41: =J41 -> Outubro | AE41: =W41 -> Outubro
A42: KM (Rodados) | B42: 1ª Leitura | C42: 2ª Leitura | D42: 3ª Leitura | E42: 4ª Leitura | F42: 15 dias Rodados | G42: 30 dias Rodados | H42: Total Mensal | J42: DATA | K42: 45931 | L42: 45933 | M42: 45937 | N42: 45939 | O42: 45941 | P42: 45944 | Q42: 45946 | R42: 45948 | S42: 45951 | T42: 45954 | W42: DATA | AE42: DATA
B43: 6038 | C43: 8103 | D43: 8103 | E43: 9184 | F43: =SUM(C43-B43) -> 2065 | G43: =SUM(E43-D43) -> 1081 | H43: =SUM(F43:G43) -> 3146 | J43: VALOR | K43: 239.31 | L43: 242.58 | M43: 211.09 | N43: 217.1 | O43: 99.59 | P43: 211.56 | Q43: 225.05 | R43: 114.85 | S43: 200 | T43: 191.26 | W43: VALOR | AE43: VALOR
T44: TOTAL | U44: =SUM(K43:U43) -> 1952.39 | AB44: TOTAL | AC44: =SUM(X43:AC43) -> 0 | AJ44: TOTAL | AK44: =SUM(AF43:AK43) -> 0
B45: Novembro | J45: Novembro | W45: =J45 -> Novembro | AE45: =W45 -> Novembro
A46: KM (Rodados) | B46: 1ª Leitura | C46: 2ª Leitura | D46: 3ª Leitura | E46: 4ª Leitura | F46: 15 dias Rodados | G46: 30 dias Rodados | H46: Total Mensal | J46: DATA | K46: 45965 | L46: 45967 | M46: 45972 | N46: 45974 | O46: 45976 | P46: 45979 | Q46: 45982 | R46: 45986 | S46: 45989 | W46: DATA | AE46: DATA
B47: 9184 | C47: 10449 | D47: 10449 | E47: 11496 | F47: =SUM(C47-B47) -> 1265 | G47: =SUM(E47-D47) -> 1047 | H47: =SUM(F47:G47) -> 2312 | J47: VALOR | K47: 200.06 | L47: 120.24 | M47: 215.59 | N47: 110.61 | O47: 63 | P47: 177.05 | Q47: 228.41 | R47: 160 | S47: 145.91 | W47: VALOR | AE47: VALOR
T48: TOTAL | U48: =SUM(K47:U47) -> 1420.87 | AB48: TOTAL | AC48: =SUM(X47:AC47) -> 0 | AJ48: TOTAL | AK48: =SUM(AF47:AK47) -> 0
B49: Dezembro | J49: Dezembro | W49: =J49 -> Dezembro | AE49: =W49 -> Dezembro
A50: KM (Rodados) | B50: 1ª Leitura | C50: 2ª Leitura | D50: 3ª Leitura | E50: 4ª Leitura | F50: 15 dias Rodados | G50: 30 dias Rodados | H50: Total Mensal | J50: DATA | K50: 45994 | L50: 45997 | M50: 46000 | N50: 46002 | O50: 46004 | P50: 46007 | Q50: 46009 | R50: 46021 | W50: DATA | AE50: DATA
B51: 11496 | C51: 12850 | D51: 12850 | E51: 13759 | F51: =SUM(C51-B51) -> 1354 | G51: =SUM(E51-D51) -> 909 | H51: =SUM(F51:G51) -> 2263 | J51: VALOR | K51: 140 | L51: 183.74 | M51: 151.05 | N51: 197.42 | O51: 105.01 | P51: 101.05 | Q51: 100.04 | R51: 206.12 | W51: VALOR | AE51: VALOR
T52: TOTAL | U52: =SUM(K51:U51) -> 1184.43 | AB52: TOTAL | AC52: =SUM(X51:AC51) -> 0 | AJ52: TOTAL | AK52: =SUM(AF51:AK51) -> 0
A53: 2026 | B53: Janeiro | J53: Janeiro | Y53: Janeiro | AH53: Janeiro
A54: KM (Rodados) | B54: 1ª Leitura | C54: 2ª Leitura | D54: 3ª Leitura | E54: 4ª Leitura | F54: 15 dias Rodados | G54: 30 dias Rodados | H54: Total Mensal | J54: DATA | K54: 46028 | L54: 46030 | M54: 46036 | N54: 46039 | O54: 46042 | P54: 46044 | Q54: 46046 | R54: 46050 | S54: 46052 | Y54: DATA | AH54: DATA
B55: 13759 | C55: 14370 | D55: 14370 | E55: 16161 | F55: =SUM(C55-B55) -> 611 | G55: =SUM(E55-D55) -> 1791 | H55: =SUM(F55:G55) -> 2402 | J55: VALOR | K55: 195.99 | L55: 125.84 | M55: 165.05 | N55: 90.03 | O55: 115 | P55: 186.98 | Q55: 219.56 | R55: 190 | S55: 156.01 | Y55: VALOR | AH55: VALOR
T56: TOTAL | U56: =SUM(K55:U55) -> 1444.46 | AD56: TOTAL | AE56: =SUM(Z55:AE55) -> 0 | AM56: TOTAL | AN56: =SUM(AI55:AN55) -> 0
B57: Fevereiro | J57: Fevereiro | Y57: Fevereiro | AH57: Fevereiro
A58: KM (Rodados) | B58: 1ª Leitura | C58: 2ª Leitura | D58: 3ª Leitura | E58: 4ª Leitura | F58: 15 dias Rodados | G58: 30 dias Rodados | H58: Total Mensal | J58: DATA | K58: 46056 | L58: 46058 | M58: 46066 | N58: 46070 | O58: 46072 | P58: 46074 | Q58: 46077 | R58: 46079 | Y58: DATA | AH58: DATA
B59: 16161 | E59: 18494 | F59: =SUM(C59-B59) -> -16161 | G59: =SUM(E59-D59) -> 18494 | H59: =SUM(F59:G59) -> 2333 | J59: VALOR | K59: 140 | L59: 208.01 | M59: 111.27 | N59: 156 | O59: 190 | P59: 214.26 | Q59: 199 | R59: 190.54 | Y59: VALOR | AH59: VALOR
T60: TOTAL | U60: =SUM(K59:U59) -> 1409.08 | AD60: TOTAL | AE60: =SUM(Z59:AE59) -> 0 | AM60: TOTAL | AN60: =SUM(AI59:AN59) -> 0
B61: Março | J61: Março | Y61: =J61 -> Março | AH61: =Y61 -> Março
A62: KM (Rodados) | B62: 1ª Leitura | C62: 2ª Leitura | D62: 3ª Leitura | E62: 4ª Leitura | F62: 15 dias Rodados | G62: 30 dias Rodados | H62: Total Mensal | J62: DATA | K62: 46085 | L62: 46088 | M62: 46092 | N62: 46095 | O62: 46100 | P62: 46105 | Q62: 46109 | R62: 46112 | Y62: DATA | Z62: 46088 | AA62: 46109 | AH62: DATA | AI62: 46090 | AJ62: 46094
B63: 18494 | E63: 20613 | F63: =SUM(C63-B63) -> -18494 | G63: =SUM(E63-D63) -> 20613 | H63: =SUM(F63:G63) -> 2119 | J63: VALOR | K63: 199.34 | L63: 170.99 | M63: 186.78 | N63: 196.15 | O63: 235 | P63: 217.89 | Q63: 165.04 | R63: 125 | Y63: VALOR | Z63: 40 | AA63: 40 | AH63: VALOR | AI63: 30 | AJ63: 50
T64: TOTAL | U64: =SUM(K63:U63) -> 1496.19 | AD64: TOTAL | AE64: =SUM(Z63:AE63) -> 80 | AM64: TOTAL | AN64: =SUM(AI63:AN63) -> 80
B65: Abril | J65: Abril | Y65: =J65 -> Abril | AH65: =Y65 -> Abril
A66: KM (Rodados) | B66: 1ª Leitura | C66: 2ª Leitura | D66: 3ª Leitura | E66: 4ª Leitura | F66: 15 dias Rodados | G66: 30 dias Rodados | H66: Total Mensal | J66: DATA | Y66: DATA | AH66: DATA
B67: 20613 | E67: 22465 | F67: =SUM(C67-B67) -> -20613 | G67: =SUM(E67-D67) -> 22465 | H67: =SUM(F67:G67) -> 1852 | J67: VALOR | Y67: VALOR | AH67: VALOR
T68: TOTAL | U68: =SUM(K67:U67) -> 0 | AD68: TOTAL | AE68: =SUM(Z67:AE67) -> 0 | AM68: TOTAL | AN68: =SUM(AI67:AN67) -> 0
B69: Maio | J69: Maio | Y69: =J69 -> Maio | AH69: =Y69 -> Maio
A70: KM (Rodados) | B70: 1ª Leitura | C70: 2ª Leitura | D70: 3ª Leitura | E70: 4ª Leitura | F70: 15 dias Rodados | G70: 30 dias Rodados | H70: Total Mensal | J70: DATA | Y70: DATA | AH70: DATA
B71: 22465 | E71: 25138 | F71: =SUM(C71-B71) -> -22465 | G71: =SUM(E71-D71) -> 25138 | H71: =SUM(F71:G71) -> 2673 | J71: VALOR | Y71: VALOR | AH71: VALOR
T72: TOTAL | U72: =SUM(K71:U71) -> 0 | AD72: TOTAL | AE72: =SUM(Z71:AE71) -> 0 | AM72: TOTAL | AN72: =SUM(AI71:AN71) -> 0
B73: Junho | J73: Junho | Y73: =J73 -> Junho | AH73: =Y73 -> Junho
A74: KM (Rodados) | B74: 1ª Leitura | C74: 2ª Leitura | D74: 3ª Leitura | E74: 4ª Leitura | F74: 15 dias Rodados | G74: 30 dias Rodados | H74: Total Mensal | J74: DATA | Y74: DATA | AH74: DATA
F75: =SUM(C75-B75) -> 0 | G75: =SUM(E75-D75) -> 0 | H75: =SUM(F75:G75) -> 0 | J75: VALOR | Y75: VALOR | AH75: VALOR
T76: TOTAL | U76: =SUM(K75:U75) -> 0 | AD76: TOTAL | AE76: =SUM(Z75:AE75) -> 0 | AM76: TOTAL | AN76: =SUM(AI75:AN75) -> 0
B77: Julho | J77: Julho | Y77: =J77 -> Julho | AH77: =Y77 -> Julho
A78: KM (Rodados) | B78: 1ª Leitura | C78: 2ª Leitura | D78: 3ª Leitura | E78: 4ª Leitura | F78: 15 dias Rodados | G78: 30 dias Rodados | H78: Total Mensal | J78: DATA | Y78: DATA | AH78: DATA
F79: =SUM(C79-B79) -> 0 | G79: =SUM(E79-D79) -> 0 | H79: =SUM(F79:G79) -> 0 | J79: VALOR | Y79: VALOR | AH79: VALOR
T80: TOTAL | U80: =SUM(K79:U79) -> 0 | AD80: TOTAL | AE80: =SUM(Z79:AE79) -> 0 | AM80: TOTAL | AN80: =SUM(AI79:AN79) -> 0
B81: Agosto | J81: Agosto | Y81: =J81 -> Agosto | AH81: =Y81 -> Agosto
A82: KM (Rodados) | B82: 1ª Leitura | C82: 2ª Leitura | D82: 3ª Leitura | E82: 4ª Leitura | F82: 15 dias Rodados | G82: 30 dias Rodados | H82: Total Mensal | J82: DATA | Y82: DATA | AH82: DATA
F83: =SUM(C83-B83) -> 0 | G83: =SUM(E83-D83) -> 0 | H83: =SUM(F83:G83) -> 0 | J83: VALOR | Y83: VALOR | AH83: VALOR
T84: TOTAL | U84: =SUM(K83:U83) -> 0 | AD84: TOTAL | AE84: =SUM(Z83:AE83) -> 0 | AM84: TOTAL | AN84: =SUM(AI83:AN83) -> 0
B85: Setembro | J85: Setembro | Y85: =J85 -> Setembro | AH85: =Y85 -> Setembro
A86: KM (Rodados) | B86: 1ª Leitura | C86: 2ª Leitura | D86: 3ª Leitura | E86: 4ª Leitura | F86: 15 dias Rodados | G86: 30 dias Rodados | H86: Total Mensal | J86: DATA | Y86: DATA | AH86: DATA
F87: =SUM(C87-B87) -> 0 | G87: =SUM(E87-D87) -> 0 | H87: =SUM(F87:G87) -> 0 | J87: VALOR | Y87: VALOR | AH87: VALOR
T88: TOTAL | U88: =SUM(K87:U87) -> 0 | AD88: TOTAL | AE88: =SUM(Z87:AE87) -> 0 | AM88: TOTAL | AN88: =SUM(AI87:AN87) -> 0

Sheet Izadora
A2: Veiculo | B2: Nivus | D2: Placa: | E2: TES3J51 | H2: KM | I2: 3000
A3: Substituição (data) | B3: 45969 | D3: Placa: | E3: TXB9I08 | H3: Modelo | I3: Creta
A4: Contrato de Locação | B4: 3837 | D4: Rastreador | E4: 45 | H4: Data mob. | I4: 45944
A7: REGISTRO DE KM | J7: ABASTECIMENTO | W7: LAVA_RAPIDO | AE7: BORRACHARIA
B9: Fevereiro | J9: Fevereiro | W9: Fevereiro | AE9: Fevereiro
A10: KM (Rodados) | B10: 1ª Leitura | C10: 2ª Leitura | D10: 3ª Leitura | E10: 4ª Leitura | F10: 15 dias Rodados | G10: 30 dias Rodados | H10: Total Mensal | J10: DATA | W10: DATA | AE10: DATA
F11: =SUM(C11-B11) -> 0 | G11: =SUM(E11-D11) -> 0 | H11: =SUM(F11:G11) -> 0 | J11: VALOR | W11: VALOR | AE11: VALOR
T12: TOTAL | U12: =SUM(K11:U11) -> 0 | AB12: TOTAL | AC12: =SUM(X11:AC11) -> 0 | AJ12: TOTAL | AK12: =SUM(AF11:AK11) -> 0
B13: Março | J13: Março | W13: =J13 -> Março | AE13: =W13 -> Março
A14: KM (Rodados) | B14: 1ª Leitura | C14: 2ª Leitura | D14: 3ª Leitura | E14: 4ª Leitura | F14: 15 dias Rodados | G14: 30 dias Rodados | H14: Total Mensal | J14: DATA | W14: DATA | AE14: DATA
F15: =SUM(C15-B15) -> 0 | G15: =SUM(E15-D15) -> 0 | H15: =SUM(F15:G15) -> 0 | J15: VALOR | W15: VALOR | AE15: VALOR
T16: TOTAL | U16: =SUM(K15:U15) -> 0 | AB16: TOTAL | AC16: =SUM(X15:AC15) -> 0 | AJ16: TOTAL | AK16: =SUM(AF15:AK15) -> 0
B17: Abril | J17: Abril | W17: =J17 -> Abril | AE17: =W17 -> Abril
A18: KM (Rodados) | B18: 1ª Leitura | C18: 2ª Leitura | D18: 3ª Leitura | E18: 4ª Leitura | F18: 15 dias Rodados | G18: 30 dias Rodados | H18: Total Mensal | J18: DATA | W18: DATA | AE18: DATA
F19: =SUM(C19-B19) -> 0 | G19: =SUM(E19-D19) -> 0 | H19: =SUM(F19:G19) -> 0 | J19: VALOR | W19: VALOR | AE19: VALOR
T20: TOTAL | U20: =SUM(K19:U19) -> 0 | AB20: TOTAL | AC20: =SUM(X19:AC19) -> 0 | AJ20: TOTAL | AK20: =SUM(AF19:AK19) -> 0
B21: Maio | J21: Maio | W21: =J21 -> Maio | AE21: =W21 -> Maio
A22: KM (Rodados) | B22: 1ª Leitura | C22: 2ª Leitura | D22: 3ª Leitura | E22: 4ª Leitura | F22: 15 dias Rodados | G22: 30 dias Rodados | H22: Total Mensal | J22: DATA | W22: DATA | AE22: DATA
F23: =SUM(C23-B23) -> 0 | G23: =SUM(E23-D23) -> 0 | H23: =SUM(F23:G23) -> 0 | J23: VALOR | W23: VALOR | AE23: VALOR
T24: TOTAL | U24: =SUM(K23:U23) -> 0 | AB24: TOTAL | AC24: =SUM(X23:AC23) -> 0 | AJ24: TOTAL | AK24: =SUM(AF23:AK23) -> 0
B25: Junho | J25: Junho | W25: =J25 -> Junho | AE25: =W25 -> Junho
A26: KM (Rodados) | B26: 1ª Leitura | C26: 2ª Leitura | D26: 3ª Leitura | E26: 4ª Leitura | F26: 15 dias Rodados | G26: 30 dias Rodados | H26: Total Mensal | J26: DATA | W26: DATA | AE26: DATA
F27: =SUM(C27-B27) -> 0 | G27: =SUM(E27-D27) -> 0 | H27: =SUM(F27:G27) -> 0 | J27: VALOR | W27: VALOR | AE27: VALOR
T28: TOTAL | U28: =SUM(K27:U27) -> 0 | AB28: TOTAL | AC28: =SUM(X27:AC27) -> 0 | AJ28: TOTAL | AK28: =SUM(AF27:AK27) -> 0
B29: Julho | J29: Julho | W29: =J29 -> Julho | AE29: =W29 -> Julho
A30: KM (Rodados) | B30: 1ª Leitura | C30: 2ª Leitura | D30: 3ª Leitura | E30: 4ª Leitura | F30: 15 dias Rodados | G30: 30 dias Rodados | H30: Total Mensal | J30: DATA | W30: DATA | AE30: DATA
F31: =SUM(C31-B31) -> 0 | G31: =SUM(E31-D31) -> 0 | H31: =SUM(F31:G31) -> 0 | J31: VALOR | W31: VALOR | AE31: VALOR
T32: TOTAL | U32: =SUM(K31:U31) -> 0 | AB32: TOTAL | AC32: =SUM(X31:AC31) -> 0 | AJ32: TOTAL | AK32: =SUM(AF31:AK31) -> 0
B33: Agosto | J33: Agosto | W33: =J33 -> Agosto | AE33: =W33 -> Agosto
A34: KM (Rodados) | B34: 1ª Leitura | C34: 2ª Leitura | D34: 3ª Leitura | E34: 4ª Leitura | F34: 15 dias Rodados | G34: 30 dias Rodados | H34: Total Mensal | J34: DATA | W34: DATA | AE34: DATA
F35: =SUM(C35-B35) -> 0 | G35: =SUM(E35-D35) -> 0 | H35: =SUM(F35:G35) -> 0 | J35: VALOR | W35: VALOR | AE35: VALOR
T36: TOTAL | U36: =SUM(K35:U35) -> 0 | AB36: TOTAL | AC36: =SUM(X35:AC35) -> 0 | AJ36: TOTAL | AK36: =SUM(AF35:AK35) -> 0
B37: Setembro | J37: Setembro | W37: =J37 -> Setembro | AE37: =W37 -> Setembro
A38: KM (Rodados) | B38: 1ª Leitura | C38: 2ª Leitura | D38: 3ª Leitura | E38: 4ª Leitura | F38: 15 dias Rodados | G38: 30 dias Rodados | H38: Total Mensal | J38: DATA | W38: DATA | AE38: DATA
F39: =SUM(C39-B39) -> 0 | G39: =SUM(E39-D39) -> 0 | H39: =SUM(F39:G39) -> 0 | J39: VALOR | W39: VALOR | AE39: VALOR
T40: TOTAL | U40: =SUM(K39:U39) -> 0 | AB40: TOTAL | AC40: =SUM(X39:AC39) -> 0 | AJ40: TOTAL | AK40: =SUM(AF39:AK39) -> 0
B41: Outubro | J41: Outubro | W41: =J41 -> Outubro | AE41: =W41 -> Outubro
A42: KM (Rodados) | B42: 1ª Leitura | C42: 2ª Leitura | D42: 3ª Leitura | E42: 4ª Leitura | F42: 15 dias Rodados | G42: 30 dias Rodados | H42: Total Mensal | J42: DATA | K42: 45947 | L42: 45952 | M42: 45954 | N42: 45958 | O42: 45961 | W42: DATA | AE42: DATA
D43: 6392 | E43: 8954 | F43: =SUM(C43-B43) -> 0 | G43: =SUM(E43-D43) -> 2562 | H43: =SUM(F43:G43) -> 2562 | J43: VALOR | K43: 216.19 | L43: 285.59 | M43: 245.02 | N43: 259.91 | O43: 258.72 | W43: VALOR | AE43: VALOR
T44: TOTAL | U44: =SUM(K43:U43) -> 1265.43 | AB44: TOTAL | AC44: =SUM(X43:AC43) -> 0 | AJ44: TOTAL | AK44: =SUM(AF43:AK43) -> 0
A45: Nivus TES3J51 | B45: Novembro | J45: Novembro | W45: =J45 -> Novembro | AE45: =W45 -> Novembro
A46: KM (Rodados) | B46: 1ª Leitura | C46: 2ª Leitura | D46: 3ª Leitura | E46: 4ª Leitura | F46: 15 dias Rodados | G46: 30 dias Rodados | H46: Total Mensal | J46: DATA | K46: 45965 | L46: 45969 | W46: DATA | X46: 45968 | AE46: DATA
B47: 8954 | C47: 9848 | F47: =SUM(C47-B47) -> 894 | G47: =SUM(E47-D47) -> 0 | H47: =SUM(F47:G47) -> 894 | J47: VALOR | K47: 247.19 | L47: 140.01 | W47: VALOR | X47: 40 | AE47: VALOR
T48: TOTAL | U48: =SUM(K47:U47) -> 387.2 | AB48: TOTAL | AC48: =SUM(X47:AC47) -> 40 | AJ48: TOTAL | AK48: =SUM(AF47:AK47) -> 0
A49: Creta TXB9I08 | B49: Novembro | J49: Novembro | W49: =J49 -> Novembro | AE49: =W49 -> Novembro
A50: KM (Rodados) | B50: 1ª Leitura | C50: 2ª Leitura | D50: 3ª Leitura | E50: 4ª Leitura | F50: 15 dias Rodados | G50: 30 dias Rodados | H50: Total Mensal | J50: DATA | K50: 45972 | L50: 45974 | M50: 45976 | N50: 45982 | O50: 45986 | P50: 45988 | W50: DATA | X50: 45968 | Y50: Dalta data | Z50: 45983 | AE50: DATA
B51: 3632 | C51: 4598 | D51: 4598 | E51: 5741 | F51: =SUM(C51-B51) -> 966 | G51: =SUM(E51-D51) -> 1143 | H51: =SUM(F51:G51) -> 2109 | J51: VALOR | K51: 209.61 | L51: 248.59 | M51: 189.78 | N51: 215.41 | O51: 206.18 | P51: 201.08 | W51: VALOR | X51: 40 | Y51: 60 | Z51: 60 | AE51: VALOR
T52: TOTAL | U52: =SUM(K51:U51) -> 1270.65 | AB52: TOTAL | AC52: =SUM(X51:AC51) -> 160 | AJ52: TOTAL | AK52: =SUM(AF51:AK51) -> 0
B53: Dezembro | J53: Dezembro | W53: =J53 -> Dezembro | AE53: =W53 -> Dezembro
A54: KM (Rodados) | B54: 1ª Leitura | C54: 2ª Leitura | D54: 3ª Leitura | E54: 4ª Leitura | F54: 15 dias Rodados | G54: 30 dias Rodados | H54: Total Mensal | J54: DATA | K54: 46000 | L54: 46003 | M54: 46007 | N54: 46009 | W54: DATA | X54: 46004 | AE54: DATA
B55: 5741 | C55: 7445 | D55: 7445 | E55: 7688 | F55: =SUM(C55-B55) -> 1704 | G55: =SUM(E55-D55) -> 243 | H55: =SUM(F55:G55) -> 1947 | J55: VALOR | K55: 231.6 | L55: 244.5 | M55: 239.72 | N55: 180.09 | W55: VALOR | X55: 60 | AE55: VALOR
T56: TOTAL | U56: =SUM(K55:U55) -> 895.91 | AB56: TOTAL | AC56: =SUM(X55:AC55) -> 60 | AJ56: TOTAL | AK56: =SUM(AF55:AK55) -> 0
A57: 2026 | B57: Janeiro | J57: Janeiro | Y57: Janeiro | AH57: Janeiro
A58: KM (Rodados) | B58: 1ª Leitura | C58: 2ª Leitura | D58: 3ª Leitura | E58: 4ª Leitura | F58: 15 dias Rodados | G58: 30 dias Rodados | H58: Total Mensal | J58: DATA | K58: 46029 | L58: 46032 | M58: 46035 | N58: 46037 | O58: 46039 | P58: 46042 | Y58: DATA | AH58: DATA
B59: 7688 | C59: 9079 | D59: 9079 | E59: 9921 | F59: =SUM(C59-B59) -> 1391 | G59: =SUM(E59-D59) -> 842 | H59: =SUM(F59:G59) -> 2233 | J59: VALOR | K59: 244.24 | L59: 252 | M59: 233.67 | N59: 239.27 | O59: 126.46 | P59: 214.11 | Y59: VALOR | AH59: VALOR
T60: TOTAL | U60: =SUM(K59:U59) -> 1309.75 | AD60: TOTAL | AE60: =SUM(Z59:AE59) -> 0 | AM60: TOTAL | AN60: =SUM(AI59:AN59) -> 0
B61: Fevereiro | J61: Fevereiro | Y61: Fevereiro | AH61: Fevereiro
A62: KM (Rodados) | B62: 1ª Leitura | C62: 2ª Leitura | D62: 3ª Leitura | E62: 4ª Leitura | F62: 15 dias Rodados | G62: 30 dias Rodados | H62: Total Mensal | J62: DATA | K62: 46058 | L62: 46063 | M62: 46065 | N62: 46070 | O62: 46072 | P62: 46074 | Q62: 46078 | R62: 46080 | Y62: DATA | AH62: DATA
B63: 9921 | E63: 12981 | F63: =SUM(C63-B63) -> -9921 | G63: =SUM(E63-D63) -> 12981 | H63: =SUM(F63:G63) -> 3060 | J63: VALOR | K63: 236.23 | L63: 266.1 | M63: 235.82 | N63: 265 | O63: 250.02 | P63: 192.03 | Q63: 251.78 | R63: 211.12 | Y63: VALOR | AH63: VALOR
T64: TOTAL | U64: =SUM(K63:U63) -> 1908.1 | AD64: TOTAL | AE64: =SUM(Z63:AE63) -> 0 | AM64: TOTAL | AN64: =SUM(AI63:AN63) -> 0
B65: Março | J65: Março | Y65: =J65 -> Março | AH65: =Y65 -> Março
A66: KM (Rodados) | B66: 1ª Leitura | C66: 2ª Leitura | D66: 3ª Leitura | E66: 4ª Leitura | F66: 15 dias Rodados | G66: 30 dias Rodados | H66: Total Mensal | J66: DATA | K66: 46084 | L66: 46088 | M66: 46094 | N66: 46098 | O66: 46100 | P66: 46102 | Q66: 46105 | R66: 46107 | S66: 46109 | T66: 46112 | Y66: DATA | Z66: 46089 | AA66: 46103 | AB66: 46110 | AH66: DATA
B67: 12981 | E67: 16290 | F67: =SUM(C67-B67) -> -12981 | G67: =SUM(E67-D67) -> 16290 | H67: =SUM(F67:G67) -> 3309 | J67: VALOR | K67: 235.02 | L67: 194.81 | M67: 232.71 | N67: 268.06 | O67: 255.99 | P67: 265 | Q67: 247.15 | R67: 270.03 | S67: 267.03 | T67: 260.04 | Y67: VALOR | Z67: 60 | AA67: 60 | AB67: 60 | AH67: VALOR
T68: TOTAL | U68: =SUM(K67:U67) -> 2495.84 | AD68: TOTAL | AE68: =SUM(Z67:AE67) -> 180 | AM68: TOTAL | AN68: =SUM(AI67:AN67) -> 0
B69: Abril | J69: Abril | Y69: =J69 -> Abril | AH69: =Y69 -> Abril
A70: KM (Rodados) | B70: 1ª Leitura | C70: 2ª Leitura | D70: 3ª Leitura | E70: 4ª Leitura | F70: 15 dias Rodados | G70: 30 dias Rodados | H70: Total Mensal | J70: DATA | Y70: DATA | AH70: DATA
B71: 16290 | E71: 19925 | F71: =SUM(C71-B71) -> -16290 | G71: =SUM(E71-D71) -> 19925 | H71: =SUM(F71:G71) -> 3635 | J71: VALOR | Y71: VALOR | AH71: VALOR
T72: TOTAL | U72: =SUM(K71:U71) -> 0 | AD72: TOTAL | AE72: =SUM(Z71:AE71) -> 0 | AM72: TOTAL | AN72: =SUM(AI71:AN71) -> 0
B73: Maio | J73: Maio | Y73: =J73 -> Maio | AH73: =Y73 -> Maio
A74: KM (Rodados) | B74: 1ª Leitura | C74: 2ª Leitura | D74: 3ª Leitura | E74: 4ª Leitura | F74: 15 dias Rodados | G74: 30 dias Rodados | H74: Total Mensal | J74: DATA | Y74: DATA | AH74: DATA
B75: 19925 | E75: 22591 | F75: =SUM(C75-B75) -> -19925 | G75: =SUM(E75-D75) -> 22591 | H75: =SUM(F75:G75) -> 2666 | J75: VALOR | Y75: VALOR | AH75: VALOR
T76: TOTAL | U76: =SUM(K75:U75) -> 0 | AD76: TOTAL | AE76: =SUM(Z75:AE75) -> 0 | AM76: TOTAL | AN76: =SUM(AI75:AN75) -> 0
B77: Junho | J77: Junho | Y77: =J77 -> Junho | AH77: =Y77 -> Junho
A78: KM (Rodados) | B78: 1ª Leitura | C78: 2ª Leitura | D78: 3ª Leitura | E78: 4ª Leitura | F78: 15 dias Rodados | G78: 30 dias Rodados | H78: Total Mensal | J78: DATA | Y78: DATA | AH78: DATA
F79: =SUM(C79-B79) -> 0 | G79: =SUM(E79-D79) -> 0 | H79: =SUM(F79:G79) -> 0 | J79: VALOR | Y79: VALOR | AH79: VALOR
T80: TOTAL | U80: =SUM(K79:U79) -> 0 | AD80: TOTAL | AE80: =SUM(Z79:AE79) -> 0 | AM80: TOTAL | AN80: =SUM(AI79:AN79) -> 0
B81: Julho | J81: Julho | Y81: =J81 -> Julho | AH81: =Y81 -> Julho
A82: KM (Rodados) | B82: 1ª Leitura | C82: 2ª Leitura | D82: 3ª Leitura | E82: 4ª Leitura | F82: 15 dias Rodados | G82: 30 dias Rodados | H82: Total Mensal | J82: DATA | Y82: DATA | AH82: DATA
F83: =SUM(C83-B83) -> 0 | G83: =SUM(E83-D83) -> 0 | H83: =SUM(F83:G83) -> 0 | J83: VALOR | Y83: VALOR | AH83: VALOR
T84: TOTAL | U84: =SUM(K83:U83) -> 0 | AD84: TOTAL | AE84: =SUM(Z83:AE83) -> 0 | AM84: TOTAL | AN84: =SUM(AI83:AN83) -> 0
B85: Agosto | J85: Agosto | Y85: =J85 -> Agosto | AH85: =Y85 -> Agosto
A86: KM (Rodados) | B86: 1ª Leitura | C86: 2ª Leitura | D86: 3ª Leitura | E86: 4ª Leitura | F86: 15 dias Rodados | G86: 30 dias Rodados | H86: Total Mensal | J86: DATA | Y86: DATA | AH86: DATA
F87: =SUM(C87-B87) -> 0 | G87: =SUM(E87-D87) -> 0 | H87: =SUM(F87:G87) -> 0 | J87: VALOR | Y87: VALOR | AH87: VALOR
T88: TOTAL | U88: =SUM(K87:U87) -> 0 | AD88: TOTAL | AE88: =SUM(Z87:AE87) -> 0 | AM88: TOTAL | AN88: =SUM(AI87:AN87) -> 0
B89: Setembro | J89: Setembro | Y89: =J89 -> Setembro | AH89: =Y89 -> Setembro
A90: KM (Rodados) | B90: 1ª Leitura | C90: 2ª Leitura | D90: 3ª Leitura | E90: 4ª Leitura | F90: 15 dias Rodados | G90: 30 dias Rodados | H90: Total Mensal | J90: DATA | Y90: DATA | AH90: DATA
F91: =SUM(C91-B91) -> 0 | G91: =SUM(E91-D91) -> 0 | H91: =SUM(F91:G91) -> 0 | J91: VALOR | Y91: VALOR | AH91: VALOR
T92: TOTAL | U92: =SUM(K91:U91) -> 0 | AD92: TOTAL | AE92: =SUM(Z91:AE91) -> 0 | AM92: TOTAL | AN92: =SUM(AI91:AN91) -> 0

Sheet João Carlos
A2: Veiculo | B2: T-Cross | D2: Placa: | E2: TJD9D17 | H2: KM | I2: 3000
A3: Substituição (data) | B3: 46163 | D3: Placa: | E3: UBT5H05 | H3: Modelo | I3: Tracker
A4: Contrato de Locação | B4: 3837 | D4: Rastreador | E4: 45 | H4: Data mob. | I4: 45963
A7: REGISTRO DE KM | J7: ABASTECIMENTO | W7: LAVA_RAPIDO | AE7: BORRACHARIA
D8: ONIX - SJE5A88 - 02/03/2024
B9: Fevereiro | J9: Fevereiro | W9: Fevereiro | AE9: Fevereiro
A10: KM (Rodados) | B10: 1ª Leitura | C10: 2ª Leitura | D10: 3ª Leitura | E10: 4ª Leitura | F10: 15 dias Rodados | G10: 30 dias Rodados | H10: Total Mensal | J10: DATA | W10: DATA | AE10: DATA
F11: =SUM(C11-B11) -> 0 | G11: =SUM(E11-D11) -> 0 | H11: =SUM(F11:G11) -> 0 | J11: VALOR | W11: VALOR | AE11: VALOR
T12: TOTAL | U12: =SUM(K11:U11) -> 0 | AB12: TOTAL | AC12: =SUM(X11:AC11) -> 0 | AJ12: TOTAL | AK12: =SUM(AF11:AK11) -> 0
B13: Março | J13: Março | W13: =J13 -> Março | AE13: =W13 -> Março
A14: KM (Rodados) | B14: 1ª Leitura | C14: 2ª Leitura | D14: 3ª Leitura | E14: 4ª Leitura | F14: 15 dias Rodados | G14: 30 dias Rodados | H14: Total Mensal | J14: DATA | W14: DATA | AE14: DATA
F15: =SUM(C15-B15) -> 0 | G15: =SUM(E15-D15) -> 0 | H15: =SUM(F15:G15) -> 0 | J15: VALOR | W15: VALOR | AE15: VALOR
T16: TOTAL | U16: =SUM(K15:U15) -> 0 | AB16: TOTAL | AC16: =SUM(X15:AC15) -> 0 | AJ16: TOTAL | AK16: =SUM(AF15:AK15) -> 0
B17: Abril | J17: Abril | W17: =J17 -> Abril | AE17: =W17 -> Abril
A18: KM (Rodados) | B18: 1ª Leitura | C18: 2ª Leitura | D18: 3ª Leitura | E18: 4ª Leitura | F18: 15 dias Rodados | G18: 30 dias Rodados | H18: Total Mensal | J18: DATA | W18: DATA | AE18: DATA
F19: =SUM(C19-B19) -> 0 | G19: =SUM(E19-D19) -> 0 | H19: =SUM(F19:G19) -> 0 | J19: VALOR | W19: VALOR | AE19: VALOR
T20: TOTAL | U20: =SUM(K19:U19) -> 0 | AB20: TOTAL | AC20: =SUM(X19:AC19) -> 0 | AJ20: TOTAL | AK20: =SUM(AF19:AK19) -> 0
B21: Maio | J21: Maio | W21: =J21 -> Maio | AE21: =W21 -> Maio
A22: KM (Rodados) | B22: 1ª Leitura | C22: 2ª Leitura | D22: 3ª Leitura | E22: 4ª Leitura | F22: 15 dias Rodados | G22: 30 dias Rodados | H22: Total Mensal | J22: DATA | W22: DATA | AE22: DATA
F23: =SUM(C23-B23) -> 0 | G23: =SUM(E23-D23) -> 0 | H23: =SUM(F23:G23) -> 0 | J23: VALOR | W23: VALOR | AE23: VALOR
T24: TOTAL | U24: =SUM(K23:U23) -> 0 | AB24: TOTAL | AC24: =SUM(X23:AC23) -> 0 | AJ24: TOTAL | AK24: =SUM(AF23:AK23) -> 0
B25: Junho | J25: Junho | W25: =J25 -> Junho | AE25: =W25 -> Junho
A26: KM (Rodados) | B26: 1ª Leitura | C26: 2ª Leitura | D26: 3ª Leitura | E26: 4ª Leitura | F26: 15 dias Rodados | G26: 30 dias Rodados | H26: Total Mensal | J26: DATA | W26: DATA | AE26: DATA
F27: =SUM(C27-B27) -> 0 | G27: =SUM(E27-D27) -> 0 | H27: =SUM(F27:G27) -> 0 | J27: VALOR | W27: VALOR | AE27: VALOR
T28: TOTAL | U28: =SUM(K27:U27) -> 0 | AB28: TOTAL | AC28: =SUM(X27:AC27) -> 0 | AJ28: TOTAL | AK28: =SUM(AF27:AK27) -> 0
B29: Julho | J29: Julho | W29: =J29 -> Julho | AE29: =W29 -> Julho
A30: KM (Rodados) | B30: 1ª Leitura | C30: 2ª Leitura | D30: 3ª Leitura | E30: 4ª Leitura | F30: 15 dias Rodados | G30: 30 dias Rodados | H30: Total Mensal | J30: DATA | W30: DATA | AE30: DATA
F31: =SUM(C31-B31) -> 0 | G31: =SUM(E31-D31) -> 0 | H31: =SUM(F31:G31) -> 0 | J31: VALOR | W31: VALOR | AE31: VALOR
T32: TOTAL | U32: =SUM(K31:U31) -> 0 | AB32: TOTAL | AC32: =SUM(X31:AC31) -> 0 | AJ32: TOTAL | AK32: =SUM(AF31:AK31) -> 0
B33: Agosto | J33: Agosto | W33: =J33 -> Agosto | AE33: =W33 -> Agosto
A34: KM (Rodados) | B34: 1ª Leitura | C34: 2ª Leitura | D34: 3ª Leitura | E34: 4ª Leitura | F34: 15 dias Rodados | G34: 30 dias Rodados | H34: Total Mensal | J34: DATA | W34: DATA | AE34: DATA
F35: =SUM(C35-B35) -> 0 | G35: =SUM(E35-D35) -> 0 | H35: =SUM(F35:G35) -> 0 | J35: VALOR | W35: VALOR | AE35: VALOR
T36: TOTAL | U36: =SUM(K35:U35) -> 0 | AB36: TOTAL | AC36: =SUM(X35:AC35) -> 0 | AJ36: TOTAL | AK36: =SUM(AF35:AK35) -> 0
B37: Setembro | J37: Setembro | W37: =J37 -> Setembro | AE37: =W37 -> Setembro
A38: KM (Rodados) | B38: 1ª Leitura | C38: 2ª Leitura | D38: 3ª Leitura | E38: 4ª Leitura | F38: 15 dias Rodados | G38: 30 dias Rodados | H38: Total Mensal | J38: DATA | W38: DATA | AE38: DATA
F39: =SUM(C39-B39) -> 0 | G39: =SUM(E39-D39) -> 0 | H39: =SUM(F39:G39) -> 0 | J39: VALOR | W39: VALOR | AE39: VALOR
T40: TOTAL | U40: =SUM(K39:U39) -> 0 | AB40: TOTAL | AC40: =SUM(X39:AC39) -> 0 | AJ40: TOTAL | AK40: =SUM(AF39:AK39) -> 0
B41: Outubro | J41: Outubro | W41: =J41 -> Outubro | AE41: =W41 -> Outubro
A42: KM (Rodados) | B42: 1ª Leitura | C42: 2ª Leitura | D42: 3ª Leitura | E42: 4ª Leitura | F42: 15 dias Rodados | G42: 30 dias Rodados | H42: Total Mensal | J42: DATA | W42: DATA | AE42: DATA
F43: =SUM(C43-B43) -> 0 | G43: =SUM(E43-D43) -> 0 | H43: =SUM(F43:G43) -> 0 | J43: VALOR | W43: VALOR | AE43: VALOR
T44: TOTAL | U44: =SUM(K43:U43) -> 0 | AB44: TOTAL | AC44: =SUM(X43:AC43) -> 0 | AJ44: TOTAL | AK44: =SUM(AF43:AK43) -> 0
B45: Novembro | J45: Novembro | W45: =J45 -> Novembro | AE45: =W45 -> Novembro
A46: KM (Rodados) | B46: 1ª Leitura | C46: 2ª Leitura | D46: 3ª Leitura | E46: 4ª Leitura | F46: 15 dias Rodados | G46: 30 dias Rodados | H46: Total Mensal | J46: DATA | K46: 45968 | L46: 45972 | M46: 45975 | N46: 45979 | O46: 45981 | P46: 45983 | Q46: 45986 | W46: DATA | X46: 45976 | AE46: DATA
B47: 37234 | C47: 38459 | D47: 38459 | E47: 39963 | F47: =SUM(C47-B47) -> 1225 | G47: =SUM(E47-D47) -> 1504 | H47: =SUM(F47:G47) -> 2729 | J47: VALOR | K47: 242.82 | L47: 285.01 | M47: 243.27 | N47: 208.06 | O47: 209.81 | P47: 226.77 | Q47: 179.05 | W47: VALOR | X47: 50 | AE47: VALOR
T48: TOTAL | U48: =SUM(K47:U47) -> 1594.79 | AB48: TOTAL | AC48: =SUM(X47:AC47) -> 50 | AJ48: TOTAL | AK48: =SUM(AF47:AK47) -> 0
B49: Dezembro | J49: Dezembro | W49: =J49 -> Dezembro | AE49: =W49 -> Dezembro
A50: KM (Rodados) | B50: 1ª Leitura | C50: 2ª Leitura | D50: 3ª Leitura | E50: 4ª Leitura | F50: 15 dias Rodados | G50: 30 dias Rodados | H50: Total Mensal | J50: DATA | K50: 45993 | L50: 45995 | M50: 45997 | N50: 46000 | O50: 46003 | P50: 46007 | Q50: 46010 | W50: DATA | X50: 45996 | Y50: 46004 | AE50: DATA | AF50: 45997
B51: 39963 | C51: 41704 | D51: 41704 | E51: 42321 | F51: =SUM(C51-B51) -> 1741 | G51: =SUM(E51-D51) -> 617 | H51: =SUM(F51:G51) -> 2358 | J51: VALOR | K51: 282.76 | L51: 254.89 | M51: 236.49 | N51: 206.67 | O51: 272 | P51: 222.25 | Q51: 281.86 | W51: VALOR | X51: 60 | Y51: 60 | AE51: VALOR | AF51: 70
T52: TOTAL | U52: =SUM(K51:U51) -> 1756.92 | AB52: TOTAL | AC52: =SUM(X51:AC51) -> 120 | AJ52: TOTAL | AK52: =SUM(AF51:AK51) -> 70
A53: 2026 | B53: Janeiro | J53: Janeiro | Y53: Janeiro | AH53: Janeiro
A54: KM (Rodados) | B54: 1ª Leitura | C54: 2ª Leitura | D54: 3ª Leitura | E54: 4ª Leitura | F54: 15 dias Rodados | G54: 30 dias Rodados | H54: Total Mensal | J54: DATA | K54: 46028 | L54: 46031 | M54: 46035 | N54: 46037 | O54: 46039 | P54: 46042 | Q54: 46044 | R54: 46049 | S54: 46051 | Y54: DATA | AH54: DATA
B55: 42321 | E55: 45628 | F55: =SUM(C55-B55) -> -42321 | G55: =SUM(E55-D55) -> 45628 | H55: =SUM(F55:G55) -> 3307 | J55: VALOR | K55: 247.4 | L55: 259.64 | M55: 198.94 | N55: 191.39 | O55: 216.04 | P55: 216.2 | Q55: 179.66 | R55: 280.8 | S55: 265 | Y55: VALOR | AH55: VALOR
T56: TOTAL | U56: =SUM(K55:U55) -> 2055.07 | AD56: TOTAL | AE56: =SUM(Z55:AE55) -> 0 | AM56: TOTAL | AN56: =SUM(AI55:AN55) -> 0
B57: Fevereiro | J57: Fevereiro | Y57: Fevereiro | AH57: Fevereiro
A58: KM (Rodados) | B58: 1ª Leitura | C58: 2ª Leitura | D58: 3ª Leitura | E58: 4ª Leitura | F58: 15 dias Rodados | G58: 30 dias Rodados | H58: Total Mensal | J58: DATA | K58: 46056 | L58: 46058 | M58: 46067 | N58: 46070 | O58: 46072 | Y58: DATA | AH58: DATA
B59: 45628 | E59: 47413 | F59: =SUM(C59-B59) -> -45628 | G59: =SUM(E59-D59) -> 47413 | H59: =SUM(F59:G59) -> 1785 | J59: VALOR | K59: 265.97 | L59: 203.47 | M59: 255.27 | N59: 185.15 | O59: 181.5 | Y59: VALOR | AH59: VALOR
T60: TOTAL | U60: =SUM(K59:U59) -> 1091.36 | AD60: TOTAL | AE60: =SUM(Z59:AE59) -> 0 | AM60: TOTAL | AN60: =SUM(AI59:AN59) -> 0
B61: Março | J61: Março | Y61: =J61 -> Março | AH61: =Y61 -> Março
A62: KM (Rodados) | B62: 1ª Leitura | C62: 2ª Leitura | D62: 3ª Leitura | E62: 4ª Leitura | F62: 15 dias Rodados | G62: 30 dias Rodados | H62: Total Mensal | J62: DATA | K62: 46087 | L62: 46091 | M62: 46093 | N62: 46095 | O62: 46100 | P62: 46102 | Q62: 46105 | R62: 46107 | S62: 46109 | T62: 46112 | Y62: DATA | Z62: 46088 | AA62: 46097 | AB62: 46103 | AC62: 46109 | AH62: DATA
B63: 47413 | E63: 51043 | F63: =SUM(C63-B63) -> -47413 | G63: =SUM(E63-D63) -> 51043 | H63: =SUM(F63:G63) -> 3630 | J63: VALOR | K63: 319.95 | L63: 266.03 | M63: 270.63 | N63: 286.07 | O63: 315.03 | P63: 272.27 | Q63: 212.06 | R63: 204.22 | S63: 280.05 | T63: 227.63 | Y63: VALOR | Z63: 60 | AA63: 60 | AB63: 60 | AC63: 60 | AH63: VALOR
T64: TOTAL | U64: =SUM(K63:U63) -> 2653.94 | AD64: TOTAL | AE64: =SUM(Z63:AE63) -> 240 | AM64: TOTAL | AN64: =SUM(AI63:AN63) -> 0
B65: Abril | J65: Abril | Y65: =J65 -> Abril | AH65: =Y65 -> Abril
A66: KM (Rodados) | B66: 1ª Leitura | C66: 2ª Leitura | D66: 3ª Leitura | E66: 4ª Leitura | F66: 15 dias Rodados | G66: 30 dias Rodados | H66: Total Mensal | J66: DATA | Y66: DATA | AH66: DATA
B67: 51043 | E67: 55501 | F67: =SUM(C67-B67) -> -51043 | G67: =SUM(E67-D67) -> 55501 | H67: =SUM(F67:G67) -> 4458 | J67: VALOR | Y67: VALOR | AH67: VALOR
T68: TOTAL | U68: =SUM(K67:U67) -> 0 | AD68: TOTAL | AE68: =SUM(Z67:AE67) -> 0 | AM68: TOTAL | AN68: =SUM(AI67:AN67) -> 0
A69: TJD9D17 | B69: Maio | J69: Maio | Y69: =J69 -> Maio | AH69: =Y69 -> Maio
A70: KM (Rodados) | B70: 1ª Leitura | C70: 2ª Leitura | D70: 3ª Leitura | E70: 4ª Leitura | F70: 15 dias Rodados | G70: 30 dias Rodados | H70: Total Mensal | J70: DATA | Y70: DATA | AH70: DATA
B71: 55501 | C71: 57421 | D71: 57421 | E71: 57557 | F71: =SUM(C71-B71) -> 1920 | G71: =SUM(E71-D71) -> 136 | H71: =SUM(F71:G71) -> 2056 | J71: VALOR | Y71: VALOR | AH71: VALOR
T72: TOTAL | U72: =SUM(K71:U71) -> 0 | AD72: TOTAL | AE72: =SUM(Z71:AE71) -> 0 | AM72: TOTAL | AN72: =SUM(AI71:AN71) -> 0
A73: UBT5H05 | B73: Maio | J73: Junho | Y73: =J73 -> Junho | AH73: =Y73 -> Junho
A74: KM (Rodados) | B74: 1ª Leitura | C74: 2ª Leitura | D74: 3ª Leitura | E74: 4ª Leitura | F74: 15 dias Rodados | G74: 30 dias Rodados | H74: Total Mensal | J74: DATA | Y74: DATA | AH74: DATA
D75: 912 | E75: 2462 | F75: =SUM(C75-B75) -> 0 | G75: =SUM(E75-D75) -> 1550 | H75: =SUM(F75:G75) -> 1550 | J75: VALOR | Y75: VALOR | AH75: VALOR
B77: Junho | J77: Junho | Y77: =J77 -> Junho | AH77: =Y77 -> Junho
A78: KM (Rodados) | B78: 1ª Leitura | C78: 2ª Leitura | D78: 3ª Leitura | E78: 4ª Leitura | F78: 15 dias Rodados | G78: 30 dias Rodados | H78: Total Mensal | J78: DATA | Y78: DATA | AH78: DATA
F79: =SUM(C79-B79) -> 0 | G79: =SUM(E79-D79) -> 0 | H79: =SUM(F79:G79) -> 0 | J79: VALOR | Y79: VALOR | AH79: VALOR
B81: Julho | J81: Julho | Y81: =J81 -> Julho | AH81: =Y81 -> Julho
A82: KM (Rodados) | B82: 1ª Leitura | C82: 2ª Leitura | D82: 3ª Leitura | E82: 4ª Leitura | F82: 15 dias Rodados | G82: 30 dias Rodados | H82: Total Mensal | J82: DATA | Y82: DATA | AH82: DATA
F83: =SUM(C83-B83) -> 0 | G83: =SUM(E83-D83) -> 0 | H83: =SUM(F83:G83) -> 0 | J83: VALOR | Y83: VALOR | AH83: VALOR
T84: TOTAL | U84: =SUM(K83:U83) -> 0 | AD84: TOTAL | AE84: =SUM(Z83:AE83) -> 0 | AM84: TOTAL | AN84: =SUM(AI83:AN83) -> 0
B85: Agosto | J85: Agosto | Y85: =J85 -> Agosto | AH85: =Y85 -> Agosto
A86: KM (Rodados) | B86: 1ª Leitura | C86: 2ª Leitura | D86: 3ª Leitura | E86: 4ª Leitura | F86: 15 dias Rodados | G86: 30 dias Rodados | H86: Total Mensal | J86: DATA | Y86: DATA | AH86: DATA
F87: =SUM(C87-B87) -> 0 | G87: =SUM(E87-D87) -> 0 | H87: =SUM(F87:G87) -> 0 | J87: VALOR | Y87: VALOR | AH87: VALOR
T88: TOTAL | U88: =SUM(K87:U87) -> 0 | AD88: TOTAL | AE88: =SUM(Z87:AE87) -> 0 | AM88: TOTAL | AN88: =SUM(AI87:AN87) -> 0
B89: Setembro | J89: Setembro | Y89: =J89 -> Setembro | AH89: =Y89 -> Setembro
A90: KM (Rodados) | B90: 1ª Leitura | C90: 2ª Leitura | D90: 3ª Leitura | E90: 4ª Leitura | F90: 15 dias Rodados | G90: 30 dias Rodados | H90: Total Mensal | J90: DATA | Y90: DATA | AH90: DATA
F91: =SUM(C91-B91) -> 0 | G91: =SUM(E91-D91) -> 0 | H91: =SUM(F91:G91) -> 0 | J91: VALOR | Y91: VALOR | AH91: VALOR
T92: TOTAL | U92: =SUM(K91:U91) -> 0 | AD92: TOTAL | AE92: =SUM(Z91:AE91) -> 0 | AM92: TOTAL | AN92: =SUM(AI91:AN91) -> 0

Sheet Antonio Willian
A2: Veiculo | B2: T-Cross | D2: Placa: | E2: TJM2E88 | H2: KM | I2: 3000
A3: Substituição (data) | D3: Placa: | H3: Modelo
A4: Contrato de Locação | B4: 3837 | D4: Rastreador | E4: 45 | H4: Data mob. | I4: 45965
A7: REGISTRO DE KM | J7: ABASTECIMENTO | W7: LAVA_RAPIDO | AE7: BORRACHARIA
B9: Fevereiro | J9: Fevereiro | W9: Fevereiro | AE9: Fevereiro
A10: KM (Rodados) | B10: 1ª Leitura | C10: 2ª Leitura | D10: 3ª Leitura | E10: 4ª Leitura | F10: 15 dias Rodados | G10: 30 dias Rodados | H10: Total Mensal | J10: DATA | W10: DATA | AE10: DATA
F11: =SUM(C11-B11) -> 0 | G11: =SUM(E11-D11) -> 0 | H11: =SUM(F11:G11) -> 0 | J11: VALOR | W11: VALOR | AE11: VALOR
T12: TOTAL | U12: =SUM(K11:U11) -> 0 | AB12: TOTAL | AC12: =SUM(X11:AC11) -> 0 | AJ12: TOTAL | AK12: =SUM(AF11:AK11) -> 0
B13: Março | J13: Março | W13: =J13 -> Março | AE13: =W13 -> Março
A14: KM (Rodados) | B14: 1ª Leitura | C14: 2ª Leitura | D14: 3ª Leitura | E14: 4ª Leitura | F14: 15 dias Rodados | G14: 30 dias Rodados | H14: Total Mensal | J14: DATA | W14: DATA | AE14: DATA
F15: =SUM(C15-B15) -> 0 | G15: =SUM(E15-D15) -> 0 | H15: =SUM(F15:G15) -> 0 | J15: VALOR | W15: VALOR | AE15: VALOR
T16: TOTAL | U16: =SUM(K15:U15) -> 0 | AB16: TOTAL | AC16: =SUM(X15:AC15) -> 0 | AJ16: TOTAL | AK16: =SUM(AF15:AK15) -> 0
B17: Abril | J17: Abril | W17: =J17 -> Abril | AE17: =W17 -> Abril
A18: KM (Rodados) | B18: 1ª Leitura | C18: 2ª Leitura | D18: 3ª Leitura | E18: 4ª Leitura | F18: 15 dias Rodados | G18: 30 dias Rodados | H18: Total Mensal | J18: DATA | W18: DATA | AE18: DATA
F19: =SUM(C19-B19) -> 0 | G19: =SUM(E19-D19) -> 0 | H19: =SUM(F19:G19) -> 0 | J19: VALOR | W19: VALOR | AE19: VALOR
T20: TOTAL | U20: =SUM(K19:U19) -> 0 | AB20: TOTAL | AC20: =SUM(X19:AC19) -> 0 | AJ20: TOTAL | AK20: =SUM(AF19:AK19) -> 0
B21: Maio | J21: Maio | W21: =J21 -> Maio | AE21: =W21 -> Maio
A22: KM (Rodados) | B22: 1ª Leitura | C22: 2ª Leitura | D22: 3ª Leitura | E22: 4ª Leitura | F22: 15 dias Rodados | G22: 30 dias Rodados | H22: Total Mensal | J22: DATA | W22: DATA | AE22: DATA
F23: =SUM(C23-B23) -> 0 | G23: =SUM(E23-D23) -> 0 | H23: =SUM(F23:G23) -> 0 | J23: VALOR | W23: VALOR | AE23: VALOR
T24: TOTAL | U24: =SUM(K23:U23) -> 0 | AB24: TOTAL | AC24: =SUM(X23:AC23) -> 0 | AJ24: TOTAL | AK24: =SUM(AF23:AK23) -> 0
B25: Junho | J25: Junho | W25: =J25 -> Junho | AE25: =W25 -> Junho
A26: KM (Rodados) | B26: 1ª Leitura | C26: 2ª Leitura | D26: 3ª Leitura | E26: 4ª Leitura | F26: 15 dias Rodados | G26: 30 dias Rodados | H26: Total Mensal | J26: DATA | W26: DATA | AE26: DATA
F27: =SUM(C27-B27) -> 0 | G27: =SUM(E27-D27) -> 0 | H27: =SUM(F27:G27) -> 0 | J27: VALOR | W27: VALOR | AE27: VALOR
T28: TOTAL | U28: =SUM(K27:U27) -> 0 | AB28: TOTAL | AC28: =SUM(X27:AC27) -> 0 | AJ28: TOTAL | AK28: =SUM(AF27:AK27) -> 0
B29: Julho | J29: Julho | W29: =J29 -> Julho | AE29: =W29 -> Julho
A30: KM (Rodados) | B30: 1ª Leitura | C30: 2ª Leitura | D30: 3ª Leitura | E30: 4ª Leitura | F30: 15 dias Rodados | G30: 30 dias Rodados | H30: Total Mensal | J30: DATA | W30: DATA | AE30: DATA
F31: =SUM(C31-B31) -> 0 | G31: =SUM(E31-D31) -> 0 | H31: =SUM(F31:G31) -> 0 | J31: VALOR | W31: VALOR | AE31: VALOR
T32: TOTAL | U32: =SUM(K31:U31) -> 0 | AB32: TOTAL | AC32: =SUM(X31:AC31) -> 0 | AJ32: TOTAL | AK32: =SUM(AF31:AK31) -> 0
B33: Agosto | J33: Agosto | W33: =J33 -> Agosto | AE33: =W33 -> Agosto
A34: KM (Rodados) | B34: 1ª Leitura | C34: 2ª Leitura | D34: 3ª Leitura | E34: 4ª Leitura | F34: 15 dias Rodados | G34: 30 dias Rodados | H34: Total Mensal | J34: DATA | W34: DATA | AE34: DATA
F35: =SUM(C35-B35) -> 0 | G35: =SUM(E35-D35) -> 0 | H35: =SUM(F35:G35) -> 0 | J35: VALOR | W35: VALOR | AE35: VALOR
T36: TOTAL | U36: =SUM(K35:U35) -> 0 | AB36: TOTAL | AC36: =SUM(X35:AC35) -> 0 | AJ36: TOTAL | AK36: =SUM(AF35:AK35) -> 0
B37: Setembro | J37: Setembro | W37: =J37 -> Setembro | AE37: =W37 -> Setembro
A38: KM (Rodados) | B38: 1ª Leitura | C38: 2ª Leitura | D38: 3ª Leitura | E38: 4ª Leitura | F38: 15 dias Rodados | G38: 30 dias Rodados | H38: Total Mensal | J38: DATA | W38: DATA | AE38: DATA
F39: =SUM(C39-B39) -> 0 | G39: =SUM(E39-D39) -> 0 | H39: =SUM(F39:G39) -> 0 | J39: VALOR | W39: VALOR | AE39: VALOR
T40: TOTAL | U40: =SUM(K39:U39) -> 0 | AB40: TOTAL | AC40: =SUM(X39:AC39) -> 0 | AJ40: TOTAL | AK40: =SUM(AF39:AK39) -> 0
B41: Outubro | J41: Outubro | W41: =J41 -> Outubro | AE41: =W41 -> Outubro
A42: KM (Rodados) | B42: 1ª Leitura | C42: 2ª Leitura | D42: 3ª Leitura | E42: 4ª Leitura | F42: 15 dias Rodados | G42: 30 dias Rodados | H42: Total Mensal | J42: DATA | W42: DATA | AE42: DATA
F43: =SUM(C43-B43) -> 0 | G43: =SUM(E43-D43) -> 0 | H43: =SUM(F43:G43) -> 0 | J43: VALOR | W43: VALOR | AE43: VALOR
T44: TOTAL | U44: =SUM(K43:U43) -> 0 | AB44: TOTAL | AC44: =SUM(X43:AC43) -> 0 | AJ44: TOTAL | AK44: =SUM(AF43:AK43) -> 0
B45: Novembro | J45: Novembro | W45: =J45 -> Novembro | AE45: =W45 -> Novembro
A46: KM (Rodados) | B46: 1ª Leitura | C46: 2ª Leitura | D46: 3ª Leitura | E46: 4ª Leitura | F46: 15 dias Rodados | G46: 30 dias Rodados | H46: Total Mensal | J46: DATA | K46: 45967 | L46: 45972 | M46: 45979 | N46: 45983 | O46: 45990 | W46: DATA | AE46: DATA
B47: 30046 | C47: 30903 | D47: 30903 | E47: 31750 | F47: =SUM(C47-B47) -> 857 | G47: =SUM(E47-D47) -> 847 | H47: =SUM(F47:G47) -> 1704 | J47: VALOR | K47: 225.16 | L47: 262 | M47: 223.49 | N47: 228.01 | O47: 240.05 | W47: VALOR | AE47: VALOR
T48: TOTAL | U48: =SUM(K47:U47) -> 1178.71 | AB48: TOTAL | AC48: =SUM(X47:AC47) -> 0 | AJ48: TOTAL | AK48: =SUM(AF47:AK47) -> 0
B49: Dezembro | J49: Dezembro | W49: =J49 -> Dezembro | AE49: =W49 -> Dezembro
A50: KM (Rodados) | B50: 1ª Leitura | C50: 2ª Leitura | D50: 3ª Leitura | E50: 4ª Leitura | F50: 15 dias Rodados | G50: 30 dias Rodados | H50: Total Mensal | J50: DATA | K50: 45996 | L50: 46001 | W50: DATA | X50: 46001 | AE50: DATA
B51: 31750 | C51: 32392 | D51: 32392 | E51: 32547 | F51: =SUM(C51-B51) -> 642 | G51: =SUM(E51-D51) -> 155 | H51: =SUM(F51:G51) -> 797 | J51: VALOR | K51: 215.05 | L51: 181.4 | W51: VALOR | X51: 55 | AE51: VALOR
T52: TOTAL | U52: =SUM(K51:U51) -> 396.45 | AB52: TOTAL | AC52: =SUM(X51:AC51) -> 55 | AJ52: TOTAL | AK52: =SUM(AF51:AK51) -> 0
A53: 2026 | B53: Janeiro | J53: Janeiro | Y53: Janeiro | AH53: Janeiro
A54: KM (Rodados) | B54: 1ª Leitura | C54: 2ª Leitura | D54: 3ª Leitura | E54: 4ª Leitura | F54: 15 dias Rodados | G54: 30 dias Rodados | H54: Total Mensal | J54: DATA | K54: 46028 | L54: 46032 | M54: 46037 | N54: 46044 | O54: 46050 | Y54: DATA | AH54: DATA
B55: 32547 | E55: 34176 | F55: =SUM(C55-B55) -> -32547 | G55: =SUM(E55-D55) -> 34176 | H55: =SUM(F55:G55) -> 1629 | J55: VALOR | K55: 221.15 | L55: 246 | M55: 240 | N55: 265.05 | O55: 240.03 | Y55: VALOR | AH55: VALOR
T56: TOTAL | U56: =SUM(K55:U55) -> 1212.23 | AD56: TOTAL | AE56: =SUM(Z55:AE55) -> 0 | AM56: TOTAL | AN56: =SUM(AI55:AN55) -> 0
B57: Fevereiro | J57: Fevereiro | Y57: Fevereiro | AH57: Fevereiro
A58: KM (Rodados) | B58: 1ª Leitura | C58: 2ª Leitura | D58: 3ª Leitura | E58: 4ª Leitura | F58: 15 dias Rodados | G58: 30 dias Rodados | H58: Total Mensal | J58: DATA | K58: 46056 | L58: 46063 | M58: 46077 | N58: 46080 | Y58: DATA | AH58: DATA
B59: 34176 | E59: 35236 | F59: =SUM(C59-B59) -> -34176 | G59: =SUM(E59-D59) -> 35236 | H59: =SUM(F59:G59) -> 1060 | J59: VALOR | K59: 208.76 | L59: 241 | M59: 220.01 | N59: 217.73 | Y59: VALOR | AH59: VALOR
T60: TOTAL | U60: =SUM(K59:U59) -> 887.5 | AD60: TOTAL | AE60: =SUM(Z59:AE59) -> 0 | AM60: TOTAL | AN60: =SUM(AI59:AN59) -> 0
B61: Março | J61: Março | Y61: =J61 -> Março | AH61: =Y61 -> Março
A62: KM (Rodados) | B62: 1ª Leitura | C62: 2ª Leitura | D62: 3ª Leitura | E62: 4ª Leitura | F62: 15 dias Rodados | G62: 30 dias Rodados | H62: Total Mensal | J62: DATA | K62: 46086 | L62: 46094 | M62: 46101 | N62: 46107 | O62: 46112 | Y62: DATA | Z62: 46082 | AA62: 46102 | AB62: 46109 | AH62: DATA | AI62: 46085
B63: 35236 | E63: 37115 | F63: =SUM(C63-B63) -> -35236 | G63: =SUM(E63-D63) -> 37115 | H63: =SUM(F63:G63) -> 1879 | J63: VALOR | K63: 201.5 | L63: 285.51 | M63: 242.13 | N63: 247.26 | O63: 240 | Y63: VALOR | Z63: 55 | AA63: 55 | AB63: 40 | AH63: VALOR | AI63: 140
T64: TOTAL | U64: =SUM(K63:U63) -> 1216.4 | AD64: TOTAL | AE64: =SUM(Z63:AE63) -> 150 | AM64: TOTAL | AN64: =SUM(AI63:AN63) -> 140
B65: Abril | J65: Abril | Y65: =J65 -> Abril | AH65: =Y65 -> Abril
A66: KM (Rodados) | B66: 1ª Leitura | C66: 2ª Leitura | D66: 3ª Leitura | E66: 4ª Leitura | F66: 15 dias Rodados | G66: 30 dias Rodados | H66: Total Mensal | J66: DATA | Y66: DATA | AH66: DATA
B67: 37115 | E67: 39149 | F67: =SUM(C67-B67) -> -37115 | G67: =SUM(E67-D67) -> 39149 | H67: =SUM(F67:G67) -> 2034 | J67: VALOR | Y67: VALOR | AH67: VALOR
T68: TOTAL | U68: =SUM(K67:U67) -> 0 | AD68: TOTAL | AE68: =SUM(Z67:AE67) -> 0 | AM68: TOTAL | AN68: =SUM(AI67:AN67) -> 0
B69: Maio | J69: Maio | Y69: =J69 -> Maio | AH69: =Y69 -> Maio
A70: KM (Rodados) | B70: 1ª Leitura | C70: 2ª Leitura | D70: 3ª Leitura | E70: 4ª Leitura | F70: 15 dias Rodados | G70: 30 dias Rodados | H70: Total Mensal | J70: DATA | Y70: DATA | AH70: DATA
B71: 39149 | E71: 41043 | F71: =SUM(C71-B71) -> -39149 | G71: =SUM(E71-D71) -> 41043 | H71: =SUM(F71:G71) -> 1894 | J71: VALOR | Y71: VALOR | AH71: VALOR
T72: TOTAL | U72: =SUM(K71:U71) -> 0 | AD72: TOTAL | AE72: =SUM(Z71:AE71) -> 0 | AM72: TOTAL | AN72: =SUM(AI71:AN71) -> 0
B73: Junho | J73: Junho | Y73: =J73 -> Junho | AH73: =Y73 -> Junho
A74: KM (Rodados) | B74: 1ª Leitura | C74: 2ª Leitura | D74: 3ª Leitura | E74: 4ª Leitura | F74: 15 dias Rodados | G74: 30 dias Rodados | H74: Total Mensal | J74: DATA | Y74: DATA | AH74: DATA
F75: =SUM(C75-B75) -> 0 | G75: =SUM(E75-D75) -> 0 | H75: =SUM(F75:G75) -> 0 | J75: VALOR | Y75: VALOR | AH75: VALOR
T76: TOTAL | U76: =SUM(K75:U75) -> 0 | AD76: TOTAL | AE76: =SUM(Z75:AE75) -> 0 | AM76: TOTAL | AN76: =SUM(AI75:AN75) -> 0
B77: Julho | J77: Julho | Y77: =J77 -> Julho | AH77: =Y77 -> Julho
A78: KM (Rodados) | B78: 1ª Leitura | C78: 2ª Leitura | D78: 3ª Leitura | E78: 4ª Leitura | F78: 15 dias Rodados | G78: 30 dias Rodados | H78: Total Mensal | J78: DATA | Y78: DATA | AH78: DATA
F79: =SUM(C79-B79) -> 0 | G79: =SUM(E79-D79) -> 0 | H79: =SUM(F79:G79) -> 0 | J79: VALOR | Y79: VALOR | AH79: VALOR
T80: TOTAL | U80: =SUM(K79:U79) -> 0 | AD80: TOTAL | AE80: =SUM(Z79:AE79) -> 0 | AM80: TOTAL | AN80: =SUM(AI79:AN79) -> 0
B81: Agosto | J81: Agosto | Y81: =J81 -> Agosto | AH81: =Y81 -> Agosto
A82: KM (Rodados) | B82: 1ª Leitura | C82: 2ª Leitura | D82: 3ª Leitura | E82: 4ª Leitura | F82: 15 dias Rodados | G82: 30 dias Rodados | H82: Total Mensal | J82: DATA | Y82: DATA | AH82: DATA
F83: =SUM(C83-B83) -> 0 | G83: =SUM(E83-D83) -> 0 | H83: =SUM(F83:G83) -> 0 | J83: VALOR | Y83: VALOR | AH83: VALOR
T84: TOTAL | U84: =SUM(K83:U83) -> 0 | AD84: TOTAL | AE84: =SUM(Z83:AE83) -> 0 | AM84: TOTAL | AN84: =SUM(AI83:AN83) -> 0
B85: Setembro | J85: Setembro | Y85: =J85 -> Setembro | AH85: =Y85 -> Setembro
A86: KM (Rodados) | B86: 1ª Leitura | C86: 2ª Leitura | D86: 3ª Leitura | E86: 4ª Leitura | F86: 15 dias Rodados | G86: 30 dias Rodados | H86: Total Mensal | J86: DATA | Y86: DATA | AH86: DATA
F87: =SUM(C87-B87) -> 0 | G87: =SUM(E87-D87) -> 0 | H87: =SUM(F87:G87) -> 0 | J87: VALOR | Y87: VALOR | AH87: VALOR
T88: TOTAL | U88: =SUM(K87:U87) -> 0 | AD88: TOTAL | AE88: =SUM(Z87:AE87) -> 0 | AM88: TOTAL | AN88: =SUM(AI87:AN87) -> 0

Sheet Geraldo
A2: Veiculo | B2: T-Cross | D2: Placa: | E2: SWM9B65 | H2: KM | I2: 4500
A3: Substituição (data) | D3: Placa: | H3: Modelo
A4: Contrato de Locação | B4: 3837 | D4: Rastreador | E4: 45 | H4: Data mob. | I4: 45971
A7: REGISTRO DE KM | J7: ABASTECIMENTO | W7: LAVA_RAPIDO | AE7: BORRACHARIA
B9: Fevereiro | J9: Fevereiro | W9: Fevereiro | AE9: Fevereiro
A10: KM (Rodados) | B10: 1ª Leitura | C10: 2ª Leitura | D10: 3ª Leitura | E10: 4ª Leitura | F10: 15 dias Rodados | G10: 30 dias Rodados | H10: Total Mensal | J10: DATA | W10: DATA | AE10: DATA
F11: =SUM(C11-B11) -> 0 | G11: =SUM(E11-D11) -> 0 | H11: =SUM(F11:G11) -> 0 | J11: VALOR | W11: VALOR | AE11: VALOR
T12: TOTAL | U12: =SUM(K11:U11) -> 0 | AB12: TOTAL | AC12: =SUM(X11:AC11) -> 0 | AJ12: TOTAL | AK12: =SUM(AF11:AK11) -> 0
B13: Março | J13: Março | W13: =J13 -> Março | AE13: =W13 -> Março
A14: KM (Rodados) | B14: 1ª Leitura | C14: 2ª Leitura | D14: 3ª Leitura | E14: 4ª Leitura | F14: 15 dias Rodados | G14: 30 dias Rodados | H14: Total Mensal | J14: DATA | W14: DATA | AE14: DATA
F15: =SUM(C15-B15) -> 0 | G15: =SUM(E15-D15) -> 0 | H15: =SUM(F15:G15) -> 0 | J15: VALOR | W15: VALOR | AE15: VALOR
T16: TOTAL | U16: =SUM(K15:U15) -> 0 | AB16: TOTAL | AC16: =SUM(X15:AC15) -> 0 | AJ16: TOTAL | AK16: =SUM(AF15:AK15) -> 0
B17: Abril | J17: Abril | W17: =J17 -> Abril | AE17: =W17 -> Abril
A18: KM (Rodados) | B18: 1ª Leitura | C18: 2ª Leitura | D18: 3ª Leitura | E18: 4ª Leitura | F18: 15 dias Rodados | G18: 30 dias Rodados | H18: Total Mensal | J18: DATA | W18: DATA | AE18: DATA
F19: =SUM(C19-B19) -> 0 | G19: =SUM(E19-D19) -> 0 | H19: =SUM(F19:G19) -> 0 | J19: VALOR | W19: VALOR | AE19: VALOR
T20: TOTAL | U20: =SUM(K19:U19) -> 0 | AB20: TOTAL | AC20: =SUM(X19:AC19) -> 0 | AJ20: TOTAL | AK20: =SUM(AF19:AK19) -> 0
B21: Maio | J21: Maio | W21: =J21 -> Maio | AE21: =W21 -> Maio
A22: KM (Rodados) | B22: 1ª Leitura | C22: 2ª Leitura | D22: 3ª Leitura | E22: 4ª Leitura | F22: 15 dias Rodados | G22: 30 dias Rodados | H22: Total Mensal | J22: DATA | W22: DATA | AE22: DATA
F23: =SUM(C23-B23) -> 0 | G23: =SUM(E23-D23) -> 0 | H23: =SUM(F23:G23) -> 0 | J23: VALOR | W23: VALOR | AE23: VALOR
T24: TOTAL | U24: =SUM(K23:U23) -> 0 | AB24: TOTAL | AC24: =SUM(X23:AC23) -> 0 | AJ24: TOTAL | AK24: =SUM(AF23:AK23) -> 0
B25: Junho | J25: Junho | W25: =J25 -> Junho | AE25: =W25 -> Junho
A26: KM (Rodados) | B26: 1ª Leitura | C26: 2ª Leitura | D26: 3ª Leitura | E26: 4ª Leitura | F26: 15 dias Rodados | G26: 30 dias Rodados | H26: Total Mensal | J26: DATA | W26: DATA | AE26: DATA
F27: =SUM(C27-B27) -> 0 | G27: =SUM(E27-D27) -> 0 | H27: =SUM(F27:G27) -> 0 | J27: VALOR | W27: VALOR | AE27: VALOR
T28: TOTAL | U28: =SUM(K27:U27) -> 0 | AB28: TOTAL | AC28: =SUM(X27:AC27) -> 0 | AJ28: TOTAL | AK28: =SUM(AF27:AK27) -> 0
B29: Julho | J29: Julho | W29: =J29 -> Julho | AE29: =W29 -> Julho
A30: KM (Rodados) | B30: 1ª Leitura | C30: 2ª Leitura | D30: 3ª Leitura | E30: 4ª Leitura | F30: 15 dias Rodados | G30: 30 dias Rodados | H30: Total Mensal | J30: DATA | W30: DATA | AE30: DATA
F31: =SUM(C31-B31) -> 0 | G31: =SUM(E31-D31) -> 0 | H31: =SUM(F31:G31) -> 0 | J31: VALOR | W31: VALOR | AE31: VALOR
T32: TOTAL | U32: =SUM(K31:U31) -> 0 | AB32: TOTAL | AC32: =SUM(X31:AC31) -> 0 | AJ32: TOTAL | AK32: =SUM(AF31:AK31) -> 0
B33: Agosto | J33: Agosto | W33: =J33 -> Agosto | AE33: =W33 -> Agosto
A34: KM (Rodados) | B34: 1ª Leitura | C34: 2ª Leitura | D34: 3ª Leitura | E34: 4ª Leitura | F34: 15 dias Rodados | G34: 30 dias Rodados | H34: Total Mensal | J34: DATA | W34: DATA | AE34: DATA
F35: =SUM(C35-B35) -> 0 | G35: =SUM(E35-D35) -> 0 | H35: =SUM(F35:G35) -> 0 | J35: VALOR | W35: VALOR | AE35: VALOR
T36: TOTAL | U36: =SUM(K35:U35) -> 0 | AB36: TOTAL | AC36: =SUM(X35:AC35) -> 0 | AJ36: TOTAL | AK36: =SUM(AF35:AK35) -> 0
B37: Setembro | J37: Setembro | W37: =J37 -> Setembro | AE37: =W37 -> Setembro
A38: KM (Rodados) | B38: 1ª Leitura | C38: 2ª Leitura | D38: 3ª Leitura | E38: 4ª Leitura | F38: 15 dias Rodados | G38: 30 dias Rodados | H38: Total Mensal | J38: DATA | W38: DATA | AE38: DATA
F39: =SUM(C39-B39) -> 0 | G39: =SUM(E39-D39) -> 0 | H39: =SUM(F39:G39) -> 0 | J39: VALOR | W39: VALOR | AE39: VALOR
T40: TOTAL | U40: =SUM(K39:U39) -> 0 | AB40: TOTAL | AC40: =SUM(X39:AC39) -> 0 | AJ40: TOTAL | AK40: =SUM(AF39:AK39) -> 0
B41: Outubro | J41: Outubro | W41: =J41 -> Outubro | AE41: =W41 -> Outubro
A42: KM (Rodados) | B42: 1ª Leitura | C42: 2ª Leitura | D42: 3ª Leitura | E42: 4ª Leitura | F42: 15 dias Rodados | G42: 30 dias Rodados | H42: Total Mensal | J42: DATA | W42: DATA | AE42: DATA
F43: =SUM(C43-B43) -> 0 | G43: =SUM(E43-D43) -> 0 | H43: =SUM(F43:G43) -> 0 | J43: VALOR | W43: VALOR | AE43: VALOR
T44: TOTAL | U44: =SUM(K43:U43) -> 0 | AB44: TOTAL | AC44: =SUM(X43:AC43) -> 0 | AJ44: TOTAL | AK44: =SUM(AF43:AK43) -> 0
B45: Novembro | J45: Novembro | W45: =J45 -> Novembro | AE45: =W45 -> Novembro
A46: KM (Rodados) | B46: 1ª Leitura | C46: 2ª Leitura | D46: 3ª Leitura | E46: 4ª Leitura | F46: 15 dias Rodados | G46: 30 dias Rodados | H46: Total Mensal | J46: DATA | K46: 45975 | L46: 45979 | M46: 45982 | N46: 45989 | W46: DATA | AE46: DATA
B47: 38977 | C47: 39319 | D47: 39319 | E47: 40676 | F47: =SUM(C47-B47) -> 342 | G47: =SUM(E47-D47) -> 1357 | H47: =SUM(F47:G47) -> 1699 | J47: VALOR | K47: 234.99 | L47: 185.05 | M47: 192.28 | N47: 198.59 | W47: VALOR | AE47: VALOR
T48: TOTAL | U48: =SUM(K47:U47) -> 810.91 | AB48: TOTAL | AC48: =SUM(X47:AC47) -> 0 | AJ48: TOTAL | AK48: =SUM(AF47:AK47) -> 0
B49: Dezembro | J49: Dezembro | W49: =J49 -> Dezembro | AE49: =W49 -> Dezembro
A50: KM (Rodados) | B50: 1ª Leitura | C50: 2ª Leitura | D50: 3ª Leitura | E50: 4ª Leitura | F50: 15 dias Rodados | G50: 30 dias Rodados | H50: Total Mensal | J50: DATA | K50: 45993 | L50: 46000 | M50: 46003 | N50: 46014 | O50: 46021 | W50: DATA | X50: 45999 | AE50: DATA | AF50: 45993
B51: 40676 | C51: 41767 | D51: 41767 | E51: 42682 | F51: =SUM(C51-B51) -> 1091 | G51: =SUM(E51-D51) -> 915 | H51: =SUM(F51:G51) -> 2006 | J51: VALOR | K51: 239.99 | L51: 206.46 | M51: 234.36 | N51: 238.37 | O51: 218.95 | W51: VALOR | X51: 60 | AE51: VALOR | AF51: 70
T52: TOTAL | U52: =SUM(K51:U51) -> 1138.13 | AB52: TOTAL | AC52: =SUM(X51:AC51) -> 60 | AJ52: TOTAL | AK52: =SUM(AF51:AK51) -> 70
A53: 2026 | B53: Janeiro | J53: Janeiro | Y53: Janeiro | AH53: Janeiro
A54: KM (Rodados) | B54: 1ª Leitura | C54: 2ª Leitura | D54: 3ª Leitura | E54: 4ª Leitura | F54: 15 dias Rodados | G54: 30 dias Rodados | H54: Total Mensal | J54: DATA | K54: 46030 | L54: 46035 | M54: 46043 | N54: 46045 | O54: 46049 | Y54: DATA | AH54: DATA
B55: 42682 | E55: 44737 | F55: =SUM(C55-B55) -> -42682 | G55: =SUM(E55-D55) -> 44737 | H55: =SUM(F55:G55) -> 2055 | J55: VALOR | K55: 265 | L55: 278.28 | M55: 274 | N55: 231.18 | O55: 245.05 | Y55: VALOR | AH55: VALOR
T56: TOTAL | U56: =SUM(K55:U55) -> 1293.51 | AD56: TOTAL | AE56: =SUM(Z55:AE55) -> 0 | AM56: TOTAL | AN56: =SUM(AI55:AN55) -> 0
B57: Fevereiro | J57: Fevereiro | Y57: Fevereiro | AH57: Fevereiro
A58: KM (Rodados) | B58: 1ª Leitura | C58: 2ª Leitura | D58: 3ª Leitura | E58: 4ª Leitura | F58: 15 dias Rodados | G58: 30 dias Rodados | H58: Total Mensal | J58: DATA | K58: 46056 | L58: 46063 | M58: 46071 | N58: 46073 | O58: 46077 | Y58: DATA | AH58: DATA
B59: 44737 | E59: 46893 | F59: =SUM(C59-B59) -> -44737 | G59: =SUM(E59-D59) -> 46893 | H59: =SUM(F59:G59) -> 2156 | J59: VALOR | K59: 262.05 | L59: 271.91 | M59: 255.92 | N59: 255.64 | O59: 250.02 | Y59: VALOR | AH59: VALOR
T60: TOTAL | U60: =SUM(K59:U59) -> 1295.54 | AD60: TOTAL | AE60: =SUM(Z59:AE59) -> 0 | AM60: TOTAL | AN60: =SUM(AI59:AN59) -> 0
B61: Março | J61: Março | Y61: =J61 -> Março | AH61: =Y61 -> Março
A62: KM (Rodados) | B62: 1ª Leitura | C62: 2ª Leitura | D62: 3ª Leitura | E62: 4ª Leitura | F62: 15 dias Rodados | G62: 30 dias Rodados | H62: Total Mensal | J62: DATA | K62: 46085 | L62: 46088 | M62: 46091 | N62: 46094 | O62: 46101 | P62: 46108 | Y62: DATA | Z62: 46088 | AH62: DATA
B63: 46893 | E63: 49198 | F63: =SUM(C63-B63) -> -46893 | G63: =SUM(E63-D63) -> 49198 | H63: =SUM(F63:G63) -> 2305 | J63: VALOR | K63: 256.49 | L63: 262.12 | M63: 233.76 | N63: 276.55 | O63: 235.2 | P63: 261.35 | Y63: VALOR | Z63: 60 | AH63: VALOR
T64: TOTAL | U64: =SUM(K63:U63) -> 1525.47 | AD64: TOTAL | AE64: =SUM(Z63:AE63) -> 60 | AM64: TOTAL | AN64: =SUM(AI63:AN63) -> 0
B65: Abril | J65: Abril | Y65: =J65 -> Abril | AH65: =Y65 -> Abril
A66: KM (Rodados) | B66: 1ª Leitura | C66: 2ª Leitura | D66: 3ª Leitura | E66: 4ª Leitura | F66: 15 dias Rodados | G66: 30 dias Rodados | H66: Total Mensal | J66: DATA | Y66: DATA | AH66: DATA
B67: 49198 | E67: 51292 | F67: =SUM(C67-B67) -> -49198 | G67: =SUM(E67-D67) -> 51292 | H67: =SUM(F67:G67) -> 2094 | J67: VALOR | Y67: VALOR | AH67: VALOR
T68: TOTAL | U68: =SUM(K67:U67) -> 0 | AD68: TOTAL | AE68: =SUM(Z67:AE67) -> 0 | AM68: TOTAL | AN68: =SUM(AI67:AN67) -> 0
B69: Maio | J69: Maio | Y69: =J69 -> Maio | AH69: =Y69 -> Maio
A70: KM (Rodados) | B70: 1ª Leitura | C70: 2ª Leitura | D70: 3ª Leitura | E70: 4ª Leitura | F70: 15 dias Rodados | G70: 30 dias Rodados | H70: Total Mensal | J70: DATA | Y70: DATA | AH70: DATA
B71: 51292 | E71: 52804 | F71: =SUM(C71-B71) -> -51292 | G71: =SUM(E71-D71) -> 52804 | H71: =SUM(F71:G71) -> 1512 | J71: VALOR | Y71: VALOR | AH71: VALOR
T72: TOTAL | U72: =SUM(K71:U71) -> 0 | AD72: TOTAL | AE72: =SUM(Z71:AE71) -> 0 | AM72: TOTAL | AN72: =SUM(AI71:AN71) -> 0
B73: Junho | J73: Junho | Y73: =J73 -> Junho | AH73: =Y73 -> Junho
A74: KM (Rodados) | B74: 1ª Leitura | C74: 2ª Leitura | D74: 3ª Leitura | E74: 4ª Leitura | F74: 15 dias Rodados | G74: 30 dias Rodados | H74: Total Mensal | J74: DATA | Y74: DATA | AH74: DATA
F75: =SUM(C75-B75) -> 0 | G75: =SUM(E75-D75) -> 0 | H75: =SUM(F75:G75) -> 0 | J75: VALOR | Y75: VALOR | AH75: VALOR
T76: TOTAL | U76: =SUM(K75:U75) -> 0 | AD76: TOTAL | AE76: =SUM(Z75:AE75) -> 0 | AM76: TOTAL | AN76: =SUM(AI75:AN75) -> 0
B77: Julho | J77: Julho | Y77: =J77 -> Julho | AH77: =Y77 -> Julho
A78: KM (Rodados) | B78: 1ª Leitura | C78: 2ª Leitura | D78: 3ª Leitura | E78: 4ª Leitura | F78: 15 dias Rodados | G78: 30 dias Rodados | H78: Total Mensal | J78: DATA | Y78: DATA | AH78: DATA
F79: =SUM(C79-B79) -> 0 | G79: =SUM(E79-D79) -> 0 | H79: =SUM(F79:G79) -> 0 | J79: VALOR | Y79: VALOR | AH79: VALOR
T80: TOTAL | U80: =SUM(K79:U79) -> 0 | AD80: TOTAL | AE80: =SUM(Z79:AE79) -> 0 | AM80: TOTAL | AN80: =SUM(AI79:AN79) -> 0
B81: Agosto | J81: Agosto | Y81: =J81 -> Agosto | AH81: =Y81 -> Agosto
A82: KM (Rodados) | B82: 1ª Leitura | C82: 2ª Leitura | D82: 3ª Leitura | E82: 4ª Leitura | F82: 15 dias Rodados | G82: 30 dias Rodados | H82: Total Mensal | J82: DATA | Y82: DATA | AH82: DATA
F83: =SUM(C83-B83) -> 0 | G83: =SUM(E83-D83) -> 0 | H83: =SUM(F83:G83) -> 0 | J83: VALOR | Y83: VALOR | AH83: VALOR
T84: TOTAL | U84: =SUM(K83:U83) -> 0 | AD84: TOTAL | AE84: =SUM(Z83:AE83) -> 0 | AM84: TOTAL | AN84: =SUM(AI83:AN83) -> 0
B85: Setembro | J85: Setembro | Y85: =J85 -> Setembro | AH85: =Y85 -> Setembro
A86: KM (Rodados) | B86: 1ª Leitura | C86: 2ª Leitura | D86: 3ª Leitura | E86: 4ª Leitura | F86: 15 dias Rodados | G86: 30 dias Rodados | H86: Total Mensal | J86: DATA | Y86: DATA | AH86: DATA
F87: =SUM(C87-B87) -> 0 | G87: =SUM(E87-D87) -> 0 | H87: =SUM(F87:G87) -> 0 | J87: VALOR | Y87: VALOR | AH87: VALOR
T88: TOTAL | U88: =SUM(K87:U87) -> 0 | AD88: TOTAL | AE88: =SUM(Z87:AE87) -> 0 | AM88: TOTAL | AN88: =SUM(AI87:AN87) -> 0

Sheet Rogerio Salustiano
A2: Veiculo | B2: S10 | D2: Placa: | E2: TDA9D62 | H2: KM | I2: 4500
A3: Troca de Condutor | B3: 46188 | E3: TDA9D62 | H3: Condutores | I3: Rogerio para Tony (Sede)
A4: Substituição (data) | D4: Placa: | H4: Modelo
A5: Contrato de Locação | B5: 8158 | D5: Rastreador | E5: 45 | H5: Data mob. | I5: 45995 | J5: Data mob.
A8: REGISTRO DE KM | J8: ABASTECIMENTO | W8: LAVA_RAPIDO | AE8: BORRACHARIA
B10: Fevereiro | J10: Fevereiro | W10: Fevereiro | AE10: Fevereiro
A11: KM (Rodados) | B11: 1ª Leitura | C11: 2ª Leitura | D11: 3ª Leitura | E11: 4ª Leitura | F11: 15 dias Rodados | G11: 30 dias Rodados | H11: Total Mensal | J11: DATA | W11: DATA | AE11: DATA
F12: =SUM(C12-B12) -> 0 | G12: =SUM(E12-D12) -> 0 | H12: =SUM(F12:G12) -> 0 | J12: VALOR | W12: VALOR | AE12: VALOR
T13: TOTAL | U13: =SUM(K12:U12) -> 0 | AB13: TOTAL | AC13: =SUM(X12:AC12) -> 0 | AJ13: TOTAL | AK13: =SUM(AF12:AK12) -> 0
B14: Março | J14: Março | W14: =J14 -> Março | AE14: =W14 -> Março
A15: KM (Rodados) | B15: 1ª Leitura | C15: 2ª Leitura | D15: 3ª Leitura | E15: 4ª Leitura | F15: 15 dias Rodados | G15: 30 dias Rodados | H15: Total Mensal | J15: DATA | W15: DATA | AE15: DATA
F16: =SUM(C16-B16) -> 0 | G16: =SUM(E16-D16) -> 0 | H16: =SUM(F16:G16) -> 0 | J16: VALOR | W16: VALOR | AE16: VALOR
T17: TOTAL | U17: =SUM(K16:U16) -> 0 | AB17: TOTAL | AC17: =SUM(X16:AC16) -> 0 | AJ17: TOTAL | AK17: =SUM(AF16:AK16) -> 0
B18: Abril | J18: Abril | W18: =J18 -> Abril | AE18: =W18 -> Abril
A19: KM (Rodados) | B19: 1ª Leitura | C19: 2ª Leitura | D19: 3ª Leitura | E19: 4ª Leitura | F19: 15 dias Rodados | G19: 30 dias Rodados | H19: Total Mensal | J19: DATA | W19: DATA | AE19: DATA
F20: =SUM(C20-B20) -> 0 | G20: =SUM(E20-D20) -> 0 | H20: =SUM(F20:G20) -> 0 | J20: VALOR | W20: VALOR | AE20: VALOR
T21: TOTAL | U21: =SUM(K20:U20) -> 0 | AB21: TOTAL | AC21: =SUM(X20:AC20) -> 0 | AJ21: TOTAL | AK21: =SUM(AF20:AK20) -> 0
B22: Maio | J22: Maio | W22: =J22 -> Maio | AE22: =W22 -> Maio
A23: KM (Rodados) | B23: 1ª Leitura | C23: 2ª Leitura | D23: 3ª Leitura | E23: 4ª Leitura | F23: 15 dias Rodados | G23: 30 dias Rodados | H23: Total Mensal | J23: DATA | W23: DATA | AE23: DATA
F24: =SUM(C24-B24) -> 0 | G24: =SUM(E24-D24) -> 0 | H24: =SUM(F24:G24) -> 0 | J24: VALOR | W24: VALOR | AE24: VALOR
T25: TOTAL | U25: =SUM(K24:U24) -> 0 | AB25: TOTAL | AC25: =SUM(X24:AC24) -> 0 | AJ25: TOTAL | AK25: =SUM(AF24:AK24) -> 0
B26: Junho | J26: Junho | W26: =J26 -> Junho | AE26: =W26 -> Junho
A27: KM (Rodados) | B27: 1ª Leitura | C27: 2ª Leitura | D27: 3ª Leitura | E27: 4ª Leitura | F27: 15 dias Rodados | G27: 30 dias Rodados | H27: Total Mensal | J27: DATA | W27: DATA | AE27: DATA
F28: =SUM(C28-B28) -> 0 | G28: =SUM(E28-D28) -> 0 | H28: =SUM(F28:G28) -> 0 | J28: VALOR | W28: VALOR | AE28: VALOR
T29: TOTAL | U29: =SUM(K28:U28) -> 0 | AB29: TOTAL | AC29: =SUM(X28:AC28) -> 0 | AJ29: TOTAL | AK29: =SUM(AF28:AK28) -> 0
B30: Julho | J30: Julho | W30: =J30 -> Julho | AE30: =W30 -> Julho
A31: KM (Rodados) | B31: 1ª Leitura | C31: 2ª Leitura | D31: 3ª Leitura | E31: 4ª Leitura | F31: 15 dias Rodados | G31: 30 dias Rodados | H31: Total Mensal | J31: DATA | W31: DATA | AE31: DATA
F32: =SUM(C32-B32) -> 0 | G32: =SUM(E32-D32) -> 0 | H32: =SUM(F32:G32) -> 0 | J32: VALOR | W32: VALOR | AE32: VALOR
T33: TOTAL | U33: =SUM(K32:U32) -> 0 | AB33: TOTAL | AC33: =SUM(X32:AC32) -> 0 | AJ33: TOTAL | AK33: =SUM(AF32:AK32) -> 0
B34: Agosto | J34: Agosto | W34: =J34 -> Agosto | AE34: =W34 -> Agosto
A35: KM (Rodados) | B35: 1ª Leitura | C35: 2ª Leitura | D35: 3ª Leitura | E35: 4ª Leitura | F35: 15 dias Rodados | G35: 30 dias Rodados | H35: Total Mensal | J35: DATA | W35: DATA | AE35: DATA
F36: =SUM(C36-B36) -> 0 | G36: =SUM(E36-D36) -> 0 | H36: =SUM(F36:G36) -> 0 | J36: VALOR | W36: VALOR | AE36: VALOR
T37: TOTAL | U37: =SUM(K36:U36) -> 0 | AB37: TOTAL | AC37: =SUM(X36:AC36) -> 0 | AJ37: TOTAL | AK37: =SUM(AF36:AK36) -> 0
B38: Setembro | J38: Setembro | W38: =J38 -> Setembro | AE38: =W38 -> Setembro
A39: KM (Rodados) | B39: 1ª Leitura | C39: 2ª Leitura | D39: 3ª Leitura | E39: 4ª Leitura | F39: 15 dias Rodados | G39: 30 dias Rodados | H39: Total Mensal | J39: DATA | W39: DATA | AE39: DATA
F40: =SUM(C40-B40) -> 0 | G40: =SUM(E40-D40) -> 0 | H40: =SUM(F40:G40) -> 0 | J40: VALOR | W40: VALOR | AE40: VALOR
T41: TOTAL | U41: =SUM(K40:U40) -> 0 | AB41: TOTAL | AC41: =SUM(X40:AC40) -> 0 | AJ41: TOTAL | AK41: =SUM(AF40:AK40) -> 0
B42: Outubro | J42: Outubro | W42: =J42 -> Outubro | AE42: =W42 -> Outubro
A43: KM (Rodados) | B43: 1ª Leitura | C43: 2ª Leitura | D43: 3ª Leitura | E43: 4ª Leitura | F43: 15 dias Rodados | G43: 30 dias Rodados | H43: Total Mensal | J43: DATA | W43: DATA | AE43: DATA
F44: =SUM(C44-B44) -> 0 | G44: =SUM(E44-D44) -> 0 | H44: =SUM(F44:G44) -> 0 | J44: VALOR | W44: VALOR | AE44: VALOR
T45: TOTAL | U45: =SUM(K44:U44) -> 0 | AB45: TOTAL | AC45: =SUM(X44:AC44) -> 0 | AJ45: TOTAL | AK45: =SUM(AF44:AK44) -> 0
B46: Novembro | J46: Novembro | W46: =J46 -> Novembro | AE46: =W46 -> Novembro
A47: KM (Rodados) | B47: 1ª Leitura | C47: 2ª Leitura | D47: 3ª Leitura | E47: 4ª Leitura | F47: 15 dias Rodados | G47: 30 dias Rodados | H47: Total Mensal | J47: DATA | W47: DATA | AE47: DATA
F48: =SUM(C48-B48) -> 0 | G48: =SUM(E48-D48) -> 0 | H48: =SUM(F48:G48) -> 0 | J48: VALOR | W48: VALOR | AE48: VALOR
T49: TOTAL | U49: =SUM(K48:U48) -> 0 | AB49: TOTAL | AC49: =SUM(X48:AC48) -> 0 | AJ49: TOTAL | AK49: =SUM(AF48:AK48) -> 0
B50: Dezembro | J50: Dezembro | W50: =J50 -> Dezembro | AE50: =W50 -> Dezembro
A51: KM (Rodados) | B51: 1ª Leitura | C51: 2ª Leitura | D51: 3ª Leitura | E51: 4ª Leitura | F51: 15 dias Rodados | G51: 30 dias Rodados | H51: Total Mensal | J51: DATA | K51: 46003 | L51: 46008 | W51: DATA | AE51: DATA
B52: 26173 | C52: 27203 | D52: 27203 | E52: 27767 | F52: =SUM(C52-B52) -> 1030 | G52: =SUM(E52-D52) -> 564 | H52: =SUM(F52:G52) -> 1594 | J52: VALOR | K52: 350.02 | L52: 338.66 | W52: VALOR | AE52: VALOR
T53: TOTAL | U53: =SUM(K52:U52) -> 688.68 | AB53: TOTAL | AC53: =SUM(X52:AC52) -> 0 | AJ53: TOTAL | AK53: =SUM(AF52:AK52) -> 0
A54: 2026 | B54: Janeiro | J54: Janeiro | Y54: Janeiro | AH54: Janeiro
A55: KM (Rodados) | B55: 1ª Leitura | C55: 2ª Leitura | D55: 3ª Leitura | E55: 4ª Leitura | F55: 15 dias Rodados | G55: 30 dias Rodados | H55: Total Mensal | J55: DATA | K55: 46030 | L55: 46032 | M55: 46036 | N55: 46044 | O55: 46052 | Y55: DATA | AH55: DATA
B56: 27767 | E56: 30450 | F56: =SUM(C56-B56) -> -27767 | G56: =SUM(E56-D56) -> 30450 | H56: =SUM(F56:G56) -> 2683 | J56: VALOR | K56: 300.03 | L56: 440.87 | M56: 363.71 | N56: 338.08 | O56: 250.03 | Y56: VALOR | AH56: VALOR
T57: TOTAL | U57: =SUM(K56:U56) -> 1692.72 | AD57: TOTAL | AE57: =SUM(Z56:AE56) -> 0 | AM57: TOTAL | AN57: =SUM(AI56:AN56) -> 0
B58: Fevereiro | J58: Fevereiro | Y58: Fevereiro | AH58: Fevereiro
A59: KM (Rodados) | B59: 1ª Leitura | C59: 2ª Leitura | D59: 3ª Leitura | E59: 4ª Leitura | F59: 15 dias Rodados | G59: 30 dias Rodados | H59: Total Mensal | J59: DATA | K59: 46065 | L59: 46071 | Y59: DATA | AH59: DATA
B60: 30450 | E60: 31846 | F60: =SUM(C60-B60) -> -30450 | G60: =SUM(E60-D60) -> 31846 | H60: =SUM(F60:G60) -> 1396 | J60: VALOR | K60: 322 | L60: 416.06 | Y60: VALOR | AH60: VALOR
T61: TOTAL | U61: =SUM(K60:U60) -> 738.06 | AD61: TOTAL | AE61: =SUM(Z60:AE60) -> 0 | AM61: TOTAL | AN61: =SUM(AI60:AN60) -> 0
B62: Março | J62: Março | Y62: =J62 -> Março | AH62: =Y62 -> Março
A63: KM (Rodados) | B63: 1ª Leitura | C63: 2ª Leitura | D63: 3ª Leitura | E63: 4ª Leitura | F63: 15 dias Rodados | G63: 30 dias Rodados | H63: Total Mensal | J63: DATA | K63: 46086 | L63: 46092 | M63: 46098 | N63: 46101 | O63: 46109 | Y63: DATA | Z63: 46096 | AA63: 46102 | AB63: 46110 | AH63: DATA
B64: 31846 | E64: 34642 | F64: =SUM(C64-B64) -> -31846 | G64: =SUM(E64-D64) -> 34642 | H64: =SUM(F64:G64) -> 2796 | J64: VALOR | K64: 370.51 | L64: 356.95 | M64: 497.05 | N64: 277.01 | O64: 330.42 | Y64: VALOR | Z64: 70 | AA64: 70 | AB64: 70 | AH64: VALOR
T65: TOTAL | U65: =SUM(K64:U64) -> 1831.94 | AD65: TOTAL | AE65: =SUM(Z64:AE64) -> 210 | AM65: TOTAL | AN65: =SUM(AI64:AN64) -> 0
B66: Abril | J66: Abril | Y66: =J66 -> Abril | AH66: =Y66 -> Abril
A67: KM (Rodados) | B67: 1ª Leitura | C67: 2ª Leitura | D67: 3ª Leitura | E67: 4ª Leitura | F67: 15 dias Rodados | G67: 30 dias Rodados | H67: Total Mensal | J67: DATA | Y67: DATA | AH67: DATA
B68: 34642 | E68: 36191 | F68: =SUM(C68-B68) -> -34642 | G68: =SUM(E68-D68) -> 36191 | H68: =SUM(F68:G68) -> 1549 | J68: VALOR | Y68: VALOR | AH68: VALOR
T69: TOTAL | U69: =SUM(K68:U68) -> 0 | AD69: TOTAL | AE69: =SUM(Z68:AE68) -> 0 | AM69: TOTAL | AN69: =SUM(AI68:AN68) -> 0
B70: Maio | J70: Maio | Y70: =J70 -> Maio | AH70: =Y70 -> Maio
A71: KM (Rodados) | B71: 1ª Leitura | C71: 2ª Leitura | D71: 3ª Leitura | E71: 4ª Leitura | F71: 15 dias Rodados | G71: 30 dias Rodados | H71: Total Mensal | J71: DATA | Y71: DATA | AH71: DATA
B72: 36191 | E72: 39531 | F72: =SUM(C72-B72) -> -36191 | G72: =SUM(E72-D72) -> 39531 | H72: =SUM(F72:G72) -> 3340 | J72: VALOR | Y72: VALOR | AH72: VALOR
T73: TOTAL | U73: =SUM(K72:U72) -> 0 | AD73: TOTAL | AE73: =SUM(Z72:AE72) -> 0 | AM73: TOTAL | AN73: =SUM(AI72:AN72) -> 0
B74: Junho | J74: Junho | Y74: =J74 -> Junho | AH74: =Y74 -> Junho
A75: KM (Rodados) | B75: 1ª Leitura | C75: 2ª Leitura | D75: 3ª Leitura | E75: 4ª Leitura | F75: 15 dias Rodados | G75: 30 dias Rodados | H75: Total Mensal | J75: DATA | Y75: DATA | AH75: DATA
B76: 39531 | C76: 41584 | F76: =SUM(C76-B76) -> 2053 | G76: =SUM(E76-D76) -> 0 | H76: =SUM(F76:G76) -> 2053 | J76: VALOR | Y76: VALOR | AH76: VALOR
T77: TOTAL | U77: =SUM(K76:U76) -> 0 | AD77: TOTAL | AE77: =SUM(Z76:AE76) -> 0 | AM77: TOTAL | AN77: =SUM(AI76:AN76) -> 0
B78: Julho | J78: Julho | Y78: =J78 -> Julho | AH78: =Y78 -> Julho
A79: KM (Rodados) | B79: 1ª Leitura | C79: 2ª Leitura | D79: 3ª Leitura | E79: 4ª Leitura | F79: 15 dias Rodados | G79: 30 dias Rodados | H79: Total Mensal | J79: DATA | Y79: DATA | AH79: DATA
F80: =SUM(C80-B80) -> 0 | G80: =SUM(E80-D80) -> 0 | H80: =SUM(F80:G80) -> 0 | J80: VALOR | Y80: VALOR | AH80: VALOR
T81: TOTAL | U81: =SUM(K80:U80) -> 0 | AD81: TOTAL | AE81: =SUM(Z80:AE80) -> 0 | AM81: TOTAL | AN81: =SUM(AI80:AN80) -> 0
B82: Agosto | J82: Agosto | Y82: =J82 -> Agosto | AH82: =Y82 -> Agosto
A83: KM (Rodados) | B83: 1ª Leitura | C83: 2ª Leitura | D83: 3ª Leitura | E83: 4ª Leitura | F83: 15 dias Rodados | G83: 30 dias Rodados | H83: Total Mensal | J83: DATA | Y83: DATA | AH83: DATA
F84: =SUM(C84-B84) -> 0 | G84: =SUM(E84-D84) -> 0 | H84: =SUM(F84:G84) -> 0 | J84: VALOR | Y84: VALOR | AH84: VALOR
T85: TOTAL | U85: =SUM(K84:U84) -> 0 | AD85: TOTAL | AE85: =SUM(Z84:AE84) -> 0 | AM85: TOTAL | AN85: =SUM(AI84:AN84) -> 0
B86: Setembro | J86: Setembro | Y86: =J86 -> Setembro | AH86: =Y86 -> Setembro
A87: KM (Rodados) | B87: 1ª Leitura | C87: 2ª Leitura | D87: 3ª Leitura | E87: 4ª Leitura | F87: 15 dias Rodados | G87: 30 dias Rodados | H87: Total Mensal | J87: DATA | Y87: DATA | AH87: DATA
F88: =SUM(C88-B88) -> 0 | G88: =SUM(E88-D88) -> 0 | H88: =SUM(F88:G88) -> 0 | J88: VALOR | Y88: VALOR | AH88: VALOR
T89: TOTAL | U89: =SUM(K88:U88) -> 0 | AD89: TOTAL | AE89: =SUM(Z88:AE88) -> 0 | AM89: TOTAL | AN89: =SUM(AI88:AN88) -> 0

Sheet Jurandir
A2: Veiculo | B2: Creta | D2: Placa: | E2: TXW4I66 | H2: KM | I2: 4500
A3: Substituição (data) | D3: Placa: | H3: Modelo
A4: Contrato de Locação | B4: 4144 | D4: Rastreador | E4: 45 | H4: Data mob. | I4: 46040
A7: REGISTRO DE KM | J7: ABASTECIMENTO | Y7: LAVA_RAPIDO | AH7: BORRACHARIA
A9: 2026 | B9: Janeiro | J9: Janeiro | Y9: Janeiro | AH9: Janeiro
A10: KM (Rodados) | B10: 1ª Leitura | C10: 2ª Leitura | D10: 3ª Leitura | E10: 4ª Leitura | F10: 15 dias Rodados | G10: 30 dias Rodados | H10: Total Mensal | J10: DATA | K10: 46049 | L10: 46052 | Y10: DATA | AH10: DATA
D11: 1542 | E11: 2557 | F11: =SUM(C11-B11) -> 0 | G11: =SUM(E11-D11) -> 1015 | H11: =SUM(F11:G11) -> 1015 | J11: VALOR | K11: 218.87 | L11: 268.53 | Y11: VALOR | AH11: VALOR
T12: TOTAL | U12: =SUM(K11:U11) -> 487.4 | AD12: TOTAL | AE12: =SUM(Z11:AE11) -> 0 | AM12: TOTAL | AN12: =SUM(AI11:AN11) -> 0
B13: Fevereiro | J13: Fevereiro | Y13: Fevereiro | AH13: Fevereiro
A14: KM (Rodados) | B14: 1ª Leitura | C14: 2ª Leitura | D14: 3ª Leitura | E14: 4ª Leitura | F14: 15 dias Rodados | G14: 30 dias Rodados | H14: Total Mensal | J14: DATA | K14: 46056 | L14: 46059 | M14: 46064 | N14: 46066 | O14: 46071 | P14: 46073 | Q14: 46078 | Y14: DATA | AH14: DATA
B15: 2557 | E15: 5306 | F15: =SUM(C15-B15) -> -2557 | G15: =SUM(E15-D15) -> 5306 | H15: =SUM(F15:G15) -> 2749 | J15: VALOR | K15: 257.06 | L15: 226.47 | M15: 220.02 | N15: 166.38 | O15: 230.93 | P15: 148.03 | Q15: 225 | Y15: VALOR | AH15: VALOR
T16: TOTAL | U16: =SUM(K15:U15) -> 1473.89 | AD16: TOTAL | AE16: =SUM(Z15:AE15) -> 0 | AM16: TOTAL | AN16: =SUM(AI15:AN15) -> 0
B17: Março | J17: Março | Y17: =J17 -> Março | AH17: =Y17 -> Março
A18: KM (Rodados) | B18: 1ª Leitura | C18: 2ª Leitura | D18: 3ª Leitura | E18: 4ª Leitura | F18: 15 dias Rodados | G18: 30 dias Rodados | H18: Total Mensal | J18: DATA | K18: 46092 | L18: 46094 | M18: 46098 | N18: 46101 | O18: 46106 | P18: 46108 | Q18: 46112 | Y18: DATA | Z18: 46102 | AA18: 46109 | AH18: DATA
B19: 5306 | E19: 8003 | F19: =SUM(C19-B19) -> -5306 | G19: =SUM(E19-D19) -> 8003 | H19: =SUM(F19:G19) -> 2697 | J19: VALOR | K19: 283.01 | L19: 172.26 | M19: 277.02 | N19: 260.06 | O19: 286.64 | P19: 176.29 | Q19: 267.04 | Y19: VALOR | Z19: 60 | AA19: 60 | AH19: VALOR
T20: TOTAL | U20: =SUM(K19:U19) -> 1722.32 | AD20: TOTAL | AE20: =SUM(Z19:AE19) -> 120 | AM20: TOTAL | AN20: =SUM(AI19:AN19) -> 0
B21: Abril | J21: Abril | Y21: =J21 -> Abril | AH21: =Y21 -> Abril
A22: KM (Rodados) | B22: 1ª Leitura | C22: 2ª Leitura | D22: 3ª Leitura | E22: 4ª Leitura | F22: 15 dias Rodados | G22: 30 dias Rodados | H22: Total Mensal | J22: DATA | Y22: DATA | AH22: DATA
B23: 8003 | E23: 10360 | F23: =SUM(C23-B23) -> -8003 | G23: =SUM(E23-D23) -> 10360 | H23: =SUM(F23:G23) -> 2357 | J23: VALOR | Y23: VALOR | AH23: VALOR
T24: TOTAL | U24: =SUM(K23:U23) -> 0 | AD24: TOTAL | AE24: =SUM(Z23:AE23) -> 0 | AM24: TOTAL | AN24: =SUM(AI23:AN23) -> 0
B25: Maio | J25: Maio | Y25: =J25 -> Maio | AH25: =Y25 -> Maio
A26: KM (Rodados) | B26: 1ª Leitura | C26: 2ª Leitura | D26: 3ª Leitura | E26: 4ª Leitura | F26: 15 dias Rodados | G26: 30 dias Rodados | H26: Total Mensal | J26: DATA | Y26: DATA | AH26: DATA
B27: 10360 | E27: 13539 | F27: =SUM(C27-B27) -> -10360 | G27: =SUM(E27-D27) -> 13539 | H27: =SUM(F27:G27) -> 3179 | J27: VALOR | Y27: VALOR | AH27: VALOR
T28: TOTAL | U28: =SUM(K27:U27) -> 0 | AD28: TOTAL | AE28: =SUM(Z27:AE27) -> 0 | AM28: TOTAL | AN28: =SUM(AI27:AN27) -> 0
B29: Junho | J29: Junho | Y29: =J29 -> Junho | AH29: =Y29 -> Junho
A30: KM (Rodados) | B30: 1ª Leitura | C30: 2ª Leitura | D30: 3ª Leitura | E30: 4ª Leitura | F30: 15 dias Rodados | G30: 30 dias Rodados | H30: Total Mensal | J30: DATA | Y30: DATA | AH30: DATA
F31: =SUM(C31-B31) -> 0 | G31: =SUM(E31-D31) -> 0 | H31: =SUM(F31:G31) -> 0 | J31: VALOR | Y31: VALOR | AH31: VALOR
T32: TOTAL | U32: =SUM(K31:U31) -> 0 | AD32: TOTAL | AE32: =SUM(Z31:AE31) -> 0 | AM32: TOTAL | AN32: =SUM(AI31:AN31) -> 0
B33: Julho | J33: Julho | Y33: =J33 -> Julho | AH33: =Y33 -> Julho
A34: KM (Rodados) | B34: 1ª Leitura | C34: 2ª Leitura | D34: 3ª Leitura | E34: 4ª Leitura | F34: 15 dias Rodados | G34: 30 dias Rodados | H34: Total Mensal | J34: DATA | Y34: DATA | AH34: DATA
F35: =SUM(C35-B35) -> 0 | G35: =SUM(E35-D35) -> 0 | H35: =SUM(F35:G35) -> 0 | J35: VALOR | Y35: VALOR | AH35: VALOR
T36: TOTAL | U36: =SUM(K35:U35) -> 0 | AD36: TOTAL | AE36: =SUM(Z35:AE35) -> 0 | AM36: TOTAL | AN36: =SUM(AI35:AN35) -> 0
B37: Agosto | J37: Agosto | Y37: =J37 -> Agosto | AH37: =Y37 -> Agosto
A38: KM (Rodados) | B38: 1ª Leitura | C38: 2ª Leitura | D38: 3ª Leitura | E38: 4ª Leitura | F38: 15 dias Rodados | G38: 30 dias Rodados | H38: Total Mensal | J38: DATA | Y38: DATA | AH38: DATA
F39: =SUM(C39-B39) -> 0 | G39: =SUM(E39-D39) -> 0 | H39: =SUM(F39:G39) -> 0 | J39: VALOR | Y39: VALOR | AH39: VALOR
T40: TOTAL | U40: =SUM(K39:U39) -> 0 | AD40: TOTAL | AE40: =SUM(Z39:AE39) -> 0 | AM40: TOTAL | AN40: =SUM(AI39:AN39) -> 0
B41: Setembro | J41: Setembro | Y41: =J41 -> Setembro | AH41: =Y41 -> Setembro
A42: KM (Rodados) | B42: 1ª Leitura | C42: 2ª Leitura | D42: 3ª Leitura | E42: 4ª Leitura | F42: 15 dias Rodados | G42: 30 dias Rodados | H42: Total Mensal | J42: DATA | Y42: DATA | AH42: DATA
F43: =SUM(C43-B43) -> 0 | G43: =SUM(E43-D43) -> 0 | H43: =SUM(F43:G43) -> 0 | J43: VALOR | Y43: VALOR | AH43: VALOR
T44: TOTAL | U44: =SUM(K43:U43) -> 0 | AD44: TOTAL | AE44: =SUM(Z43:AE43) -> 0 | AM44: TOTAL | AN44: =SUM(AI43:AN43) -> 0
B45: Outubro | J45: Outubro | Y45: =J45 -> Outubro | AH45: =Y45 -> Outubro
A46: KM (Rodados) | B46: 1ª Leitura | C46: 2ª Leitura | D46: 3ª Leitura | E46: 4ª Leitura | F46: 15 dias Rodados | G46: 30 dias Rodados | H46: Total Mensal | J46: DATA | Y46: DATA | AH46: DATA
F47: =SUM(C47-B47) -> 0 | G47: =SUM(E47-D47) -> 0 | H47: =SUM(F47:G47) -> 0 | J47: VALOR | Y47: VALOR | AH47: VALOR
T48: TOTAL | U48: =SUM(K47:U47) -> 0 | AD48: TOTAL | AE48: =SUM(Z47:AE47) -> 0 | AM48: TOTAL | AN48: =SUM(AI47:AN47) -> 0
B49: Novembro | J49: Novembro | Y49: =J49 -> Novembro | AH49: =Y49 -> Novembro
A50: KM (Rodados) | B50: 1ª Leitura | C50: 2ª Leitura | D50: 3ª Leitura | E50: 4ª Leitura | F50: 15 dias Rodados | G50: 30 dias Rodados | H50: Total Mensal | J50: DATA | Y50: DATA | AH50: DATA
F51: =SUM(C51-B51) -> 0 | G51: =SUM(E51-D51) -> 0 | H51: =SUM(F51:G51) -> 0 | J51: VALOR | Y51: VALOR | AH51: VALOR
T52: TOTAL | U52: =SUM(K51:U51) -> 0 | AD52: TOTAL | AE52: =SUM(Z51:AE51) -> 0 | AM52: TOTAL | AN52: =SUM(AI51:AN51) -> 0
B53: Dezembro | J53: Dezembro | Y53: =J53 -> Dezembro | AH53: =Y53 -> Dezembro
A54: KM (Rodados) | B54: 1ª Leitura | C54: 2ª Leitura | D54: 3ª Leitura | E54: 4ª Leitura | F54: 15 dias Rodados | G54: 30 dias Rodados | H54: Total Mensal | J54: DATA | Y54: DATA | AH54: DATA
F55: =SUM(C55-B55) -> 0 | G55: =SUM(E55-D55) -> 0 | H55: =SUM(F55:G55) -> 0 | J55: VALOR | Y55: VALOR | AH55: VALOR
T56: TOTAL | U56: =SUM(K55:U55) -> 0 | AD56: TOTAL | AE56: =SUM(Z55:AE55) -> 0 | AM56: TOTAL | AN56: =SUM(AI55:AN55) -> 0

Sheet Railson
A2: Veiculo | B2: Renegade | D2: Placa: | E2: TDX0E39 | H2: KM | I2: 4500
A3: Substituição (data) | D3: Placa: | H3: Modelo
A4: Contrato de Locação | B4: 4144 | D4: Rastreador | E4: Unidas - 3s | H4: Data Mob | I4: 46132
A7: REGISTRO DE KM | J7: ABASTECIMENTO | Y7: LAVA_RAPIDO | AH7: BORRACHARIA
B9: Fevereiro | J9: Fevereiro | Y9: Fevereiro | AH9: Fevereiro
A10: KM (Rodados) | B10: 1ª Leitura | C10: 2ª Leitura | D10: 3ª Leitura | E10: 4ª Leitura | F10: 15 dias Rodados | G10: 30 dias Rodados | H10: Total Mensal | J10: DATA | Y10: DATA | AH10: DATA
F11: =SUM(C11-B11) -> 0 | G11: =SUM(E11-D11) -> 0 | H11: =SUM(F11:G11) -> 0 | J11: VALOR | Y11: VALOR | AH11: VALOR
T12: TOTAL | U12: =SUM(K11:U11) -> 0 | AD12: TOTAL | AE12: =SUM(Z11:AE11) -> 0 | AM12: TOTAL | AN12: =SUM(AI11:AN11) -> 0
B13: Março | J13: Março | Y13: =J13 -> Março | AH13: =Y13 -> Março
A14: KM (Rodados) | B14: 1ª Leitura | C14: 2ª Leitura | D14: 3ª Leitura | E14: 4ª Leitura | F14: 15 dias Rodados | G14: 30 dias Rodados | H14: Total Mensal | J14: DATA | Y14: DATA | AH14: DATA
F15: =SUM(C15-B15) -> 0 | G15: =SUM(E15-D15) -> 0 | H15: =SUM(F15:G15) -> 0 | J15: VALOR | Y15: VALOR | AH15: VALOR
T16: TOTAL | U16: =SUM(K15:U15) -> 0 | AD16: TOTAL | AE16: =SUM(Z15:AE15) -> 0 | AM16: TOTAL | AN16: =SUM(AI15:AN15) -> 0
B17: Abril | J17: Abril | Y17: =J17 -> Abril | AH17: =Y17 -> Abril
A18: KM (Rodados) | B18: 1ª Leitura | C18: 2ª Leitura | D18: 3ª Leitura | E18: 4ª Leitura | F18: 15 dias Rodados | G18: 30 dias Rodados | H18: Total Mensal | J18: DATA | Y18: DATA | AH18: DATA
D19: 29400 | E19: 30055 | F19: =SUM(C19-B19) -> 0 | G19: =SUM(E19-D19) -> 655 | H19: =SUM(F19:G19) -> 655 | J19: VALOR | Y19: VALOR | AH19: VALOR
T20: TOTAL | U20: =SUM(K19:U19) -> 0 | AD20: TOTAL | AE20: =SUM(Z19:AE19) -> 0 | AM20: TOTAL | AN20: =SUM(AI19:AN19) -> 0
B21: Maio | J21: Maio | Y21: =J21 -> Maio | AH21: =Y21 -> Maio
A22: KM (Rodados) | B22: 1ª Leitura | C22: 2ª Leitura | D22: 3ª Leitura | E22: 4ª Leitura | F22: 15 dias Rodados | G22: 30 dias Rodados | H22: Total Mensal | J22: DATA | Y22: DATA | AH22: DATA
B23: 30055 | E23: 32310 | F23: =SUM(C23-B23) -> -30055 | G23: =SUM(E23-D23) -> 32310 | H23: =SUM(F23:G23) -> 2255 | J23: VALOR | Y23: VALOR | AH23: VALOR
T24: TOTAL | U24: =SUM(K23:U23) -> 0 | AD24: TOTAL | AE24: =SUM(Z23:AE23) -> 0 | AM24: TOTAL | AN24: =SUM(AI23:AN23) -> 0
B25: Junho | J25: Junho | Y25: =J25 -> Junho | AH25: =Y25 -> Junho
A26: KM (Rodados) | B26: 1ª Leitura | C26: 2ª Leitura | D26: 3ª Leitura | E26: 4ª Leitura | F26: 15 dias Rodados | G26: 30 dias Rodados | H26: Total Mensal | J26: DATA | Y26: DATA | AH26: DATA
F27: =SUM(C27-B27) -> 0 | G27: =SUM(E27-D27) -> 0 | H27: =SUM(F27:G27) -> 0 | J27: VALOR | Y27: VALOR | AH27: VALOR
T28: TOTAL | U28: =SUM(K27:U27) -> 0 | AD28: TOTAL | AE28: =SUM(Z27:AE27) -> 0 | AM28: TOTAL | AN28: =SUM(AI27:AN27) -> 0
B29: Julho | J29: Julho | Y29: =J29 -> Julho | AH29: =Y29 -> Julho
A30: KM (Rodados) | B30: 1ª Leitura | C30: 2ª Leitura | D30: 3ª Leitura | E30: 4ª Leitura | F30: 15 dias Rodados | G30: 30 dias Rodados | H30: Total Mensal | J30: DATA | Y30: DATA | AH30: DATA
F31: =SUM(C31-B31) -> 0 | G31: =SUM(E31-D31) -> 0 | H31: =SUM(F31:G31) -> 0 | J31: VALOR | Y31: VALOR | AH31: VALOR
T32: TOTAL | U32: =SUM(K31:U31) -> 0 | AD32: TOTAL | AE32: =SUM(Z31:AE31) -> 0 | AM32: TOTAL | AN32: =SUM(AI31:AN31) -> 0
B33: Agosto | J33: Agosto | Y33: =J33 -> Agosto | AH33: =Y33 -> Agosto
A34: KM (Rodados) | B34: 1ª Leitura | C34: 2ª Leitura | D34: 3ª Leitura | E34: 4ª Leitura | F34: 15 dias Rodados | G34: 30 dias Rodados | H34: Total Mensal | J34: DATA | Y34: DATA | AH34: DATA
F35: =SUM(C35-B35) -> 0 | G35: =SUM(E35-D35) -> 0 | H35: =SUM(F35:G35) -> 0 | J35: VALOR | Y35: VALOR | AH35: VALOR
T36: TOTAL | U36: =SUM(K35:U35) -> 0 | AD36: TOTAL | AE36: =SUM(Z35:AE35) -> 0 | AM36: TOTAL | AN36: =SUM(AI35:AN35) -> 0
B37: Setembro | J37: Setembro | Y37: =J37 -> Setembro | AH37: =Y37 -> Setembro
A38: KM (Rodados) | B38: 1ª Leitura | C38: 2ª Leitura | D38: 3ª Leitura | E38: 4ª Leitura | F38: 15 dias Rodados | G38: 30 dias Rodados | H38: Total Mensal | J38: DATA | Y38: DATA | AH38: DATA
F39: =SUM(C39-B39) -> 0 | G39: =SUM(E39-D39) -> 0 | H39: =SUM(F39:G39) -> 0 | J39: VALOR | Y39: VALOR | AH39: VALOR
T40: TOTAL | U40: =SUM(K39:U39) -> 0 | AD40: TOTAL | AE40: =SUM(Z39:AE39) -> 0 | AM40: TOTAL | AN40: =SUM(AI39:AN39) -> 0
B41: Outubro | J41: Outubro | Y41: =J41 -> Outubro | AH41: =Y41 -> Outubro
A42: KM (Rodados) | B42: 1ª Leitura | C42: 2ª Leitura | D42: 3ª Leitura | E42: 4ª Leitura | F42: 15 dias Rodados | G42: 30 dias Rodados | H42: Total Mensal | J42: DATA | Y42: DATA | AH42: DATA
F43: =SUM(C43-B43) -> 0 | G43: =SUM(E43-D43) -> 0 | H43: =SUM(F43:G43) -> 0 | J43: VALOR | Y43: VALOR | AH43: VALOR
T44: TOTAL | U44: =SUM(K43:U43) -> 0 | AD44: TOTAL | AE44: =SUM(Z43:AE43) -> 0 | AM44: TOTAL | AN44: =SUM(AI43:AN43) -> 0
B45: Novembro | J45: Novembro | Y45: =J45 -> Novembro | AH45: =Y45 -> Novembro
A46: KM (Rodados) | B46: 1ª Leitura | C46: 2ª Leitura | D46: 3ª Leitura | E46: 4ª Leitura | F46: 15 dias Rodados | G46: 30 dias Rodados | H46: Total Mensal | J46: DATA | Y46: DATA | AH46: DATA
F47: =SUM(C47-B47) -> 0 | G47: =SUM(E47-D47) -> 0 | H47: =SUM(F47:G47) -> 0 | J47: VALOR | Y47: VALOR | AH47: VALOR
T48: TOTAL | U48: =SUM(K47:U47) -> 0 | AD48: TOTAL | AE48: =SUM(Z47:AE47) -> 0 | AM48: TOTAL | AN48: =SUM(AI47:AN47) -> 0
B49: Dezembro | J49: Dezembro | Y49: =J49 -> Dezembro | AH49: =Y49 -> Dezembro
A50: KM (Rodados) | B50: 1ª Leitura | C50: 2ª Leitura | D50: 3ª Leitura | E50: 4ª Leitura | F50: 15 dias Rodados | G50: 30 dias Rodados | H50: Total Mensal | J50: DATA | Y50: DATA | AH50: DATA
F51: =SUM(C51-B51) -> 0 | G51: =SUM(E51-D51) -> 0 | H51: =SUM(F51:G51) -> 0 | J51: VALOR | Y51: VALOR | AH51: VALOR
T52: TOTAL | U52: =SUM(K51:U51) -> 0 | AD52: TOTAL | AE52: =SUM(Z51:AE51) -> 0 | AM52: TOTAL | AN52: =SUM(AI51:AN51) -> 0

Sheet Assibi
A2: Veiculo | B2: Tracker | D2: Placa: | E2: TEU0E77 | H2: KM | I2: 3000
A3: Substituição (data) | D3: Placa: | H3: Modelo
A4: Contrato de Locação | B4: 4040.5 | D4: Rastreador | E4: 45 | H4: Data Mob | I4: 46180
A7: REGISTRO DE KM | J7: ABASTECIMENTO | Y7: LAVA_RAPIDO | AH7: BORRACHARIA
B9: Fevereiro | J9: Fevereiro | Y9: Fevereiro | AH9: Fevereiro
A10: KM (Rodados) | B10: 1ª Leitura | C10: 2ª Leitura | D10: 3ª Leitura | E10: 4ª Leitura | F10: 15 dias Rodados | G10: 30 dias Rodados | H10: Total Mensal | J10: DATA | Y10: DATA | AH10: DATA
F11: =SUM(C11-B11) -> 0 | G11: =SUM(E11-D11) -> 0 | H11: =SUM(F11:G11) -> 0 | J11: VALOR | Y11: VALOR | AH11: VALOR
T12: TOTAL | U12: =SUM(K11:U11) -> 0 | AD12: TOTAL | AE12: =SUM(Z11:AE11) -> 0 | AM12: TOTAL | AN12: =SUM(AI11:AN11) -> 0
B13: Março | J13: Março | Y13: =J13 -> Março | AH13: =Y13 -> Março
A14: KM (Rodados) | B14: 1ª Leitura | C14: 2ª Leitura | D14: 3ª Leitura | E14: 4ª Leitura | F14: 15 dias Rodados | G14: 30 dias Rodados | H14: Total Mensal | J14: DATA | Y14: DATA | AH14: DATA
F15: =SUM(C15-B15) -> 0 | G15: =SUM(E15-D15) -> 0 | H15: =SUM(F15:G15) -> 0 | J15: VALOR | Y15: VALOR | AH15: VALOR
T16: TOTAL | U16: =SUM(K15:U15) -> 0 | AD16: TOTAL | AE16: =SUM(Z15:AE15) -> 0 | AM16: TOTAL | AN16: =SUM(AI15:AN15) -> 0
B17: Abril | J17: Abril | Y17: =J17 -> Abril | AH17: =Y17 -> Abril
A18: KM (Rodados) | B18: 1ª Leitura | C18: 2ª Leitura | D18: 3ª Leitura | E18: 4ª Leitura | F18: 15 dias Rodados | G18: 30 dias Rodados | H18: Total Mensal | J18: DATA | Y18: DATA | AH18: DATA
F19: =SUM(C19-B19) -> 0 | G19: =SUM(E19-D19) -> 0 | H19: =SUM(F19:G19) -> 0 | J19: VALOR | Y19: VALOR | AH19: VALOR
T20: TOTAL | U20: =SUM(K19:U19) -> 0 | AD20: TOTAL | AE20: =SUM(Z19:AE19) -> 0 | AM20: TOTAL | AN20: =SUM(AI19:AN19) -> 0
B21: Maio | J21: Maio | Y21: =J21 -> Maio | AH21: =Y21 -> Maio
A22: KM (Rodados) | B22: 1ª Leitura | C22: 2ª Leitura | D22: 3ª Leitura | E22: 4ª Leitura | F22: 15 dias Rodados | G22: 30 dias Rodados | H22: Total Mensal | J22: DATA | Y22: DATA | AH22: DATA
F23: =SUM(C23-B23) -> 0 | G23: =SUM(E23-D23) -> 0 | H23: =SUM(F23:G23) -> 0 | J23: VALOR | Y23: VALOR | AH23: VALOR
T24: TOTAL | U24: =SUM(K23:U23) -> 0 | AD24: TOTAL | AE24: =SUM(Z23:AE23) -> 0 | AM24: TOTAL | AN24: =SUM(AI23:AN23) -> 0
B25: Junho | J25: Junho | Y25: =J25 -> Junho | AH25: =Y25 -> Junho
A26: KM (Rodados) | B26: 1ª Leitura | C26: 2ª Leitura | D26: 3ª Leitura | E26: 4ª Leitura | F26: 15 dias Rodados | G26: 30 dias Rodados | H26: Total Mensal | J26: DATA | Y26: DATA | AH26: DATA
B27: 22542 | F27: =SUM(C27-B27) -> -22542 | G27: =SUM(E27-D27) -> 0 | H27: =SUM(F27:G27) -> -22542 | J27: VALOR | Y27: VALOR | AH27: VALOR
T28: TOTAL | U28: =SUM(K27:U27) -> 0 | AD28: TOTAL | AE28: =SUM(Z27:AE27) -> 0 | AM28: TOTAL | AN28: =SUM(AI27:AN27) -> 0
B29: Julho | J29: Julho | Y29: =J29 -> Julho | AH29: =Y29 -> Julho
A30: KM (Rodados) | B30: 1ª Leitura | C30: 2ª Leitura | D30: 3ª Leitura | E30: 4ª Leitura | F30: 15 dias Rodados | G30: 30 dias Rodados | H30: Total Mensal | J30: DATA | Y30: DATA | AH30: DATA
F31: =SUM(C31-B31) -> 0 | G31: =SUM(E31-D31) -> 0 | H31: =SUM(F31:G31) -> 0 | J31: VALOR | Y31: VALOR | AH31: VALOR
T32: TOTAL | U32: =SUM(K31:U31) -> 0 | AD32: TOTAL | AE32: =SUM(Z31:AE31) -> 0 | AM32: TOTAL | AN32: =SUM(AI31:AN31) -> 0
B33: Agosto | J33: Agosto | Y33: =J33 -> Agosto | AH33: =Y33 -> Agosto
A34: KM (Rodados) | B34: 1ª Leitura | C34: 2ª Leitura | D34: 3ª Leitura | E34: 4ª Leitura | F34: 15 dias Rodados | G34: 30 dias Rodados | H34: Total Mensal | J34: DATA | Y34: DATA | AH34: DATA
F35: =SUM(C35-B35) -> 0 | G35: =SUM(E35-D35) -> 0 | H35: =SUM(F35:G35) -> 0 | J35: VALOR | Y35: VALOR | AH35: VALOR
T36: TOTAL | U36: =SUM(K35:U35) -> 0 | AD36: TOTAL | AE36: =SUM(Z35:AE35) -> 0 | AM36: TOTAL | AN36: =SUM(AI35:AN35) -> 0
B37: Setembro | J37: Setembro | Y37: =J37 -> Setembro | AH37: =Y37 -> Setembro
A38: KM (Rodados) | B38: 1ª Leitura | C38: 2ª Leitura | D38: 3ª Leitura | E38: 4ª Leitura | F38: 15 dias Rodados | G38: 30 dias Rodados | H38: Total Mensal | J38: DATA | Y38: DATA | AH38: DATA
F39: =SUM(C39-B39) -> 0 | G39: =SUM(E39-D39) -> 0 | H39: =SUM(F39:G39) -> 0 | J39: VALOR | Y39: VALOR | AH39: VALOR
T40: TOTAL | U40: =SUM(K39:U39) -> 0 | AD40: TOTAL | AE40: =SUM(Z39:AE39) -> 0 | AM40: TOTAL | AN40: =SUM(AI39:AN39) -> 0
B41: Outubro | J41: Outubro | Y41: =J41 -> Outubro | AH41: =Y41 -> Outubro
A42: KM (Rodados) | B42: 1ª Leitura | C42: 2ª Leitura | D42: 3ª Leitura | E42: 4ª Leitura | F42: 15 dias Rodados | G42: 30 dias Rodados | H42: Total Mensal | J42: DATA | Y42: DATA | AH42: DATA
F43: =SUM(C43-B43) -> 0 | G43: =SUM(E43-D43) -> 0 | H43: =SUM(F43:G43) -> 0 | J43: VALOR | Y43: VALOR | AH43: VALOR
T44: TOTAL | U44: =SUM(K43:U43) -> 0 | AD44: TOTAL | AE44: =SUM(Z43:AE43) -> 0 | AM44: TOTAL | AN44: =SUM(AI43:AN43) -> 0
B45: Novembro | J45: Novembro | Y45: =J45 -> Novembro | AH45: =Y45 -> Novembro
A46: KM (Rodados) | B46: 1ª Leitura | C46: 2ª Leitura | D46: 3ª Leitura | E46: 4ª Leitura | F46: 15 dias Rodados | G46: 30 dias Rodados | H46: Total Mensal | J46: DATA | Y46: DATA | AH46: DATA
F47: =SUM(C47-B47) -> 0 | G47: =SUM(E47-D47) -> 0 | H47: =SUM(F47:G47) -> 0 | J47: VALOR | Y47: VALOR | AH47: VALOR
T48: TOTAL | U48: =SUM(K47:U47) -> 0 | AD48: TOTAL | AE48: =SUM(Z47:AE47) -> 0 | AM48: TOTAL | AN48: =SUM(AI47:AN47) -> 0
B49: Dezembro | J49: Dezembro | Y49: =J49 -> Dezembro | AH49: =Y49 -> Dezembro
A50: KM (Rodados) | B50: 1ª Leitura | C50: 2ª Leitura | D50: 3ª Leitura | E50: 4ª Leitura | F50: 15 dias Rodados | G50: 30 dias Rodados | H50: Total Mensal | J50: DATA | Y50: DATA | AH50: DATA
F51: =SUM(C51-B51) -> 0 | G51: =SUM(E51-D51) -> 0 | H51: =SUM(F51:G51) -> 0 | J51: VALOR | Y51: VALOR | AH51: VALOR
T52: TOTAL | U52: =SUM(K51:U51) -> 0 | AD52: TOTAL | AE52: =SUM(Z51:AE51) -> 0 | AM52: TOTAL | AN52: =SUM(AI51:AN51) -> 0

Sheet Diego Parisio-Desmob
A2: Veiculo | B2: T-Cross | D2: Placa: | E2: SWH5H35 | H2: KM | I2: 3000
A3: Troca de Condutor | B3: 46094 | D3: Placa: | E3: SWH5H35 | H3: Condutores | I3: Iranildo para Diego Parisio
A4: Contrato de Locação | B4: 3837 | D4: Rastreador | E4: 45 | H4: Data mob. | I4: 45922 | J4: Data Desmob. | K4: 46122
A7: REGISTRO DE KM | J7: ABASTECIMENTO | W7: LAVA_RAPIDO | AE7: BORRACHARIA
B9: Fevereiro | J9: Fevereiro | W9: Fevereiro | AE9: Fevereiro
A10: KM (Rodados) | B10: 1ª Leitura | C10: 2ª Leitura | D10: 3ª Leitura | E10: 4ª Leitura | F10: 15 dias Rodados | G10: 30 dias Rodados | H10: Total Mensal | J10: DATA | W10: DATA | AE10: DATA
F11: =SUM(C11-B11) -> 0 | G11: =SUM(E11-D11) -> 0 | H11: =SUM(F11:G11) -> 0 | J11: VALOR | W11: VALOR | AE11: VALOR
T12: TOTAL | U12: =SUM(K11:U11) -> 0 | AB12: TOTAL | AC12: =SUM(X11:AC11) -> 0 | AJ12: TOTAL | AK12: =SUM(AF11:AK11) -> 0
B13: Março | J13: Março | W13: =J13 -> Março | AE13: =W13 -> Março
A14: KM (Rodados) | B14: 1ª Leitura | C14: 2ª Leitura | D14: 3ª Leitura | E14: 4ª Leitura | F14: 15 dias Rodados | G14: 30 dias Rodados | H14: Total Mensal | J14: DATA | W14: DATA | AE14: DATA
F15: =SUM(C15-B15) -> 0 | G15: =SUM(E15-D15) -> 0 | H15: =SUM(F15:G15) -> 0 | J15: VALOR | W15: VALOR | AE15: VALOR
T16: TOTAL | U16: =SUM(K15:U15) -> 0 | AB16: TOTAL | AC16: =SUM(X15:AC15) -> 0 | AJ16: TOTAL | AK16: =SUM(AF15:AK15) -> 0
B17: Abril | J17: Abril | W17: =J17 -> Abril | AE17: =W17 -> Abril
A18: KM (Rodados) | B18: 1ª Leitura | C18: 2ª Leitura | D18: 3ª Leitura | E18: 4ª Leitura | F18: 15 dias Rodados | G18: 30 dias Rodados | H18: Total Mensal | J18: DATA | W18: DATA | AE18: DATA
F19: =SUM(C19-B19) -> 0 | G19: =SUM(E19-D19) -> 0 | H19: =SUM(F19:G19) -> 0 | J19: VALOR | W19: VALOR | AE19: VALOR
T20: TOTAL | U20: =SUM(K19:U19) -> 0 | AB20: TOTAL | AC20: =SUM(X19:AC19) -> 0 | AJ20: TOTAL | AK20: =SUM(AF19:AK19) -> 0
B21: Maio | J21: Maio | W21: =J21 -> Maio | AE21: =W21 -> Maio
A22: KM (Rodados) | B22: 1ª Leitura | C22: 2ª Leitura | D22: 3ª Leitura | E22: 4ª Leitura | F22: 15 dias Rodados | G22: 30 dias Rodados | H22: Total Mensal | J22: DATA | W22: DATA | AE22: DATA
F23: =SUM(C23-B23) -> 0 | G23: =SUM(E23-D23) -> 0 | H23: =SUM(F23:G23) -> 0 | J23: VALOR | W23: VALOR | AE23: VALOR
T24: TOTAL | U24: =SUM(K23:U23) -> 0 | AB24: TOTAL | AC24: =SUM(X23:AC23) -> 0 | AJ24: TOTAL | AK24: =SUM(AF23:AK23) -> 0
B25: Junho | J25: Junho | W25: =J25 -> Junho | AE25: =W25 -> Junho
A26: KM (Rodados) | B26: 1ª Leitura | C26: 2ª Leitura | D26: 3ª Leitura | E26: 4ª Leitura | F26: 15 dias Rodados | G26: 30 dias Rodados | H26: Total Mensal | J26: DATA | W26: DATA | AE26: DATA
F27: =SUM(C27-B27) -> 0 | G27: =SUM(E27-D27) -> 0 | H27: =SUM(F27:G27) -> 0 | J27: VALOR | W27: VALOR | AE27: VALOR
T28: TOTAL | U28: =SUM(K27:U27) -> 0 | AB28: TOTAL | AC28: =SUM(X27:AC27) -> 0 | AJ28: TOTAL | AK28: =SUM(AF27:AK27) -> 0
B29: Julho | J29: Julho | W29: =J29 -> Julho | AE29: =W29 -> Julho
A30: KM (Rodados) | B30: 1ª Leitura | C30: 2ª Leitura | D30: 3ª Leitura | E30: 4ª Leitura | F30: 15 dias Rodados | G30: 30 dias Rodados | H30: Total Mensal | J30: DATA | W30: DATA | AE30: DATA
F31: =SUM(C31-B31) -> 0 | G31: =SUM(E31-D31) -> 0 | H31: =SUM(F31:G31) -> 0 | J31: VALOR | W31: VALOR | AE31: VALOR
T32: TOTAL | U32: =SUM(K31:U31) -> 0 | AB32: TOTAL | AC32: =SUM(X31:AC31) -> 0 | AJ32: TOTAL | AK32: =SUM(AF31:AK31) -> 0
B33: Agosto | J33: Agosto | W33: =J33 -> Agosto | AE33: =W33 -> Agosto
A34: KM (Rodados) | B34: 1ª Leitura | C34: 2ª Leitura | D34: 3ª Leitura | E34: 4ª Leitura | F34: 15 dias Rodados | G34: 30 dias Rodados | H34: Total Mensal | J34: DATA | W34: DATA | AE34: DATA
F35: =SUM(C35-B35) -> 0 | G35: =SUM(E35-D35) -> 0 | H35: =SUM(F35:G35) -> 0 | J35: VALOR | W35: VALOR | AE35: VALOR
T36: TOTAL | U36: =SUM(K35:U35) -> 0 | AB36: TOTAL | AC36: =SUM(X35:AC35) -> 0 | AJ36: TOTAL | AK36: =SUM(AF35:AK35) -> 0
B37: Setembro | J37: Setembro | W37: =J37 -> Setembro | AE37: =W37 -> Setembro
A38: KM (Rodados) | B38: 1ª Leitura | C38: 2ª Leitura | D38: 3ª Leitura | E38: 4ª Leitura | F38: 15 dias Rodados | G38: 30 dias Rodados | H38: Total Mensal | J38: DATA | K38: 45926 | L38: 45930 | W38: DATA | AE38: DATA
D39: 38228 | E39: 39162 | F39: =SUM(C39-B39) -> 0 | G39: =SUM(E39-D39) -> 934 | H39: =SUM(F39:G39) -> 934 | J39: VALOR | K39: 252.53 | L39: 262.28 | W39: VALOR | AE39: VALOR
T40: TOTAL | U40: =SUM(K39:U39) -> 514.81 | AB40: TOTAL | AC40: =SUM(X39:AC39) -> 0 | AJ40: TOTAL | AK40: =SUM(AF39:AK39) -> 0
B41: Outubro | J41: Outubro | W41: =J41 -> Outubro | AE41: =W41 -> Outubro
A42: KM (Rodados) | B42: 1ª Leitura | C42: 2ª Leitura | D42: 3ª Leitura | E42: 4ª Leitura | F42: 15 dias Rodados | G42: 30 dias Rodados | H42: Total Mensal | J42: DATA | K42: 45937 | L42: 45939 | M42: 45947 | N42: 45953 | O42: 45957 | P42: 45960 | W42: DATA | AE42: DATA | AF42: 45938
B43: 39162 | C43: 41328 | D43: 41328 | E43: 43748 | F43: =SUM(C43-B43) -> 2166 | G43: =SUM(E43-D43) -> 2420 | H43: =SUM(F43:G43) -> 4586 | J43: VALOR | K43: 255.21 | L43: 195.01 | M43: 253.81 | N43: 292.68 | O43: 263.38 | P43: 307.87 | W43: VALOR | AE43: VALOR | AF43: 50
T44: TOTAL | U44: =SUM(K43:U43) -> 1567.96 | AB44: TOTAL | AC44: =SUM(X43:AC43) -> 0 | AJ44: TOTAL | AK44: =SUM(AF43:AK43) -> 50
B45: Novembro | J45: Novembro | W45: =J45 -> Novembro | AE45: =W45 -> Novembro
A46: KM (Rodados) | B46: 1ª Leitura | C46: 2ª Leitura | D46: 3ª Leitura | E46: 4ª Leitura | F46: 15 dias Rodados | G46: 30 dias Rodados | H46: Total Mensal | J46: DATA | K46: 45972 | L46: 45975 | M46: 45979 | N46: 45985 | O46: 45987 | W46: DATA | X46: 45972 | Y46: 45983 | AE46: DATA
B47: 43748 | C47: 44541 | D47: 44541 | E47: 46103 | F47: =SUM(C47-B47) -> 793 | G47: =SUM(E47-D47) -> 1562 | H47: =SUM(F47:G47) -> 2355 | J47: VALOR | K47: 240.67 | L47: 287.1 | M47: 225.92 | N47: 261.52 | O47: 221.35 | W47: VALOR | X47: 55 | Y47: 60 | AE47: VALOR
T48: TOTAL | U48: =SUM(K47:U47) -> 1236.56 | AB48: TOTAL | AC48: =SUM(X47:AC47) -> 115 | AJ48: TOTAL | AK48: =SUM(AF47:AK47) -> 0
B49: Dezembro | J49: Dezembro | W49: =J49 -> Dezembro | AE49: =W49 -> Dezembro
A50: KM (Rodados) | B50: 1ª Leitura | C50: 2ª Leitura | D50: 3ª Leitura | E50: 4ª Leitura | F50: 15 dias Rodados | G50: 30 dias Rodados | H50: Total Mensal | J50: DATA | K50: 45994 | L50: 46002 | M50: 46007 | N50: 46014 | W50: DATA | X50: 46003 | AE50: DATA
B51: 46103 | C51: 47425 | D51: 47425 | E51: 48251 | F51: =SUM(C51-B51) -> 1322 | G51: =SUM(E51-D51) -> 826 | H51: =SUM(F51:G51) -> 2148 | J51: VALOR | K51: 257.07 | L51: 254.58 | M51: 250.09 | N51: 275 | W51: VALOR | X51: 60 | AE51: VALOR
T52: TOTAL | U52: =SUM(K51:U51) -> 1036.74 | AB52: TOTAL | AC52: =SUM(X51:AC51) -> 60 | AJ52: TOTAL | AK52: =SUM(AF51:AK51) -> 0
A53: 2026 | B53: Janeiro | J53: Janeiro | Y53: Janeiro | AH53: Janeiro
A54: KM (Rodados) | B54: 1ª Leitura | C54: 2ª Leitura | D54: 3ª Leitura | E54: 4ª Leitura | F54: 15 dias Rodados | G54: 30 dias Rodados | H54: Total Mensal | J54: DATA | K54: 46028 | L54: 46030 | M54: 46035 | N54: 46038 | O54: 46042 | P54: 46044 | Q54: 46046 | R54: 46049 | S54: 46051 | Y54: DATA | AH54: DATA
B55: 48251 | C55: 49994 | D55: 49994 | E55: 52201 | F55: =SUM(C55-B55) -> 1743 | G55: =SUM(E55-D55) -> 2207 | H55: =SUM(F55:G55) -> 3950 | J55: VALOR | K55: 294.27 | L55: 220.01 | M55: 280 | N55: 259.03 | O55: 236.95 | P55: 200.03 | Q55: 186.58 | R55: 258 | S55: 206.9 | Y55: VALOR | AH55: VALOR
T56: TOTAL | U56: =SUM(K55:U55) -> 2141.77 | AD56: TOTAL | AE56: =SUM(Z55:AE55) -> 0 | AM56: TOTAL | AN56: =SUM(AI55:AN55) -> 0
B57: Fevereiro | J57: Fevereiro | Y57: Fevereiro | AH57: Fevereiro
A58: KM (Rodados) | B58: 1ª Leitura | C58: 2ª Leitura | D58: 3ª Leitura | E58: 4ª Leitura | F58: 15 dias Rodados | G58: 30 dias Rodados | H58: Total Mensal | J58: DATA | K58: 46056 | L58: 46058 | M58: 46063 | N58: 46065 | O58: 46067 | P58: 46070 | Y58: DATA | AH58: DATA
B59: 52201 | E59: 54579 | F59: =SUM(C59-B59) -> -52201 | G59: =SUM(E59-D59) -> 54579 | H59: =SUM(F59:G59) -> 2378 | J59: VALOR | K59: 274.5 | L59: 240.03 | M59: 160 | N59: 193.02 | O59: 182.03 | P59: 210.31 | Y59: VALOR | AH59: VALOR
T60: TOTAL | U60: =SUM(K59:U59) -> 1259.89 | AD60: TOTAL | AE60: =SUM(Z59:AE59) -> 0 | AM60: TOTAL | AN60: =SUM(AI59:AN59) -> 0
B61: Março | J61: Março | Y61: =J61 -> Março | AH61: =Y61 -> Março
A62: KM (Rodados) | B62: 1ª Leitura | C62: 2ª Leitura | D62: 3ª Leitura | E62: 4ª Leitura | F62: 15 dias Rodados | G62: 30 dias Rodados | H62: Total Mensal | J62: DATA | K62: 46086 | L62: 46088 | M62: 46093 | Y62: DATA | AH62: DATA
B63: 54579 | C63: 55705 | D63: 55705 | E63: 56948 | F63: =SUM(C63-B63) -> 1126 | G63: =SUM(E63-D63) -> 1243 | H63: =SUM(F63:G63) -> 2369 | J63: VALOR | K63: 247.08 | L63: 213.14 | M63: 316.02 | Y63: VALOR | AH63: VALOR
T64: TOTAL | U64: =SUM(K63:U63) -> 776.24 | AD64: TOTAL | AE64: =SUM(Z63:AE63) -> 0 | AM64: TOTAL | AN64: =SUM(AI63:AN63) -> 0
B65: Abril | J65: Abril | Y65: =J65 -> Abril | AH65: =Y65 -> Abril
A66: KM (Rodados) | B66: 1ª Leitura | C66: 2ª Leitura | D66: 3ª Leitura | E66: 4ª Leitura | F66: 15 dias Rodados | G66: 30 dias Rodados | H66: Total Mensal | J66: DATA | K66: 46119 | L66: 46121 | M66: 46122 | Y66: DATA | AH66: DATA
B67: 56948 | C67: 57468 | F67: =SUM(C67-B67) -> 520 | G67: =SUM(E67-D67) -> 0 | H67: =SUM(F67:G67) -> 520 | J67: VALOR | K67: 300 | L67: 265.72 | M67: 57.29 | Y67: VALOR | AH67: VALOR
T68: TOTAL | U68: =SUM(K67:U67) -> 623.01 | AD68: TOTAL | AE68: =SUM(Z67:AE67) -> 0 | AM68: TOTAL | AN68: =SUM(AI67:AN67) -> 0
B69: Maio | J69: Maio | Y69: =J69 -> Maio | AH69: =Y69 -> Maio
A70: KM (Rodados) | B70: 1ª Leitura | C70: 2ª Leitura | D70: 3ª Leitura | E70: 4ª Leitura | F70: 15 dias Rodados | G70: 30 dias Rodados | H70: Total Mensal | J70: DATA | Y70: DATA | AH70: DATA
F71: =SUM(C71-B71) -> 0 | G71: =SUM(E71-D71) -> 0 | H71: =SUM(F71:G71) -> 0 | J71: VALOR | Y71: VALOR | AH71: VALOR
T72: TOTAL | U72: =SUM(K71:U71) -> 0 | AD72: TOTAL | AE72: =SUM(Z71:AE71) -> 0 | AM72: TOTAL | AN72: =SUM(AI71:AN71) -> 0
B73: Junho | J73: Junho | Y73: =J73 -> Junho | AH73: =Y73 -> Junho
A74: KM (Rodados) | B74: 1ª Leitura | C74: 2ª Leitura | D74: 3ª Leitura | E74: 4ª Leitura | F74: 15 dias Rodados | G74: 30 dias Rodados | H74: Total Mensal | J74: DATA | Y74: DATA | AH74: DATA
F75: =SUM(C75-B75) -> 0 | G75: =SUM(E75-D75) -> 0 | H75: =SUM(F75:G75) -> 0 | J75: VALOR | Y75: VALOR | AH75: VALOR
T76: TOTAL | U76: =SUM(K75:U75) -> 0 | AD76: TOTAL | AE76: =SUM(Z75:AE75) -> 0 | AM76: TOTAL | AN76: =SUM(AI75:AN75) -> 0
B77: Julho | J77: Julho | Y77: =J77 -> Julho | AH77: =Y77 -> Julho
A78: KM (Rodados) | B78: 1ª Leitura | C78: 2ª Leitura | D78: 3ª Leitura | E78: 4ª Leitura | F78: 15 dias Rodados | G78: 30 dias Rodados | H78: Total Mensal | J78: DATA | Y78: DATA | AH78: DATA
F79: =SUM(C79-B79) -> 0 | G79: =SUM(E79-D79) -> 0 | H79: =SUM(F79:G79) -> 0 | J79: VALOR | Y79: VALOR | AH79: VALOR
T80: TOTAL | U80: =SUM(K79:U79) -> 0 | AD80: TOTAL | AE80: =SUM(Z79:AE79) -> 0 | AM80: TOTAL | AN80: =SUM(AI79:AN79) -> 0
B81: Agosto | J81: Agosto | Y81: =J81 -> Agosto | AH81: =Y81 -> Agosto
A82: KM (Rodados) | B82: 1ª Leitura | C82: 2ª Leitura | D82: 3ª Leitura | E82: 4ª Leitura | F82: 15 dias Rodados | G82: 30 dias Rodados | H82: Total Mensal | J82: DATA | Y82: DATA | AH82: DATA
F83: =SUM(C83-B83) -> 0 | G83: =SUM(E83-D83) -> 0 | H83: =SUM(F83:G83) -> 0 | J83: VALOR | Y83: VALOR | AH83: VALOR
T84: TOTAL | U84: =SUM(K83:U83) -> 0 | AD84: TOTAL | AE84: =SUM(Z83:AE83) -> 0 | AM84: TOTAL | AN84: =SUM(AI83:AN83) -> 0
B85: Setembro | J85: Setembro | Y85: =J85 -> Setembro | AH85: =Y85 -> Setembro
A86: KM (Rodados) | B86: 1ª Leitura | C86: 2ª Leitura | D86: 3ª Leitura | E86: 4ª Leitura | F86: 15 dias Rodados | G86: 30 dias Rodados | H86: Total Mensal | J86: DATA | Y86: DATA | AH86: DATA
F87: =SUM(C87-B87) -> 0 | G87: =SUM(E87-D87) -> 0 | H87: =SUM(F87:G87) -> 0 | J87: VALOR | Y87: VALOR | AH87: VALOR
T88: TOTAL | U88: =SUM(K87:U87) -> 0 | AD88: TOTAL | AE88: =SUM(Z87:AE87) -> 0 | AM88: TOTAL | AN88: =SUM(AI87:AN87) -> 0

Sheet CAR_11
A2: Veiculo | D2: Placa: | H2: Medição
A3: Substituição (data) | D3: Placa: | H3: Modelo
A4: Contrato de Locação | D4: Rastreador
A7: REGISTRO DE KM | J7: ABASTECIMENTO | Y7: LAVA_RAPIDO | AH7: BORRACHARIA
B9: Fevereiro | J9: Fevereiro | Y9: Fevereiro | AH9: Fevereiro
A10: KM (Rodados) | B10: 1ª Leitura | C10: 2ª Leitura | D10: 3ª Leitura | E10: 4ª Leitura | F10: 15 dias Rodados | G10: 30 dias Rodados | H10: Total Mensal | J10: DATA | Y10: DATA | AH10: DATA
F11: =SUM(C11-B11) -> 0 | G11: =SUM(E11-D11) -> 0 | H11: =SUM(F11:G11) -> 0 | J11: VALOR | Y11: VALOR | AH11: VALOR
T12: TOTAL | U12: =SUM(K11:U11) -> 0 | AD12: TOTAL | AE12: =SUM(Z11:AE11) -> 0 | AM12: TOTAL | AN12: =SUM(AI11:AN11) -> 0
B13: Março | J13: Março | Y13: =J13 -> Março | AH13: =Y13 -> Março
A14: KM (Rodados) | B14: 1ª Leitura | C14: 2ª Leitura | D14: 3ª Leitura | E14: 4ª Leitura | F14: 15 dias Rodados | G14: 30 dias Rodados | H14: Total Mensal | J14: DATA | Y14: DATA | AH14: DATA
F15: =SUM(C15-B15) -> 0 | G15: =SUM(E15-D15) -> 0 | H15: =SUM(F15:G15) -> 0 | J15: VALOR | Y15: VALOR | AH15: VALOR
T16: TOTAL | U16: =SUM(K15:U15) -> 0 | AD16: TOTAL | AE16: =SUM(Z15:AE15) -> 0 | AM16: TOTAL | AN16: =SUM(AI15:AN15) -> 0
B17: Abril | J17: Abril | Y17: =J17 -> Abril | AH17: =Y17 -> Abril
A18: KM (Rodados) | B18: 1ª Leitura | C18: 2ª Leitura | D18: 3ª Leitura | E18: 4ª Leitura | F18: 15 dias Rodados | G18: 30 dias Rodados | H18: Total Mensal | J18: DATA | Y18: DATA | AH18: DATA
F19: =SUM(C19-B19) -> 0 | G19: =SUM(E19-D19) -> 0 | H19: =SUM(F19:G19) -> 0 | J19: VALOR | Y19: VALOR | AH19: VALOR
T20: TOTAL | U20: =SUM(K19:U19) -> 0 | AD20: TOTAL | AE20: =SUM(Z19:AE19) -> 0 | AM20: TOTAL | AN20: =SUM(AI19:AN19) -> 0
B21: Maio | J21: Maio | Y21: =J21 -> Maio | AH21: =Y21 -> Maio
A22: KM (Rodados) | B22: 1ª Leitura | C22: 2ª Leitura | D22: 3ª Leitura | E22: 4ª Leitura | F22: 15 dias Rodados | G22: 30 dias Rodados | H22: Total Mensal | J22: DATA | Y22: DATA | AH22: DATA
F23: =SUM(C23-B23) -> 0 | G23: =SUM(E23-D23) -> 0 | H23: =SUM(F23:G23) -> 0 | J23: VALOR | Y23: VALOR | AH23: VALOR
T24: TOTAL | U24: =SUM(K23:U23) -> 0 | AD24: TOTAL | AE24: =SUM(Z23:AE23) -> 0 | AM24: TOTAL | AN24: =SUM(AI23:AN23) -> 0
B25: Junho | J25: Junho | Y25: =J25 -> Junho | AH25: =Y25 -> Junho
A26: KM (Rodados) | B26: 1ª Leitura | C26: 2ª Leitura | D26: 3ª Leitura | E26: 4ª Leitura | F26: 15 dias Rodados | G26: 30 dias Rodados | H26: Total Mensal | J26: DATA | Y26: DATA | AH26: DATA
F27: =SUM(C27-B27) -> 0 | G27: =SUM(E27-D27) -> 0 | H27: =SUM(F27:G27) -> 0 | J27: VALOR | Y27: VALOR | AH27: VALOR
T28: TOTAL | U28: =SUM(K27:U27) -> 0 | AD28: TOTAL | AE28: =SUM(Z27:AE27) -> 0 | AM28: TOTAL | AN28: =SUM(AI27:AN27) -> 0
B29: Julho | J29: Julho | Y29: =J29 -> Julho | AH29: =Y29 -> Julho
A30: KM (Rodados) | B30: 1ª Leitura | C30: 2ª Leitura | D30: 3ª Leitura | E30: 4ª Leitura | F30: 15 dias Rodados | G30: 30 dias Rodados | H30: Total Mensal | J30: DATA | Y30: DATA | AH30: DATA
F31: =SUM(C31-B31) -> 0 | G31: =SUM(E31-D31) -> 0 | H31: =SUM(F31:G31) -> 0 | J31: VALOR | Y31: VALOR | AH31: VALOR
T32: TOTAL | U32: =SUM(K31:U31) -> 0 | AD32: TOTAL | AE32: =SUM(Z31:AE31) -> 0 | AM32: TOTAL | AN32: =SUM(AI31:AN31) -> 0
B33: Agosto | J33: Agosto | Y33: =J33 -> Agosto | AH33: =Y33 -> Agosto
A34: KM (Rodados) | B34: 1ª Leitura | C34: 2ª Leitura | D34: 3ª Leitura | E34: 4ª Leitura | F34: 15 dias Rodados | G34: 30 dias Rodados | H34: Total Mensal | J34: DATA | Y34: DATA | AH34: DATA
F35: =SUM(C35-B35) -> 0 | G35: =SUM(E35-D35) -> 0 | H35: =SUM(F35:G35) -> 0 | J35: VALOR | Y35: VALOR | AH35: VALOR
T36: TOTAL | U36: =SUM(K35:U35) -> 0 | AD36: TOTAL | AE36: =SUM(Z35:AE35) -> 0 | AM36: TOTAL | AN36: =SUM(AI35:AN35) -> 0
B37: Setembro | J37: Setembro | Y37: =J37 -> Setembro | AH37: =Y37 -> Setembro
A38: KM (Rodados) | B38: 1ª Leitura | C38: 2ª Leitura | D38: 3ª Leitura | E38: 4ª Leitura | F38: 15 dias Rodados | G38: 30 dias Rodados | H38: Total Mensal | J38: DATA | Y38: DATA | AH38: DATA
F39: =SUM(C39-B39) -> 0 | G39: =SUM(E39-D39) -> 0 | H39: =SUM(F39:G39) -> 0 | J39: VALOR | Y39: VALOR | AH39: VALOR
T40: TOTAL | U40: =SUM(K39:U39) -> 0 | AD40: TOTAL | AE40: =SUM(Z39:AE39) -> 0 | AM40: TOTAL | AN40: =SUM(AI39:AN39) -> 0
B41: Outubro | J41: Outubro | Y41: =J41 -> Outubro | AH41: =Y41 -> Outubro
A42: KM (Rodados) | B42: 1ª Leitura | C42: 2ª Leitura | D42: 3ª Leitura | E42: 4ª Leitura | F42: 15 dias Rodados | G42: 30 dias Rodados | H42: Total Mensal | J42: DATA | Y42: DATA | AH42: DATA
F43: =SUM(C43-B43) -> 0 | G43: =SUM(E43-D43) -> 0 | H43: =SUM(F43:G43) -> 0 | J43: VALOR | Y43: VALOR | AH43: VALOR
T44: TOTAL | U44: =SUM(K43:U43) -> 0 | AD44: TOTAL | AE44: =SUM(Z43:AE43) -> 0 | AM44: TOTAL | AN44: =SUM(AI43:AN43) -> 0
B45: Novembro | J45: Novembro | Y45: =J45 -> Novembro | AH45: =Y45 -> Novembro
A46: KM (Rodados) | B46: 1ª Leitura | C46: 2ª Leitura | D46: 3ª Leitura | E46: 4ª Leitura | F46: 15 dias Rodados | G46: 30 dias Rodados | H46: Total Mensal | J46: DATA | Y46: DATA | AH46: DATA
F47: =SUM(C47-B47) -> 0 | G47: =SUM(E47-D47) -> 0 | H47: =SUM(F47:G47) -> 0 | J47: VALOR | Y47: VALOR | AH47: VALOR
T48: TOTAL | U48: =SUM(K47:U47) -> 0 | AD48: TOTAL | AE48: =SUM(Z47:AE47) -> 0 | AM48: TOTAL | AN48: =SUM(AI47:AN47) -> 0
B49: Dezembro | J49: Dezembro | Y49: =J49 -> Dezembro | AH49: =Y49 -> Dezembro
A50: KM (Rodados) | B50: 1ª Leitura | C50: 2ª Leitura | D50: 3ª Leitura | E50: 4ª Leitura | F50: 15 dias Rodados | G50: 30 dias Rodados | H50: Total Mensal | J50: DATA | Y50: DATA | AH50: DATA
F51: =SUM(C51-B51) -> 0 | G51: =SUM(E51-D51) -> 0 | H51: =SUM(F51:G51) -> 0 | J51: VALOR | Y51: VALOR | AH51: VALOR
T52: TOTAL | U52: =SUM(K51:U51) -> 0 | AD52: TOTAL | AE52: =SUM(Z51:AE51) -> 0 | AM52: TOTAL | AN52: =SUM(AI51:AN51) -> 0

Sheet CAR_12
A2: Veiculo | D2: Placa: | H2: Medição
A3: Substituição (data) | D3: Placa: | H3: Modelo
A4: Contrato de Locação | D4: Rastreador
A7: REGISTRO DE KM | J7: ABASTECIMENTO | Y7: LAVA_RAPIDO | AH7: BORRACHARIA
B9: Fevereiro | J9: Fevereiro | Y9: Fevereiro | AH9: Fevereiro
A10: KM (Rodados) | B10: 1ª Leitura | C10: 2ª Leitura | D10: 3ª Leitura | E10: 4ª Leitura | F10: 15 dias Rodados | G10: 30 dias Rodados | H10: Total Mensal | J10: DATA | Y10: DATA | AH10: DATA
F11: =SUM(C11-B11) -> 0 | G11: =SUM(E11-D11) -> 0 | H11: =SUM(F11:G11) -> 0 | J11: VALOR | Y11: VALOR | AH11: VALOR
T12: TOTAL | U12: =SUM(K11:U11) -> 0 | AD12: TOTAL | AE12: =SUM(Z11:AE11) -> 0 | AM12: TOTAL | AN12: =SUM(AI11:AN11) -> 0
B13: Março | J13: Março | Y13: =J13 -> Março | AH13: =Y13 -> Março
A14: KM (Rodados) | B14: 1ª Leitura | C14: 2ª Leitura | D14: 3ª Leitura | E14: 4ª Leitura | F14: 15 dias Rodados | G14: 30 dias Rodados | H14: Total Mensal | J14: DATA | Y14: DATA | AH14: DATA
F15: =SUM(C15-B15) -> 0 | G15: =SUM(E15-D15) -> 0 | H15: =SUM(F15:G15) -> 0 | J15: VALOR | Y15: VALOR | AH15: VALOR
T16: TOTAL | U16: =SUM(K15:U15) -> 0 | AD16: TOTAL | AE16: =SUM(Z15:AE15) -> 0 | AM16: TOTAL | AN16: =SUM(AI15:AN15) -> 0
B17: Abril | J17: Abril | Y17: =J17 -> Abril | AH17: =Y17 -> Abril
A18: KM (Rodados) | B18: 1ª Leitura | C18: 2ª Leitura | D18: 3ª Leitura | E18: 4ª Leitura | F18: 15 dias Rodados | G18: 30 dias Rodados | H18: Total Mensal | J18: DATA | Y18: DATA | AH18: DATA
F19: =SUM(C19-B19) -> 0 | G19: =SUM(E19-D19) -> 0 | H19: =SUM(F19:G19) -> 0 | J19: VALOR | Y19: VALOR | AH19: VALOR
T20: TOTAL | U20: =SUM(K19:U19) -> 0 | AD20: TOTAL | AE20: =SUM(Z19:AE19) -> 0 | AM20: TOTAL | AN20: =SUM(AI19:AN19) -> 0
B21: Maio | J21: Maio | Y21: =J21 -> Maio | AH21: =Y21 -> Maio
A22: KM (Rodados) | B22: 1ª Leitura | C22: 2ª Leitura | D22: 3ª Leitura | E22: 4ª Leitura | F22: 15 dias Rodados | G22: 30 dias Rodados | H22: Total Mensal | J22: DATA | Y22: DATA | AH22: DATA
F23: =SUM(C23-B23) -> 0 | G23: =SUM(E23-D23) -> 0 | H23: =SUM(F23:G23) -> 0 | J23: VALOR | Y23: VALOR | AH23: VALOR
T24: TOTAL | U24: =SUM(K23:U23) -> 0 | AD24: TOTAL | AE24: =SUM(Z23:AE23) -> 0 | AM24: TOTAL | AN24: =SUM(AI23:AN23) -> 0
B25: Junho | J25: Junho | Y25: =J25 -> Junho | AH25: =Y25 -> Junho
A26: KM (Rodados) | B26: 1ª Leitura | C26: 2ª Leitura | D26: 3ª Leitura | E26: 4ª Leitura | F26: 15 dias Rodados | G26: 30 dias Rodados | H26: Total Mensal | J26: DATA | Y26: DATA | AH26: DATA
F27: =SUM(C27-B27) -> 0 | G27: =SUM(E27-D27) -> 0 | H27: =SUM(F27:G27) -> 0 | J27: VALOR | Y27: VALOR | AH27: VALOR
T28: TOTAL | U28: =SUM(K27:U27) -> 0 | AD28: TOTAL | AE28: =SUM(Z27:AE27) -> 0 | AM28: TOTAL | AN28: =SUM(AI27:AN27) -> 0
B29: Julho | J29: Julho | Y29: =J29 -> Julho | AH29: =Y29 -> Julho
A30: KM (Rodados) | B30: 1ª Leitura | C30: 2ª Leitura | D30: 3ª Leitura | E30: 4ª Leitura | F30: 15 dias Rodados | G30: 30 dias Rodados | H30: Total Mensal | J30: DATA | Y30: DATA | AH30: DATA
F31: =SUM(C31-B31) -> 0 | G31: =SUM(E31-D31) -> 0 | H31: =SUM(F31:G31) -> 0 | J31: VALOR | Y31: VALOR | AH31: VALOR
T32: TOTAL | U32: =SUM(K31:U31) -> 0 | AD32: TOTAL | AE32: =SUM(Z31:AE31) -> 0 | AM32: TOTAL | AN32: =SUM(AI31:AN31) -> 0
B33: Agosto | J33: Agosto | Y33: =J33 -> Agosto | AH33: =Y33 -> Agosto
A34: KM (Rodados) | B34: 1ª Leitura | C34: 2ª Leitura | D34: 3ª Leitura | E34: 4ª Leitura | F34: 15 dias Rodados | G34: 30 dias Rodados | H34: Total Mensal | J34: DATA | Y34: DATA | AH34: DATA
F35: =SUM(C35-B35) -> 0 | G35: =SUM(E35-D35) -> 0 | H35: =SUM(F35:G35) -> 0 | J35: VALOR | Y35: VALOR | AH35: VALOR
T36: TOTAL | U36: =SUM(K35:U35) -> 0 | AD36: TOTAL | AE36: =SUM(Z35:AE35) -> 0 | AM36: TOTAL | AN36: =SUM(AI35:AN35) -> 0
B37: Setembro | J37: Setembro | Y37: =J37 -> Setembro | AH37: =Y37 -> Setembro
A38: KM (Rodados) | B38: 1ª Leitura | C38: 2ª Leitura | D38: 3ª Leitura | E38: 4ª Leitura | F38: 15 dias Rodados | G38: 30 dias Rodados | H38: Total Mensal | J38: DATA | Y38: DATA | AH38: DATA
F39: =SUM(C39-B39) -> 0 | G39: =SUM(E39-D39) -> 0 | H39: =SUM(F39:G39) -> 0 | J39: VALOR | Y39: VALOR | AH39: VALOR
T40: TOTAL | U40: =SUM(K39:U39) -> 0 | AD40: TOTAL | AE40: =SUM(Z39:AE39) -> 0 | AM40: TOTAL | AN40: =SUM(AI39:AN39) -> 0
B41: Outubro | J41: Outubro | Y41: =J41 -> Outubro | AH41: =Y41 -> Outubro
A42: KM (Rodados) | B42: 1ª Leitura | C42: 2ª Leitura | D42: 3ª Leitura | E42: 4ª Leitura | F42: 15 dias Rodados | G42: 30 dias Rodados | H42: Total Mensal | J42: DATA | Y42: DATA | AH42: DATA
F43: =SUM(C43-B43) -> 0 | G43: =SUM(E43-D43) -> 0 | H43: =SUM(F43:G43) -> 0 | J43: VALOR | Y43: VALOR | AH43: VALOR
T44: TOTAL | U44: =SUM(K43:U43) -> 0 | AD44: TOTAL | AE44: =SUM(Z43:AE43) -> 0 | AM44: TOTAL | AN44: =SUM(AI43:AN43) -> 0
B45: Novembro | J45: Novembro | Y45: =J45 -> Novembro | AH45: =Y45 -> Novembro
A46: KM (Rodados) | B46: 1ª Leitura | C46: 2ª Leitura | D46: 3ª Leitura | E46: 4ª Leitura | F46: 15 dias Rodados | G46: 30 dias Rodados | H46: Total Mensal | J46: DATA | Y46: DATA | AH46: DATA
F47: =SUM(C47-B47) -> 0 | G47: =SUM(E47-D47) -> 0 | H47: =SUM(F47:G47) -> 0 | J47: VALOR | Y47: VALOR | AH47: VALOR
T48: TOTAL | U48: =SUM(K47:U47) -> 0 | AD48: TOTAL | AE48: =SUM(Z47:AE47) -> 0 | AM48: TOTAL | AN48: =SUM(AI47:AN47) -> 0
B49: Dezembro | J49: Dezembro | Y49: =J49 -> Dezembro | AH49: =Y49 -> Dezembro
A50: KM (Rodados) | B50: 1ª Leitura | C50: 2ª Leitura | D50: 3ª Leitura | E50: 4ª Leitura | F50: 15 dias Rodados | G50: 30 dias Rodados | H50: Total Mensal | J50: DATA | Y50: DATA | AH50: DATA
F51: =SUM(C51-B51) -> 0 | G51: =SUM(E51-D51) -> 0 | H51: =SUM(F51:G51) -> 0 | J51: VALOR | Y51: VALOR | AH51: VALOR
T52: TOTAL | U52: =SUM(K51:U51) -> 0 | AD52: TOTAL | AE52: =SUM(Z51:AE51) -> 0 | AM52: TOTAL | AN52: =SUM(AI51:AN51) -> 0

Sheet CAR_13
A2: Veiculo | D2: Placa: | H2: Medição
A3: Substituição (data) | D3: Placa: | H3: Modelo
A4: Contrato de Locação | D4: Rastreador
A7: REGISTRO DE KM | J7: ABASTECIMENTO | Y7: LAVA_RAPIDO | AH7: BORRACHARIA
B9: Fevereiro | J9: Fevereiro | Y9: Fevereiro | AH9: Fevereiro
A10: KM (Rodados) | B10: 1ª Leitura | C10: 2ª Leitura | D10: 3ª Leitura | E10: 4ª Leitura | F10: 15 dias Rodados | G10: 30 dias Rodados | H10: Total Mensal | J10: DATA | Y10: DATA | AH10: DATA
F11: =SUM(C11-B11) -> 0 | G11: =SUM(E11-D11) -> 0 | H11: =SUM(F11:G11) -> 0 | J11: VALOR | Y11: VALOR | AH11: VALOR
T12: TOTAL | U12: =SUM(K11:U11) -> 0 | AD12: TOTAL | AE12: =SUM(Z11:AE11) -> 0 | AM12: TOTAL | AN12: =SUM(AI11:AN11) -> 0
B13: Março | J13: Março | Y13: =J13 -> Março | AH13: =Y13 -> Março
A14: KM (Rodados) | B14: 1ª Leitura | C14: 2ª Leitura | D14: 3ª Leitura | E14: 4ª Leitura | F14: 15 dias Rodados | G14: 30 dias Rodados | H14: Total Mensal | J14: DATA | Y14: DATA | AH14: DATA
F15: =SUM(C15-B15) -> 0 | G15: =SUM(E15-D15) -> 0 | H15: =SUM(F15:G15) -> 0 | J15: VALOR | Y15: VALOR | AH15: VALOR
T16: TOTAL | U16: =SUM(K15:U15) -> 0 | AD16: TOTAL | AE16: =SUM(Z15:AE15) -> 0 | AM16: TOTAL | AN16: =SUM(AI15:AN15) -> 0
B17: Abril | J17: Abril | Y17: =J17 -> Abril | AH17: =Y17 -> Abril
A18: KM (Rodados) | B18: 1ª Leitura | C18: 2ª Leitura | D18: 3ª Leitura | E18: 4ª Leitura | F18: 15 dias Rodados | G18: 30 dias Rodados | H18: Total Mensal | J18: DATA | Y18: DATA | AH18: DATA
F19: =SUM(C19-B19) -> 0 | G19: =SUM(E19-D19) -> 0 | H19: =SUM(F19:G19) -> 0 | J19: VALOR | Y19: VALOR | AH19: VALOR
T20: TOTAL | U20: =SUM(K19:U19) -> 0 | AD20: TOTAL | AE20: =SUM(Z19:AE19) -> 0 | AM20: TOTAL | AN20: =SUM(AI19:AN19) -> 0
B21: Maio | J21: Maio | Y21: =J21 -> Maio | AH21: =Y21 -> Maio
A22: KM (Rodados) | B22: 1ª Leitura | C22: 2ª Leitura | D22: 3ª Leitura | E22: 4ª Leitura | F22: 15 dias Rodados | G22: 30 dias Rodados | H22: Total Mensal | J22: DATA | Y22: DATA | AH22: DATA
F23: =SUM(C23-B23) -> 0 | G23: =SUM(E23-D23) -> 0 | H23: =SUM(F23:G23) -> 0 | J23: VALOR | Y23: VALOR | AH23: VALOR
T24: TOTAL | U24: =SUM(K23:U23) -> 0 | AD24: TOTAL | AE24: =SUM(Z23:AE23) -> 0 | AM24: TOTAL | AN24: =SUM(AI23:AN23) -> 0
B25: Junho | J25: Junho | Y25: =J25 -> Junho | AH25: =Y25 -> Junho
A26: KM (Rodados) | B26: 1ª Leitura | C26: 2ª Leitura | D26: 3ª Leitura | E26: 4ª Leitura | F26: 15 dias Rodados | G26: 30 dias Rodados | H26: Total Mensal | J26: DATA | Y26: DATA | AH26: DATA
F27: =SUM(C27-B27) -> 0 | G27: =SUM(E27-D27) -> 0 | H27: =SUM(F27:G27) -> 0 | J27: VALOR | Y27: VALOR | AH27: VALOR
T28: TOTAL | U28: =SUM(K27:U27) -> 0 | AD28: TOTAL | AE28: =SUM(Z27:AE27) -> 0 | AM28: TOTAL | AN28: =SUM(AI27:AN27) -> 0
B29: Julho | J29: Julho | Y29: =J29 -> Julho | AH29: =Y29 -> Julho
A30: KM (Rodados) | B30: 1ª Leitura | C30: 2ª Leitura | D30: 3ª Leitura | E30: 4ª Leitura | F30: 15 dias Rodados | G30: 30 dias Rodados | H30: Total Mensal | J30: DATA | Y30: DATA | AH30: DATA
F31: =SUM(C31-B31) -> 0 | G31: =SUM(E31-D31) -> 0 | H31: =SUM(F31:G31) -> 0 | J31: VALOR | Y31: VALOR | AH31: VALOR
T32: TOTAL | U32: =SUM(K31:U31) -> 0 | AD32: TOTAL | AE32: =SUM(Z31:AE31) -> 0 | AM32: TOTAL | AN32: =SUM(AI31:AN31) -> 0
B33: Agosto | J33: Agosto | Y33: =J33 -> Agosto | AH33: =Y33 -> Agosto
A34: KM (Rodados) | B34: 1ª Leitura | C34: 2ª Leitura | D34: 3ª Leitura | E34: 4ª Leitura | F34: 15 dias Rodados | G34: 30 dias Rodados | H34: Total Mensal | J34: DATA | Y34: DATA | AH34: DATA
F35: =SUM(C35-B35) -> 0 | G35: =SUM(E35-D35) -> 0 | H35: =SUM(F35:G35) -> 0 | J35: VALOR | Y35: VALOR | AH35: VALOR
T36: TOTAL | U36: =SUM(K35:U35) -> 0 | AD36: TOTAL | AE36: =SUM(Z35:AE35) -> 0 | AM36: TOTAL | AN36: =SUM(AI35:AN35) -> 0
B37: Setembro | J37: Setembro | Y37: =J37 -> Setembro | AH37: =Y37 -> Setembro
A38: KM (Rodados) | B38: 1ª Leitura | C38: 2ª Leitura | D38: 3ª Leitura | E38: 4ª Leitura | F38: 15 dias Rodados | G38: 30 dias Rodados | H38: Total Mensal | J38: DATA | Y38: DATA | AH38: DATA
F39: =SUM(C39-B39) -> 0 | G39: =SUM(E39-D39) -> 0 | H39: =SUM(F39:G39) -> 0 | J39: VALOR | Y39: VALOR | AH39: VALOR
T40: TOTAL | U40: =SUM(K39:U39) -> 0 | AD40: TOTAL | AE40: =SUM(Z39:AE39) -> 0 | AM40: TOTAL | AN40: =SUM(AI39:AN39) -> 0
B41: Outubro | J41: Outubro | Y41: =J41 -> Outubro | AH41: =Y41 -> Outubro
A42: KM (Rodados) | B42: 1ª Leitura | C42: 2ª Leitura | D42: 3ª Leitura | E42: 4ª Leitura | F42: 15 dias Rodados | G42: 30 dias Rodados | H42: Total Mensal | J42: DATA | Y42: DATA | AH42: DATA
F43: =SUM(C43-B43) -> 0 | G43: =SUM(E43-D43) -> 0 | H43: =SUM(F43:G43) -> 0 | J43: VALOR | Y43: VALOR | AH43: VALOR
T44: TOTAL | U44: =SUM(K43:U43) -> 0 | AD44: TOTAL | AE44: =SUM(Z43:AE43) -> 0 | AM44: TOTAL | AN44: =SUM(AI43:AN43) -> 0
B45: Novembro | J45: Novembro | Y45: =J45 -> Novembro | AH45: =Y45 -> Novembro
A46: KM (Rodados) | B46: 1ª Leitura | C46: 2ª Leitura | D46: 3ª Leitura | E46: 4ª Leitura | F46: 15 dias Rodados | G46: 30 dias Rodados | H46: Total Mensal | J46: DATA | Y46: DATA | AH46: DATA
F47: =SUM(C47-B47) -> 0 | G47: =SUM(E47-D47) -> 0 | H47: =SUM(F47:G47) -> 0 | J47: VALOR | Y47: VALOR | AH47: VALOR
T48: TOTAL | U48: =SUM(K47:U47) -> 0 | AD48: TOTAL | AE48: =SUM(Z47:AE47) -> 0 | AM48: TOTAL | AN48: =SUM(AI47:AN47) -> 0
B49: Dezembro | J49: Dezembro | Y49: =J49 -> Dezembro | AH49: =Y49 -> Dezembro
A50: KM (Rodados) | B50: 1ª Leitura | C50: 2ª Leitura | D50: 3ª Leitura | E50: 4ª Leitura | F50: 15 dias Rodados | G50: 30 dias Rodados | H50: Total Mensal | J50: DATA | Y50: DATA | AH50: DATA
F51: =SUM(C51-B51) -> 0 | G51: =SUM(E51-D51) -> 0 | H51: =SUM(F51:G51) -> 0 | J51: VALOR | Y51: VALOR | AH51: VALOR
T52: TOTAL | U52: =SUM(K51:U51) -> 0 | AD52: TOTAL | AE52: =SUM(Z51:AE51) -> 0 | AM52: TOTAL | AN52: =SUM(AI51:AN51) -> 0

Sheet CAR_14
A2: Veiculo | D2: Placa: | H2: Medição
A3: Substituição (data) | D3: Placa: | H3: Modelo
A4: Contrato de Locação | D4: Rastreador
A7: REGISTRO DE KM | J7: ABASTECIMENTO | Y7: LAVA_RAPIDO | AH7: BORRACHARIA
B9: Fevereiro | J9: Fevereiro | Y9: Fevereiro | AH9: Fevereiro
A10: KM (Rodados) | B10: 1ª Leitura | C10: 2ª Leitura | D10: 3ª Leitura | E10: 4ª Leitura | F10: 15 dias Rodados | G10: 30 dias Rodados | H10: Total Mensal | J10: DATA | Y10: DATA | AH10: DATA
F11: =SUM(C11-B11) -> 0 | G11: =SUM(E11-D11) -> 0 | H11: =SUM(F11:G11) -> 0 | J11: VALOR | Y11: VALOR | AH11: VALOR
T12: TOTAL | U12: =SUM(K11:U11) -> 0 | AD12: TOTAL | AE12: =SUM(Z11:AE11) -> 0 | AM12: TOTAL | AN12: =SUM(AI11:AN11) -> 0
B13: Março | J13: Março | Y13: =J13 -> Março | AH13: =Y13 -> Março
A14: KM (Rodados) | B14: 1ª Leitura | C14: 2ª Leitura | D14: 3ª Leitura | E14: 4ª Leitura | F14: 15 dias Rodados | G14: 30 dias Rodados | H14: Total Mensal | J14: DATA | Y14: DATA | AH14: DATA
F15: =SUM(C15-B15) -> 0 | G15: =SUM(E15-D15) -> 0 | H15: =SUM(F15:G15) -> 0 | J15: VALOR | Y15: VALOR | AH15: VALOR
T16: TOTAL | U16: =SUM(K15:U15) -> 0 | AD16: TOTAL | AE16: =SUM(Z15:AE15) -> 0 | AM16: TOTAL | AN16: =SUM(AI15:AN15) -> 0
B17: Abril | J17: Abril | Y17: =J17 -> Abril | AH17: =Y17 -> Abril
A18: KM (Rodados) | B18: 1ª Leitura | C18: 2ª Leitura | D18: 3ª Leitura | E18: 4ª Leitura | F18: 15 dias Rodados | G18: 30 dias Rodados | H18: Total Mensal | J18: DATA | Y18: DATA | AH18: DATA
F19: =SUM(C19-B19) -> 0 | G19: =SUM(E19-D19) -> 0 | H19: =SUM(F19:G19) -> 0 | J19: VALOR | Y19: VALOR | AH19: VALOR
T20: TOTAL | U20: =SUM(K19:U19) -> 0 | AD20: TOTAL | AE20: =SUM(Z19:AE19) -> 0 | AM20: TOTAL | AN20: =SUM(AI19:AN19) -> 0
B21: Maio | J21: Maio | Y21: =J21 -> Maio | AH21: =Y21 -> Maio
A22: KM (Rodados) | B22: 1ª Leitura | C22: 2ª Leitura | D22: 3ª Leitura | E22: 4ª Leitura | F22: 15 dias Rodados | G22: 30 dias Rodados | H22: Total Mensal | J22: DATA | Y22: DATA | AH22: DATA
F23: =SUM(C23-B23) -> 0 | G23: =SUM(E23-D23) -> 0 | H23: =SUM(F23:G23) -> 0 | J23: VALOR | Y23: VALOR | AH23: VALOR
T24: TOTAL | U24: =SUM(K23:U23) -> 0 | AD24: TOTAL | AE24: =SUM(Z23:AE23) -> 0 | AM24: TOTAL | AN24: =SUM(AI23:AN23) -> 0
B25: Junho | J25: Junho | Y25: =J25 -> Junho | AH25: =Y25 -> Junho
A26: KM (Rodados) | B26: 1ª Leitura | C26: 2ª Leitura | D26: 3ª Leitura | E26: 4ª Leitura | F26: 15 dias Rodados | G26: 30 dias Rodados | H26: Total Mensal | J26: DATA | Y26: DATA | AH26: DATA
F27: =SUM(C27-B27) -> 0 | G27: =SUM(E27-D27) -> 0 | H27: =SUM(F27:G27) -> 0 | J27: VALOR | Y27: VALOR | AH27: VALOR
T28: TOTAL | U28: =SUM(K27:U27) -> 0 | AD28: TOTAL | AE28: =SUM(Z27:AE27) -> 0 | AM28: TOTAL | AN28: =SUM(AI27:AN27) -> 0
B29: Julho | J29: Julho | Y29: =J29 -> Julho | AH29: =Y29 -> Julho
A30: KM (Rodados) | B30: 1ª Leitura | C30: 2ª Leitura | D30: 3ª Leitura | E30: 4ª Leitura | F30: 15 dias Rodados | G30: 30 dias Rodados | H30: Total Mensal | J30: DATA | Y30: DATA | AH30: DATA
F31: =SUM(C31-B31) -> 0 | G31: =SUM(E31-D31) -> 0 | H31: =SUM(F31:G31) -> 0 | J31: VALOR | Y31: VALOR | AH31: VALOR
T32: TOTAL | U32: =SUM(K31:U31) -> 0 | AD32: TOTAL | AE32: =SUM(Z31:AE31) -> 0 | AM32: TOTAL | AN32: =SUM(AI31:AN31) -> 0
B33: Agosto | J33: Agosto | Y33: =J33 -> Agosto | AH33: =Y33 -> Agosto
A34: KM (Rodados) | B34: 1ª Leitura | C34: 2ª Leitura | D34: 3ª Leitura | E34: 4ª Leitura | F34: 15 dias Rodados | G34: 30 dias Rodados | H34: Total Mensal | J34: DATA | Y34: DATA | AH34: DATA
F35: =SUM(C35-B35) -> 0 | G35: =SUM(E35-D35) -> 0 | H35: =SUM(F35:G35) -> 0 | J35: VALOR | Y35: VALOR | AH35: VALOR
T36: TOTAL | U36: =SUM(K35:U35) -> 0 | AD36: TOTAL | AE36: =SUM(Z35:AE35) -> 0 | AM36: TOTAL | AN36: =SUM(AI35:AN35) -> 0
B37: Setembro | J37: Setembro | Y37: =J37 -> Setembro | AH37: =Y37 -> Setembro
A38: KM (Rodados) | B38: 1ª Leitura | C38: 2ª Leitura | D38: 3ª Leitura | E38: 4ª Leitura | F38: 15 dias Rodados | G38: 30 dias Rodados | H38: Total Mensal | J38: DATA | Y38: DATA | AH38: DATA
F39: =SUM(C39-B39) -> 0 | G39: =SUM(E39-D39) -> 0 | H39: =SUM(F39:G39) -> 0 | J39: VALOR | Y39: VALOR | AH39: VALOR
T40: TOTAL | U40: =SUM(K39:U39) -> 0 | AD40: TOTAL | AE40: =SUM(Z39:AE39) -> 0 | AM40: TOTAL | AN40: =SUM(AI39:AN39) -> 0
B41: Outubro | J41: Outubro | Y41: =J41 -> Outubro | AH41: =Y41 -> Outubro
A42: KM (Rodados) | B42: 1ª Leitura | C42: 2ª Leitura | D42: 3ª Leitura | E42: 4ª Leitura | F42: 15 dias Rodados | G42: 30 dias Rodados | H42: Total Mensal | J42: DATA | Y42: DATA | AH42: DATA
F43: =SUM(C43-B43) -> 0 | G43: =SUM(E43-D43) -> 0 | H43: =SUM(F43:G43) -> 0 | J43: VALOR | Y43: VALOR | AH43: VALOR
T44: TOTAL | U44: =SUM(K43:U43) -> 0 | AD44: TOTAL | AE44: =SUM(Z43:AE43) -> 0 | AM44: TOTAL | AN44: =SUM(AI43:AN43) -> 0
B45: Novembro | J45: Novembro | Y45: =J45 -> Novembro | AH45: =Y45 -> Novembro
A46: KM (Rodados) | B46: 1ª Leitura | C46: 2ª Leitura | D46: 3ª Leitura | E46: 4ª Leitura | F46: 15 dias Rodados | G46: 30 dias Rodados | H46: Total Mensal | J46: DATA | Y46: DATA | AH46: DATA
F47: =SUM(C47-B47) -> 0 | G47: =SUM(E47-D47) -> 0 | H47: =SUM(F47:G47) -> 0 | J47: VALOR | Y47: VALOR | AH47: VALOR
T48: TOTAL | U48: =SUM(K47:U47) -> 0 | AD48: TOTAL | AE48: =SUM(Z47:AE47) -> 0 | AM48: TOTAL | AN48: =SUM(AI47:AN47) -> 0
B49: Dezembro | J49: Dezembro | Y49: =J49 -> Dezembro | AH49: =Y49 -> Dezembro
A50: KM (Rodados) | B50: 1ª Leitura | C50: 2ª Leitura | D50: 3ª Leitura | E50: 4ª Leitura | F50: 15 dias Rodados | G50: 30 dias Rodados | H50: Total Mensal | J50: DATA | Y50: DATA | AH50: DATA
F51: =SUM(C51-B51) -> 0 | G51: =SUM(E51-D51) -> 0 | H51: =SUM(F51:G51) -> 0 | J51: VALOR | Y51: VALOR | AH51: VALOR
T52: TOTAL | U52: =SUM(K51:U51) -> 0 | AD52: TOTAL | AE52: =SUM(Z51:AE51) -> 0 | AM52: TOTAL | AN52: =SUM(AI51:AN51) -> 0

Sheet CAR_15
A2: Veiculo | D2: Placa: | H2: Medição
A3: Substituição (data) | D3: Placa: | H3: Modelo
A4: Contrato de Locação | D4: Rastreador
A7: REGISTRO DE KM | J7: ABASTECIMENTO | Y7: LAVA_RAPIDO | AH7: BORRACHARIA
B9: Fevereiro | J9: Fevereiro | Y9: Fevereiro | AH9: Fevereiro
A10: KM (Rodados) | B10: 1ª Leitura | C10: 2ª Leitura | D10: 3ª Leitura | E10: 4ª Leitura | F10: 15 dias Rodados | G10: 30 dias Rodados | H10: Total Mensal | J10: DATA | Y10: DATA | AH10: DATA
F11: =SUM(C11-B11) -> 0 | G11: =SUM(E11-D11) -> 0 | H11: =SUM(F11:G11) -> 0 | J11: VALOR | Y11: VALOR | AH11: VALOR
T12: TOTAL | U12: =SUM(K11:U11) -> 0 | AD12: TOTAL | AE12: =SUM(Z11:AE11) -> 0 | AM12: TOTAL | AN12: =SUM(AI11:AN11) -> 0
B13: Março | J13: Março | Y13: =J13 -> Março | AH13: =Y13 -> Março
A14: KM (Rodados) | B14: 1ª Leitura | C14: 2ª Leitura | D14: 3ª Leitura | E14: 4ª Leitura | F14: 15 dias Rodados | G14: 30 dias Rodados | H14: Total Mensal | J14: DATA | Y14: DATA | AH14: DATA
F15: =SUM(C15-B15) -> 0 | G15: =SUM(E15-D15) -> 0 | H15: =SUM(F15:G15) -> 0 | J15: VALOR | Y15: VALOR | AH15: VALOR
T16: TOTAL | U16: =SUM(K15:U15) -> 0 | AD16: TOTAL | AE16: =SUM(Z15:AE15) -> 0 | AM16: TOTAL | AN16: =SUM(AI15:AN15) -> 0
B17: Abril | J17: Abril | Y17: =J17 -> Abril | AH17: =Y17 -> Abril
