Workbook

Sheet RESUMO
A1: NOME DA OBRA
B5: JAN | C5: FEV | D5: MAR | E5: ABR | F5: MAI | G5: JUN | H5: JUL | I5: AGO | J5: SET | K5: OUT | L5: NOV | M5: DEZ
A6: ABASTECIMENTO | B6: =SUM('Controle Central'!D4+'Controle Central'!K4+'Controle Central'!R4+'Controle Central'!Y4+'Controle Central'!D23+'Controle Central'!K23+'Controle Central'!R23+'Controle Central'!Y23+'Controle Central'!D42+'Controle Central'!K42+'Controle Central'!R42+'Controle Central'!Y42+'Controle Central'!D61+'Controle Central'!K61+'Controle Central'!R61+'Controle Central'!Y61+'Controle Central'!D80+'Controle Central'!K80+'Controle Central'!R80+'Controle Central'!Y80+'Controle Central'!D98+'Controle Central'!K98+'Controle Central'!R98+'Controle Central'!Y98+'Controle Central'!D116+'Controle Central'!K116+'Controle Central'!R116+'Controle Central'!Y116+'Controle Central'!D134+'Controle Central'!K134) -> 0 | C6: =SUM('Controle Central'!D5+'Controle Central'!K5+'Controle Central'!R5+'Controle Central'!Y5+'Controle Central'!D24+'Controle Central'!K24+'Controle Central'!R24+'Controle Central'!Y24+'Controle Central'!D43+'Controle Central'!K43+'Controle Central'!R43+'Controle Central'!Y43+'Controle Central'!D62+'Controle Central'!K62+'Controle Central'!R62+'Controle Central'!Y62+'Controle Central'!D81+'Controle Central'!K81+'Controle Central'!R81+'Controle Central'!D99+'Controle Central'!K99+'Controle Central'!R99+'Controle Central'!Y99+'Controle Central'!D117+'Controle Central'!K117+'Controle Central'!R117+'Controle Central'!Y117+'Controle Central'!D135+'Controle Central'!K135) -> 2916.95 | D6: =SUM('Controle Central'!D6+'Controle Central'!K6+'Controle Central'!R6+'Controle Central'!Y6+'Controle Central'!D25+'Controle Central'!K25+'Controle Central'!R25+'Controle Central'!Y25+'Controle Central'!D44+'Controle Central'!K44+'Controle Central'!R44+'Controle Central'!Y44+'Controle Central'!D63+'Controle Central'!K63+'Controle Central'!R63+'Controle Central'!Y63+'Controle Central'!D82+'Controle Central'!K82+'Controle Central'!R82+'Controle Central'!Y82+'Controle Central'!D100+'Controle Central'!K100+'Controle Central'!R100+'Controle Central'!Y100+'Controle Central'!D118+'Controle Central'!K118+'Controle Central'!R118+'Controle Central'!Y118+'Controle Central'!D136+'Controle Central'!K136) -> 5053.37 | E6: ='Controle Central'!D7+'Controle Central'!K7+'Controle Central'!R7+'Controle Central'!Y7+'Controle Central'!D26+'Controle Central'!K26+'Controle Central'!R26+'Controle Central'!Y26+'Controle Central'!D45+'Controle Central'!K45+'Controle Central'!R45+'Controle Central'!Y45+'Controle Central'!D64+'Controle Central'!K64+'Controle Central'!R64+'Controle Central'!D83+'Controle Central'!K83+'Controle Central'!R83+'Controle Central'!Y83+'Controle Central'!D101+'Controle Central'!K101+'Controle Central'!R101+'Controle Central'!Y101+'Controle Central'!D119+'Controle Central'!K119+'Controle Central'!R119+'Controle Central'!Y119+'Controle Central'!D137+'Controle Central'!K137 -> 0 | F6: =SUM('Controle Central'!D8+'Controle Central'!K8+'Controle Central'!R8+'Controle Central'!Y8+'Controle Central'!D27+'Controle Central'!K27+'Controle Central'!R27+'Controle Central'!Y27+'Controle Central'!D46+'Controle Central'!K46+'Controle Central'!R46+'Controle Central'!Y46+'Controle Central'!D65+'Controle Central'!K65+'Controle Central'!R65+'Controle Central'!Y65+'Controle Central'!D84+'Controle Central'!K84+'Controle Central'!R84+'Controle Central'!Y84+'Controle Central'!D102+'Controle Central'!K102+'Controle Central'!R102+'Controle Central'!Y102+'Controle Central'!D120+'Controle Central'!K120+'Controle Central'!R120+'Controle Central'!Y120+'Controle Central'!D138+'Controle Central'!K138) -> 0 | G6: =SUM('Controle Central'!D9+'Controle Central'!K9+'Controle Central'!R9+'Controle Central'!Y9+'Controle Central'!D28+'Controle Central'!K28+'Controle Central'!R28+'Controle Central'!Y28+'Controle Central'!D47+'Controle Central'!K47+'Controle Central'!R47+'Controle Central'!Y47+'Controle Central'!D66+'Controle Central'!K66+'Controle Central'!R66+'Controle Central'!Y66+'Controle Central'!D85+'Controle Central'!K85+'Controle Central'!R85+'Controle Central'!Y85+'Controle Central'!D103+'Controle Central'!K103+'Controle Central'!R103+'Controle Central'!Y103+'Controle Central'!D121+'Controle Central'!K121+'Controle Central'!R121+'Controle Central'!Y121+'Controle Central'!D139+'Controle Central'!K139) -> 0 | H6: =SUM('Controle Central'!D10+'Controle Central'!K10+'Controle Central'!R10+'Controle Central'!Y10+'Controle Central'!D29+'Controle Central'!K29+'Controle Central'!R29+'Controle Central'!D48+'Controle Central'!K48+'Controle Central'!R48+'Controle Central'!Y48+'Controle Central'!D67+'Controle Central'!K67+'Controle Central'!R67+'Controle Central'!Y67+'Controle Central'!D86+'Controle Central'!K86+'Controle Central'!R86+'Controle Central'!Y86+'Controle Central'!D104+'Controle Central'!K104+'Controle Central'!R104+'Controle Central'!Y104+'Controle Central'!D122+'Controle Central'!K122+'Controle Central'!R122+'Controle Central'!Y122+'Controle Central'!D140+'Controle Central'!K140) -> 0 | I6: =SUM('Controle Central'!D11+'Controle Central'!K11+'Controle Central'!R11+'Controle Central'!Y11+'Controle Central'!D30+'Controle Central'!K30+'Controle Central'!R30+'Controle Central'!Y30+'Controle Central'!D49+'Controle Central'!K49+'Controle Central'!R49+'Controle Central'!Y49+'Controle Central'!D68+'Controle Central'!K68+'Controle Central'!R68+'Controle Central'!Y68+'Controle Central'!D87+'Controle Central'!K87+'Controle Central'!R87+'Controle Central'!Y87+'Controle Central'!D105+'Controle Central'!K105+'Controle Central'!R105+'Controle Central'!Y105+'Controle Central'!D123+'Controle Central'!K123+'Controle Central'!R123+'Controle Central'!Y123+'Controle Central'!D141+'Controle Central'!K141) -> 0 | J6: =SUM('Controle Central'!D12+'Controle Central'!K12+'Controle Central'!R12+'Controle Central'!Y12+'Controle Central'!D31+'Controle Central'!K31+'Controle Central'!R31+'Controle Central'!Y31+'Controle Central'!D50+'Controle Central'!K50+'Controle Central'!R50+'Controle Central'!Y50+'Controle Central'!D69+'Controle Central'!K69+'Controle Central'!R69+'Controle Central'!Y69+'Controle Central'!D88+'Controle Central'!K88+'Controle Central'!R88+'Controle Central'!Y88+'Controle Central'!D106+'Controle Central'!K106+'Controle Central'!R106+'Controle Central'!Y106+'Controle Central'!D124+'Controle Central'!K124+'Controle Central'!R124+'Controle Central'!Y124+'Controle Central'!D142+'Controle Central'!K142) -> 217.08 | K6: =SUM('Controle Central'!D13+'Controle Central'!K13+'Controle Central'!R13+'Controle Central'!Y13+'Controle Central'!D32+'Controle Central'!K32+'Controle Central'!R32+'Controle Central'!Y32+'Controle Central'!D51+'Controle Central'!K51+'Controle Central'!R51+'Controle Central'!Y51+'Controle Central'!D70+'Controle Central'!K70+'Controle Central'!R70+'Controle Central'!Y70+'Controle Central'!D89+'Controle Central'!K89+'Controle Central'!R89+'Controle Central'!Y89+'Controle Central'!D107+'Controle Central'!K107+'Controle Central'!R107+'Controle Central'!Y107+'Controle Central'!D125+'Controle Central'!K125+'Controle Central'!R125+'Controle Central'!Y125+'Controle Central'!D143+'Controle Central'!K143) -> 4834.35 | L6: =SUM('Controle Central'!D14+'Controle Central'!K14+'Controle Central'!R14+'Controle Central'!Y14+'Controle Central'!D33+'Controle Central'!K33+'Controle Central'!R33+'Controle Central'!Y33+'Controle Central'!D52+'Controle Central'!K52+'Controle Central'!R52+'Controle Central'!Y52+'Controle Central'!D71+'Controle Central'!K71+'Controle Central'!R71+'Controle Central'!Y71+'Controle Central'!D90+'Controle Central'!K90+'Controle Central'!R90+'Controle Central'!Y90+'Controle Central'!D108+'Controle Central'!K108+'Controle Central'!R108+'Controle Central'!Y108+'Controle Central'!D126+'Controle Central'!K126+'Controle Central'!R126+'Controle Central'!Y126+'Controle Central'!D144+'Controle Central'!K144) -> 5622.77 | M6: =SUM('Controle Central'!D15+'Controle Central'!K15+'Controle Central'!R15+'Controle Central'!Y15+'Controle Central'!D34+'Controle Central'!K34+'Controle Central'!R34+'Controle Central'!Y34+'Controle Central'!D53+'Controle Central'!K53+'Controle Central'!R53+'Controle Central'!Y53+'Controle Central'!D72+'Controle Central'!K72+'Controle Central'!R72+'Controle Central'!Y72+'Controle Central'!D91+'Controle Central'!K91+'Controle Central'!R91+'Controle Central'!Y91+'Controle Central'!D109+'Controle Central'!K109+'Controle Central'!R109+'Controle Central'!Y109+'Controle Central'!D127+'Controle Central'!K127+'Controle Central'!R127+'Controle Central'!Y127+'Controle Central'!D145+'Controle Central'!K145) -> 4945
A8: LAVA_RAPIDO | B8: =SUM('Controle Central'!E4+'Controle Central'!L4+'Controle Central'!S4+'Controle Central'!Z4+'Controle Central'!E23+'Controle Central'!L23+'Controle Central'!S23+'Controle Central'!Z23+'Controle Central'!E42+'Controle Central'!L42+'Controle Central'!S42+'Controle Central'!Z42+'Controle Central'!E61+'Controle Central'!L61+'Controle Central'!S61+'Controle Central'!Z61+'Controle Central'!E80+'Controle Central'!L80+'Controle Central'!S80+'Controle Central'!Z80+'Controle Central'!E98+'Controle Central'!L98+'Controle Central'!S98+'Controle Central'!Z98+'Controle Central'!E116+'Controle Central'!L116+'Controle Central'!S116+'Controle Central'!Z116+'Controle Central'!E134+'Controle Central'!L134) -> 0 | C8: =SUM('Controle Central'!E5,'Controle Central'!L5,'Controle Central'!S5,'Controle Central'!Z5,'Controle Central'!E24,'Controle Central'!L24,'Controle Central'!S24,'Controle Central'!Z24,'Controle Central'!E43,'Controle Central'!L43,'Controle Central'!S43,'Controle Central'!Z43,'Controle Central'!E62,'Controle Central'!L62,'Controle Central'!S62,'Controle Central'!Z62,'Controle Central'!E81,'Controle Central'!L81,'Controle Central'!S81,'Controle Central'!Z81,'Controle Central'!E99,'Controle Central'!L99,'Controle Central'!S99,'Controle Central'!Z99,'Controle Central'!E117,'Controle Central'!L117,'Controle Central'!S117,'Controle Central'!Z117,'Controle Central'!E135,'Controle Central'!L135) -> 0 | D8: =SUM('Controle Central'!E6,'Controle Central'!L6,'Controle Central'!S6,'Controle Central'!Z6,'Controle Central'!E25,'Controle Central'!L25,'Controle Central'!S25,'Controle Central'!Z25,'Controle Central'!E44,'Controle Central'!L44,'Controle Central'!S44,'Controle Central'!Z44,'Controle Central'!E63,'Controle Central'!L63,'Controle Central'!S63,'Controle Central'!Z63,'Controle Central'!E82,'Controle Central'!L82,'Controle Central'!S82,'Controle Central'!Z82,'Controle Central'!E100,'Controle Central'!L100,'Controle Central'!S100,'Controle Central'!Z100,'Controle Central'!E118,'Controle Central'!L118,'Controle Central'!S118,'Controle Central'!Z118,'Controle Central'!E136,'Controle Central'!L136) -> 448 | E8: =SUM('Controle Central'!E7,'Controle Central'!L7,'Controle Central'!S7,'Controle Central'!Z7,'Controle Central'!E26,'Controle Central'!L26,'Controle Central'!S26,'Controle Central'!Z26,'Controle Central'!E45,'Controle Central'!L45,'Controle Central'!S45,'Controle Central'!Z45,'Controle Central'!E64,'Controle Central'!L64,'Controle Central'!S64,'Controle Central'!Z64,'Controle Central'!E83,'Controle Central'!L83,'Controle Central'!S83,'Controle Central'!Z83,'Controle Central'!E101,'Controle Central'!L101,'Controle Central'!S101,'Controle Central'!Z101,'Controle Central'!E119,'Controle Central'!L119,'Controle Central'!S119,'Controle Central'!Z119,'Controle Central'!E137,'Controle Central'!L137) -> 0 | F8: =SUM('Controle Central'!E8,'Controle Central'!L8,'Controle Central'!S8,'Controle Central'!Z8,'Controle Central'!E27,'Controle Central'!L27,'Controle Central'!S27,'Controle Central'!Z27,'Controle Central'!E46,'Controle Central'!L46,'Controle Central'!S46,'Controle Central'!Z46,'Controle Central'!E65,'Controle Central'!L65,'Controle Central'!S65,'Controle Central'!Z65,'Controle Central'!E84,'Controle Central'!L84,'Controle Central'!S84,'Controle Central'!Z84,'Controle Central'!E102,'Controle Central'!L102,'Controle Central'!S102,'Controle Central'!Z102,'Controle Central'!E120,'Controle Central'!L120,'Controle Central'!S120,'Controle Central'!Z120,'Controle Central'!E138,'Controle Central'!L138) -> 0 | G8: =SUM('Controle Central'!E9,'Controle Central'!L9,'Controle Central'!S9,'Controle Central'!Z9,'Controle Central'!E28,'Controle Central'!L28,'Controle Central'!S28,'Controle Central'!Z28,'Controle Central'!E47,'Controle Central'!L47,'Controle Central'!S47,'Controle Central'!Z47,'Controle Central'!E66,'Controle Central'!L66,'Controle Central'!S66,'Controle Central'!Z66,'Controle Central'!E85,'Controle Central'!L85,'Controle Central'!S85,'Controle Central'!Z85,'Controle Central'!E103,'Controle Central'!L103,'Controle Central'!S103,'Controle Central'!Z103,'Controle Central'!E121,'Controle Central'!L121,'Controle Central'!S121,'Controle Central'!Z121,'Controle Central'!E139+'Controle Central'!L139) -> 0 | H8: =SUM('Controle Central'!E10,'Controle Central'!L10,'Controle Central'!S10,'Controle Central'!Z10,'Controle Central'!E29,'Controle Central'!L29,'Controle Central'!S29,'Controle Central'!Z29,'Controle Central'!E48,'Controle Central'!L48,'Controle Central'!S48,'Controle Central'!Z48,'Controle Central'!E67,'Controle Central'!L67,'Controle Central'!S67,'Controle Central'!Z67,'Controle Central'!E86,'Controle Central'!L86,'Controle Central'!S86,'Controle Central'!Z86,'Controle Central'!E104,'Controle Central'!L104,'Controle Central'!S104,'Controle Central'!Z104,'Controle Central'!E122,'Controle Central'!L122,'Controle Central'!S122,'Controle Central'!Z122,'Controle Central'!E140,'Controle Central'!L140) -> 0 | I8: =SUM('Controle Central'!L11,'Controle Central'!S11,'Controle Central'!E11,'Controle Central'!Z11,'Controle Central'!Z30,'Controle Central'!S30,'Controle Central'!L30,'Controle Central'!E30,'Controle Central'!E49,'Controle Central'!L49,'Controle Central'!S49,'Controle Central'!Z49,'Controle Central'!Z68,'Controle Central'!S68,'Controle Central'!L68,'Controle Central'!E68,'Controle Central'!E87,'Controle Central'!L87,'Controle Central'!S87,'Controle Central'!Z87,'Controle Central'!Z105,'Controle Central'!Z123,'Controle Central'!S105,'Controle Central'!S123,'Controle Central'!L123,'Controle Central'!L105,'Controle Central'!E123,'Controle Central'!E105,'Controle Central'!E141,'Controle Central'!L141) -> 0 | J8: =SUM('Controle Central'!E12,'Controle Central'!E31,'Controle Central'!L12,'Controle Central'!L31,'Controle Central'!S12,'Controle Central'!S31,'Controle Central'!Z12,'Controle Central'!Z31,'Controle Central'!Z50,'Controle Central'!Z69,'Controle Central'!S50,'Controle Central'!S69,'Controle Central'!L50,'Controle Central'!L69,'Controle Central'!E50,'Controle Central'!E69,'Controle Central'!E88,'Controle Central'!E106,'Controle Central'!L88,'Controle Central'!L106,'Controle Central'!S88,'Controle Central'!S106,'Controle Central'!Z88,'Controle Central'!Z106,'Controle Central'!Z124,'Controle Central'!S124,'Controle Central'!L124,'Controle Central'!E124,'Controle Central'!E142,'Controle Central'!L142) -> 0 | K8: =SUM('Controle Central'!E13,'Controle Central'!L13,'Controle Central'!E32,'Controle Central'!L32,'Controle Central'!S13,'Controle Central'!S32,'Controle Central'!Z13,'Controle Central'!Z32,'Controle Central'!Z51,'Controle Central'!Z70,'Controle Central'!S51,'Controle Central'!S70,'Controle Central'!L51,'Controle Central'!L70,'Controle Central'!E51,'Controle Central'!E70,'Controle Central'!E89,'Controle Central'!E107,'Controle Central'!L89,'Controle Central'!L107,'Controle Central'!S89,'Controle Central'!S107,'Controle Central'!Z107,'Controle Central'!Z89,'Controle Central'!Z125,'Controle Central'!S125,'Controle Central'!L143,'Controle Central'!L125,'Controle Central'!E125,'Controle Central'!E143) -> 0 | L8: =SUM('Controle Central'!E14,'Controle Central'!E33,'Controle Central'!L14,'Controle Central'!L33,'Controle Central'!S14,'Controle Central'!S33,'Controle Central'!Z14,'Controle Central'!Z33,'Controle Central'!Z52,'Controle Central'!Z71,'Controle Central'!S52,'Controle Central'!S71,'Controle Central'!L52,'Controle Central'!L71,'Controle Central'!E52,'Controle Central'!E71,'Controle Central'!E90,'Controle Central'!E108,'Controle Central'!L90,'Controle Central'!L108,'Controle Central'!S90,'Controle Central'!S108,'Controle Central'!Z90,'Controle Central'!Z108,'Controle Central'!Z126,'Controle Central'!S126,'Controle Central'!L126,'Controle Central'!L144,'Controle Central'!E126,'Controle Central'!E144) -> 50 | M8: =SUM('Controle Central'!E15,'Controle Central'!E34,'Controle Central'!L15,'Controle Central'!L34,'Controle Central'!S15,'Controle Central'!S34,'Controle Central'!Z15,'Controle Central'!Z34,'Controle Central'!Z53,'Controle Central'!Z72,'Controle Central'!S53,'Controle Central'!S72,'Controle Central'!L53,'Controle Central'!L72,'Controle Central'!E53,'Controle Central'!E72,'Controle Central'!E91,'Controle Central'!E109,'Controle Central'!L91,'Controle Central'!L109,'Controle Central'!S91,'Controle Central'!S109,'Controle Central'!Z91,'Controle Central'!Z109,'Controle Central'!Z127,'Controle Central'!S127,'Controle Central'!L127,'Controle Central'!E127,'Controle Central'!E145,'Controle Central'!L145) -> 50
A10: BORRACHARIA | B10: =SUM('Controle Central'!F4,'Controle Central'!M4,'Controle Central'!M23,'Controle Central'!F23,'Controle Central'!T4,'Controle Central'!T23,'Controle Central'!AA4,'Controle Central'!AA23,'Controle Central'!AA61,'Controle Central'!AA42,'Controle Central'!T42,'Controle Central'!M42,'Controle Central'!M61,'Controle Central'!F61,'Controle Central'!F42,'Controle Central'!F98,'Controle Central'!F80,'Controle Central'!M80,'Controle Central'!M98,'Controle Central'!T80,'Controle Central'!T98,'Controle Central'!AA80,'Controle Central'!AA98,'Controle Central'!AA116,'Controle Central'!T116,'Controle Central'!M116,'Controle Central'!F116,'Controle Central'!F134,'Controle Central'!M134) -> 0 | C10: =SUM('Controle Central'!F5,'Controle Central'!F24,'Controle Central'!M5,'Controle Central'!M24,'Controle Central'!T24,'Controle Central'!T5,'Controle Central'!AA5,'Controle Central'!AA24,'Controle Central'!AA43,'Controle Central'!AA62,'Controle Central'!T43,'Controle Central'!T62,'Controle Central'!M43,'Controle Central'!M62,'Controle Central'!F43,'Controle Central'!F62,'Controle Central'!F81,'Controle Central'!F99,'Controle Central'!M99,'Controle Central'!M81,'Controle Central'!T99,'Controle Central'!T81,'Controle Central'!AA81,'Controle Central'!AA99,'Controle Central'!AA117,'Controle Central'!T117,'Controle Central'!M117,'Controle Central'!F117,'Controle Central'!F135,'Controle Central'!M135) -> 0 | D10: =SUM('Controle Central'!F6,'Controle Central'!F25,'Controle Central'!M6,'Controle Central'!M25,'Controle Central'!T6,'Controle Central'!T25,'Controle Central'!AA25,'Controle Central'!AA6,'Controle Central'!AA44,'Controle Central'!AA63,'Controle Central'!T63,'Controle Central'!T44,'Controle Central'!M44,'Controle Central'!M63,'Controle Central'!F63,'Controle Central'!F44,'Controle Central'!F82,'Controle Central'!F100,'Controle Central'!M100,'Controle Central'!M82,'Controle Central'!T82,'Controle Central'!T100,'Controle Central'!AA100,'Controle Central'!AA82,'Controle Central'!AA118,'Controle Central'!T118,'Controle Central'!M118,'Controle Central'!M136,'Controle Central'!F118,'Controle Central'!F136) -> 0 | E10: =SUM('Controle Central'!F7,'Controle Central'!F26,'Controle Central'!M26,'Controle Central'!M7,'Controle Central'!T7,'Controle Central'!T26,'Controle Central'!AA7,'Controle Central'!AA26,'Controle Central'!AA45,'Controle Central'!T45,'Controle Central'!AA64,'Controle Central'!T64,'Controle Central'!M45,'Controle Central'!M64,'Controle Central'!F45,'Controle Central'!F64,'Controle Central'!F83,'Controle Central'!F101,'Controle Central'!M83,'Controle Central'!M101,'Controle Central'!T83,'Controle Central'!T101,'Controle Central'!AA83,'Controle Central'!AA101,'Controle Central'!AA119,'Controle Central'!T119,'Controle Central'!M119,'Controle Central'!M137,'Controle Central'!F137,'Controle Central'!F119) -> 0 | F10: =SUM('Controle Central'!F8,'Controle Central'!F27,'Controle Central'!M8,'Controle Central'!M27,'Controle Central'!T8,'Controle Central'!T27,'Controle Central'!AA27,'Controle Central'!AA8,'Controle Central'!AA46,'Controle Central'!AA65,'Controle Central'!T46,'Controle Central'!T65,'Controle Central'!M65,'Controle Central'!M46,'Controle Central'!F46,'Controle Central'!F65,'Controle Central'!F84,'Controle Central'!F102,'Controle Central'!M84,'Controle Central'!M102,'Controle Central'!T84,'Controle Central'!T102,'Controle Central'!AA84,'Controle Central'!AA102,'Controle Central'!AA120,'Controle Central'!T120,'Controle Central'!M120,'Controle Central'!M138,'Controle Central'!F120,'Controle Central'!F138) -> 0 | G10: =SUM('Controle Central'!F9,'Controle Central'!F28,'Controle Central'!M9,'Controle Central'!M28,'Controle Central'!T9,'Controle Central'!T28,'Controle Central'!AA9,'Controle Central'!AA28,'Controle Central'!AA47,'Controle Central'!AA66,'Controle Central'!T47,'Controle Central'!T66,'Controle Central'!M47,'Controle Central'!M66,'Controle Central'!F47,'Controle Central'!F66,'Controle Central'!F85,'Controle Central'!F103,'Controle Central'!M85,'Controle Central'!M103,'Controle Central'!T85,'Controle Central'!T103,'Controle Central'!AA85,'Controle Central'!AA103,'Controle Central'!AA121,'Controle Central'!T121,'Controle Central'!M121,'Controle Central'!M139,'Controle Central'!F139) -> 0 | H10: =SUM('Controle Central'!F10,'Controle Central'!F29,'Controle Central'!M10,'Controle Central'!M29,'Controle Central'!T10,'Controle Central'!T29,'Controle Central'!AA10,'Controle Central'!AA29,'Controle Central'!AA48,'Controle Central'!T48,'Controle Central'!AA67,'Controle Central'!T67,'Controle Central'!M48,'Controle Central'!M67,'Controle Central'!F48,'Controle Central'!F67,'Controle Central'!F86,'Controle Central'!F104,'Controle Central'!M104,'Controle Central'!M86,'Controle Central'!T86,'Controle Central'!T104,'Controle Central'!AA86,'Controle Central'!AA104,'Controle Central'!AA122,'Controle Central'!T122,'Controle Central'!M122,'Controle Central'!M140,'Controle Central'!F122,'Controle Central'!F140) -> 0 | I10: =SUM('Controle Central'!F11,'Controle Central'!F30,'Controle Central'!M11,'Controle Central'!M30,'Controle Central'!T11,'Controle Central'!T30,'Controle Central'!AA11,'Controle Central'!AA30,'Controle Central'!AA49,'Controle Central'!AA68,'Controle Central'!T49,'Controle Central'!T68,'Controle Central'!M49,'Controle Central'!M68,'Controle Central'!F68,'Controle Central'!F49,'Controle Central'!F87,'Controle Central'!F105,'Controle Central'!M87,'Controle Central'!M105,'Controle Central'!T87,'Controle Central'!T105,'Controle Central'!AA87,'Controle Central'!AA105,'Controle Central'!AA123,'Controle Central'!T123,'Controle Central'!M123,'Controle Central'!M141,'Controle Central'!F123,'Controle Central'!F141) -> 0 | J10: =SUM('Controle Central'!F12,'Controle Central'!F31,'Controle Central'!M12,'Controle Central'!M31,'Controle Central'!T12,'Controle Central'!T31,'Controle Central'!AA12,'Controle Central'!AA31,'Controle Central'!AA50,'Controle Central'!T50,'Controle Central'!T69,'Controle Central'!AA69,'Controle Central'!M50,'Controle Central'!M69,'Controle Central'!F69,'Controle Central'!F50,'Controle Central'!F88,'Controle Central'!F106,'Controle Central'!M88,'Controle Central'!M106,'Controle Central'!T88,'Controle Central'!T106,'Controle Central'!AA88,'Controle Central'!AA106,'Controle Central'!AA124,'Controle Central'!T124,'Controle Central'!M124,'Controle Central'!F124,'Controle Central'!F142,'Controle Central'!M142) -> 0 | K10: =SUM('Controle Central'!F13,'Controle Central'!F32,'Controle Central'!M13,'Controle Central'!M32,'Controle Central'!T13,'Controle Central'!T32,'Controle Central'!AA13,'Controle Central'!AA32,'Controle Central'!AA51,'Controle Central'!T51,'Controle Central'!T70,'Controle Central'!AA70,'Controle Central'!M51,'Controle Central'!M70,'Controle Central'!F70,'Controle Central'!F51,'Controle Central'!F89,'Controle Central'!F107,'Controle Central'!M89,'Controle Central'!M107,'Controle Central'!T89,'Controle Central'!T107,'Controle Central'!AA107,'Controle Central'!AA89,'Controle Central'!AA125,'Controle Central'!T125,'Controle Central'!M125,'Controle Central'!F125,'Controle Central'!F143,'Controle Central'!M143) -> 0 | L10: =SUM('Controle Central'!F14,'Controle Central'!M14,'Controle Central'!F33,'Controle Central'!M33,'Controle Central'!T14,'Controle Central'!T33,'Controle Central'!AA33,'Controle Central'!AA14,'Controle Central'!AA52,'Controle Central'!T52,'Controle Central'!M52,'Controle Central'!M71,'Controle Central'!T71,'Controle Central'!AA71,'Controle Central'!AA90,'Controle Central'!T90,'Controle Central'!M90,'Controle Central'!F90,'Controle Central'!F108,'Controle Central'!F126,'Controle Central'!M108,'Controle Central'!M126,'Controle Central'!T108,'Controle Central'!T126,'Controle Central'!AA108,'Controle Central'!AA126,'Controle Central'!M144,'Controle Central'!F144) -> 0 | M10: =SUM('Controle Central'!F15,'Controle Central'!F34,'Controle Central'!M15,'Controle Central'!M34,'Controle Central'!T15,'Controle Central'!T34,'Controle Central'!AA15,'Controle Central'!AA34,'Controle Central'!AA53,'Controle Central'!T53,'Controle Central'!AA72,'Controle Central'!T72,'Controle Central'!M53,'Controle Central'!F53,'Controle Central'!F72,'Controle Central'!M72,'Controle Central'!F91,'Controle Central'!F109,'Controle Central'!M91,'Controle Central'!M109,'Controle Central'!T91,'Controle Central'!T109,'Controle Central'!AA91,'Controle Central'!AA109,'Controle Central'!AA127,'Controle Central'!T127,'Controle Central'!M127,'Controle Central'!M145,'Controle Central'!F127,'Controle Central'!F145) -> 0
B14: JAN | C14: FEV | D14: MAR | E14: ABR | F14: MAI | G14: JUN | H14: JUL | I14: AGO | J14: SET | K14: OUT | L14: NOV | M14: DEZ
A15: Medição
A17: Contrato de Locação
A19: Lucro Car's | B19: =B15-B17 -> 0 | C19: =C15-C17 -> 0 | D19: =D15-D17 -> 0 | E19: =E15-E17 -> 0 | F19: =F15-F17 -> 0 | G19: =G15-G17 -> 0 | H19: =H15-H17 -> 0 | I19: =I15-I17 -> 0 | ... M19: =M15-M17 -> 0

Sheet Controle Central
B2: ERIKA | I2: JOSEANE | P2: ALIRE | W2: LUCIANE
B3: KM RODADO | C3: KM MENSAL | D3: ABASTECIMENTO | E3: LAVA_RAPIDO | F3: BORRACHARIA | I3: KM RODADO | J3: KM MENSAL | K3: ABASTECIMENTO | L3: LAVA_RAPIDO | M3: BORRACHARIA | P3: KM RODADO | Q3: KM MENSAL | R3: ABASTECIMENTO | S3: LAVA_RAPIDO | T3: BORRACHARIA | W3: KM RODADO | X3: KM MENSAL | Y3: ABASTECIMENTO | Z3: LAVA_RAPIDO | AA3: BORRACHARIA
A4: JAN | C4: 0 | D4: 0 | E4: 0 | F4: 0 | H4: JAN | J4: 0 | K4: 0 | L4: 0 | M4: 0 | O4: JAN | Q4: 0 | R4: 0 | S4: 0 | T4: 0 | V4: JAN | X4: 0 | Y4: 0 | Z4: 0 | AA4: 0
A5: FEV | B5: ='Airismila-Desmob'!H11 -> 0 | C5: =SUM(5000-B5) -> 5000 | D5: ='Airismila-Desmob'!U12 -> 0 | E5: ='Airismila-Desmob'!AC12 -> 0 | F5: ='Airismila-Desmob'!AK12 -> 0 | H5: FEV | I5: ='Rhuan-Desmob'!H11 -> 0 | J5: =SUM(5000-I5) -> 5000 | K5: ='Rhuan-Desmob'!U12 -> 0 | L5: ='Rhuan-Desmob'!AC12 -> 0 | M5: ='Rhuan-Desmob'!AK12 -> 0 | O5: FEV | P5: =Linsmar!H11 -> 0 | Q5: =SUM(5000-P5) -> 5000 | R5: =Linsmar!U12 -> 0 | S5: =Linsmar!AI12 -> 0 | T5: =Linsmar!AR12 -> 0 | V5: FEV | W5: ='Claudio Uliana-Desmob'!H11 -> 0 | X5: =SUM(5000-W5) -> 5000 | Y5: ='Claudio Uliana-Desmob'!U12 -> 0 | Z5: ='Claudio Uliana-Desmob'!AK12 -> 0 | AA5: ='Claudio Uliana-Desmob'!AT12 -> 0
A6: MAR | B6: ='Airismila-Desmob'!H15 -> 0 | C6: =SUM(5000-B6) -> 5000 | D6: ='Airismila-Desmob'!U16 -> 0 | E6: ='Airismila-Desmob'!AC16 -> 0 | F6: ='Airismila-Desmob'!AK16 -> 0 | H6: MAR | I6: ='Rhuan-Desmob'!H15 -> 0 | J6: =SUM(5000-I6) -> 5000 | K6: ='Rhuan-Desmob'!U16 -> 0 | L6: ='Rhuan-Desmob'!AC16 -> 0 | M6: ='Rhuan-Desmob'!AK16 -> 0 | O6: MAR | P6: =Linsmar!H15 -> 0 | Q6: =SUM(5000-P6) -> 5000 | R6: =Linsmar!U16 -> 0 | S6: =Linsmar!AI16 -> 0 | T6: =Linsmar!AR16 -> 0 | V6: MAR | W6: ='Claudio Uliana-Desmob'!H15 -> 0 | X6: =SUM(5000-W6) -> 5000 | Y6: ='Claudio Uliana-Desmob'!U16 -> 0 | Z6: ='Claudio Uliana-Desmob'!AK16 -> 0 | AA6: ='Claudio Uliana-Desmob'!AT16 -> 0
A7: ABR | B7: ='Airismila-Desmob'!H19 -> 0 | C7: =SUM(5000-B7) -> 5000 | D7: ='Airismila-Desmob'!U20 -> 0 | E7: ='Airismila-Desmob'!AC20 -> 0 | F7: ='Airismila-Desmob'!AK20 -> 0 | H7: ABR | I7: ='Rhuan-Desmob'!H19 -> 0 | J7: =SUM(5000-I7) -> 5000 | K7: ='Rhuan-Desmob'!U20 -> 0 | L7: ='Rhuan-Desmob'!AC20 -> 0 | M7: ='Rhuan-Desmob'!AK20 -> 0 | O7: ABR | P7: =Linsmar!H19 -> 0 | Q7: =SUM(5000-P7) -> 5000 | R7: =Linsmar!Z20 -> 0 | S7: =Linsmar!AI20 -> 0 | T7: =Linsmar!AR20 -> 0 | V7: ABR | W7: ='Claudio Uliana-Desmob'!H19 -> 0 | X7: =SUM(5000-W7) -> 5000 | Y7: ='Claudio Uliana-Desmob'!AB20 -> 0 | Z7: ='Claudio Uliana-Desmob'!AK20 -> 0 | AA7: ='Claudio Uliana-Desmob'!AT20 -> 0
A8: MAI | B8: ='Airismila-Desmob'!H23 -> 0 | C8: =SUM(5000-B8) -> 5000 | D8: ='Airismila-Desmob'!U24 -> 0 | E8: ='Airismila-Desmob'!AC24 -> 0 | F8: ='Airismila-Desmob'!AK24 -> 0 | H8: MAI | I8: ='Rhuan-Desmob'!H23 -> 0 | J8: =SUM(5000-I8) -> 5000 | K8: ='Rhuan-Desmob'!U24 -> 0 | L8: ='Rhuan-Desmob'!AC24 -> 0 | M8: ='Rhuan-Desmob'!AK24 -> 0 | O8: MAI | P8: =Linsmar!H23 -> 0 | Q8: =SUM(5000-P8) -> 5000 | R8: =Linsmar!Z24 -> 0 | S8: =Linsmar!AI24 -> 0 | T8: =Linsmar!AR24 -> 0 | V8: MAI | W8: ='Claudio Uliana-Desmob'!H23 -> 0 | X8: =SUM(5000-W8) -> 5000 | Y8: ='Claudio Uliana-Desmob'!AB24 -> 0 | Z8: ='Claudio Uliana-Desmob'!AK24 -> 0 | AA8: ='Claudio Uliana-Desmob'!AT24 -> 0
A9: JUN | B9: ='Airismila-Desmob'!H27 -> 0 | C9: =SUM(5000-B9) -> 5000 | D9: ='Airismila-Desmob'!U28 -> 0 | E9: ='Airismila-Desmob'!AC28 -> 0 | F9: ='Airismila-Desmob'!AK28 -> 0 | H9: JUN | I9: ='Rhuan-Desmob'!H27 -> 0 | J9: =SUM(5000-I9) -> 5000 | K9: ='Rhuan-Desmob'!U28 -> 0 | L9: ='Rhuan-Desmob'!AC28 -> 0 | M9: ='Airismila-Desmob'!AK28 -> 0 | O9: JUN | P9: =Linsmar!H27 -> 0 | Q9: =SUM(5000-P9) -> 5000 | R9: =Linsmar!Z28 -> 0 | S9: =Linsmar!AI28 -> 0 | T9: =Linsmar!AR28 -> 0 | V9: JUN | W9: ='Claudio Uliana-Desmob'!H27 -> 0 | X9: =SUM(5000-W9) -> 5000 | Y9: ='Claudio Uliana-Desmob'!AB28 -> 0 | Z9: ='Claudio Uliana-Desmob'!AK28 -> 0 | AA9: ='Claudio Uliana-Desmob'!AT28 -> 0
A10: JUL | B10: ='Airismila-Desmob'!H31 -> 0 | C10: =SUM(5000-B10) -> 5000 | D10: ='Airismila-Desmob'!U32 -> 0 | E10: ='Airismila-Desmob'!AC32 -> 0 | F10: ='Airismila-Desmob'!AK32 -> 0 | H10: JUL | I10: ='Rhuan-Desmob'!H31 -> 0 | J10: =SUM(5000-I10) -> 5000 | K10: ='Rhuan-Desmob'!U32 -> 0 | L10: ='Rhuan-Desmob'!AC32 -> 0 | M10: ='Rhuan-Desmob'!AK32 -> 0 | O10: JUL | P10: =Linsmar!H31 -> 0 | Q10: =SUM(5000-P10) -> 5000 | R10: =Linsmar!Z32 -> 0 | S10: =Linsmar!AI32 -> 0 | T10: =Linsmar!AR32 -> 0 | V10: JUL | W10: ='Claudio Uliana-Desmob'!H31 -> 0 | X10: =SUM(5000-W10) -> 5000 | Y10: ='Claudio Uliana-Desmob'!AB32 -> 0 | Z10: ='Claudio Uliana-Desmob'!AK32 -> 0 | AA10: ='Claudio Uliana-Desmob'!AT32 -> 0
A11: AGO | B11: ='Airismila-Desmob'!H35 -> 0 | C11: =SUM(5000-B11) -> 5000 | D11: ='Airismila-Desmob'!U36 -> 0 | E11: ='Airismila-Desmob'!AC36 -> 0 | F11: ='Airismila-Desmob'!AK36 -> 0 | H11: AGO | I11: ='Rhuan-Desmob'!H35 -> 0 | J11: =SUM(5000-I11) -> 5000 | K11: ='Rhuan-Desmob'!U36 -> 0 | L11: ='Rhuan-Desmob'!AC36 -> 0 | M11: ='Rhuan-Desmob'!AK36 -> 0 | O11: AGO | P11: =Linsmar!H35 -> 0 | Q11: =SUM(5000-P11) -> 5000 | R11: =Linsmar!Z36 -> 0 | S11: =Linsmar!AI36 -> 0 | T11: =Linsmar!AR36 -> 0 | V11: AGO | W11: ='Claudio Uliana-Desmob'!H35 -> 0 | X11: =SUM(5000-W11) -> 5000 | Y11: ='Claudio Uliana-Desmob'!AB36 -> 0 | Z11: ='Claudio Uliana-Desmob'!AK36 -> 0 | AA11: ='Claudio Uliana-Desmob'!AT36 -> 0
A12: SET | B12: ='Airismila-Desmob'!H39 -> 673 | C12: =SUM(5000-B12) -> 4327 | D12: ='Airismila-Desmob'!U40 -> 217.08 | E12: ='Airismila-Desmob'!AC40 -> 0 | F12: ='Airismila-Desmob'!AK40 -> 0 | H12: SET | I12: ='Rhuan-Desmob'!H39 -> 0 | J12: =SUM(5000-I12) -> 5000 | K12: ='Rhuan-Desmob'!U40 -> 0 | L12: ='Rhuan-Desmob'!AC40 -> 0 | M12: ='Rhuan-Desmob'!AK40 -> 0 | O12: SET | P12: =Linsmar!H35 -> 0 | Q12: =SUM(5000-P12) -> 5000 | R12: =Linsmar!Z40 -> 0 | S12: =Linsmar!AI40 -> 0 | T12: =Linsmar!AR40 -> 0 | V12: SET | W12: ='Claudio Uliana-Desmob'!H39 -> 0 | X12: =SUM(5000-W12) -> 5000 | Y12: ='Claudio Uliana-Desmob'!AB40 -> 0 | Z12: ='Claudio Uliana-Desmob'!AK40 -> 0 | AA12: ='Claudio Uliana-Desmob'!AT40 -> 0
A13: OUT | B13: ='Airismila-Desmob'!H43 -> 2848 | C13: =SUM(5000-B13) -> 2152 | D13: ='Airismila-Desmob'!U44 -> 1432.92 | E13: ='Airismila-Desmob'!AC44 -> 0 | F13: ='Airismila-Desmob'!AK44 -> 0 | H13: OUT | I13: ='Rhuan-Desmob'!H43 -> 4188 | J13: =SUM(5000-I13) -> 812 | K13: ='Rhuan-Desmob'!U44 -> 2463.4 | L13: ='Rhuan-Desmob'!AC44 -> 0 | M13: ='Rhuan-Desmob'!AK44 -> 0 | O13: OUT | P13: =Linsmar!H39 -> 0 | Q13: =SUM(5000-P13) -> 5000 | R13: =Linsmar!Z44 -> 0 | S13: =Linsmar!AI44 -> 0 | T13: =Linsmar!AR44 -> 0 | V13: OUT | W13: ='Claudio Uliana-Desmob'!H43 -> 2986 | X13: =SUM(5000-W13) -> 2014 | Y13: ='Claudio Uliana-Desmob'!AB44 -> 0 | Z13: ='Claudio Uliana-Desmob'!AK44 -> 0 | AA13: ='Claudio Uliana-Desmob'!AT44 -> 0
A14: NOV | B14: ='Airismila-Desmob'!H47 -> 1131 | C14: =SUM(5000-B14) -> 3869 | D14: ='Airismila-Desmob'!U48 -> 649.9 | E14: ='Airismila-Desmob'!AC48 -> 0 | F14: ='Airismila-Desmob'!AK48 -> 0 | H14: NOV | I14: ='Rhuan-Desmob'!H47 -> 2632 | J14: =SUM(5000-I14) -> 2368 | K14: ='Rhuan-Desmob'!U48 -> 1605.73 | L14: ='Rhuan-Desmob'!AC48 -> 0 | M14: ='Rhuan-Desmob'!AK48 -> 0 | O14: NOV | P14: =Linsmar!H43 -> 1507 | Q14: =SUM(5000-P14) -> 3493 | R14: =Linsmar!Z48 -> 0 | S14: =Linsmar!AI48 -> 0 | T14: =Linsmar!AR48 -> 0 | V14: NOV | W14: ='Claudio Uliana-Desmob'!H47 -> 5864 | X14: =SUM(5000-W14) -> -864 | Y14: ='Claudio Uliana-Desmob'!AB48 -> 0 | Z14: ='Claudio Uliana-Desmob'!AK48 -> 0 | AA14: ='Claudio Uliana-Desmob'!AT48 -> 0
A15: DEZ | B15: ='Airismila-Desmob'!H51 -> 1207 | C15: =SUM(5000-B15) -> 3793 | D15: ='Airismila-Desmob'!U52 -> 511.53 | E15: ='Airismila-Desmob'!AC52 -> 0 | F15: ='Airismila-Desmob'!AK52 -> 0 | H15: DEZ | I15: ='Rhuan-Desmob'!H51 -> 3013 | J15: =SUM(5000-I15) -> 1987 | K15: ='Rhuan-Desmob'!U52 -> 1939.84 | L15: ='Rhuan-Desmob'!AC48 -> 0 | M15: ='Rhuan-Desmob'!AK48 -> 0 | O15: DEZ | P15: =Linsmar!H47 -> 3474 | Q15: =SUM(5000-P15) -> 1526 | R15: =Linsmar!Z52 -> 0 | S15: =Linsmar!AI48 -> 0 | T15: =Linsmar!AR52 -> 0 | V15: DEZ | W15: ='Claudio Uliana-Desmob'!H51 -> 2911 | X15: =SUM(5000-W15) -> 2089 | Y15: ='Claudio Uliana-Desmob'!AB52 -> 0 | Z15: ='Claudio Uliana-Desmob'!AK52 -> 0 | AA15: ='Claudio Uliana-Desmob'!AT52 -> 0
A17: TOTAL | B17: =SUM(B4:B15) -> 5859 | D17: =SUM(D4:D15) -> 2811.43 | E17: =SUM(E4:E15) -> 0 | F17: =SUM(F4:F15) -> 0 | H17: TOTAL | I17: =SUM(I4:I15) -> 9833 | K17: =SUM(K4:K15) -> 6008.97 | L17: =SUM(L4:L15) -> 0 | M17: =SUM(M4:M15) -> 0 | O17: TOTAL | P17: =SUM(P4:P15) -> 4981 | R17: =SUM(R4:R15) -> 0 | S17: =SUM(S4:S15) -> 0 | T17: =SUM(T4:T15) -> 0 | V17: TOTAL | W17: =SUM(W4:W15) -> 11761 | Y17: =SUM(Y4:Y15) -> 0 | Z17: =SUM(Z4:Z15) -> 0 | AA17: =SUM(AA4:AA15) -> 0
A18: SALDO KM | B18: =SUM(60000-B17) -> 54141 | H18: SALDO KM | I18: =SUM(60000-I17) -> 50167 | O18: SALDO KM | P18: =SUM(60000-P17) -> 55019 | V18: SALDO KM | W18: =SUM(60000-W17) -> 48239
B21: CAR_05 | I21: CAR_06 | P21: CAR_07 | W21: CAR_08
B22: KM RODADO | C22: KM MENSAL | D22: ABASTECIMENTO | E22: LAVA_RAPIDO | F22: BORRACHARIA | I22: KM RODADO | J22: KM MENSAL | K22: ABASTECIMENTO | L22: LAVA_RAPIDO | M22: BORRACHARIA | P22: KM RODADO | Q22: KM MENSAL | R22: ABASTECIMENTO | S22: LAVA_RAPIDO | T22: BORRACHARIA | W22: KM RODADO | X22: KM MENSAL | Y22: ABASTECIMENTO | Z22: LAVA_RAPIDO | AA22: BORRACHARIA
A23: JAN | C23: 0 | D23: 0 | E23: 0 | F23: 0 | H23: JAN | J23: 0 | K23: 0 | L23: 0 | M23: 0 | O23: JAN | Q23: 0 | R23: 0 | S23: 0 | T23: 0 | V23: JAN | X23: 0 | Y23: 0 | Z23: 0 | AA23: 0
A24: FEV | B24: =Esdras!H11 -> 0 | C24: =SUM(5000-B24) -> 5000 | D24: =Esdras!U12 -> 0 | E24: =Esdras!AC12 -> 0 | F24: =Esdras!AK12 -> 0 | H24: FEV | I24: ='Rodrigo Silvio-Desmob'!H11 -> 0 | J24: =SUM(5000-I24) -> 5000 | K24: ='Rodrigo Silvio-Desmob'!U12 -> 0 | L24: ='Rodrigo Silvio-Desmob'!AD12 -> 0 | M24: ='Rodrigo Silvio-Desmob'!AL12 -> 0 | O24: FEV | P24: ='Marcelo Oliveira-Desmob'!H19 -> 792 | Q24: =SUM(5000-P24) -> 4208 | R24: ='Marcelo Oliveira-Desmob'!U20 -> 734.14 | S24: ='Marcelo Oliveira-Desmob'!AC20 -> 0 | T24: ='Marcelo Oliveira-Desmob'!AK20 -> 0 | V24: FEV | W24: =Weiller!H14 -> 2937 | X24: =SUM(5000-W24) -> 2063 | Y24: =Weiller!U15 -> 2182.81 | Z24: =Weiller!AE15 -> 0 | AA24: =Weiller!AN15 -> 0
A25: MAR | B25: =Esdras!H15 -> 0 | C25: =SUM(5000-B25) -> 5000 | D25: =Esdras!U16 -> 0 | E25: =Esdras!AC16 -> 0 | F25: =Esdras!AK16 -> 0 | H25: MAR | I25: ='Rodrigo Silvio-Desmob'!H15 -> 0 | J25: =SUM(5000-I25) -> 5000 | K25: ='Rodrigo Silvio-Desmob'!U16 -> 0 | L25: ='Rodrigo Silvio-Desmob'!AD16 -> 0 | M25: ='Rodrigo Silvio-Desmob'!AL16 -> 0 | O25: MAR | P25: ='Marcelo Oliveira-Desmob'!H23 -> 1342 | Q25: =SUM(5000-P25) -> 3658 | R25: ='Marcelo Oliveira-Desmob'!U24 -> 1343.5 | S25: ='Marcelo Oliveira-Desmob'!AC24 -> 208 | T25: ='Marcelo Oliveira-Desmob'!AK24 -> 0 | V25: MAR | W25: =Weiller!H18 -> 4165 | X25: =SUM(5000-W25) -> 835 | Y25: =Weiller!U19 -> 3709.87 | Z25: =Weiller!AE19 -> 240 | AA25: =Weiller!AN19 -> 0
A26: ABR | B26: =Esdras!H19 -> 0 | C26: =SUM(5000-B26) -> 5000 | D26: =Esdras!U20 -> 0 | E26: =Esdras!AC20 -> 0 | F26: =Esdras!AK20 -> 0 | H26: ABR | I26: ='Rodrigo Silvio-Desmob'!H19 -> 0 | J26: =SUM(5000-I26) -> 5000 | K26: ='Rodrigo Silvio-Desmob'!U20 -> 0 | L26: ='Rodrigo Silvio-Desmob'!AD20 -> 0 | M26: ='Rodrigo Silvio-Desmob'!AL20 -> 0 | O26: ABR | P26: ='Marcelo Oliveira-Desmob'!H27 -> 1193 | Q26: =SUM(5000-P26) -> 3807 | R26: ='Marcelo Oliveira-Desmob'!U28 -> 0 | S26: ='Marcelo Oliveira-Desmob'!AC28 -> 0 | T26: ='Marcelo Oliveira-Desmob'!AK28 -> 0 | V26: ABR | W26: =Weiller!H22 -> 4126 | X26: =SUM(5000-W26) -> 874 | Y26: =Weiller!U203 -> 0 | Z26: =Weiller!AE23 -> 0 | AA26: =Weiller!AN203 -> 0
A27: MAI | B27: =Esdras!H23 -> 0 | C27: =SUM(5000-B27) -> 5000 | D27: =Esdras!U24 -> 0 | E27: =Esdras!AC24 -> 0 | F27: =Esdras!AK24 -> 0 | H27: MAI | I27: ='Rodrigo Silvio-Desmob'!H23 -> 0 | J27: =SUM(5000-I27) -> 5000 | K27: ='Rodrigo Silvio-Desmob'!U24 -> 0 | L27: ='Rodrigo Silvio-Desmob'!AD24 -> 0 | M27: ='Rodrigo Silvio-Desmob'!AL24 -> 0 | O27: MAI | P27: ='Marcelo Oliveira-Desmob'!H31 -> 2153 | Q27: =SUM(5000-P27) -> 2847 | R27: ='Marcelo Oliveira-Desmob'!U32 -> 0 | S27: ='Marcelo Oliveira-Desmob'!AC32 -> 0 | T27: ='Marcelo Oliveira-Desmob'!AK32 -> 0 | V27: MAI | W27: =Weiller!H26 -> 4955 | X27: =SUM(5000-W27) -> 45 | Y27: =Weiller!U27 -> 0 | Z27: =Weiller!AE27 -> 0 | AA27: =Weiller!AN27 -> 0
A28: JUN | B28: =Esdras!H27 -> 0 | C28: =SUM(5000-B28) -> 5000 | D28: =Esdras!U28 -> 0 | E28: =Esdras!AC28 -> 0 | F28: =Esdras!AK28 -> 0 | H28: JUN | I28: ='Rodrigo Silvio-Desmob'!H27 -> 0 | J28: =SUM(5000-I28) -> 5000 | K28: ='Rodrigo Silvio-Desmob'!U28 -> 0 | L28: ='Rodrigo Silvio-Desmob'!AD28 -> 0 | M28: ='Rodrigo Silvio-Desmob'!AL28 -> 0 | O28: JUN | P28: ='Marcelo Oliveira-Desmob'!H35 -> 425 | Q28: =SUM(5000-P28) -> 4575 | R28: ='Marcelo Oliveira-Desmob'!U36 -> 0 | S28: ='Marcelo Oliveira-Desmob'!AC36 -> 0 | T28: ='Marcelo Oliveira-Desmob'!AK36 -> 0 | V28: JUN | W28: =Weiller!H30 -> 0 | X28: =SUM(5000-W28) -> 5000 | Y28: =Weiller!U31 -> 0 | Z28: =Weiller!AE31 -> 0 | AA28: =Weiller!AN31 -> 0
A29: JUL | B29: =Esdras!H31 -> 0 | C29: =SUM(5000-B29) -> 5000 | D29: =Esdras!U32 -> 0 | E29: =Esdras!AC32 -> 0 | F29: =Esdras!AK32 -> 0 | H29: JUL | I29: ='Rodrigo Silvio-Desmob'!H31 -> 0 | J29: =SUM(5000-I29) -> 5000 | K29: ='Rodrigo Silvio-Desmob'!U32 -> 0 | L29: ='Rodrigo Silvio-Desmob'!AD32 -> 0 | M29: ='Rodrigo Silvio-Desmob'!AL32 -> 0 | O29: JUL | P29: ='Marcelo Oliveira-Desmob'!H39 -> 0 | Q29: =SUM(5000-P29) -> 5000 | R29: ='Marcelo Oliveira-Desmob'!U40 -> 0 | S29: ='Marcelo Oliveira-Desmob'!AC40 -> 0 | T29: ='Marcelo Oliveira-Desmob'!AK40 -> 0 | V29: JUL | W29: =Weiller!H34 -> 0 | X29: =SUM(5000-W29) -> 5000 | Y29: =Weiller!U35 -> 0 | Z29: =Weiller!AE35 -> 0 | AA29: =Weiller!AN35 -> 0
A30: AGO | B30: =Esdras!H35 -> 0 | C30: =SUM(5000-B30) -> 5000 | D30: =Esdras!U36 -> 0 | E30: =Esdras!AC36 -> 0 | F30: =Esdras!AK36 -> 0 | H30: AGO | I30: ='Rodrigo Silvio-Desmob'!H35 -> 0 | J30: =SUM(5000-I30) -> 5000 | K30: ='Rodrigo Silvio-Desmob'!U36 -> 0 | L30: ='Rodrigo Silvio-Desmob'!AD36 -> 0 | M30: ='Rodrigo Silvio-Desmob'!AL36 -> 0 | O30: AGO | P30: ='Marcelo Oliveira-Desmob'!H43 -> 0 | Q30: =SUM(5000-P30) -> 5000 | R30: ='Marcelo Oliveira-Desmob'!U44 -> 0 | S30: ='Marcelo Oliveira-Desmob'!AC44 -> 0 | T30: ='Marcelo Oliveira-Desmob'!AK44 -> 0 | V30: AGO | W30: =Weiller!H38 -> 0 | X30: =SUM(5000-W30) -> 5000 | Y30: =Weiller!U39 -> 0 | Z30: =Weiller!AE39 -> 0 | AA30: =Weiller!AN39 -> 0
A31: SET | B31: =Esdras!H39 -> 0 | C31: =SUM(5000-B31) -> 5000 | D31: =Esdras!U40 -> 0 | E31: =Esdras!AC40 -> 0 | F31: =Esdras!AK4 -> 0 | H31: SET | I31: ='Rodrigo Silvio-Desmob'!H39 -> 0 | J31: =SUM(5000-I31) -> 5000 | K31: ='Rodrigo Silvio-Desmob'!U40 -> 0 | L31: ='Rodrigo Silvio-Desmob'!AD40 -> 0 | M31: ='Rodrigo Silvio-Desmob'!AL40 -> 0 | O31: SET | P31: ='Marcelo Oliveira-Desmob'!H47 -> 0 | Q31: =SUM(5000-P31) -> 5000 | R31: ='Marcelo Oliveira-Desmob'!U48 -> 0 | S31: ='Marcelo Oliveira-Desmob'!AC48 -> 0 | T31: ='Marcelo Oliveira-Desmob'!AK48 -> 0 | V31: SET | W31: =Weiller!H42 -> 0 | X31: =SUM(5000-W31) -> 5000 | Y31: =Weiller!U43 -> 0 | Z31: =Weiller!AE43 -> 0 | AA31: =Weiller!AN43 -> 0
A32: OUT | B32: =Esdras!H43 -> 0 | C32: =SUM(5000-B32) -> 5000 | D32: =Esdras!U44 -> 0 | E32: =Esdras!AC44 -> 0 | F32: =Esdras!AK44 -> 0 | H32: OUT | I32: ='Rodrigo Silvio-Desmob'!H43 -> 1621 | J32: =SUM(5000-I32) -> 3379 | K32: ='Rodrigo Silvio-Desmob'!U44 -> 938.03 | L32: ='Rodrigo Silvio-Desmob'!AD44 -> 0 | M32: ='Rodrigo Silvio-Desmob'!AL44 -> 0 | O32: OUT | P32: ='Marcelo Oliveira-Desmob'!H51 -> 0 | Q32: =SUM(5000-P32) -> 5000 | R32: ='Marcelo Oliveira-Desmob'!U52 -> 0 | S32: ='Marcelo Oliveira-Desmob'!AC52 -> 0 | T32: ='Marcelo Oliveira-Desmob'!AK52 -> 0 | V32: OUT | W32: =Weiller!H46 -> 0 | X32: =SUM(5000-W32) -> 5000 | Y32: =Weiller!U47 -> 0 | Z32: =Weiller!AE47 -> 0 | AA32: =Weiller!AN47 -> 0
A33: NOV | B33: =Esdras!H47 -> 1467 | C33: =SUM(5000-B33) -> 3533 | D33: =Esdras!U48 -> 1076.52 | E33: =Esdras!AC48 -> 50 | F33: =Esdras!AK48 -> 0 | H33: NOV | I33: ='Rodrigo Silvio-Desmob'!H47 -> 3701 | J33: =SUM(5000-I33) -> 1299 | K33: ='Rodrigo Silvio-Desmob'!U48 -> 2290.62 | L33: ='Rodrigo Silvio-Desmob'!AD48 -> 0 | M33: ='Rodrigo Silvio-Desmob'!AL48 -> 0 | O33: NOV | P33: ='Marcelo Oliveira-Desmob'!H55 -> 0 | Q33: =SUM(5000-P33) -> 5000 | R33: ='Marcelo Oliveira-Desmob'!U56 -> 0 | S33: ='Marcelo Oliveira-Desmob'!AC56 -> 0 | T33: ='Marcelo Oliveira-Desmob'!AK56 -> 0 | V33: NOV | W33: =Weiller!H50 -> 0 | X33: =SUM(5000-W33) -> 5000 | Y33: =Weiller!U51 -> 0 | Z33: =Weiller!AE51 -> 0 | AA33: =Weiller!AN51 -> 0
A34: DEZ | B34: =Esdras!H51 -> 1078 | C34: =SUM(5000-B34) -> 3922 | D34: =Esdras!U52 -> 798.72 | E34: =Esdras!AC52 -> 50 | F34: =Esdras!AK52 -> 0 | H34: DEZ | I34: ='Rodrigo Silvio-Desmob'!H51 -> 2836 | J34: =SUM(5000-I34) -> 2164 | K34: ='Rodrigo Silvio-Desmob'!U52 -> 1694.91 | L34: ='Rodrigo Silvio-Desmob'!AD52 -> 0 | M34: ='Rodrigo Silvio-Desmob'!AL52 -> 0 | O34: DEZ | P34: ='Marcelo Oliveira-Desmob'!H59 -> 0 | Q34: =SUM(5000-P34) -> 5000 | R34: ='Marcelo Oliveira-Desmob'!U60 -> 0 | S34: ='Marcelo Oliveira-Desmob'!AC60 -> 0 | T34: ='Marcelo Oliveira-Desmob'!AK60 -> 0 | V34: DEZ | W34: =Weiller!H54 -> 0 | X34: =SUM(5000-W34) -> 5000 | Y34: =Weiller!U55 -> 0 | Z34: =Weiller!AE55 -> 0 | AA34: =Weiller!AN55 -> 0
A36: TOTAL | B36: =SUM(B23:B34) -> 2545 | D36: =SUM(D23:D34) -> 1875.24 | E36: =SUM(E23:E34) -> 100 | F36: =SUM(F23:F34) -> 0 | H36: TOTAL | I36: =SUM(I23:I34) -> 8158 | K36: =SUM(K23:K34) -> 4923.56 | L36: =SUM(L23:L34) -> 0 | M36: =SUM(M23:M34) -> 0 | O36: TOTAL | P36: =SUM(P23:P34) -> 5905 | R36: =SUM(R23:R34) -> 2077.64 | S36: =SUM(S23:S34) -> 208 | T36: =SUM(T23:T34) -> 0 | V36: TOTAL | W36: =SUM(W23:W34) -> 16183 | Y36: =SUM(Y23:Y34) -> 5892.68 | Z36: =SUM(Z23:Z34) -> 240 | AA36: =SUM(AA23:AA34) -> 0
A37: SALDO KM | B37: =SUM(60000-B36) -> 57455 | H37: SALDO KM | I37: =SUM(60000-I36) -> 51842 | O37: SALDO KM | P37: =SUM(60000-P36) -> 54095 | V37: SALDO KM | W37: =SUM(60000-W36) -> 43817
B40: CAR_09 | I40: CAR_10 | P40: CAR_11 | W40: CAR_12
B41: KM | C41: KM MENSAL | D41: ABASTECIMENTO | E41: LAVA_RAPIDO | F41: BORRACHARIA | I41: KM | J41: KM MENSAL | K41: ABASTECIMENTO | L41: LAVA_RAPIDO | M41: BORRACHARIA | P41: KM | Q41: KM MENSAL | R41: ABASTECIMENTO | S41: LAVA_RAPIDO | T41: BORRACHARIA | W41: KM | X41: KM MENSAL | Y41: ABASTECIMENTO | Z41: LAVA_RAPIDO | AA41: BORRACHARIA
A42: JAN | H42: JAN | O42: JAN | V42: JAN
A43: FEV | B43: ='Claudio Uliana'!H11 -> 0 | C43: =SUM(5000-B43) -> 5000 | D43: ='Claudio Uliana'!U12 -> 0 | E43: ='Claudio Uliana'!AE12 -> 0 | F43: ='Claudio Uliana'!AN12 -> 0 | H43: FEV | I43: =Fernando!H11 -> 0 | J43: =SUM(5000-I43) -> 5000 | K43: =Fernando!U12 -> 0 | L43: =Fernando!AE12 -> 0 | M43: =Fernando!AN12 -> 0 | O43: FEV | P43: =Gideoni!H11 -> 0 | Q43: =SUM(5000-P43) -> 5000 | R43: =Gideoni!U12 -> 0 | S43: =Gideoni!AE12 -> 0 | T43: =Gideoni!AN12 -> 0 | V43: FEV | W43: =Rhuan!H11 -> 0 | X43: =SUM(5000-W43) -> 5000 | Y43: =Rhuan!U12 -> 0 | Z43: =Rhuan!AE12 -> 0 | AA43: =Rhuan!AN12 -> 0
A44: MAR | B44: ='Claudio Uliana'!H15 -> 1575 | C44: =SUM(5000-B44) -> 3425 | D44: ='Claudio Uliana'!U16 -> 0 | E44: ='Claudio Uliana'!AE16 -> 0 | F44: ='Claudio Uliana'!AN16 -> 0 | H44: MAR | I44: =Fernando!H15 -> 0 | J44: =SUM(5000-I44) -> 5000 | K44: =Fernando!U16 -> 0 | L44: =Fernando!AE16 -> 0 | M44: =Fernando!AN16 -> 0 | O44: MAR | P44: =Gideoni!H15 -> 0 | Q44: =SUM(5000-P44) -> 5000 | R44: =Gideoni!U16 -> 0 | S44: =Gideoni!AE16 -> 0 | T44: =Gideoni!AN16 -> 0 | V44: MAR | W44: =Rhuan!H15 -> 0 | X44: =SUM(5000-W44) -> 5000 | Y44: =Rhuan!U16 -> 0 | Z44: =Rhuan!AE16 -> 0 | AA44: =Rhuan!AN16 -> 0
A45: ABR | B45: ='Claudio Uliana'!H19 -> 4046 | C45: =SUM(5000-B45) -> 954 | D45: ='Claudio Uliana'!U20 -> 0 | E45: ='Claudio Uliana'!AE20 -> 0 | F45: ='Claudio Uliana'!AN20 -> 0 | H45: ABR | I45: =Fernando!H19 -> 0 | J45: =SUM(5000-I45) -> 5000 | K45: =Fernando!U20 -> 0 | L45: =Fernando!AE20 -> 0 | M45: =Fernando!AN20 -> 0 | O45: ABR | P45: =Gideoni!H19 -> 0 | Q45: =SUM(5000-P45) -> 5000 | R45: =Gideoni!U20 -> 0 | S45: =Gideoni!AE20 -> 0 | T45: =Gideoni!AN20 -> 0 | V45: ABR | W45: =Rhuan!H19 -> 0 | X45: =SUM(5000-W45) -> 5000 | Y45: =Rhuan!U20 -> 0 | Z45: =Rhuan!AE20 -> 0 | AA45: =Rhuan!AN20 -> 0
A46: MAI | B46: ='Claudio Uliana'!H23 -> 3758 | C46: =SUM(5000-B46) -> 1242 | D46: ='Claudio Uliana'!U24 -> 0 | E46: ='Claudio Uliana'!AE24 -> 0 | F46: ='Claudio Uliana'!AN24 -> 0 | H46: MAI | I46: =Fernando!H23 -> 4043 | J46: =SUM(5000-I46) -> 957 | K46: =Fernando!U24 -> 0 | L46: =Fernando!AE24 -> 0 | M46: =Fernando!AN24 -> 0 | O46: MAI | P46: =Gideoni!H23 -> 309 | Q46: =SUM(5000-P46) -> 4691 | R46: =Gideoni!U24 -> 0 | S46: =Gideoni!AE24 -> 0 | T46: =Gideoni!AN24 -> 0 | V46: MAI | W46: =Rhuan!H23 -> 0 | X46: =SUM(5000-W46) -> 5000 | Y46: =Rhuan!U24 -> 0 | Z46: =Rhuan!AE24 -> 0 | AA46: =Rhuan!AN24 -> 0
A47: JUN | B47: ='Claudio Uliana'!H27 -> 0 | C47: =SUM(5000-B47) -> 5000 | D47: ='Claudio Uliana'!U28 -> 0 | E47: ='Claudio Uliana'!AE28 -> 0 | F47: ='Claudio Uliana'!AN28 -> 0 | H47: JUN | I47: =Fernando!H27 -> 0 | J47: =SUM(5000-I47) -> 5000 | K47: =Fernando!U28 -> 0 | L47: =Fernando!AE28 -> 0 | M47: =Fernando!AN28 -> 0 | O47: JUN | P47: =Gideoni!H31 -> 0 | Q47: =SUM(5000-P47) -> 5000 | R47: =Gideoni!U32 -> 0 | S47: =Gideoni!AE32 -> 0 | T47: =Gideoni!AN32 -> 0 | V47: JUN | W47: =Rhuan!H27 -> -9010 | X47: =SUM(5000-W47) -> 14010 | Y47: =Rhuan!U28 -> 0 | Z47: =Rhuan!AE28 -> 0 | AA47: =Rhuan!AN28 -> 0
A48: JUL | B48: ='Claudio Uliana'!H31 -> 0 | C48: =SUM(5000-B48) -> 5000 | D48: ='Claudio Uliana'!U32 -> 0 | E48: ='Claudio Uliana'!AE32 -> 0 | F48: ='Claudio Uliana'!AN32 -> 0 | H48: JUL | I48: =Fernando!H31 -> 0 | J48: =SUM(5000-I48) -> 5000 | K48: =Fernando!U32 -> 0 | L48: =Fernando!AE32 -> 0 | M48: =Fernando!AN32 -> 0 | O48: JUL | P48: =Gideoni!H35 -> 0 | Q48: =SUM(5000-P48) -> 5000 | R48: =Gideoni!U36 -> 0 | S48: =Gideoni!AE36 -> 0 | T48: =Gideoni!AN36 -> 0 | V48: JUL | W48: =Rhuan!H31 -> 0 | X48: =SUM(5000-W48) -> 5000 | Y48: =Rhuan!U32 -> 0 | Z48: =Rhuan!AE32 -> 0 | AA48: =Rhuan!AN32 -> 0
A49: AGO | B49: ='Claudio Uliana'!H35 -> 0 | C49: =SUM(5000-B49) -> 5000 | D49: ='Claudio Uliana'!U36 -> 0 | E49: ='Claudio Uliana'!AE36 -> 0 | F49: ='Claudio Uliana'!AN36 -> 0 | H49: AGO | I49: =Fernando!H35 -> 0 | J49: =SUM(5000-I49) -> 5000 | K49: =Fernando!U36 -> 0 | L49: =Fernando!AE36 -> 0 | M49: =Fernando!AN36 -> 0 | O49: AGO | P49: =Gideoni!H39 -> 0 | Q49: =SUM(5000-P49) -> 5000 | R49: =Gideoni!U40 -> 0 | S49: =Gideoni!AE40 -> 0 | T49: =Gideoni!AN40 -> 0 | V49: AGO | W49: =Rhuan!H35 -> 0 | X49: =SUM(5000-W49) -> 5000 | Y49: =Rhuan!U36 -> 0 | Z49: =Rhuan!AE36 -> 0 | AA49: =Rhuan!AN36 -> 0
A50: SET | B50: ='Claudio Uliana'!H39 -> 0 | C50: =SUM(5000-B50) -> 5000 | D50: ='Claudio Uliana'!U40 -> 0 | E50: ='Claudio Uliana'!AE40 -> 0 | F50: ='Claudio Uliana'!AN40 -> 0 | H50: SET | I50: =Fernando!H39 -> 0 | J50: =SUM(5000-I50) -> 5000 | K50: =Fernando!U40 -> 0 | L50: =Fernando!AE40 -> 0 | M50: =Fernando!AN40 -> 0 | O50: SET | P50: =Gideoni!H43 -> 0 | Q50: =SUM(5000-P50) -> 5000 | R50: =Gideoni!U44 -> 0 | S50: =Gideoni!AE44 -> 0 | T50: =Gideoni!AN44 -> 0 | V50: SET | W50: =Rhuan!H39 -> 0 | X50: =SUM(5000-W50) -> 5000 | Y50: =Rhuan!U40 -> 0 | Z50: =Rhuan!AE40 -> 0 | AA50: =Rhuan!AN40 -> 0
A51: OUT | B51: ='Claudio Uliana'!H43 -> 0 | C51: =SUM(5000-B51) -> 5000 | D51: ='Claudio Uliana'!U44 -> 0 | E51: ='Claudio Uliana'!AE44 -> 0 | F51: ='Claudio Uliana'!AN44 -> 0 | H51: OUT | I51: =Fernando!H43 -> 0 | J51: =SUM(5000-I51) -> 5000 | K51: =Fernando!U44 -> 0 | L51: =Fernando!AE44 -> 0 | M51: =Fernando!AN44 -> 0 | O51: OUT | P51: =Gideoni!H47 -> 0 | Q51: =SUM(5000-P51) -> 5000 | R51: =Gideoni!U48 -> 0 | S51: =Gideoni!AE48 -> 0 | T51: =Gideoni!AN48 -> 0 | V51: OUT | W51: =Rhuan!H43 -> 0 | X51: =SUM(5000-W51) -> 5000 | Y51: =Rhuan!U44 -> 0 | Z51: =Rhuan!AE44 -> 0 | AA51: =Rhuan!AN44 -> 0
A52: NOV | B52: ='Claudio Uliana'!H47 -> 0 | C52: =SUM(5000-B52) -> 5000 | D52: ='Claudio Uliana'!U48 -> 0 | E52: ='Claudio Uliana'!AE48 -> 0 | F52: ='Claudio Uliana'!AN48 -> 0 | H52: NOV | I52: =Fernando!H47 -> 0 | J52: =SUM(5000-I52) -> 5000 | K52: =Fernando!U48 -> 0 | L52: =Fernando!AE48 -> 0 | M52: =Fernando!AN48 -> 0 | O52: NOV | P52: =Gideoni!H51 -> 0 | Q52: =SUM(5000-P52) -> 5000 | R52: =Gideoni!U52 -> 0 | S52: =Gideoni!AE52 -> 0 | T52: =Gideoni!AN52 -> 0 | V52: NOV | W52: =Rhuan!H47 -> 0 | X52: =SUM(5000-W52) -> 5000 | Y52: =Rhuan!U48 -> 0 | Z52: =Rhuan!AE48 -> 0 | AA52: =Rhuan!AN48 -> 0
A53: DEZ | B53: ='Claudio Uliana'!H51 -> 0 | C53: =SUM(5000-B53) -> 5000 | D53: ='Claudio Uliana'!U52 -> 0 | E53: ='Claudio Uliana'!AE52 -> 0 | F53: ='Claudio Uliana'!AN52 -> 0 | H53: DEZ | I53: =Fernando!H51 -> 0 | J53: =SUM(5000-I53) -> 5000 | K53: =Fernando!U52 -> 0 | L53: =Fernando!AE52 -> 0 | M53: =Fernando!AN52 -> 0 | O53: DEZ | P53: =Gideoni!H55 -> 0 | Q53: =SUM(5000-P53) -> 5000 | R53: =Gideoni!U56 -> 0 | S53: =Gideoni!AE56 -> 0 | T53: =Gideoni!AN56 -> 0 | V53: DEZ | W53: =Rhuan!H51 -> 0 | X53: =SUM(5000-W53) -> 5000 | Y53: =Rhuan!U52 -> 0 | Z53: =Rhuan!AE52 -> 0 | AA53: =Rhuan!AN52 -> 0
A55: TOTAL | B55: =SUM(B42:B53) -> 9379 | D55: =SUM(D42:D53) -> 0 | E55: =SUM(E42:E53) -> 0 | F55: =SUM(F42:F53) -> 0 | H55: TOTAL | I55: =SUM(I42:I53) -> 4043 | K55: =SUM(K42:K53) -> 0 | L55: =SUM(L42:L53) -> 0 | M55: =SUM(M42:M53) -> 0 | O55: TOTAL | P55: =SUM(P42:P53) -> 309 | R55: =SUM(R42:R53) -> 0 | S55: =SUM(S42:S53) -> 0 | T55: =SUM(T42:T53) -> 0 | V55: TOTAL | W55: =SUM(W42:W53) -> -9010 | Y55: =SUM(Y42:Y53) -> 0 | Z55: =SUM(Z42:Z53) -> 0 | AA55: =SUM(AA42:AA53) -> 0
A56: SALDO KM | B56: =SUM(60000-B55) -> 50621 | H56: SALDO KM | I56: =SUM(60000-I55) -> 55957 | O56: SALDO KM | P56: =SUM(60000-P55) -> 59691 | V56: SALDO KM | W56: =SUM(60000-W55) -> 69010
B59: CAR_13 | I59: CAR_14 | P59: CAR_15 | W59: CAR_16
B60: KM | C60: KM MENSAL | D60: ABASTECIMENTO | E60: LAVA_RAPIDO | F60: BORRACHARIA | I60: KM | J60: KM MENSAL | K60: ABASTECIMENTO | L60: LAVA_RAPIDO | M60: BORRACHARIA | P60: KM | Q60: KM MENSAL | R60: ABASTECIMENTO | S60: LAVA_RAPIDO | T60: BORRACHARIA | W60: KM | X60: KM MENSAL | Y60: ABASTECIMENTO | Z60: LAVA_RAPIDO | AA60: BORRACHARIA
A61: JAN | H61: JAN | O61: JAN | V61: JAN
A62: FEV | B62: =CAR_13!H11 -> 0 | C62: =SUM(5000-B62) -> 5000 | D62: =CAR_13!U12 -> 0 | E62: =CAR_13!AE12 -> 0 | F62: =CAR_13!AN12 -> 0 | H62: FEV | I62: =CAR_14!H11 -> 0 | J62: =SUM(5000-I62) -> 5000 | K62: =CAR_14!U12 -> 0 | L62: =CAR_14!AE12 -> 0 | M62: =CAR_14!AN12 -> 0 | O62: FEV | P62: =CAR_15!H11 -> 0 | Q62: =SUM(5000-P62) -> 5000 | R62: =CAR_15!U12 -> 0 | S62: =CAR_15!AE12 -> 0 | T62: =CAR_15!AN12 -> 0 | V62: FEV | W62: =CAR_16!H11 -> 0 | X62: =SUM(5000-W62) -> 5000 | Y62: =CAR_16!U12 -> 0 | Z62: =CAR_16!AE12 -> 0 | AA62: =CAR_16!AN12 -> 0
A63: MAR | B63: =CAR_13!H15 -> 0 | C63: =SUM(5000-B63) -> 5000 | D63: =CAR_13!U16 -> 0 | E63: =CAR_13!AE16 -> 0 | F63: =CAR_13!AN16 -> 0 | H63: MAR | I63: =CAR_14!H15 -> 0 | J63: =SUM(5000-I63) -> 5000 | K63: =CAR_14!U16 -> 0 | L63: =CAR_14!AE16 -> 0 | M63: =CAR_14!AN16 -> 0 | O63: MAR | P63: =CAR_15!H15 -> 0 | Q63: =SUM(5000-P63) -> 5000 | R63: =CAR_15!U16 -> 0 | S63: =CAR_15!AE16 -> 0 | T63: =CAR_15!AN16 -> 0 | V63: MAR | W63: =CAR_16!H15 -> 0 | X63: =SUM(5000-W63) -> 5000 | Y63: =CAR_16!U16 -> 0 | Z63: =CAR_16!AE16 -> 0 | AA63: =CAR_16!AN16 -> 0
A64: ABR | B64: =CAR_13!H19 -> 0 | C64: =SUM(5000-B64) -> 5000 | D64: =CAR_13!U20 -> 0 | E64: =CAR_13!AE20 -> 0 | F64: =CAR_13!AN20 -> 0 | H64: ABR | I64: =CAR_14!H19 -> 0 | J64: =SUM(5000-I64) -> 5000 | K64: =CAR_14!U20 -> 0 | L64: =CAR_14!AE20 -> 0 | M64: =CAR_14!AN20 -> 0 | O64: ABR | P64: =CAR_15!H19 -> 0 | Q64: =SUM(5000-P64) -> 5000 | R64: =CAR_15!U20 -> 0 | S64: =CAR_15!AE20 -> 0 | T64: =CAR_15!AN20 -> 0 | V64: ABR | W64: =CAR_16!H19 -> 0 | X64: =SUM(5000-W64) -> 5000 | Y64: =CAR_16!U20 -> 0 | Z64: =CAR_16!AE20 -> 0 | AA64: =CAR_16!AN20 -> 0
A65: MAI | B65: =CAR_13!H23 -> 0 | C65: =SUM(5000-B65) -> 5000 | D65: =CAR_13!U24 -> 0 | E65: =CAR_13!AE224 -> 0 | F65: =CAR_13!AN24 -> 0 | H65: MAI | I65: =CAR_14!H23 -> 0 | J65: =SUM(5000-I65) -> 5000 | K65: =CAR_14!U24 -> 0 | L65: =CAR_14!AE24 -> 0 | M65: =CAR_14!AN24 -> 0 | O65: MAI | P65: =CAR_15!H23 -> 0 | Q65: =SUM(5000-P65) -> 5000 | R65: =CAR_15!U24 -> 0 | S65: =CAR_15!AE24 -> 0 | T65: =CAR_15!AN24 -> 0 | V65: MAI | W65: =CAR_16!H23 -> 0 | X65: =SUM(5000-W65) -> 5000 | Y65: =CAR_16!U24 -> 0 | Z65: =CAR_16!AE24 -> 0 | AA65: =CAR_16!AN24 -> 0
A66: JUN | B66: =CAR_13!H27 -> 0 | C66: =SUM(5000-B66) -> 5000 | D66: =CAR_13!U28 -> 0 | E66: =CAR_13!AE28 -> 0 | F66: =CAR_13!AN28 -> 0 | H66: JUN | I66: =CAR_14!H27 -> 0 | J66: =SUM(5000-I66) -> 5000 | K66: =CAR_14!U28 -> 0 | L66: =CAR_14!AE28 -> 0 | M66: =CAR_14!AN28 -> 0 | O66: JUN | P66: =CAR_15!H27 -> 0 | Q66: =SUM(5000-P66) -> 5000 | R66: =CAR_15!U28 -> 0 | S66: =CAR_15!AE28 -> 0 | T66: =CAR_15!AN28 -> 0 | V66: JUN | W66: =CAR_16!H27 -> 0 | X66: =SUM(5000-W66) -> 5000 | Y66: =CAR_16!U28 -> 0 | Z66: =CAR_16!AE28 -> 0 | AA66: =CAR_16!AN28 -> 0
A67: JUL | B67: =CAR_13!H31 -> 0 | C67: =SUM(5000-B67) -> 5000 | D67: =CAR_13!U32 -> 0 | E67: =CAR_13!AE32 -> 0 | F67: =CAR_13!AN32 -> 0 | H67: JUL | I67: =CAR_14!H31 -> 0 | J67: =SUM(5000-I67) -> 5000 | K67: =CAR_14!U32 -> 0 | L67: =CAR_14!AE32 -> 0 | M67: =CAR_14!AN32 -> 0 | O67: JUL | P67: =CAR_15!H31 -> 0 | Q67: =SUM(5000-P67) -> 5000 | R67: =CAR_15!U32 -> 0 | S67: =CAR_15!AE32 -> 0 | T67: =CAR_15!AN32 -> 0 | V67: JUL | W67: =CAR_16!H31 -> 0 | X67: =SUM(5000-W67) -> 5000 | Y67: =CAR_16!U32 -> 0 | Z67: =CAR_16!AE32 -> 0 | AA67: =CAR_16!AN32 -> 0
A68: AGO | B68: =CAR_13!H35 -> 0 | C68: =SUM(5000-B68) -> 5000 | D68: =CAR_13!U36 -> 0 | E68: =CAR_13!AE36 -> 0 | F68: =CAR_13!AN36 -> 0 | H68: AGO | I68: =CAR_14!H35 -> 0 | J68: =SUM(5000-I68) -> 5000 | K68: =CAR_14!U36 -> 0 | L68: =CAR_14!AE36 -> 0 | M68: =CAR_14!AN36 -> 0 | O68: AGO | P68: =CAR_15!H35 -> 0 | Q68: =SUM(5000-P68) -> 5000 | R68: =CAR_15!U36 -> 0 | S68: =CAR_15!AE36 -> 0 | T68: =CAR_15!AN36 -> 0 | V68: AGO | W68: =CAR_16!H35 -> 0 | X68: =SUM(5000-W68) -> 5000 | Y68: =CAR_16!U36 -> 0 | Z68: =CAR_16!AE36 -> 0 | AA68: =CAR_16!AN36 -> 0
A69: SET | B69: =CAR_13!H39 -> 0 | C69: =SUM(5000-B69) -> 5000 | D69: =CAR_13!U40 -> 0 | E69: =CAR_13!AE40 -> 0 | F69: =CAR_13!AN400 -> 0 | H69: SET | I69: =CAR_14!H39 -> 0 | J69: =SUM(5000-I69) -> 5000 | K69: =CAR_14!U40 -> 0 | L69: =CAR_14!AE40 -> 0 | M69: =CAR_14!AN40 -> 0 | O69: SET | P69: =CAR_15!H39 -> 0 | Q69: =SUM(5000-P69) -> 5000 | R69: =CAR_15!U40 -> 0 | S69: =CAR_15!AE40 -> 0 | T69: =CAR_15!AN40 -> 0 | V69: SET | W69: =CAR_16!H39 -> 0 | X69: =SUM(5000-W69) -> 5000 | Y69: =CAR_16!U40 -> 0 | Z69: =CAR_16!AE40 -> 0 | AA69: =CAR_16!AN40 -> 0
A70: OUT | B70: =CAR_13!H43 -> 0 | C70: =SUM(5000-B70) -> 5000 | D70: =CAR_13!U44 -> 0 | E70: =CAR_13!AE44 -> 0 | F70: =CAR_13!AN44 -> 0 | H70: OUT | I70: =CAR_14!H43 -> 0 | J70: =SUM(5000-I70) -> 5000 | K70: =CAR_14!U44 -> 0 | L70: =CAR_14!AE44 -> 0 | M70: =CAR_14!AN44 -> 0 | O70: OUT | P70: =CAR_15!H43 -> 0 | Q70: =SUM(5000-P70) -> 5000 | R70: =CAR_15!U44 -> 0 | S70: =CAR_15!AE44 -> 0 | T70: =CAR_15!AN44 -> 0 | V70: OUT | W70: =CAR_16!H43 -> 0 | X70: =SUM(5000-W70) -> 5000 | Y70: =CAR_16!U44 -> 0 | Z70: =CAR_16!AE44 -> 0 | AA70: =CAR_16!AN44 -> 0
A71: NOV | B71: =CAR_13!H47 -> 0 | C71: =SUM(5000-B71) -> 5000 | D71: =CAR_13!U48 -> 0 | E71: =CAR_13!AE48 -> 0 | F71: =CAR_13!AN48 -> 0 | H71: NOV | I71: =CAR_14!H47 -> 0 | J71: =SUM(5000-I71) -> 5000 | K71: =CAR_14!U48 -> 0 | L71: =CAR_14!AE48 -> 0 | M71: =CAR_14!AN48 -> 0 | O71: NOV | P71: =CAR_15!H47 -> 0 | Q71: =SUM(5000-P71) -> 5000 | R71: =CAR_15!U48 -> 0 | S71: =CAR_15!AE48 -> 0 | T71: =CAR_15!AN48 -> 0 | V71: NOV | W71: =CAR_16!H47 -> 0 | X71: =SUM(5000-W71) -> 5000 | Y71: =CAR_16!U48 -> 0 | Z71: =CAR_16!AE48 -> 0 | AA71: =CAR_16!AN48 -> 0
A72: DEZ | B72: =CAR_13!H51 -> 0 | C72: =SUM(5000-B72) -> 5000 | D72: =CAR_13!U52 -> 0 | E72: =CAR_13!AE52 -> 0 | F72: =CAR_13!AN52 -> 0 | H72: DEZ | I72: =CAR_14!H51 -> 0 | J72: =SUM(5000-I72) -> 5000 | K72: =CAR_14!U52 -> 0 | L72: =CAR_14!AE52 -> 0 | M72: =CAR_14!AN52 -> 0 | O72: DEZ | P72: =CAR_15!H51 -> 0 | Q72: =SUM(5000-P72) -> 5000 | R72: =CAR_15!U52 -> 0 | S72: =CAR_15!AE52 -> 0 | T72: =CAR_15!AN52 -> 0 | V72: DEZ | W72: =CAR_16!H51 -> 0 | X72: =SUM(5000-W72) -> 5000 | Y72: =CAR_16!U52 -> 0 | Z72: =CAR_16!AE52 -> 0 | AA72: =CAR_16!AN52 -> 0
A74: TOTAL | B74: =SUM(B61:B72) -> 0 | D74: =SUM(D61:D72) -> 0 | E74: =SUM(E61:E72) -> 0 | F74: =SUM(F61:F72) -> 0 | H74: TOTAL | I74: =SUM(I61:I72) -> 0 | K74: =SUM(K61:K72) -> 0 | L74: =SUM(L61:L72) -> 0 | M74: =SUM(M61:M72) -> 0 | O74: TOTAL | P74: =SUM(P61:P72) -> 0 | R74: =SUM(R61:R72) -> 0 | S74: =SUM(S61:S72) -> 0 | T74: =SUM(T61:T72) -> 0 | V74: TOTAL | W74: =SUM(W61:W72) -> 0 | Y74: =SUM(Y61:Y72) -> 0 | Z74: =SUM(Z61:Z72) -> 0 | AA74: =SUM(AA61:AA72) -> 0
A75: SALDO KM | B75: =SUM(60000-B74) -> 60000 | H75: SALDO KM | I75: =SUM(60000-I74) -> 60000 | O75: SALDO KM | P75: =SUM(60000-P74) -> 60000 | V75: SALDO KM | W75: =SUM(60000-W74) -> 60000
B78: CAR_17 | I78: CAR_18 | P78: CAR_19 | W78: CAR_20
B79: KM | C79: KM MENSAL | D79: ABASTECIMENTO | E79: LAVA_RAPIDO | F79: BORRACHARIA | I79: KM | J79: KM MENSAL | K79: ABASTECIMENTO | L79: LAVA_RAPIDO | M79: BORRACHARIA | P79: KM | Q79: KM MENSAL | R79: ABASTECIMENTO | S79: LAVA_RAPIDO | T79: BORRACHARIA | W79: KM | X79: KM MENSAL | Y79: ABASTECIMENTO | Z79: LAVA_RAPIDO | AA79: BORRACHARIA
A80: JAN | H80: JAN | O80: JAN | V80: JAN
A81: FEV | B81: =CAR_17!H11 -> 0 | C81: =SUM(5000-B81) -> 5000 | D81: =CAR_17!U12 -> 0 | E81: =CAR_17!AE12 -> 0 | F81: =CAR_17!AN12 -> 0 | H81: FEV | I81: =CAR_18!H11 -> 0 | J81: =SUM(5000-I81) -> 5000 | K81: =CAR_18!U12 -> 0 | L81: =CAR_18!AE12 -> 0 | M81: =CAR_18!AE12 -> 0 | O81: FEV | P81: =CAR_19!H11 -> 0 | Q81: =SUM(5000-P81) -> 5000 | R81: =CAR_19!U12 -> 0 | S81: =CAR_19!AE12 -> 0 | T81: =CAR_19!AE12 -> 0 | V81: FEV | W81: =CAR_20!H11 -> 0 | X81: =SUM(5000-W81) -> 5000 | Y81: =CAR_20!U12 -> 0 | Z81: =CAR_20!AE12 -> 0 | AA81: =CAR_20!AE12 -> 0
A82: MAR | B82: =CAR_17!H15 -> 0 | C82: =SUM(5000-B82) -> 5000 | D82: =CAR_17!U16 -> 0 | E82: =CAR_17!AE16 -> 0 | F82: =CAR_17!AN16 -> 0 | H82: MAR | I82: =CAR_18!H15 -> 0 | J82: =SUM(5000-I82) -> 5000 | K82: =CAR_18!U16 -> 0 | L82: =CAR_18!AE16 -> 0 | M82: =CAR_18!AE16 -> 0 | O82: MAR | P82: =CAR_19!H15 -> 0 | Q82: =SUM(5000-P82) -> 5000 | R82: =CAR_19!U16 -> 0 | S82: =CAR_19!AE16 -> 0 | T82: =CAR_19!AE16 -> 0 | V82: MAR | W82: =CAR_20!H15 -> 0 | X82: =SUM(5000-W82) -> 5000 | Y82: =CAR_20!U16 -> 0 | Z82: =CAR_20!AE16 -> 0 | AA82: =CAR_20!AE16 -> 0
A83: ABR | B83: =CAR_17!H19 -> 0 | C83: =SUM(5000-B83) -> 5000 | D83: =CAR_17!U20 -> 0 | E83: =CAR_17!AE20 -> 0 | F83: =CAR_17!AN20 -> 0 | H83: ABR | I83: =CAR_18!H19 -> 0 | J83: =SUM(5000-I83) -> 5000 | K83: =CAR_18!U20 -> 0 | L83: =CAR_18!AE120 -> 0 | M83: =CAR_18!AE20 -> 0 | O83: ABR | P83: =CAR_19!H19 -> 0 | Q83: =SUM(5000-P83) -> 5000 | R83: =CAR_19!U20 -> 0 | S83: =CAR_19!AE20 -> 0 | T83: =CAR_19!AE20 -> 0 | V83: ABR | W83: =CAR_20!H19 -> 0 | X83: =SUM(5000-W83) -> 5000 | Y83: =CAR_20!U20 -> 0 | Z83: =CAR_20!AE20 -> 0 | AA83: =CAR_20!AE20 -> 0
A84: MAI | B84: =CAR_17!H23 -> 0 | C84: =SUM(5000-B84) -> 5000 | D84: =CAR_17!U24 -> 0 | E84: =CAR_17!AE24 -> 0 | F84: =CAR_17!AN24 -> 0 | H84: MAI | I84: =CAR_18!H23 -> 0 | J84: =SUM(5000-I84) -> 5000 | K84: =CAR_18!U24 -> 0 | L84: =CAR_18!AE24 -> 0 | M84: =CAR_18!AE24 -> 0 | O84: MAI | P84: =CAR_19!H23 -> 0 | Q84: =SUM(5000-P84) -> 5000 | R84: =CAR_19!U24 -> 0 | S84: =CAR_19!AE24 -> 0 | T84: =CAR_19!AE24 -> 0 | V84: MAI | W84: =CAR_20!H23 -> 0 | X84: =SUM(5000-W84) -> 5000 | Y84: =CAR_20!U24 -> 0 | Z84: =CAR_20!AE24 -> 0 | AA84: =CAR_20!AE24 -> 0
A85: JUN | B85: =CAR_17!H27 -> 0 | C85: =SUM(5000-B85) -> 5000 | D85: =CAR_17!U28 -> 0 | E85: =CAR_17!AE28 -> 0 | F85: =CAR_17!AN28 -> 0 | H85: JUN | I85: =CAR_18!H27 -> 0 | J85: =SUM(5000-I85) -> 5000 | K85: =CAR_18!U28 -> 0 | L85: =CAR_18!AE28 -> 0 | M85: =CAR_18!AE28 -> 0 | O85: JUN | P85: =CAR_19!H27 -> 0 | Q85: =SUM(5000-P85) -> 5000 | R85: =CAR_19!U28 -> 0 | S85: =CAR_19!AE28 -> 0 | T85: =CAR_19!AE28 -> 0 | V85: JUN | W85: =CAR_20!H27 -> 0 | X85: =SUM(5000-W85) -> 5000 | Y85: =CAR_20!U28 -> 0 | Z85: =CAR_20!AE28 -> 0 | AA85: =CAR_20!AE28 -> 0
A86: JUL | B86: =CAR_17!H31 -> 0 | C86: =SUM(5000-B86) -> 5000 | D86: =CAR_17!U32 -> 0 | E86: =CAR_17!AE32 -> 0 | F86: =CAR_17!AN32 -> 0 | H86: JUL | I86: =CAR_18!H31 -> 0 | J86: =SUM(5000-I86) -> 5000 | K86: =CAR_18!U32 -> 0 | L86: =CAR_18!AE32 -> 0 | M86: =CAR_18!AE32 -> 0 | O86: JUL | P86: =CAR_19!H31 -> 0 | Q86: =SUM(5000-P86) -> 5000 | R86: =CAR_19!U32 -> 0 | S86: =CAR_19!AE32 -> 0 | T86: =CAR_19!AE32 -> 0 | V86: JUL | W86: =CAR_20!H31 -> 0 | X86: =SUM(5000-W86) -> 5000 | Y86: =CAR_20!U32 -> 0 | Z86: =CAR_20!AE32 -> 0 | AA86: =CAR_20!AE32 -> 0
A87: AGO | B87: =CAR_17!H35 -> 0 | C87: =SUM(5000-B87) -> 5000 | D87: =CAR_17!U36 -> 0 | E87: =CAR_17!AE36 -> 0 | F87: =CAR_17!AN36 -> 0 | H87: AGO | I87: =CAR_18!H35 -> 0 | J87: =SUM(5000-I87) -> 5000 | K87: =CAR_18!U36 -> 0 | L87: =CAR_18!AE36 -> 0 | M87: =CAR_18!AE36 -> 0 | O87: AGO | P87: =CAR_19!H35 -> 0 | Q87: =SUM(5000-P87) -> 5000 | R87: =CAR_19!U36 -> 0 | S87: =CAR_19!AE36 -> 0 | T87: =CAR_19!AE36 -> 0 | V87: AGO | W87: =CAR_20!H35 -> 0 | X87: =SUM(5000-W87) -> 5000 | Y87: =CAR_20!U36 -> 0 | Z87: =CAR_20!AE36 -> 0 | AA87: =CAR_20!AE36 -> 0
A88: SET | B88: =CAR_17!H39 -> 0 | C88: =SUM(5000-B88) -> 5000 | D88: =CAR_17!U40 -> 0 | E88: =CAR_17!AE40 -> 0 | F88: =CAR_17!AN40 -> 0 | H88: SET | I88: =CAR_18!H39 -> 0 | J88: =SUM(5000-I88) -> 5000 | K88: =CAR_18!U40 -> 0 | L88: =CAR_18!AE40 -> 0 | M88: =CAR_18!AE40 -> 0 | O88: SET | P88: =CAR_19!H39 -> 0 | Q88: =SUM(5000-P88) -> 5000 | R88: =CAR_19!U40 -> 0 | S88: =CAR_19!AE40 -> 0 | T88: =CAR_19!AE40 -> 0 | V88: SET | W88: =CAR_20!H39 -> 0 | X88: =SUM(5000-W88) -> 5000 | Y88: =CAR_20!U40 -> 0 | Z88: =CAR_20!AE40 -> 0 | AA88: =CAR_20!AE40 -> 0
A89: OUT | B89: =CAR_17!H43 -> 0 | C89: =SUM(5000-B89) -> 5000 | D89: =CAR_17!U44 -> 0 | E89: =CAR_17!AE44 -> 0 | F89: =CAR_17!AN44 -> 0 | H89: OUT | I89: =CAR_18!H43 -> 0 | J89: =SUM(5000-I89) -> 5000 | K89: =CAR_18!U44 -> 0 | L89: =CAR_18!AE44 -> 0 | M89: =CAR_18!AE44 -> 0 | O89: OUT | P89: =CAR_19!H43 -> 0 | Q89: =SUM(5000-P89) -> 5000 | R89: =CAR_19!U44 -> 0 | S89: =CAR_19!AE44 -> 0 | T89: =CAR_19!AE44 -> 0 | V89: OUT | W89: =CAR_20!H43 -> 0 | X89: =SUM(5000-W89) -> 5000 | Y89: =CAR_20!U44 -> 0 | Z89: =CAR_20!AE44 -> 0 | AA89: =CAR_20!AE44 -> 0
A90: NOV | B90: =CAR_17!H47 -> 0 | C90: =SUM(5000-B90) -> 5000 | D90: =CAR_17!U48 -> 0 | E90: =CAR_17!AE48 -> 0 | F90: =CAR_17!AN48 -> 0 | H90: NOV | I90: =CAR_18!H47 -> 0 | J90: =SUM(5000-I90) -> 5000 | K90: =CAR_18!U48 -> 0 | L90: =CAR_18!AE48 -> 0 | M90: =CAR_18!AE48 -> 0 | O90: NOV | P90: =CAR_19!H47 -> 0 | Q90: =SUM(5000-P90) -> 5000 | R90: =CAR_19!U48 -> 0 | S90: =CAR_19!AE48 -> 0 | T90: =CAR_19!AE48 -> 0 | V90: NOV | W90: =CAR_20!H47 -> 0 | X90: =SUM(5000-W90) -> 5000 | Y90: =CAR_20!U48 -> 0 | Z90: =CAR_20!AE48 -> 0 | AA90: =CAR_20!AE48 -> 0
A91: DEZ | B91: =CAR_17!H51 -> 0 | C91: =SUM(5000-B91) -> 5000 | D91: =CAR_17!U52 -> 0 | E91: =CAR_17!AE52 -> 0 | F91: =CAR_17!AN52 -> 0 | H91: DEZ | I91: =CAR_18!H51 -> 0 | J91: =SUM(5000-I91) -> 5000 | K91: =CAR_18!U52 -> 0 | L91: =CAR_18!AE52 -> 0 | M91: =CAR_18!AE52 -> 0 | O91: DEZ | P91: =CAR_19!H51 -> 0 | Q91: =SUM(5000-P91) -> 5000 | R91: =CAR_19!U52 -> 0 | S91: =CAR_19!AE52 -> 0 | T91: =CAR_19!AE52 -> 0 | V91: DEZ | W91: =CAR_20!H51 -> 0 | X91: =SUM(5000-W91) -> 5000 | Y91: =CAR_20!U52 -> 0 | Z91: =CAR_20!AE52 -> 0 | AA91: =CAR_20!AE52 -> 0
A93: TOTAL | B93: =SUM(B80:B91) -> 0 | D93: =SUM(D80:D91) -> 0 | E93: =SUM(E80:E91) -> 0 | F93: =SUM(F80:F91) -> 0 | H93: TOTAL | I93: =SUM(I80:I91) -> 0 | K93: =SUM(K80:K91) -> 0 | L93: =SUM(L80:L91) -> 0 | M93: =SUM(M80:M91) -> 0 | O93: TOTAL | P93: =SUM(P80:P91) -> 0 | R93: =SUM(R80:R91) -> 0 | S93: =SUM(S80:S91) -> 0 | T93: =SUM(T80:T91) -> 0 | V93: TOTAL | W93: =SUM(W80:W91) -> 0 | Y93: =SUM(Y80:Y91) -> 0 | Z93: =SUM(Z80:Z91) -> 0 | AA93: =SUM(AA80:AA91) -> 0
A94: SALDO KM | B94: =SUM(60000-B93) -> 60000 | H94: SALDO KM | I94: =SUM(60000-I93) -> 60000 | O94: SALDO KM | P94: =SUM(60000-P93) -> 60000 | V94: SALDO KM | W94: =SUM(60000-W93) -> 60000
B96: CAR_21 | I96: CAR_22 | P96: CAR_23 | W96: CAR_24
B97: KM | C97: KM MENSAL | D97: ABASTECIMENTO | E97: LAVA_RAPIDO | F97: BORRACHARIA | I97: KM | J97: KM MENSAL | K97: ABASTECIMENTO | L97: LAVA_RAPIDO | M97: BORRACHARIA | P97: KM | Q97: KM MENSAL | R97: ABASTECIMENTO | S97: LAVA_RAPIDO | T97: BORRACHARIA | W97: KM | X97: KM MENSAL | Y97: ABASTECIMENTO | Z97: LAVA_RAPIDO | AA97: BORRACHARIA
A98: JAN | H98: JAN | O98: JAN | V98: JAN
A99: FEV | B99: =CAR_21!H11 -> 0 | C99: =SUM(5000-B99) -> 5000 | D99: =CAR_21!U12 -> 0 | E99: =CAR_21!AE12 -> 0 | F99: =CAR_21!AN12 -> 0 | H99: FEV | I99: =CAR_22!H11 -> 0 | J99: =SUM(5000-I99) -> 5000 | K99: =CAR_22!U12 -> 0 | L99: =CAR_22!AE12 -> 0 | M99: =CAR_22!AN12 -> 0 | O99: FEV | P99: =CAR_23!H11 -> 0 | Q99: =SUM(5000-P99) -> 5000 | R99: =CAR_23!U12 -> 0 | S99: =CAR_23!AE12 -> 0 | T99: =CAR_23!AN12 -> 0 | V99: FEV | W99: =CAR_24!H11 -> 0 | X99: =SUM(5000-W99) -> 5000 | Y99: =CAR_24!U12 -> 0 | Z99: =CAR_24!AE12 -> 0 | AA99: =CAR_24!AN12 -> 0
A100: MAR | B100: =CAR_21!H15 -> 0 | C100: =SUM(5000-B100) -> 5000 | D100: =CAR_21!U16 -> 0 | E100: =CAR_21!AE16 -> 0 | F100: =CAR_21!AN16 -> 0 | H100: MAR | I100: =CAR_22!H15 -> 0 | J100: =SUM(5000-I100) -> 5000 | K100: =CAR_22!U16 -> 0 | L100: =CAR_22!AE16 -> 0 | M100: =CAR_22!AN16 -> 0 | O100: MAR | P100: =CAR_23!H19 -> 0 | Q100: =SUM(5000-P100) -> 5000 | R100: =CAR_23!U16 -> 0 | S100: =CAR_23!AE16 -> 0 | T100: =CAR_23!AN16 -> 0 | V100: MAR | W100: =CAR_24!H15 -> 0 | X100: =SUM(5000-W100) -> 5000 | Y100: =CAR_24!U16 -> 0 | Z100: =CAR_24!AE16 -> 0 | AA100: =CAR_24!AN16 -> 0
A101: ABR | B101: =CAR_21!H19 -> 0 | C101: =SUM(5000-B101) -> 5000 | D101: =CAR_21!U20 -> 0 | E101: =CAR_21!AE20 -> 0 | F101: =CAR_21!AN220 -> 0 | H101: ABR | I101: =CAR_22!H19 -> 0 | J101: =SUM(5000-I101) -> 5000 | K101: =CAR_22!U20 -> 0 | L101: =CAR_22!AE20 -> 0 | M101: =CAR_22!AN20 -> 0 | O101: ABR | P101: =CAR_23!H19 -> 0 | Q101: =SUM(5000-P101) -> 5000 | R101: =CAR_23!U20 -> 0 | S101: =CAR_23!AE20 -> 0 | T101: =CAR_23!AN20 -> 0 | V101: ABR | W101: =CAR_24!H19 -> 0 | X101: =SUM(5000-W101) -> 5000 | Y101: =CAR_24!U20 -> 0 | Z101: =CAR_24!AE20 -> 0 | AA101: =CAR_24!AN20 -> 0
A102: MAI | B102: =CAR_21!H23 -> 0 | C102: =SUM(5000-B102) -> 5000 | D102: =CAR_21!U24 -> 0 | E102: =CAR_21!AE24 -> 0 | F102: =CAR_21!AN24 -> 0 | H102: MAI | I102: =CAR_22!H23 -> 0 | J102: =SUM(5000-I102) -> 5000 | K102: =CAR_22!U24 -> 0 | L102: =CAR_22!AE24 -> 0 | M102: =CAR_22!AN24 -> 0 | O102: MAI | P102: =CAR_23!H23 -> 0 | Q102: =SUM(5000-P102) -> 5000 | R102: =CAR_23!U24 -> 0 | S102: =CAR_23!AE24 -> 0 | T102: =CAR_23!AN24 -> 0 | V102: MAI | W102: =CAR_24!H23 -> 0 | X102: =SUM(5000-W102) -> 5000 | Y102: =CAR_24!U24 -> 0 | Z102: =CAR_24!AE24 -> 0 | AA102: =CAR_24!AN24 -> 0
A103: JUN | B103: =CAR_21!H27 -> 0 | C103: =SUM(5000-B103) -> 5000 | D103: =CAR_21!U28 -> 0 | E103: =CAR_21!AE28 -> 0 | F103: =CAR_21!AN28 -> 0 | H103: JUN | I103: =CAR_22!H27 -> 0 | J103: =SUM(5000-I103) -> 5000 | K103: =CAR_22!U28 -> 0 | L103: =CAR_22!AE28 -> 0 | M103: =CAR_22!AN28 -> 0 | O103: JUN | P103: =CAR_23!H27 -> 0 | Q103: =SUM(5000-P103) -> 5000 | R103: =CAR_23!U28 -> 0 | S103: =CAR_23!AE28 -> 0 | T103: =CAR_23!AN28 -> 0 | V103: JUN | W103: =CAR_24!H27 -> 0 | X103: =SUM(5000-W103) -> 5000 | Y103: =CAR_24!U28 -> 0 | Z103: =CAR_24!AE28 -> 0 | AA103: =CAR_24!AN28 -> 0
A104: JUL | B104: =CAR_21!H31 -> 0 | C104: =SUM(5000-B104) -> 5000 | D104: =CAR_21!U32 -> 0 | E104: =CAR_21!AE32 -> 0 | F104: =CAR_21!AN32 -> 0 | H104: JUL | I104: =CAR_22!H31 -> 0 | J104: =SUM(5000-I104) -> 5000 | K104: =CAR_22!U32 -> 0 | L104: =CAR_22!AE32 -> 0 | M104: =CAR_22!AN32 -> 0 | O104: JUL | P104: =CAR_23!H27 -> 0 | Q104: =SUM(5000-P104) -> 5000 | R104: =CAR_23!U32 -> 0 | S104: =CAR_23!AE32 -> 0 | T104: =CAR_23!AN32 -> 0 | V104: JUL | W104: =CAR_24!H31 -> 0 | X104: =SUM(5000-W104) -> 5000 | Y104: =CAR_24!U32 -> 0 | Z104: =CAR_24!AE32 -> 0 | AA104: =CAR_24!AN32 -> 0
A105: AGO | B105: =CAR_21!H35 -> 0 | C105: =SUM(5000-B105) -> 5000 | D105: =CAR_21!U36 -> 0 | E105: =CAR_21!AE36 -> 0 | F105: =CAR_21!AN36 -> 0 | H105: AGO | I105: =CAR_22!H35 -> 0 | J105: =SUM(5000-I105) -> 5000 | K105: =CAR_22!U36 -> 0 | L105: =CAR_22!AE36 -> 0 | M105: =CAR_22!AN36 -> 0 | O105: AGO | P105: =CAR_23!H35 -> 0 | Q105: =SUM(5000-P105) -> 5000 | R105: =CAR_23!U36 -> 0 | S105: =CAR_23!AE36 -> 0 | T105: =CAR_23!AN36 -> 0 | V105: AGO | W105: =CAR_24!H35 -> 0 | X105: =SUM(5000-W105) -> 5000 | Y105: =CAR_24!U36 -> 0 | Z105: =CAR_24!AE36 -> 0 | AA105: =CAR_24!AN36 -> 0
A106: SET | B106: =CAR_21!H39 -> 0 | C106: =SUM(5000-B106) -> 5000 | D106: =CAR_21!U40 -> 0 | E106: =CAR_21!AE40 -> 0 | F106: =CAR_21!AN40 -> 0 | H106: SET | I106: =CAR_22!H39 -> 0 | J106: =SUM(5000-I106) -> 5000 | K106: =CAR_22!U40 -> 0 | L106: =CAR_22!AE40 -> 0 | M106: =CAR_22!AN40 -> 0 | O106: SET | P106: =CAR_23!H39 -> 0 | Q106: =SUM(5000-P106) -> 5000 | R106: =CAR_23!U40 -> 0 | S106: =CAR_23!AE40 -> 0 | T106: =CAR_23!AN40 -> 0 | V106: SET | W106: =CAR_24!H39 -> 0 | X106: =SUM(5000-W106) -> 5000 | Y106: =CAR_24!U40 -> 0 | Z106: =CAR_24!AE40 -> 0 | AA106: =CAR_24!AN40 -> 0
A107: OUT | B107: =CAR_21!H43 -> 0 | C107: =SUM(5000-B107) -> 5000 | D107: =CAR_21!U44 -> 0 | E107: =CAR_21!AE44 -> 0 | F107: =CAR_21!AN44 -> 0 | H107: OUT | I107: =CAR_22!H43 -> 0 | J107: =SUM(5000-I107) -> 5000 | K107: =CAR_22!U44 -> 0 | L107: =CAR_22!AE44 -> 0 | M107: =CAR_22!AN44 -> 0 | O107: OUT | P107: =CAR_23!H43 -> 0 | Q107: =SUM(5000-P107) -> 5000 | R107: =CAR_23!U44 -> 0 | S107: =CAR_23!AE44 -> 0 | T107: =CAR_23!AN44 -> 0 | V107: OUT | W107: =CAR_24!H43 -> 0 | X107: =SUM(5000-W107) -> 5000 | Y107: =CAR_24!U44 -> 0 | Z107: =CAR_24!AE44 -> 0 | AA107: =CAR_24!AN44 -> 0
A108: NOV | B108: =CAR_21!H47 -> 0 | C108: =SUM(5000-B108) -> 5000 | D108: =CAR_21!U48 -> 0 | E108: =CAR_21!AE48 -> 0 | F108: =CAR_21!AN48 -> 0 | H108: NOV | I108: =CAR_22!H47 -> 0 | J108: =SUM(5000-I108) -> 5000 | K108: =CAR_22!U48 -> 0 | L108: =CAR_22!AE48 -> 0 | M108: =CAR_22!AN48 -> 0 | O108: NOV | P108: =CAR_23!H47 -> 0 | Q108: =SUM(5000-P108) -> 5000 | R108: =CAR_23!U48 -> 0 | S108: =CAR_23!AE48 -> 0 | T108: =CAR_23!AN48 -> 0 | V108: NOV | W108: =CAR_24!H47 -> 0 | X108: =SUM(5000-W108) -> 5000 | Y108: =CAR_24!U48 -> 0 | Z108: =CAR_24!AE48 -> 0 | AA108: =CAR_24!AN48 -> 0
A109: DEZ | B109: =CAR_21!H51 -> 0 | C109: =SUM(5000-B109) -> 5000 | D109: =CAR_21!U52 -> 0 | E109: =CAR_21!AE52 -> 0 | F109: =CAR_21!AN52 -> 0 | H109: DEZ | I109: =CAR_22!H51 -> 0 | J109: =SUM(5000-I109) -> 5000 | K109: =CAR_22!U52 -> 0 | L109: =CAR_22!AE52 -> 0 | M109: =CAR_22!AN52 -> 0 | O109: DEZ | P109: =CAR_23!H51 -> 0 | Q109: =SUM(5000-P109) -> 5000 | R109: =CAR_23!U52 -> 0 | S109: =CAR_23!AE52 -> 0 | T109: =CAR_23!AN52 -> 0 | V109: DEZ | W109: =CAR_24!H51 -> 0 | X109: =SUM(5000-W109) -> 5000 | Y109: =CAR_24!U52 -> 0 | Z109: =CAR_24!AE52 -> 0 | AA109: =CAR_24!AN52 -> 0
A111: TOTAL | B111: =SUM(B98:B109) -> 0 | D111: =SUM(D98:D109) -> 0 | E111: =SUM(E98:E109) -> 0 | F111: =SUM(F98:F109) -> 0 | H111: TOTAL | I111: =SUM(I98:I109) -> 0 | K111: =SUM(K98:K109) -> 0 | L111: =SUM(L98:L109) -> 0 | M111: =SUM(M98:M109) -> 0 | O111: TOTAL | P111: =SUM(P98:P109) -> 0 | R111: =SUM(R98:R109) -> 0 | S111: =SUM(S98:S109) -> 0 | T111: =SUM(T98:T109) -> 0 | V111: TOTAL | W111: =SUM(W98:W109) -> 0 | Y111: =SUM(Y98:Y109) -> 0 | Z111: =SUM(Z98:Z109) -> 0 | AA111: =SUM(AA98:AA109) -> 0
A112: SALDO KM | B112: =SUM(60000-B111) -> 60000 | H112: SALDO KM | I112: =SUM(60000-I111) -> 60000 | O112: SALDO KM | P112: =SUM(60000-P111) -> 60000 | V112: SALDO KM | W112: =SUM(60000-W111) -> 60000
B114: CAR_25 | I114: CAR_26 | P114: CAR_27 | W114: CAR_28
B115: KM | C115: KM MENSAL | D115: ABASTECIMENTO | E115: LAVA_RAPIDO | F115: BORRACHARIA | I115: KM | J115: KM MENSAL | K115: ABASTECIMENTO | L115: LAVA_RAPIDO | M115: BORRACHARIA | P115: KM | Q115: KM MENSAL | R115: ABASTECIMENTO | S115: LAVA_RAPIDO | T115: BORRACHARIA | W115: KM | X115: KM MENSAL | Y115: ABASTECIMENTO | Z115: LAVA_RAPIDO | AA115: BORRACHARIA
A116: JAN | H116: JAN | O116: JAN | V116: JAN
A117: FEV | B117: =CAR_25!H11 -> 0 | C117: =SUM(5000-B117) -> 5000 | D117: =CAR_25!U12 -> 0 | E117: =CAR_25!AE12 -> 0 | F117: =CAR_25!AN12 -> 0 | H117: FEV | I117: =CAR_26!H11 -> 0 | J117: =SUM(5000-I117) -> 5000 | K117: =CAR_26!U12 -> 0 | L117: =CAR_26!AE12 -> 0 | M117: =CAR_26!AN12 -> 0 | O117: FEV | P117: =CAR_27!H11 -> 0 | Q117: =SUM(5000-P117) -> 5000 | R117: =CAR_27!U12 -> 0 | S117: =CAR_27!AE12 -> 0 | T117: =CAR_27!AN12 -> 0 | V117: FEV | W117: =CAR_28!H11 -> 0 | X117: =SUM(5000-W117) -> 5000 | Y117: =CAR_28!U12 -> 0 | Z117: =CAR_28!AE12 -> 0 | AA117: =CAR_28!AN12 -> 0
...

Sheet Claudio Uliana
A2: Veiculo | B2: Creta | D2: Placa: | E2: TXW4H18 | H2: KM | I2: 4500
A3: Substituição (data) | D3: Placa: | H3: Modelo
A4: Contrato de Locação | B4: 4144 | D4: Rastreador | E4: Unidas | H4: Data Mob. | I4: 46102
A7: REGISTRO DE KM | J7: ABASTECIMENTO | Y7: LAVA_RAPIDO | AH7: BORRACHARIA
B9: Fevereiro | J9: Fevereiro | Y9: Fevereiro | AH9: Fevereiro
A10: KM (Rodados) | B10: 1ª Leitura | C10: 2ª Leitura | D10: 3ª Leitura | E10: 4ª Leitura | F10: 15 dias Rodados | G10: 30 dias Rodados | H10: Total Mensal | J10: DATA | Y10: DATA | AH10: DATA
F11: =SUM(C11-B11) -> 0 | G11: =SUM(E11-D11) -> 0 | H11: =SUM(F11:G11) -> 0 | J11: VALOR | Y11: VALOR | AH11: VALOR
T12: TOTAL | U12: =SUM(K11:U11) -> 0 | AD12: TOTAL | AE12: =SUM(Z11:AE11) -> 0 | AM12: TOTAL | AN12: =SUM(AI11:AN11) -> 0
B13: Março | J13: Março | Y13: =J13 -> Março | AH13: =Y13 -> Março
A14: KM (Rodados) | B14: 1ª Leitura | C14: 2ª Leitura | D14: 3ª Leitura | E14: 4ª Leitura | F14: 15 dias Rodados | G14: 30 dias Rodados | H14: Total Mensal | J14: DATA | Y14: DATA | AH14: DATA
D15: 12506 | E15: 14081 | F15: =SUM(C15-B15) -> 0 | G15: =SUM(E15-D15) -> 1575 | H15: =SUM(F15:G15) -> 1575 | J15: VALOR | Y15: VALOR | AH15: VALOR
T16: TOTAL | U16: =SUM(K15:U15) -> 0 | AD16: TOTAL | AE16: =SUM(Z15:AE15) -> 0 | AM16: TOTAL | AN16: =SUM(AI15:AN15) -> 0
B17: Abril | J17: Abril | Y17: =J17 -> Abril | AH17: =Y17 -> Abril
A18: KM (Rodados) | B18: 1ª Leitura | C18: 2ª Leitura | D18: 3ª Leitura | E18: 4ª Leitura | F18: 15 dias Rodados | G18: 30 dias Rodados | H18: Total Mensal | J18: DATA | Y18: DATA | AH18: DATA
B19: 14081 | E19: 18127 | F19: =SUM(C19-B19) -> -14081 | G19: =SUM(E19-D19) -> 18127 | H19: =SUM(F19:G19) -> 4046 | J19: VALOR | Y19: VALOR | AH19: VALOR
T20: TOTAL | U20: =SUM(K19:U19) -> 0 | AD20: TOTAL | AE20: =SUM(Z19:AE19) -> 0 | AM20: TOTAL | AN20: =SUM(AI19:AN19) -> 0
B21: Maio | J21: Maio | Y21: =J21 -> Maio | AH21: =Y21 -> Maio
A22: KM (Rodados) | B22: 1ª Leitura | C22: 2ª Leitura | D22: 3ª Leitura | E22: 4ª Leitura | F22: 15 dias Rodados | G22: 30 dias Rodados | H22: Total Mensal | J22: DATA | Y22: DATA | AH22: DATA
B23: 18127 | E23: 21885 | F23: =SUM(C23-B23) -> -18127 | G23: =SUM(E23-D23) -> 21885 | H23: =SUM(F23:G23) -> 3758 | J23: VALOR | Y23: VALOR | AH23: VALOR
T24: TOTAL | U24: =SUM(K23:U23) -> 0 | AD24: TOTAL | AE24: =SUM(Z23:AE23) -> 0 | AM24: TOTAL | AN24: =SUM(AI23:AN23) -> 0
B25: Junho | J25: Junho | Y25: =J25 -> Junho | AH25: =Y25 -> Junho
A26: KM (Rodados) | B26: 1ª Leitura | C26: 2ª Leitura | D26: 3ª Leitura | E26: 4ª Leitura | F26: 15 dias Rodados | G26: 30 dias Rodados | H26: Total Mensal | J26: DATA | Y26: DATA | AH26: DATA
F27: =SUM(C27-B27) -> 0 | G27: =SUM(E27-D27) -> 0 | H27: =SUM(F27:G27) -> 0 | J27: VALOR | Y27: VALOR | AH27: VALOR
T28: TOTAL | U28: =SUM(K27:U27) -> 0 | AD28: TOTAL | AE28: =SUM(Z27:AE27) -> 0 | AM28: TOTAL | AN28: =SUM(AI27:AN27) -> 0
B29: Julho | J29: Julho | Y29: =J29 -> Julho | AH29: =Y29 -> Julho
A30: KM (Rodados) | B30: 1ª Leitura | C30: 2ª Leitura | D30: 3ª Leitura | E30: 4ª Leitura | F30: 15 dias Rodados | G30: 30 dias Rodados | H30: Total Mensal | J30: DATA | Y30: DATA | AH30: DATA
F31: =SUM(C31-B31) -> 0 | G31: =SUM(E31-D31) -> 0 | H31: =SUM(F31:G31) -> 0 | J31: VALOR | Y31: VALOR | AH31: VALOR
T32: TOTAL | U32: =SUM(K31:U31) -> 0 | AD32: TOTAL | AE32: =SUM(Z31:AE31) -> 0 | AM32: TOTAL | AN32: =SUM(AI31:AN31) -> 0
B33: Agosto | J33: Agosto | Y33: =J33 -> Agosto | AH33: =Y33 -> Agosto
A34: KM (Rodados) | B34: 1ª Leitura | C34: 2ª Leitura | D34: 3ª Leitura | E34: 4ª Leitura | F34: 15 dias Rodados | G34: 30 dias Rodados | H34: Total Mensal | J34: DATA | Y34: DATA | AH34: DATA
F35: =SUM(C35-B35) -> 0 | G35: =SUM(E35-D35) -> 0 | H35: =SUM(F35:G35) -> 0 | J35: VALOR | Y35: VALOR | AH35: VALOR
T36: TOTAL | U36: =SUM(K35:U35) -> 0 | AD36: TOTAL | AE36: =SUM(Z35:AE35) -> 0 | AM36: TOTAL | AN36: =SUM(AI35:AN35) -> 0
B37: Setembro | J37: Setembro | Y37: =J37 -> Setembro | AH37: =Y37 -> Setembro
A38: KM (Rodados) | B38: 1ª Leitura | C38: 2ª Leitura | D38: 3ª Leitura | E38: 4ª Leitura | F38: 15 dias Rodados | G38: 30 dias Rodados | H38: Total Mensal | J38: DATA | Y38: DATA | AH38: DATA
F39: =SUM(C39-B39) -> 0 | G39: =SUM(E39-D39) -> 0 | H39: =SUM(F39:G39) -> 0 | J39: VALOR | Y39: VALOR | AH39: VALOR
T40: TOTAL | U40: =SUM(K39:U39) -> 0 | AD40: TOTAL | AE40: =SUM(Z39:AE39) -> 0 | AM40: TOTAL | AN40: =SUM(AI39:AN39) -> 0
B41: Outubro | J41: Outubro | Y41: =J41 -> Outubro | AH41: =Y41 -> Outubro
A42: KM (Rodados) | B42: 1ª Leitura | C42: 2ª Leitura | D42: 3ª Leitura | E42: 4ª Leitura | F42: 15 dias Rodados | G42: 30 dias Rodados | H42: Total Mensal | J42: DATA | Y42: DATA | AH42: DATA
F43: =SUM(C43-B43) -> 0 | G43: =SUM(E43-D43) -> 0 | H43: =SUM(F43:G43) -> 0 | J43: VALOR | Y43: VALOR | AH43: VALOR
T44: TOTAL | U44: =SUM(K43:U43) -> 0 | AD44: TOTAL | AE44: =SUM(Z43:AE43) -> 0 | AM44: TOTAL | AN44: =SUM(AI43:AN43) -> 0
B45: Novembro | J45: Novembro | Y45: =J45 -> Novembro | AH45: =Y45 -> Novembro
A46: KM (Rodados) | B46: 1ª Leitura | C46: 2ª Leitura | D46: 3ª Leitura | E46: 4ª Leitura | F46: 15 dias Rodados | G46: 30 dias Rodados | H46: Total Mensal | J46: DATA | Y46: DATA | AH46: DATA
F47: =SUM(C47-B47) -> 0 | G47: =SUM(E47-D47) -> 0 | H47: =SUM(F47:G47) -> 0 | J47: VALOR | Y47: VALOR | AH47: VALOR
T48: TOTAL | U48: =SUM(K47:U47) -> 0 | AD48: TOTAL | AE48: =SUM(Z47:AE47) -> 0 | AM48: TOTAL | AN48: =SUM(AI47:AN47) -> 0
B49: Dezembro | J49: Dezembro | Y49: =J49 -> Dezembro | AH49: =Y49 -> Dezembro
A50: KM (Rodados) | B50: 1ª Leitura | C50: 2ª Leitura | D50: 3ª Leitura | E50: 4ª Leitura | F50: 15 dias Rodados | G50: 30 dias Rodados | H50: Total Mensal | J50: DATA | Y50: DATA | AH50: DATA
F51: =SUM(C51-B51) -> 0 | G51: =SUM(E51-D51) -> 0 | H51: =SUM(F51:G51) -> 0 | J51: VALOR | Y51: VALOR | AH51: VALOR
T52: TOTAL | U52: =SUM(K51:U51) -> 0 | AD52: TOTAL | AE52: =SUM(Z51:AE51) -> 0 | AM52: TOTAL | AN52: =SUM(AI51:AN51) -> 0

Sheet Esdras
A2: Veiculo | B2: Tracker | D2: Placa: | E2: TEL5D58 | H2: KM | I2: 3000
A3: Substituição (data) | D3: Placa: | H3: Modelo
A4: Contrato de Locação | B4: 3837 | D4: Rastreador | E4: 45 | H4: Data mob. | I4: 45967
A7: REGISTRO DE KM | J7: ABASTECIMENTO | W7: LAVA_RAPIDO | AE7: BORRACHARIA
B9: Fevereiro | J9: Fevereiro | W9: Fevereiro | AE9: Fevereiro
A10: KM (Rodados) | B10: 1ª Leitura | C10: 2ª Leitura | D10: 3ª Leitura | E10: 4ª Leitura | F10: 15 dias Rodados | G10: 30 dias Rodados | H10: Total Mensal | J10: DATA | W10: DATA | AE10: DATA
F11: =SUM(C11-B11) -> 0 | G11: =SUM(E11-D11) -> 0 | H11: =SUM(F11:G11) -> 0 | J11: VALOR | W11: VALOR | AE11: VALOR
T12: TOTAL | U12: =SUM(K11:U11) -> 0 | AB12: TOTAL | AC12: =SUM(X11:AC11) -> 0 | AJ12: TOTAL | AK12: =SUM(AF11:AK11) -> 0
B13: Março | J13: Março | W13: =J13 -> Março | AE13: =W13 -> Março
A14: KM (Rodados) | B14: 1ª Leitura | C14: 2ª Leitura | D14: 3ª Leitura | E14: 4ª Leitura | F14: 15 dias Rodados | G14: 30 dias Rodados | H14: Total Mensal | J14: DATA | W14: DATA | AE14: DATA
F15: =SUM(C15-B15) -> 0 | G15: =SUM(E15-D15) -> 0 | H15: =SUM(F15:G15) -> 0 | J15: VALOR | W15: VALOR | AE15: VALOR
T16: TOTAL | U16: =SUM(K15:U15) -> 0 | AB16: TOTAL | AC16: =SUM(X15:AC15) -> 0 | AJ16: TOTAL | AK16: =SUM(AF15:AK15) -> 0
B17: Abril | J17: Abril | W17: =J17 -> Abril | AE17: =W17 -> Abril
A18: KM (Rodados) | B18: 1ª Leitura | C18: 2ª Leitura | D18: 3ª Leitura | E18: 4ª Leitura | F18: 15 dias Rodados | G18: 30 dias Rodados | H18: Total Mensal | J18: DATA | W18: DATA | AE18: DATA
F19: =SUM(C19-B19) -> 0 | G19: =SUM(E19-D19) -> 0 | H19: =SUM(F19:G19) -> 0 | J19: VALOR | W19: VALOR | AE19: VALOR
T20: TOTAL | U20: =SUM(K19:U19) -> 0 | AB20: TOTAL | AC20: =SUM(X19:AC19) -> 0 | AJ20: TOTAL | AK20: =SUM(AF19:AK19) -> 0
B21: Maio | J21: Maio | W21: =J21 -> Maio | AE21: =W21 -> Maio
A22: KM (Rodados) | B22: 1ª Leitura | C22: 2ª Leitura | D22: 3ª Leitura | E22: 4ª Leitura | F22: 15 dias Rodados | G22: 30 dias Rodados | H22: Total Mensal | J22: DATA | W22: DATA | AE22: DATA
F23: =SUM(C23-B23) -> 0 | G23: =SUM(E23-D23) -> 0 | H23: =SUM(F23:G23) -> 0 | J23: VALOR | W23: VALOR | AE23: VALOR
T24: TOTAL | U24: =SUM(K23:U23) -> 0 | AB24: TOTAL | AC24: =SUM(X23:AC23) -> 0 | AJ24: TOTAL | AK24: =SUM(AF23:AK23) -> 0
B25: Junho | J25: Junho | W25: =J25 -> Junho | AE25: =W25 -> Junho
A26: KM (Rodados) | B26: 1ª Leitura | C26: 2ª Leitura | D26: 3ª Leitura | E26: 4ª Leitura | F26: 15 dias Rodados | G26: 30 dias Rodados | H26: Total Mensal | J26: DATA | W26: DATA | AE26: DATA
F27: =SUM(C27-B27) -> 0 | G27: =SUM(E27-D27) -> 0 | H27: =SUM(F27:G27) -> 0 | J27: VALOR | W27: VALOR | AE27: VALOR
T28: TOTAL | U28: =SUM(K27:U27) -> 0 | AB28: TOTAL | AC28: =SUM(X27:AC27) -> 0 | AJ28: TOTAL | AK28: =SUM(AF27:AK27) -> 0
B29: Julho | J29: Julho | W29: =J29 -> Julho | AE29: =W29 -> Julho
A30: KM (Rodados) | B30: 1ª Leitura | C30: 2ª Leitura | D30: 3ª Leitura | E30: 4ª Leitura | F30: 15 dias Rodados | G30: 30 dias Rodados | H30: Total Mensal | J30: DATA | W30: DATA | AE30: DATA
F31: =SUM(C31-B31) -> 0 | G31: =SUM(E31-D31) -> 0 | H31: =SUM(F31:G31) -> 0 | J31: VALOR | W31: VALOR | AE31: VALOR
T32: TOTAL | U32: =SUM(K31:U31) -> 0 | AB32: TOTAL | AC32: =SUM(X31:AC31) -> 0 | AJ32: TOTAL | AK32: =SUM(AF31:AK31) -> 0
B33: Agosto | J33: Agosto | W33: =J33 -> Agosto | AE33: =W33 -> Agosto
A34: KM (Rodados) | B34: 1ª Leitura | C34: 2ª Leitura | D34: 3ª Leitura | E34: 4ª Leitura | F34: 15 dias Rodados | G34: 30 dias Rodados | H34: Total Mensal | J34: DATA | W34: DATA | AE34: DATA
F35: =SUM(C35-B35) -> 0 | G35: =SUM(E35-D35) -> 0 | H35: =SUM(F35:G35) -> 0 | J35: VALOR | W35: VALOR | AE35: VALOR
T36: TOTAL | U36: =SUM(K35:U35) -> 0 | AB36: TOTAL | AC36: =SUM(X35:AC35) -> 0 | AJ36: TOTAL | AK36: =SUM(AF35:AK35) -> 0
B37: Setembro | J37: Setembro | W37: =J37 -> Setembro | AE37: =W37 -> Setembro
A38: KM (Rodados) | B38: 1ª Leitura | C38: 2ª Leitura | D38: 3ª Leitura | E38: 4ª Leitura | F38: 15 dias Rodados | G38: 30 dias Rodados | H38: Total Mensal | J38: DATA | W38: DATA | AE38: DATA
F39: =SUM(C39-B39) -> 0 | G39: =SUM(E39-D39) -> 0 | H39: =SUM(F39:G39) -> 0 | J39: VALOR | W39: VALOR | AE39: VALOR
T40: TOTAL | U40: =SUM(K39:U39) -> 0 | AB40: TOTAL | AC40: =SUM(X39:AC39) -> 0 | AJ40: TOTAL | AK40: =SUM(AF39:AK39) -> 0
B41: Outubro | J41: Outubro | W41: =J41 -> Outubro | AE41: =W41 -> Outubro
A42: KM (Rodados) | B42: 1ª Leitura | C42: 2ª Leitura | D42: 3ª Leitura | E42: 4ª Leitura | F42: 15 dias Rodados | G42: 30 dias Rodados | H42: Total Mensal | J42: DATA | W42: DATA | AE42: DATA
F43: =SUM(C43-B43) -> 0 | G43: =SUM(E43-D43) -> 0 | H43: =SUM(F43:G43) -> 0 | J43: VALOR | W43: VALOR | AE43: VALOR
T44: TOTAL | U44: =SUM(K43:U43) -> 0 | AB44: TOTAL | AC44: =SUM(X43:AC43) -> 0 | AJ44: TOTAL | AK44: =SUM(AF43:AK43) -> 0
B45: Novembro | J45: Novembro | W45: =J45 -> Novembro | AE45: =W45 -> Novembro
A46: KM (Rodados) | B46: 1ª Leitura | C46: 2ª Leitura | D46: 3ª Leitura | E46: 4ª Leitura | F46: 15 dias Rodados | G46: 30 dias Rodados | H46: Total Mensal | J46: DATA | K46: 45972 | L46: 45976 | M46: 45979 | N46: 45982 | O46: 45988 | W46: DATA | X46: 45990 | AE46: DATA
B47: 10549 | C47: 11544 | D47: 11544 | E47: 12016 | F47: =SUM(C47-B47) -> 995 | G47: =SUM(E47-D47) -> 472 | H47: =SUM(F47:G47) -> 1467 | J47: VALOR | K47: 225.17 | L47: 226.25 | M47: 179.7 | N47: 218.29 | O47: 227.11 | W47: VALOR | X47: 50 | AE47: VALOR
T48: TOTAL | U48: =SUM(K47:U47) -> 1076.52 | AB48: TOTAL | AC48: =SUM(X47:AC47) -> 50 | AJ48: TOTAL | AK48: =SUM(AF47:AK47) -> 0
B49: Dezembro | J49: Dezembro | W49: =J49 -> Dezembro | AE49: =W49 -> Dezembro
A50: KM (Rodados) | B50: 1ª Leitura | C50: 2ª Leitura | D50: 3ª Leitura | E50: 4ª Leitura | F50: 15 dias Rodados | G50: 30 dias Rodados | H50: Total Mensal | J50: DATA | K50: 45994 | L50: 45997 | M50: 46003 | N50: 46374 | W50: DATA | X50: 46004 | AE50: DATA
B51: 12016 | C51: 12727 | D51: 12727 | E51: 13094 | F51: =SUM(C51-B51) -> 711 | G51: =SUM(E51-D51) -> 367 | H51: =SUM(F51:G51) -> 1078 | J51: VALOR | K51: 180 | L51: 187.98 | M51: 223.58 | N51: 207.16 | W51: VALOR | X51: 50 | AE51: VALOR
T52: TOTAL | U52: =SUM(K51:U51) -> 798.72 | AB52: TOTAL | AC52: =SUM(X51:AC51) -> 50 | AJ52: TOTAL | AK52: =SUM(AF51:AK51) -> 0
A53: 2026 | B53: Janeiro | J53: Janeiro | W53: Janeiro | AE53: Janeiro
A54: KM (Rodados) | B54: 1ª Leitura | C54: 2ª Leitura | D54: 3ª Leitura | E54: 4ª Leitura | F54: 15 dias Rodados | G54: 30 dias Rodados | H54: Total Mensal | J54: DATA | K54: 46028 | L54: 46032 | M54: 46039 | N54: 46045 | O54: 46051 | W54: DATA | AE54: DATA
B55: 13094 | E55: 14466 | F55: =SUM(C55-B55) -> -13094 | G55: =SUM(E55-D55) -> 14466 | H55: =SUM(F55:G55) -> 1372 | J55: VALOR | K55: 196.14 | L55: 199.84 | M55: 200.48 | N55: 231.35 | O55: 213.11 | W55: VALOR | AE55: VALOR
T56: TOTAL | U56: =SUM(K55:U55) -> 1040.92 | AB56: TOTAL | AC56: =SUM(X55:AC55) -> 0 | AJ56: TOTAL | AK56: =SUM(AF55:AK55) -> 0
B57: Fevereiro | J57: Fevereiro | W57: Fevereiro | AE57: Fevereiro
A58: KM (Rodados) | B58: 1ª Leitura | C58: 2ª Leitura | D58: 3ª Leitura | E58: 4ª Leitura | F58: 15 dias Rodados | G58: 30 dias Rodados | H58: Total Mensal | J58: DATA | K58: 46057 | L58: 46064 | M58: 46067 | W58: DATA | AE58: DATA
B59: 14466 | E59: 15349 | F59: =SUM(C59-B59) -> -14466 | G59: =SUM(E59-D59) -> 15349 | H59: =SUM(F59:G59) -> 883 | J59: VALOR | K59: 193.44 | L59: 208.28 | M59: 196.61 | W59: VALOR | AE59: VALOR
T60: TOTAL | U60: =SUM(K59:U59) -> 598.33 | AB60: TOTAL | AC60: =SUM(X59:AC59) -> 0 | AJ60: TOTAL | AK60: =SUM(AF59:AK59) -> 0
B61: Março | J61: Março | W61: =J61 -> Março | AE61: =W61 -> Março
A62: KM (Rodados) | B62: 1ª Leitura | C62: 2ª Leitura | D62: 3ª Leitura | E62: 4ª Leitura | F62: 15 dias Rodados | G62: 30 dias Rodados | H62: Total Mensal | J62: DATA | K62: 46086 | L62: 46091 | M62: 46095 | N62: 46101 | O62: 46106 | P62: 46112 | W62: DATA | X62: 46088 | Y62: 46102 | AE62: DATA
B63: 15349 | E63: 16731 | F63: =SUM(C63-B63) -> -15349 | G63: =SUM(E63-D63) -> 16731 | H63: =SUM(F63:G63) -> 1382 | J63: VALOR | K63: 188.87 | L63: 229.49 | M63: 228.99 | N63: 230.13 | O63: 223.53 | P63: 231.41 | W63: VALOR | X63: 52 | Y63: 52 | AE63: VALOR
T64: TOTAL | U64: =SUM(K63:U63) -> 1332.42 | AB64: TOTAL | AC64: =SUM(X63:AC63) -> 104 | AJ64: TOTAL | AK64: =SUM(AF63:AK63) -> 0
B65: Abril | J65: Abril | W65: =J65 -> Abril | AE65: =W65 -> Abril
A66: KM (Rodados) | B66: 1ª Leitura | C66: 2ª Leitura | D66: 3ª Leitura | E66: 4ª Leitura | F66: 15 dias Rodados | G66: 30 dias Rodados | H66: Total Mensal | J66: DATA | W66: DATA | AE66: DATA
B67: 16731 | E67: 18237 | F67: =SUM(C67-B67) -> -16731 | G67: =SUM(E67-D67) -> 18237 | H67: =SUM(F67:G67) -> 1506 | J67: VALOR | W67: VALOR | AE67: VALOR
T68: TOTAL | U68: =SUM(K67:U67) -> 0 | AB68: TOTAL | AC68: =SUM(X67:AC67) -> 0 | AJ68: TOTAL | AK68: =SUM(AF67:AK67) -> 0
B69: Maio | J69: Maio | W69: =J69 -> Maio | AE69: =W69 -> Maio
A70: KM (Rodados) | B70: 1ª Leitura | C70: 2ª Leitura | D70: 3ª Leitura | E70: 4ª Leitura | F70: 15 dias Rodados | G70: 30 dias Rodados | H70: Total Mensal | J70: DATA | W70: DATA | AE70: DATA
B71: 18237 | E71: 20960 | F71: =SUM(C71-B71) -> -18237 | G71: =SUM(E71-D71) -> 20960 | H71: =SUM(F71:G71) -> 2723 | J71: VALOR | W71: VALOR | AE71: VALOR
T72: TOTAL | U72: =SUM(K71:U71) -> 0 | AB72: TOTAL | AC72: =SUM(X71:AC71) -> 0 | AJ72: TOTAL | AK72: =SUM(AF71:AK71) -> 0
B73: Junho | J73: Junho | W73: =J73 -> Junho | AE73: =W73 -> Junho
A74: KM (Rodados) | B74: 1ª Leitura | C74: 2ª Leitura | D74: 3ª Leitura | E74: 4ª Leitura | F74: 15 dias Rodados | G74: 30 dias Rodados | H74: Total Mensal | J74: DATA | W74: DATA | AE74: DATA
F75: =SUM(C75-B75) -> 0 | G75: =SUM(E75-D75) -> 0 | H75: =SUM(F75:G75) -> 0 | J75: VALOR | W75: VALOR | AE75: VALOR
T76: TOTAL | U76: =SUM(K75:U75) -> 0 | AB76: TOTAL | AC76: =SUM(X75:AC75) -> 0 | AJ76: TOTAL | AK76: =SUM(AF75:AK75) -> 0
B77: Julho | J77: Julho | W77: =J77 -> Julho | AE77: =W77 -> Julho
A78: KM (Rodados) | B78: 1ª Leitura | C78: 2ª Leitura | D78: 3ª Leitura | E78: 4ª Leitura | F78: 15 dias Rodados | G78: 30 dias Rodados | H78: Total Mensal | J78: DATA | W78: DATA | AE78: DATA
F79: =SUM(C79-B79) -> 0 | G79: =SUM(E79-D79) -> 0 | H79: =SUM(F79:G79) -> 0 | J79: VALOR | W79: VALOR | AE79: VALOR
T80: TOTAL | U80: =SUM(K79:U79) -> 0 | AB80: TOTAL | AC80: =SUM(X79:AC79) -> 0 | AJ80: TOTAL | AK80: =SUM(AF79:AK79) -> 0
B81: Agosto | J81: Agosto | W81: =J81 -> Agosto | AE81: =W81 -> Agosto
A82: KM (Rodados) | B82: 1ª Leitura | C82: 2ª Leitura | D82: 3ª Leitura | E82: 4ª Leitura | F82: 15 dias Rodados | G82: 30 dias Rodados | H82: Total Mensal | J82: DATA | W82: DATA | AE82: DATA
F83: =SUM(C83-B83) -> 0 | G83: =SUM(E83-D83) -> 0 | H83: =SUM(F83:G83) -> 0 | J83: VALOR | W83: VALOR | AE83: VALOR
T84: TOTAL | U84: =SUM(K83:U83) -> 0 | AB84: TOTAL | AC84: =SUM(X83:AC83) -> 0 | AJ84: TOTAL | AK84: =SUM(AF83:AK83) -> 0

Sheet Fernando
A2: Veiculo | B2: Tracker | D2: Placa: | E2: UBT5I55 | H2: km | I2: 4500
A3: Substituição (data) | D3: Placa: | H3: Modelo
A4: Contrato de Locação | B4: 4369 | D4: Rastreador | E4: Unidas - 3s | H4: Data Desmob | I4: 46146
A7: REGISTRO DE KM | J7: ABASTECIMENTO | Y7: LAVA_RAPIDO | AH7: BORRACHARIA
B9: Fevereiro | J9: Fevereiro | Y9: Fevereiro | AH9: Fevereiro
A10: KM (Rodados) | B10: 1ª Leitura | C10: 2ª Leitura | D10: 3ª Leitura | E10: 4ª Leitura | F10: 15 dias Rodados | G10: 30 dias Rodados | H10: Total Mensal | J10: DATA | Y10: DATA | AH10: DATA
F11: =SUM(C11-B11) -> 0 | G11: =SUM(E11-D11) -> 0 | H11: =SUM(F11:G11) -> 0 | J11: VALOR | Y11: VALOR | AH11: VALOR
T12: TOTAL | U12: =SUM(K11:U11) -> 0 | AD12: TOTAL | AE12: =SUM(Z11:AE11) -> 0 | AM12: TOTAL | AN12: =SUM(AI11:AN11) -> 0
B13: Março | J13: Março | Y13: =J13 -> Março | AH13: =Y13 -> Março
A14: KM (Rodados) | B14: 1ª Leitura | C14: 2ª Leitura | D14: 3ª Leitura | E14: 4ª Leitura | F14: 15 dias Rodados | G14: 30 dias Rodados | H14: Total Mensal | J14: DATA | Y14: DATA | AH14: DATA
F15: =SUM(C15-B15) -> 0 | G15: =SUM(E15-D15) -> 0 | H15: =SUM(F15:G15) -> 0 | J15: VALOR | Y15: VALOR | AH15: VALOR
T16: TOTAL | U16: =SUM(K15:U15) -> 0 | AD16: TOTAL | AE16: =SUM(Z15:AE15) -> 0 | AM16: TOTAL | AN16: =SUM(AI15:AN15) -> 0
B17: Abril | J17: Abril | Y17: =J17 -> Abril | AH17: =Y17 -> Abril
A18: KM (Rodados) | B18: 1ª Leitura | C18: 2ª Leitura | D18: 3ª Leitura | E18: 4ª Leitura | F18: 15 dias Rodados | G18: 30 dias Rodados | H18: Total Mensal | J18: DATA | Y18: DATA | AH18: DATA
F19: =SUM(C19-B19) -> 0 | G19: =SUM(E19-D19) -> 0 | H19: =SUM(F19:G19) -> 0 | J19: VALOR | Y19: VALOR | AH19: VALOR
T20: TOTAL | U20: =SUM(K19:U19) -> 0 | AD20: TOTAL | AE20: =SUM(Z19:AE19) -> 0 | AM20: TOTAL | AN20: =SUM(AI19:AN19) -> 0
B21: Maio | J21: Maio | Y21: =J21 -> Maio | AH21: =Y21 -> Maio
A22: KM (Rodados) | B22: 1ª Leitura | C22: 2ª Leitura | D22: 3ª Leitura | E22: 4ª Leitura | F22: 15 dias Rodados | G22: 30 dias Rodados | H22: Total Mensal | J22: DATA | Y22: DATA | AH22: DATA
B23: 7 | E23: 4050 | F23: =SUM(C23-B23) -> -7 | G23: =SUM(E23-D23) -> 4050 | H23: =SUM(F23:G23) -> 4043 | J23: VALOR | Y23: VALOR | AH23: VALOR
T24: TOTAL | U24: =SUM(K23:U23) -> 0 | AD24: TOTAL | AE24: =SUM(Z23:AE23) -> 0 | AM24: TOTAL | AN24: =SUM(AI23:AN23) -> 0
B25: Junho | J25: Junho | Y25: =J25 -> Junho | AH25: =Y25 -> Junho
A26: KM (Rodados) | B26: 1ª Leitura | C26: 2ª Leitura | D26: 3ª Leitura | E26: 4ª Leitura | F26: 15 dias Rodados | G26: 30 dias Rodados | H26: Total Mensal | J26: DATA | Y26: DATA | AH26: DATA
F27: =SUM(C27-B27) -> 0 | G27: =SUM(E27-D27) -> 0 | H27: =SUM(F27:G27) -> 0 | J27: VALOR | Y27: VALOR | AH27: VALOR
T28: TOTAL | U28: =SUM(K27:U27) -> 0 | AD28: TOTAL | AE28: =SUM(Z27:AE27) -> 0 | AM28: TOTAL | AN28: =SUM(AI27:AN27) -> 0
B29: Julho | J29: Julho | Y29: =J29 -> Julho | AH29: =Y29 -> Julho
A30: KM (Rodados) | B30: 1ª Leitura | C30: 2ª Leitura | D30: 3ª Leitura | E30: 4ª Leitura | F30: 15 dias Rodados | G30: 30 dias Rodados | H30: Total Mensal | J30: DATA | Y30: DATA | AH30: DATA
F31: =SUM(C31-B31) -> 0 | G31: =SUM(E31-D31) -> 0 | H31: =SUM(F31:G31) -> 0 | J31: VALOR | Y31: VALOR | AH31: VALOR
T32: TOTAL | U32: =SUM(K31:U31) -> 0 | AD32: TOTAL | AE32: =SUM(Z31:AE31) -> 0 | AM32: TOTAL | AN32: =SUM(AI31:AN31) -> 0
B33: Agosto | J33: Agosto | Y33: =J33 -> Agosto | AH33: =Y33 -> Agosto
A34: KM (Rodados) | B34: 1ª Leitura | C34: 2ª Leitura | D34: 3ª Leitura | E34: 4ª Leitura | F34: 15 dias Rodados | G34: 30 dias Rodados | H34: Total Mensal | J34: DATA | Y34: DATA | AH34: DATA
F35: =SUM(C35-B35) -> 0 | G35: =SUM(E35-D35) -> 0 | H35: =SUM(F35:G35) -> 0 | J35: VALOR | Y35: VALOR | AH35: VALOR
T36: TOTAL | U36: =SUM(K35:U35) -> 0 | AD36: TOTAL | AE36: =SUM(Z35:AE35) -> 0 | AM36: TOTAL | AN36: =SUM(AI35:AN35) -> 0
B37: Setembro | J37: Setembro | Y37: =J37 -> Setembro | AH37: =Y37 -> Setembro
A38: KM (Rodados) | B38: 1ª Leitura | C38: 2ª Leitura | D38: 3ª Leitura | E38: 4ª Leitura | F38: 15 dias Rodados | G38: 30 dias Rodados | H38: Total Mensal | J38: DATA | Y38: DATA | AH38: DATA
F39: =SUM(C39-B39) -> 0 | G39: =SUM(E39-D39) -> 0 | H39: =SUM(F39:G39) -> 0 | J39: VALOR | Y39: VALOR | AH39: VALOR
T40: TOTAL | U40: =SUM(K39:U39) -> 0 | AD40: TOTAL | AE40: =SUM(Z39:AE39) -> 0 | AM40: TOTAL | AN40: =SUM(AI39:AN39) -> 0
B41: Outubro | J41: Outubro | Y41: =J41 -> Outubro | AH41: =Y41 -> Outubro
A42: KM (Rodados) | B42: 1ª Leitura | C42: 2ª Leitura | D42: 3ª Leitura | E42: 4ª Leitura | F42: 15 dias Rodados | G42: 30 dias Rodados | H42: Total Mensal | J42: DATA | Y42: DATA | AH42: DATA
F43: =SUM(C43-B43) -> 0 | G43: =SUM(E43-D43) -> 0 | H43: =SUM(F43:G43) -> 0 | J43: VALOR | Y43: VALOR | AH43: VALOR
T44: TOTAL | U44: =SUM(K43:U43) -> 0 | AD44: TOTAL | AE44: =SUM(Z43:AE43) -> 0 | AM44: TOTAL | AN44: =SUM(AI43:AN43) -> 0
B45: Novembro | J45: Novembro | Y45: =J45 -> Novembro | AH45: =Y45 -> Novembro
A46: KM (Rodados) | B46: 1ª Leitura | C46: 2ª Leitura | D46: 3ª Leitura | E46: 4ª Leitura | F46: 15 dias Rodados | G46: 30 dias Rodados | H46: Total Mensal | J46: DATA | Y46: DATA | AH46: DATA
F47: =SUM(C47-B47) -> 0 | G47: =SUM(E47-D47) -> 0 | H47: =SUM(F47:G47) -> 0 | J47: VALOR | Y47: VALOR | AH47: VALOR
T48: TOTAL | U48: =SUM(K47:U47) -> 0 | AD48: TOTAL | AE48: =SUM(Z47:AE47) -> 0 | AM48: TOTAL | AN48: =SUM(AI47:AN47) -> 0
B49: Dezembro | J49: Dezembro | Y49: =J49 -> Dezembro | AH49: =Y49 -> Dezembro
A50: KM (Rodados) | B50: 1ª Leitura | C50: 2ª Leitura | D50: 3ª Leitura | E50: 4ª Leitura | F50: 15 dias Rodados | G50: 30 dias Rodados | H50: Total Mensal | J50: DATA | Y50: DATA | AH50: DATA
F51: =SUM(C51-B51) -> 0 | G51: =SUM(E51-D51) -> 0 | H51: =SUM(F51:G51) -> 0 | J51: VALOR | Y51: VALOR | AH51: VALOR
T52: TOTAL | U52: =SUM(K51:U51) -> 0 | AD52: TOTAL | AE52: =SUM(Z51:AE51) -> 0 | AM52: TOTAL | AN52: =SUM(AI51:AN51) -> 0

Sheet Gideoni
A2: Veiculo | B2: Tracker | D2: Placa: | E2: UBT5H05 | H2: km | I2: 4500
A3: Substituição (data) | B3: 46146 | D3: Placa: | E3: TJU3G71 | H3: Modelo | I3: T-Cross
A4: Contrato de Locação | B4: 4369 | D4: Rastreador | E4: Unidas - 3s | H4: Data Desmob | I4: 46146
A6: Medição por SFH porém vai atuar nos dois projetos - SFH / RSH
A7: REGISTRO DE KM | J7: ABASTECIMENTO | Y7: LAVA_RAPIDO | AH7: BORRACHARIA
B9: Fevereiro | J9: Fevereiro | Y9: Fevereiro | AH9: Fevereiro
A10: KM (Rodados) | B10: 1ª Leitura | C10: 2ª Leitura | D10: 3ª Leitura | E10: 4ª Leitura | F10: 15 dias Rodados | G10: 30 dias Rodados | H10: Total Mensal | J10: DATA | Y10: DATA | AH10: DATA
F11: =SUM(C11-B11) -> 0 | G11: =SUM(E11-D11) -> 0 | H11: =SUM(F11:G11) -> 0 | J11: VALOR | Y11: VALOR | AH11: VALOR
T12: TOTAL | U12: =SUM(K11:U11) -> 0 | AD12: TOTAL | AE12: =SUM(Z11:AE11) -> 0 | AM12: TOTAL | AN12: =SUM(AI11:AN11) -> 0
B13: Março | J13: Março | Y13: =J13 -> Março | AH13: =Y13 -> Março
A14: KM (Rodados) | B14: 1ª Leitura | C14: 2ª Leitura | D14: 3ª Leitura | E14: 4ª Leitura | F14: 15 dias Rodados | G14: 30 dias Rodados | H14: Total Mensal | J14: DATA | Y14: DATA | AH14: DATA
F15: =SUM(C15-B15) -> 0 | G15: =SUM(E15-D15) -> 0 | H15: =SUM(F15:G15) -> 0 | J15: VALOR | Y15: VALOR | AH15: VALOR
T16: TOTAL | U16: =SUM(K15:U15) -> 0 | AD16: TOTAL | AE16: =SUM(Z15:AE15) -> 0 | AM16: TOTAL | AN16: =SUM(AI15:AN15) -> 0
B17: Abril | J17: Abril | Y17: =J17 -> Abril | AH17: =Y17 -> Abril
A18: KM (Rodados) | B18: 1ª Leitura | C18: 2ª Leitura | D18: 3ª Leitura | E18: 4ª Leitura | F18: 15 dias Rodados | G18: 30 dias Rodados | H18: Total Mensal | J18: DATA | Y18: DATA | AH18: DATA
F19: =SUM(C19-B19) -> 0 | G19: =SUM(E19-D19) -> 0 | H19: =SUM(F19:G19) -> 0 | J19: VALOR | Y19: VALOR | AH19: VALOR
T20: TOTAL | U20: =SUM(K19:U19) -> 0 | AD20: TOTAL | AE20: =SUM(Z19:AE19) -> 0 | AM20: TOTAL | AN20: =SUM(AI19:AN19) -> 0
A21: UBT5H05 | B21: Maio | J21: Maio | Y21: =J21 -> Maio | AH21: =Y21 -> Maio
A22: KM (Rodados) | B22: 1ª Leitura | C22: 2ª Leitura | D22: 3ª Leitura | E22: 4ª Leitura | F22: 15 dias Rodados | G22: 30 dias Rodados | H22: Total Mensal | J22: DATA | Y22: DATA | AH22: DATA
B23: 7 | C23: 316 | F23: =SUM(C23-B23) -> 309 | G23: =SUM(E23-D23) -> 0 | H23: =SUM(F23:G23) -> 309 | J23: VALOR | Y23: VALOR | AH23: VALOR
T24: TOTAL | U24: =SUM(K23:U23) -> 0 | AD24: TOTAL | AE24: =SUM(Z23:AE23) -> 0 | AM24: TOTAL | AN24: =SUM(AI23:AN23) -> 0
A25: TJU3G71 | B25: Maio | J25: Maio | Y25: =J25 -> Maio | AH25: =Y25 -> Maio
A26: KM (Rodados) | B26: 1ª Leitura | C26: 2ª Leitura | D26: 3ª Leitura | E26: 4ª Leitura | F26: 15 dias Rodados | G26: 30 dias Rodados | H26: Total Mensal | J26: DATA | Y26: DATA | AH26: DATA
B27: 33248 | E27: 36580 | F27: =SUM(C27-B27) -> -33248 | G27: =SUM(E27-D27) -> 36580 | H27: =SUM(F27:G27) -> 3332 | J27: VALOR | Y27: VALOR | AH27: VALOR
T28: TOTAL | U28: =SUM(K27:U27) -> 0 | AD28: TOTAL | AE28: =SUM(Z27:AE27) -> 0 | AM28: TOTAL | AN28: =SUM(AI27:AN27) -> 0
B29: Junho | J29: Junho | Y29: =J29 -> Junho | AH29: =Y29 -> Junho
A30: KM (Rodados) | B30: 1ª Leitura | C30: 2ª Leitura | D30: 3ª Leitura | E30: 4ª Leitura | F30: 15 dias Rodados | G30: 30 dias Rodados | H30: Total Mensal | J30: DATA | Y30: DATA | AH30: DATA
F31: =SUM(C31-B31) -> 0 | G31: =SUM(E31-D31) -> 0 | H31: =SUM(F31:G31) -> 0 | J31: VALOR | Y31: VALOR | AH31: VALOR
T32: TOTAL | U32: =SUM(K31:U31) -> 0 | AD32: TOTAL | AE32: =SUM(Z31:AE31) -> 0 | AM32: TOTAL | AN32: =SUM(AI31:AN31) -> 0
B33: Julho | J33: Julho | Y33: =J33 -> Julho | AH33: =Y33 -> Julho
A34: KM (Rodados) | B34: 1ª Leitura | C34: 2ª Leitura | D34: 3ª Leitura | E34: 4ª Leitura | F34: 15 dias Rodados | G34: 30 dias Rodados | H34: Total Mensal | J34: DATA | Y34: DATA | AH34: DATA
F35: =SUM(C35-B35) -> 0 | G35: =SUM(E35-D35) -> 0 | H35: =SUM(F35:G35) -> 0 | J35: VALOR | Y35: VALOR | AH35: VALOR
T36: TOTAL | U36: =SUM(K35:U35) -> 0 | AD36: TOTAL | AE36: =SUM(Z35:AE35) -> 0 | AM36: TOTAL | AN36: =SUM(AI35:AN35) -> 0
B37: Agosto | J37: Agosto | Y37: =J37 -> Agosto | AH37: =Y37 -> Agosto
A38: KM (Rodados) | B38: 1ª Leitura | C38: 2ª Leitura | D38: 3ª Leitura | E38: 4ª Leitura | F38: 15 dias Rodados | G38: 30 dias Rodados | H38: Total Mensal | J38: DATA | Y38: DATA | AH38: DATA
F39: =SUM(C39-B39) -> 0 | G39: =SUM(E39-D39) -> 0 | H39: =SUM(F39:G39) -> 0 | J39: VALOR | Y39: VALOR | AH39: VALOR
T40: TOTAL | U40: =SUM(K39:U39) -> 0 | AD40: TOTAL | AE40: =SUM(Z39:AE39) -> 0 | AM40: TOTAL | AN40: =SUM(AI39:AN39) -> 0
B41: Setembro | J41: Setembro | Y41: =J41 -> Setembro | AH41: =Y41 -> Setembro
A42: KM (Rodados) | B42: 1ª Leitura | C42: 2ª Leitura | D42: 3ª Leitura | E42: 4ª Leitura | F42: 15 dias Rodados | G42: 30 dias Rodados | H42: Total Mensal | J42: DATA | Y42: DATA | AH42: DATA
F43: =SUM(C43-B43) -> 0 | G43: =SUM(E43-D43) -> 0 | H43: =SUM(F43:G43) -> 0 | J43: VALOR | Y43: VALOR | AH43: VALOR
T44: TOTAL | U44: =SUM(K43:U43) -> 0 | AD44: TOTAL | AE44: =SUM(Z43:AE43) -> 0 | AM44: TOTAL | AN44: =SUM(AI43:AN43) -> 0
B45: Outubro | J45: Outubro | Y45: =J45 -> Outubro | AH45: =Y45 -> Outubro
A46: KM (Rodados) | B46: 1ª Leitura | C46: 2ª Leitura | D46: 3ª Leitura | E46: 4ª Leitura | F46: 15 dias Rodados | G46: 30 dias Rodados | H46: Total Mensal | J46: DATA | Y46: DATA | AH46: DATA
F47: =SUM(C47-B47) -> 0 | G47: =SUM(E47-D47) -> 0 | H47: =SUM(F47:G47) -> 0 | J47: VALOR | Y47: VALOR | AH47: VALOR
T48: TOTAL | U48: =SUM(K47:U47) -> 0 | AD48: TOTAL | AE48: =SUM(Z47:AE47) -> 0 | AM48: TOTAL | AN48: =SUM(AI47:AN47) -> 0
B49: Novembro | J49: Novembro | Y49: =J49 -> Novembro | AH49: =Y49 -> Novembro
A50: KM (Rodados) | B50: 1ª Leitura | C50: 2ª Leitura | D50: 3ª Leitura | E50: 4ª Leitura | F50: 15 dias Rodados | G50: 30 dias Rodados | H50: Total Mensal | J50: DATA | Y50: DATA | AH50: DATA
F51: =SUM(C51-B51) -> 0 | G51: =SUM(E51-D51) -> 0 | H51: =SUM(F51:G51) -> 0 | J51: VALOR | Y51: VALOR | AH51: VALOR
T52: TOTAL | U52: =SUM(K51:U51) -> 0 | AD52: TOTAL | AE52: =SUM(Z51:AE51) -> 0 | AM52: TOTAL | AN52: =SUM(AI51:AN51) -> 0
B53: Dezembro | J53: Dezembro | Y53: =J53 -> Dezembro | AH53: =Y53 -> Dezembro
A54: KM (Rodados) | B54: 1ª Leitura | C54: 2ª Leitura | D54: 3ª Leitura | E54: 4ª Leitura | F54: 15 dias Rodados | G54: 30 dias Rodados | H54: Total Mensal | J54: DATA | Y54: DATA | AH54: DATA
F55: =SUM(C55-B55) -> 0 | G55: =SUM(E55-D55) -> 0 | H55: =SUM(F55:G55) -> 0 | J55: VALOR | Y55: VALOR | AH55: VALOR
T56: TOTAL | U56: =SUM(K55:U55) -> 0 | AD56: TOTAL | AE56: =SUM(Z55:AE55) -> 0 | AM56: TOTAL | AN56: =SUM(AI55:AN55) -> 0

Sheet Linsmar
A2: Veiculo | B2: Tracker | D2: Placa: | E2: TEU0F35 | H2: KM | I2: 4500
A3: Substituição (data) | D3: Placa: | H3: Modelo
A4: Contrato de Locação | B4: 3837 | D4: Rastreador | E4: 45 | H4: Data mob. | I4: 45943
A7: REGISTRO DE KM | J7: ABASTECIMENTO | W7: LAVA_RAPIDO | AE7: BORRACHARIA
B9: Fevereiro | J9: Fevereiro | W9: Fevereiro | AE9: Fevereiro
A10: KM (Rodados) | B10: 1ª Leitura | C10: 2ª Leitura | D10: 3ª Leitura | E10: 4ª Leitura | F10: 15 dias Rodados | G10: 30 dias Rodados | H10: Total Mensal | J10: DATA | W10: DATA | AE10: DATA
F11: =SUM(C11-B11) -> 0 | G11: =SUM(E11-D11) -> 0 | H11: =SUM(F11:G11) -> 0 | J11: VALOR | W11: VALOR | AE11: VALOR
T12: TOTAL | U12: =SUM(K11:U11) -> 0 | AB12: TOTAL | AC12: =SUM(X11:AC11) -> 0 | AJ12: TOTAL | AK12: =SUM(AF11:AK11) -> 0
B13: Março | J13: Março | W13: =J13 -> Março | AE13: =W13 -> Março
A14: KM (Rodados) | B14: 1ª Leitura | C14: 2ª Leitura | D14: 3ª Leitura | E14: 4ª Leitura | F14: 15 dias Rodados | G14: 30 dias Rodados | H14: Total Mensal | J14: DATA | W14: DATA | AE14: DATA
F15: =SUM(C15-B15) -> 0 | G15: =SUM(E15-D15) -> 0 | H15: =SUM(F15:G15) -> 0 | J15: VALOR | W15: VALOR | AE15: VALOR
T16: TOTAL | U16: =SUM(K15:U15) -> 0 | AB16: TOTAL | AC16: =SUM(X15:AC15) -> 0 | AJ16: TOTAL | AK16: =SUM(AF15:AK15) -> 0
B17: Abril | J17: Abril | W17: =J17 -> Abril | AE17: =W17 -> Abril
A18: KM (Rodados) | B18: 1ª Leitura | C18: 2ª Leitura | D18: 3ª Leitura | E18: 4ª Leitura | F18: 15 dias Rodados | G18: 30 dias Rodados | H18: Total Mensal | J18: DATA | W18: DATA | AE18: DATA
F19: =SUM(C19-B19) -> 0 | G19: =SUM(E19-D19) -> 0 | H19: =SUM(F19:G19) -> 0 | J19: VALOR | W19: VALOR | AE19: VALOR
T20: TOTAL | U20: =SUM(K19:U19) -> 0 | AB20: TOTAL | AC20: =SUM(X19:AC19) -> 0 | AJ20: TOTAL | AK20: =SUM(AF19:AK19) -> 0
B21: Maio | J21: Maio | W21: =J21 -> Maio | AE21: =W21 -> Maio
A22: KM (Rodados) | B22: 1ª Leitura | C22: 2ª Leitura | D22: 3ª Leitura | E22: 4ª Leitura | F22: 15 dias Rodados | G22: 30 dias Rodados | H22: Total Mensal | J22: DATA | W22: DATA | AE22: DATA
F23: =SUM(C23-B23) -> 0 | G23: =SUM(E23-D23) -> 0 | H23: =SUM(F23:G23) -> 0 | J23: VALOR | W23: VALOR | AE23: VALOR
T24: TOTAL | U24: =SUM(K23:U23) -> 0 | AB24: TOTAL | AC24: =SUM(X23:AC23) -> 0 | AJ24: TOTAL | AK24: =SUM(AF23:AK23) -> 0
B25: Junho | J25: Junho | W25: =J25 -> Junho | AE25: =W25 -> Junho
A26: KM (Rodados) | B26: 1ª Leitura | C26: 2ª Leitura | D26: 3ª Leitura | E26: 4ª Leitura | F26: 15 dias Rodados | G26: 30 dias Rodados | H26: Total Mensal | J26: DATA | W26: DATA | AE26: DATA
F27: =SUM(C27-B27) -> 0 | G27: =SUM(E27-D27) -> 0 | H27: =SUM(F27:G27) -> 0 | J27: VALOR | W27: VALOR | AE27: VALOR
T28: TOTAL | U28: =SUM(K27:U27) -> 0 | AB28: TOTAL | AC28: =SUM(X27:AC27) -> 0 | AJ28: TOTAL | AK28: =SUM(AF27:AK27) -> 0
B29: Julho | J29: Julho | W29: =J29 -> Julho | AE29: =W29 -> Julho
A30: KM (Rodados) | B30: 1ª Leitura | C30: 2ª Leitura | D30: 3ª Leitura | E30: 4ª Leitura | F30: 15 dias Rodados | G30: 30 dias Rodados | H30: Total Mensal | J30: DATA | W30: DATA | AE30: DATA
F31: =SUM(C31-B31) -> 0 | G31: =SUM(E31-D31) -> 0 | H31: =SUM(F31:G31) -> 0 | J31: VALOR | W31: VALOR | AE31: VALOR
T32: TOTAL | U32: =SUM(K31:U31) -> 0 | AB32: TOTAL | AC32: =SUM(X31:AC31) -> 0 | AJ32: TOTAL | AK32: =SUM(AF31:AK31) -> 0
B33: Agosto | J33: Agosto | W33: =J33 -> Agosto | AE33: =W33 -> Agosto
A34: KM (Rodados) | B34: 1ª Leitura | C34: 2ª Leitura | D34: 3ª Leitura | E34: 4ª Leitura | F34: 15 dias Rodados | G34: 30 dias Rodados | H34: Total Mensal | J34: DATA | W34: DATA | AE34: DATA
F35: =SUM(C35-B35) -> 0 | G35: =SUM(E35-D35) -> 0 | H35: =SUM(F35:G35) -> 0 | J35: VALOR | W35: VALOR | AE35: VALOR
T36: TOTAL | U36: =SUM(K35:U35) -> 0 | AB36: TOTAL | AC36: =SUM(X35:AC35) -> 0 | AJ36: TOTAL | AK36: =SUM(AF35:AK35) -> 0
B37: Setembro | J37: Setembro | W37: =J37 -> Setembro | AE37: =W37 -> Setembro
A38: KM (Rodados) | B38: 1ª Leitura | C38: 2ª Leitura | D38: 3ª Leitura | E38: 4ª Leitura | F38: 15 dias Rodados | G38: 30 dias Rodados | H38: Total Mensal | J38: DATA | W38: DATA | AE38: DATA
F39: =SUM(C39-B39) -> 0 | G39: =SUM(E39-D39) -> 0 | H39: =SUM(F39:G39) -> 0 | J39: VALOR | W39: VALOR | AE39: VALOR
T40: TOTAL | U40: =SUM(K39:U39) -> 0 | AB40: TOTAL | AC40: =SUM(X39:AC39) -> 0 | AJ40: TOTAL | AK40: =SUM(AF39:AK39) -> 0
B41: Outubro | J41: Outubro | W41: =J41 -> Outubro | AE41: =W41 -> Outubro
A42: KM (Rodados) | B42: 1ª Leitura | C42: 2ª Leitura | D42: 3ª Leitura | E42: 4ª Leitura | F42: 15 dias Rodados | G42: 30 dias Rodados | H42: Total Mensal | J42: DATA | K42: 45951 | L42: 45954 | M42: 45958 | N42: 45961 | W42: DATA | AE42: DATA
D43: 5814 | E43: 7321 | F43: =SUM(C43-B43) -> 0 | G43: =SUM(E43-D43) -> 1507 | H43: =SUM(F43:G43) -> 1507 | J43: VALOR | K43: 210.16 | L43: 251.75 | M43: 228.51 | N43: 250.02 | W43: VALOR | AE43: VALOR
T44: TOTAL | U44: =SUM(K43:U43) -> 940.44 | AB44: TOTAL | AC44: =SUM(X43:AC43) -> 0 | AJ44: TOTAL | AK44: =SUM(AF43:AK43) -> 0
B45: Novembro | J45: Novembro | W45: =J45 -> Novembro | AE45: =W45 -> Novembro
A46: KM (Rodados) | B46: 1ª Leitura | C46: 2ª Leitura | D46: 3ª Leitura | E46: 4ª Leitura | F46: 15 dias Rodados | G46: 30 dias Rodados | H46: Total Mensal | J46: DATA | K46: 45968 | L46: 45975 | M46: 45980 | N46: 45982 | O46: 45988 | P46: 45989 | W46: DATA | AE46: DATA
B47: 7321 | C47: 8994 | D47: 8994 | E47: 10795 | F47: =SUM(C47-B47) -> 1673 | G47: =SUM(E47-D47) -> 1801 | H47: =SUM(F47:G47) -> 3474 | J47: VALOR | K47: 214 | L47: 217.71 | M47: 235.22 | N47: 254.31 | O47: 243.52 | P47: 226.4 | W47: VALOR | AE47: VALOR
T48: TOTAL | U48: =SUM(K47:U47) -> 1391.16 | AB48: TOTAL | AC48: =SUM(X47:AC47) -> 0 | AJ48: TOTAL | AK48: =SUM(AF47:AK47) -> 0
B49: Dezembro | J49: Dezembro | W49: =J49 -> Dezembro | AE49: =W49 -> Dezembro
A50: KM (Rodados) | B50: 1ª Leitura | C50: 2ª Leitura | D50: 3ª Leitura | E50: 4ª Leitura | F50: 15 dias Rodados | G50: 30 dias Rodados | H50: Total Mensal | J50: DATA | K50: 45993 | L50: 45996 | M50: 46000 | N50: 46004 | O50: 46007 | P50: 46009 | Q50: 46017 | W50: DATA | AE50: DATA
B51: 10795 | C51: 12678 | D51: 12678 | E51: 13919 | F51: =SUM(C51-B51) -> 1883 | G51: =SUM(E51-D51) -> 1241 | H51: =SUM(F51:G51) -> 3124 | J51: VALOR | K51: 217.64 | L51: 266.33 | M51: 221.35 | N51: 240.38 | O51: 220.26 | P51: 219.43 | Q51: 259.31 | W51: VALOR | AE51: VALOR
T52: TOTAL | U52: =SUM(K51:U51) -> 1644.7 | AB52: TOTAL | AC52: =SUM(X51:AC51) -> 0 | AJ52: TOTAL | AK52: =SUM(AF51:AK51) -> 0
A53: 2026 | B53: Janeiro | J53: Janeiro | W53: Janeiro | AE53: Janeiro
A54: KM (Rodados) | B54: 1ª Leitura | C54: 2ª Leitura | D54: 3ª Leitura | E54: 4ª Leitura | F54: 15 dias Rodados | G54: 30 dias Rodados | H54: Total Mensal | J54: DATA | K54: 46025 | L54: 46028 | M54: 46031 | N54: 46036 | O54: 46038 | P54: 46042 | Q54: 46044 | R54: 46046 | S54: 46049 | T54: 46051 | U54: 46053 | W54: DATA | AE54: DATA
B55: 13919 | E55: 17891 | F55: =SUM(C55-B55) -> -13919 | G55: =SUM(E55-D55) -> 17891 | H55: =SUM(F55:G55) -> 3972 | J55: VALOR | K55: 150.45 | L55: 228.29 | M55: 202.85 | N55: 237.11 | O55: 223.93 | P55: 238.5 | Q55: 249.5 | R55: 265.05 | S55: 255.03 | T55: 220.45 | U55: 220 | W55: VALOR | AE55: VALOR
T56: TOTAL | U56: =SUM(K55:U55) -> 2491.16 | AB56: TOTAL | AC56: =SUM(X55:AC55) -> 0 | AJ56: TOTAL | AK56: =SUM(AF55:AK55) -> 0
B57: Fevereiro | J57: Fevereiro | W57: Fevereiro | AE57: Fevereiro
A58: KM (Rodados) | B58: 1ª Leitura | C58: 2ª Leitura | D58: 3ª Leitura | E58: 4ª Leitura | F58: 15 dias Rodados | G58: 30 dias Rodados | H58: Total Mensal | J58: DATA | K58: 46057 | L58: 46064 | M58: 46067 | N58: 46070 | O58: 46072 | P58: 46074 | Q58: 46078 | R58: 46080 | W58: DATA | AE58: DATA
B59: 17891 | E59: 20756 | F59: =SUM(C59-B59) -> -17891 | G59: =SUM(E59-D59) -> 20756 | H59: =SUM(F59:G59) -> 2865 | J59: VALOR | K59: 245.28 | L59: 248 | M59: 221.19 | N59: 239.88 | O59: 253.58 | P59: 168.51 | Q59: 266.06 | R59: 220.01 | W59: VALOR | AE59: VALOR
T60: TOTAL | U60: =SUM(K59:U59) -> 1862.51 | AB60: TOTAL | AC60: =SUM(X59:AC59) -> 0 | AJ60: TOTAL | AK60: =SUM(AF59:AK59) -> 0
B61: Março | J61: Março | W61: =J61 -> Março | AE61: =W61 -> Março
A62: KM (Rodados) | B62: 1ª Leitura | C62: 2ª Leitura | D62: 3ª Leitura | E62: 4ª Leitura | F62: 15 dias Rodados | G62: 30 dias Rodados | H62: Total Mensal | J62: DATA | K62: 46085 | L62: 46086 | M62: 46086 | N62: 46087 | O62: 46087 | P62: 46091 | Q62: 46094 | R62: 46098 | S62: 46100 | T62: 46105 | U62: 26/28/31 | W62: DATA | X62: 46088 | Y62: 46094 | Z62: 46111 | AE62: DATA
B63: 20756 | E63: 26140 | F63: =SUM(C63-B63) -> -20756 | G63: =SUM(E63-D63) -> 26140 | H63: =SUM(F63:G63) -> 5384 | J63: VALOR | K63: 232.23 | L63: 219.91 | M63: 236.04 | N63: 154.12 | O63: 229.62 | P63: 241.09 | Q63: 254.12 | R63: 294.54 | S63: 298.65 | T63: 305.31 | U63: =290.85+313.5+297.27 -> 901.62 | W63: VALOR | X63: 60 | Y63: 60 | Z63: 60 | AE63: VALOR
T64: TOTAL | U64: =SUM(K63:U63) -> 3367.25 | AB64: TOTAL | AC64: =SUM(X63:AC63) -> 180 | AJ64: TOTAL | AK64: =SUM(AF63:AK63) -> 0
B65: Abril | J65: Abril | W65: =J65 -> Abril | AE65: =W65 -> Abril
A66: KM (Rodados) | B66: 1ª Leitura | C66: 2ª Leitura | D66: 3ª Leitura | E66: 4ª Leitura | F66: 15 dias Rodados | G66: 30 dias Rodados | H66: Total Mensal | J66: DATA | W66: DATA | AE66: DATA
B67: 26140 | E67: 28881 | F67: =SUM(C67-B67) -> -26140 | G67: =SUM(E67-D67) -> 28881 | H67: =SUM(F67:G67) -> 2741 | J67: VALOR | W67: VALOR | AE67: VALOR
T68: TOTAL | U68: =SUM(K67:U67) -> 0 | AB68: TOTAL | AC68: =SUM(X67:AC67) -> 0 | AJ68: TOTAL | AK68: =SUM(AF67:AK67) -> 0
B69: Maio | J69: Maio | W69: =J69 -> Maio | AE69: =W69 -> Maio
A70: KM (Rodados) | B70: 1ª Leitura | C70: 2ª Leitura | D70: 3ª Leitura | E70: 4ª Leitura | F70: 15 dias Rodados | G70: 30 dias Rodados | H70: Total Mensal | J70: DATA | W70: DATA | AE70: DATA
B71: 28881 | E71: 33038 | F71: =SUM(C71-B71) -> -28881 | G71: =SUM(E71-D71) -> 33038 | H71: =SUM(F71:G71) -> 4157 | J71: VALOR | W71: VALOR | AE71: VALOR
T72: TOTAL | U72: =SUM(K71:U71) -> 0 | AB72: TOTAL | AC72: =SUM(X71:AC71) -> 0 | AJ72: TOTAL | AK72: =SUM(AF71:AK71) -> 0
B73: Junho | J73: Junho | W73: =J73 -> Junho | AE73: =W73 -> Junho
A74: KM (Rodados) | B74: 1ª Leitura | C74: 2ª Leitura | D74: 3ª Leitura | E74: 4ª Leitura | F74: 15 dias Rodados | G74: 30 dias Rodados | H74: Total Mensal | J74: DATA | W74: DATA | AE74: DATA
F75: =SUM(C75-B75) -> 0 | G75: =SUM(E75-D75) -> 0 | H75: =SUM(F75:G75) -> 0 | J75: VALOR | W75: VALOR | AE75: VALOR
T76: TOTAL | U76: =SUM(K75:U75) -> 0 | AB76: TOTAL | AC76: =SUM(X75:AC75) -> 0 | AJ76: TOTAL | AK76: =SUM(AF75:AK75) -> 0
B77: Julho | J77: Julho | W77: =J77 -> Julho | AE77: =W77 -> Julho
A78: KM (Rodados) | B78: 1ª Leitura | C78: 2ª Leitura | D78: 3ª Leitura | E78: 4ª Leitura | F78: 15 dias Rodados | G78: 30 dias Rodados | H78: Total Mensal | J78: DATA | W78: DATA | AE78: DATA
F79: =SUM(C79-B79) -> 0 | G79: =SUM(E79-D79) -> 0 | H79: =SUM(F79:G79) -> 0 | J79: VALOR | W79: VALOR | AE79: VALOR
T80: TOTAL | U80: =SUM(K79:U79) -> 0 | AB80: TOTAL | AC80: =SUM(X79:AC79) -> 0 | AJ80: TOTAL | AK80: =SUM(AF79:AK79) -> 0
B81: Agosto | J81: Agosto | W81: =J81 -> Agosto | AE81: =W81 -> Agosto
A82: KM (Rodados) | B82: 1ª Leitura | C82: 2ª Leitura | D82: 3ª Leitura | E82: 4ª Leitura | F82: 15 dias Rodados | G82: 30 dias Rodados | H82: Total Mensal | J82: DATA | W82: DATA | AE82: DATA
F83: =SUM(C83-B83) -> 0 | G83: =SUM(E83-D83) -> 0 | H83: =SUM(F83:G83) -> 0 | J83: VALOR | W83: VALOR | AE83: VALOR
T84: TOTAL | U84: =SUM(K83:U83) -> 0 | AB84: TOTAL | AC84: =SUM(X83:AC83) -> 0 | AJ84: TOTAL | AK84: =SUM(AF83:AK83) -> 0

Sheet Weiller
A2: Veiculo | B2: Creta | D2: Placa: | E2: TXW4I63 | H2: km | I2: 4500
A3: Substituição (data) | D3: Placa: | H3: Modelo
A4: Contrato de Locação | B4: 4369 | D4: Rastreador | E4: 45 | H4: Data mob. | I4: 46034
A7: REGISTRO DE KM | J7: ABASTECIMENTO | Y7: LAVA_RAPIDO | AH7: BORRACHARIA
B8: Janeiro | J8: Janeiro | Y8: Janeiro | AH8: Janeiro
A9: KM (Rodados) | B9: 1ª Leitura | C9: 2ª Leitura | D9: 3ª Leitura | E9: 4ª Leitura | F9: 15 dias Rodados | G9: 30 dias Rodados | H9: Total Mensal | J9: DATA | K9: 46035 | L9: 46037 | M9: 46039 | N9: 46042 | O9: 46044 | P9: 46046 | Q9: 46049 | R9: 46051 | S9: 46053 | Y9: DATA | AH9: DATA
D10: 4193 | E10: 7184 | F10: =SUM(C10-B10) -> 0 | G10: =SUM(E10-D10) -> 2991 | H10: =SUM(F10:G10) -> 2991 | J10: VALOR | K10: 148.08 | L10: 220.7 | M10: 242.05 | N10: 209.3 | O10: 230.06 | P10: 131.87 | Q10: 226.04 | R10: 259.84 | S10: 234.01 | Y10: VALOR | AH10: VALOR
T11: TOTAL | U11: =SUM(K10:U10) -> 1901.95 | AD11: TOTAL | AE11: =SUM(Z10:AE10) -> 0 | AM11: TOTAL | AN11: =SUM(AI10:AN10) -> 0
B12: Fevereiro | J12: Fevereiro | Y12: Fevereiro | AH12: Fevereiro
A13: KM (Rodados) | B13: 1ª Leitura | C13: 2ª Leitura | D13: 3ª Leitura | E13: 4ª Leitura | F13: 15 dias Rodados | G13: 30 dias Rodados | H13: Total Mensal | J13: DATA | K13: 46056 | L13: 46058 | M13: 46060 | N13: 46063 | O13: 46065 | P13: 46067 | Q13: 46071 | R13: 46073 | S13: 46077 | Y13: DATA | AH13: DATA
B14: 7184 | E14: 10121 | F14: =SUM(C14-B14) -> -7184 | G14: =SUM(E14-D14) -> 10121 | H14: =SUM(F14:G14) -> 2937 | J14: VALOR | K14: 207.45 | L14: 270.86 | M14: 164.75 | N14: 245.87 | O14: 246.4 | P14: 152.69 | Q14: 281.65 | R14: 290 | S14: 323.14 | Y14: VALOR | AH14: VALOR
T15: TOTAL | U15: =SUM(K14:U14) -> 2182.81 | AD15: TOTAL | AE15: =SUM(Z14:AE14) -> 0 | AM15: TOTAL | AN15: =SUM(AI14:AN14) -> 0
B16: Março | J16: Março | Y16: =J16 -> Março | AH16: =Y16 -> Março
A17: KM (Rodados) | B17: 1ª Leitura | C17: 2ª Leitura | D17: 3ª Leitura | E17: 4ª Leitura | F17: 15 dias Rodados | G17: 30 dias Rodados | H17: Total Mensal | J17: DATA | K17: 46084 | L17: 46086 | M17: 46088 | N17: 46091 | O17: 46093 | P17: 46095 | Q17: 46098 | R17: 46100 | S17: 46102 | T17: 46105 | U17: 26/28/31 | Y17: DATA | Z17: 46088 | AA17: 46096 | AB17: 46103 | AC17: 46109 | AH17: DATA
B18: 10121 | E18: 14286 | F18: =SUM(C18-B18) -> -10121 | G18: =SUM(E18-D18) -> 14286 | H18: =SUM(F18:G18) -> 4165 | J18: VALOR | K18: 176.28 | L18: 299.72 | M18: 190.83 | N18: 298.02 | O18: 215.08 | P18: 335.03 | Q18: 324.42 | R18: 237.28 | S18: 308.85 | T18: 338.67 | U18: =328.71+323.66+333.32 -> 985.69 | Y18: VALOR | Z18: 60 | AA18: 60 | AB18: 60 | AC18: 60 | AH18: VALOR
T19: TOTAL | U19: =SUM(K18:U18) -> 3709.87 | AD19: TOTAL | AE19: =SUM(Z18:AE18) -> 240 | AM19: TOTAL | AN19: =SUM(AI18:AN18) -> 0
B20: Abril | J20: Abril | Y20: =J20 -> Abril | AH20: =Y20 -> Abril
A21: KM (Rodados) | B21: 1ª Leitura | C21: 2ª Leitura | D21: 3ª Leitura | E21: 4ª Leitura | F21: 15 dias Rodados | G21: 30 dias Rodados | H21: Total Mensal | J21: DATA | Y21: DATA | AH21: DATA
B22: 14286 | E22: 18412 | F22: =SUM(C22-B22) -> -14286 | G22: =SUM(E22-D22) -> 18412 | H22: =SUM(F22:G22) -> 4126 | J22: VALOR | Y22: VALOR | AH22: VALOR
T23: TOTAL | U23: =SUM(K22:U22) -> 0 | AD23: TOTAL | AE23: =SUM(Z22:AE22) -> 0 | AM23: TOTAL | AN23: =SUM(AI22:AN22) -> 0
B24: Maio | J24: Maio | Y24: =J24 -> Maio | AH24: =Y24 -> Maio
A25: KM (Rodados) | B25: 1ª Leitura | C25: 2ª Leitura | D25: 3ª Leitura | E25: 4ª Leitura | F25: 15 dias Rodados | G25: 30 dias Rodados | H25: Total Mensal | J25: DATA | Y25: DATA | AH25: DATA
B26: 18412 | E26: 23367 | F26: =SUM(C26-B26) -> -18412 | G26: =SUM(E26-D26) -> 23367 | H26: =SUM(F26:G26) -> 4955 | J26: VALOR | Y26: VALOR | AH26: VALOR
T27: TOTAL | U27: =SUM(K26:U26) -> 0 | AD27: TOTAL | AE27: =SUM(Z26:AE26) -> 0 | AM27: TOTAL | AN27: =SUM(AI26:AN26) -> 0
B28: Junho | J28: Junho | Y28: =J28 -> Junho | AH28: =Y28 -> Junho
A29: KM (Rodados) | B29: 1ª Leitura | C29: 2ª Leitura | D29: 3ª Leitura | E29: 4ª Leitura | F29: 15 dias Rodados | G29: 30 dias Rodados | H29: Total Mensal | J29: DATA | Y29: DATA | AH29: DATA
F30: =SUM(C30-B30) -> 0 | G30: =SUM(E30-D30) -> 0 | H30: =SUM(F30:G30) -> 0 | J30: VALOR | Y30: VALOR | AH30: VALOR
T31: TOTAL | U31: =SUM(K30:U30) -> 0 | AD31: TOTAL | AE31: =SUM(Z30:AE30) -> 0 | AM31: TOTAL | AN31: =SUM(AI30:AN30) -> 0
B32: Julho | J32: Julho | Y32: =J32 -> Julho | AH32: =Y32 -> Julho
A33: KM (Rodados) | B33: 1ª Leitura | C33: 2ª Leitura | D33: 3ª Leitura | E33: 4ª Leitura | F33: 15 dias Rodados | G33: 30 dias Rodados | H33: Total Mensal | J33: DATA | Y33: DATA | AH33: DATA
F34: =SUM(C34-B34) -> 0 | G34: =SUM(E34-D34) -> 0 | H34: =SUM(F34:G34) -> 0 | J34: VALOR | Y34: VALOR | AH34: VALOR
T35: TOTAL | U35: =SUM(K34:U34) -> 0 | AD35: TOTAL | AE35: =SUM(Z34:AE34) -> 0 | AM35: TOTAL | AN35: =SUM(AI34:AN34) -> 0
B36: Agosto | J36: Agosto | Y36: =J36 -> Agosto | AH36: =Y36 -> Agosto
A37: KM (Rodados) | B37: 1ª Leitura | C37: 2ª Leitura | D37: 3ª Leitura | E37: 4ª Leitura | F37: 15 dias Rodados | G37: 30 dias Rodados | H37: Total Mensal | J37: DATA | Y37: DATA | AH37: DATA
F38: =SUM(C38-B38) -> 0 | G38: =SUM(E38-D38) -> 0 | H38: =SUM(F38:G38) -> 0 | J38: VALOR | Y38: VALOR | AH38: VALOR
T39: TOTAL | U39: =SUM(K38:U38) -> 0 | AD39: TOTAL | AE39: =SUM(Z38:AE38) -> 0 | AM39: TOTAL | AN39: =SUM(AI38:AN38) -> 0
B40: Setembro | J40: Setembro | Y40: =J40 -> Setembro | AH40: =Y40 -> Setembro
A41: KM (Rodados) | B41: 1ª Leitura | C41: 2ª Leitura | D41: 3ª Leitura | E41: 4ª Leitura | F41: 15 dias Rodados | G41: 30 dias Rodados | H41: Total Mensal | J41: DATA | Y41: DATA | AH41: DATA
F42: =SUM(C42-B42) -> 0 | G42: =SUM(E42-D42) -> 0 | H42: =SUM(F42:G42) -> 0 | J42: VALOR | Y42: VALOR | AH42: VALOR
T43: TOTAL | U43: =SUM(K42:U42) -> 0 | AD43: TOTAL | AE43: =SUM(Z42:AE42) -> 0 | AM43: TOTAL | AN43: =SUM(AI42:AN42) -> 0
B44: Outubro | J44: Outubro | Y44: =J44 -> Outubro | AH44: =Y44 -> Outubro
A45: KM (Rodados) | B45: 1ª Leitura | C45: 2ª Leitura | D45: 3ª Leitura | E45: 4ª Leitura | F45: 15 dias Rodados | G45: 30 dias Rodados | H45: Total Mensal | J45: DATA | Y45: DATA | AH45: DATA
F46: =SUM(C46-B46) -> 0 | G46: =SUM(E46-D46) -> 0 | H46: =SUM(F46:G46) -> 0 | J46: VALOR | Y46: VALOR | AH46: VALOR
T47: TOTAL | U47: =SUM(K46:U46) -> 0 | AD47: TOTAL | AE47: =SUM(Z46:AE46) -> 0 | AM47: TOTAL | AN47: =SUM(AI46:AN46) -> 0
B48: Novembro | J48: Novembro | Y48: =J48 -> Novembro | AH48: =Y48 -> Novembro
A49: KM (Rodados) | B49: 1ª Leitura | C49: 2ª Leitura | D49: 3ª Leitura | E49: 4ª Leitura | F49: 15 dias Rodados | G49: 30 dias Rodados | H49: Total Mensal | J49: DATA | Y49: DATA | AH49: DATA
F50: =SUM(C50-B50) -> 0 | G50: =SUM(E50-D50) -> 0 | H50: =SUM(F50:G50) -> 0 | J50: VALOR | Y50: VALOR | AH50: VALOR
T51: TOTAL | U51: =SUM(K50:U50) -> 0 | AD51: TOTAL | AE51: =SUM(Z50:AE50) -> 0 | AM51: TOTAL | AN51: =SUM(AI50:AN50) -> 0
B52: Dezembro | J52: Dezembro | Y52: =J52 -> Dezembro | AH52: =Y52 -> Dezembro
A53: KM (Rodados) | B53: 1ª Leitura | C53: 2ª Leitura | D53: 3ª Leitura | E53: 4ª Leitura | F53: 15 dias Rodados | G53: 30 dias Rodados | H53: Total Mensal | J53: DATA | Y53: DATA | AH53: DATA
F54: =SUM(C54-B54) -> 0 | G54: =SUM(E54-D54) -> 0 | H54: =SUM(F54:G54) -> 0 | J54: VALOR | Y54: VALOR | AH54: VALOR
T55: TOTAL | U55: =SUM(K54:U54) -> 0 | AD55: TOTAL | AE55: =SUM(Z54:AE54) -> 0 | AM55: TOTAL | AN55: =SUM(AI54:AN54) -> 0

Sheet Rhuan
A2: Veiculo | B2: Creta | D2: Placa: | E2: TXW4I71 | H2: km | I2: 4500
A3: Substituição (data) | D3: Placa: | H3: Modelo
A4: Contrato de Locação | B4: 4369 | D4: Rastreador | E4: Unidas - 3s | H4: Data Mob | I4: 46181
A7: REGISTRO DE KM | J7: ABASTECIMENTO | Y7: LAVA_RAPIDO | AH7: BORRACHARIA
B9: Fevereiro | J9: Fevereiro | Y9: Fevereiro | AH9: Fevereiro
A10: KM (Rodados) | B10: 1ª Leitura | C10: 2ª Leitura | D10: 3ª Leitura | E10: 4ª Leitura | F10: 15 dias Rodados | G10: 30 dias Rodados | H10: Total Mensal | J10: DATA | Y10: DATA | AH10: DATA
F11: =SUM(C11-B11) -> 0 | G11: =SUM(E11-D11) -> 0 | H11: =SUM(F11:G11) -> 0 | J11: VALOR | Y11: VALOR | AH11: VALOR
T12: TOTAL | U12: =SUM(K11:U11) -> 0 | AD12: TOTAL | AE12: =SUM(Z11:AE11) -> 0 | AM12: TOTAL | AN12: =SUM(AI11:AN11) -> 0
B13: Março | J13: Março | Y13: =J13 -> Março | AH13: =Y13 -> Março
A14: KM (Rodados) | B14: 1ª Leitura | C14: 2ª Leitura | D14: 3ª Leitura | E14: 4ª Leitura | F14: 15 dias Rodados | G14: 30 dias Rodados | H14: Total Mensal | J14: DATA | Y14: DATA | AH14: DATA
F15: =SUM(C15-B15) -> 0 | G15: =SUM(E15-D15) -> 0 | H15: =SUM(F15:G15) -> 0 | J15: VALOR | Y15: VALOR | AH15: VALOR
T16: TOTAL | U16: =SUM(K15:U15) -> 0 | AD16: TOTAL | AE16: =SUM(Z15:AE15) -> 0 | AM16: TOTAL | AN16: =SUM(AI15:AN15) -> 0
B17: Abril | J17: Abril | Y17: =J17 -> Abril | AH17: =Y17 -> Abril
A18: KM (Rodados) | B18: 1ª Leitura | C18: 2ª Leitura | D18: 3ª Leitura | E18: 4ª Leitura | F18: 15 dias Rodados | G18: 30 dias Rodados | H18: Total Mensal | J18: DATA | Y18: DATA | AH18: DATA
F19: =SUM(C19-B19) -> 0 | G19: =SUM(E19-D19) -> 0 | H19: =SUM(F19:G19) -> 0 | J19: VALOR | Y19: VALOR | AH19: VALOR
T20: TOTAL | U20: =SUM(K19:U19) -> 0 | AD20: TOTAL | AE20: =SUM(Z19:AE19) -> 0 | AM20: TOTAL | AN20: =SUM(AI19:AN19) -> 0
B21: Maio | J21: Maio | Y21: =J21 -> Maio | AH21: =Y21 -> Maio
A22: KM (Rodados) | B22: 1ª Leitura | C22: 2ª Leitura | D22: 3ª Leitura | E22: 4ª Leitura | F22: 15 dias Rodados | G22: 30 dias Rodados | H22: Total Mensal | J22: DATA | Y22: DATA | AH22: DATA
F23: =SUM(C23-B23) -> 0 | G23: =SUM(E23-D23) -> 0 | H23: =SUM(F23:G23) -> 0 | J23: VALOR | Y23: VALOR | AH23: VALOR
T24: TOTAL | U24: =SUM(K23:U23) -> 0 | AD24: TOTAL | AE24: =SUM(Z23:AE23) -> 0 | AM24: TOTAL | AN24: =SUM(AI23:AN23) -> 0
B25: Junho | J25: Junho | Y25: =J25 -> Junho | AH25: =Y25 -> Junho
A26: KM (Rodados) | B26: 1ª Leitura | C26: 2ª Leitura | D26: 3ª Leitura | E26: 4ª Leitura | F26: 15 dias Rodados | G26: 30 dias Rodados | H26: Total Mensal | J26: DATA | Y26: DATA | AH26: DATA
B27: 9010 | F27: =SUM(C27-B27) -> -9010 | G27: =SUM(E27-D27) -> 0 | H27: =SUM(F27:G27) -> -9010 | J27: VALOR | Y27: VALOR | AH27: VALOR
T28: TOTAL | U28: =SUM(K27:U27) -> 0 | AD28: TOTAL | AE28: =SUM(Z27:AE27) -> 0 | AM28: TOTAL | AN28: =SUM(AI27:AN27) -> 0
B29: Julho | J29: Julho | Y29: =J29 -> Julho | AH29: =Y29 -> Julho
A30: KM (Rodados) | B30: 1ª Leitura | C30: 2ª Leitura | D30: 3ª Leitura | E30: 4ª Leitura | F30: 15 dias Rodados | G30: 30 dias Rodados | H30: Total Mensal | J30: DATA | Y30: DATA | AH30: DATA
F31: =SUM(C31-B31) -> 0 | G31: =SUM(E31-D31) -> 0 | H31: =SUM(F31:G31) -> 0 | J31: VALOR | Y31: VALOR | AH31: VALOR
T32: TOTAL | U32: =SUM(K31:U31) -> 0 | AD32: TOTAL | AE32: =SUM(Z31:AE31) -> 0 | AM32: TOTAL | AN32: =SUM(AI31:AN31) -> 0
B33: Agosto | J33: Agosto | Y33: =J33 -> Agosto | AH33: =Y33 -> Agosto
A34: KM (Rodados) | B34: 1ª Leitura | C34: 2ª Leitura | D34: 3ª Leitura | E34: 4ª Leitura | F34: 15 dias Rodados | G34: 30 dias Rodados | H34: Total Mensal | J34: DATA | Y34: DATA | AH34: DATA
F35: =SUM(C35-B35) -> 0 | G35: =SUM(E35-D35) -> 0 | H35: =SUM(F35:G35) -> 0 | J35: VALOR | Y35: VALOR | AH35: VALOR
T36: TOTAL | U36: =SUM(K35:U35) -> 0 | AD36: TOTAL | AE36: =SUM(Z35:AE35) -> 0 | AM36: TOTAL | AN36: =SUM(AI35:AN35) -> 0
B37: Setembro | J37: Setembro | Y37: =J37 -> Setembro | AH37: =Y37 -> Setembro
A38: KM (Rodados) | B38: 1ª Leitura | C38: 2ª Leitura | D38: 3ª Leitura | E38: 4ª Leitura | F38: 15 dias Rodados | G38: 30 dias Rodados | H38: Total Mensal | J38: DATA | Y38: DATA | AH38: DATA
F39: =SUM(C39-B39) -> 0 | G39: =SUM(E39-D39) -> 0 | H39: =SUM(F39:G39) -> 0 | J39: VALOR | Y39: VALOR | AH39: VALOR
T40: TOTAL | U40: =SUM(K39:U39) -> 0 | AD40: TOTAL | AE40: =SUM(Z39:AE39) -> 0 | AM40: TOTAL | AN40: =SUM(AI39:AN39) -> 0
B41: Outubro | J41: Outubro | Y41: =J41 -> Outubro | AH41: =Y41 -> Outubro
A42: KM (Rodados) | B42: 1ª Leitura | C42: 2ª Leitura | D42: 3ª Leitura | E42: 4ª Leitura | F42: 15 dias Rodados | G42: 30 dias Rodados | H42: Total Mensal | J42: DATA | Y42: DATA | AH42: DATA
F43: =SUM(C43-B43) -> 0 | G43: =SUM(E43-D43) -> 0 | H43: =SUM(F43:G43) -> 0 | J43: VALOR | Y43: VALOR | AH43: VALOR
T44: TOTAL | U44: =SUM(K43:U43) -> 0 | AD44: TOTAL | AE44: =SUM(Z43:AE43) -> 0 | AM44: TOTAL | AN44: =SUM(AI43:AN43) -> 0
B45: Novembro | J45: Novembro | Y45: =J45 -> Novembro | AH45: =Y45 -> Novembro
A46: KM (Rodados) | B46: 1ª Leitura | C46: 2ª Leitura | D46: 3ª Leitura | E46: 4ª Leitura | F46: 15 dias Rodados | G46: 30 dias Rodados | H46: Total Mensal | J46: DATA | Y46: DATA | AH46: DATA
F47: =SUM(C47-B47) -> 0 | G47: =SUM(E47-D47) -> 0 | H47: =SUM(F47:G47) -> 0 | J47: VALOR | Y47: VALOR | AH47: VALOR
T48: TOTAL | U48: =SUM(K47:U47) -> 0 | AD48: TOTAL | AE48: =SUM(Z47:AE47) -> 0 | AM48: TOTAL | AN48: =SUM(AI47:AN47) -> 0
B49: Dezembro | J49: Dezembro | Y49: =J49 -> Dezembro | AH49: =Y49 -> Dezembro
A50: KM (Rodados) | B50: 1ª Leitura | C50: 2ª Leitura | D50: 3ª Leitura | E50: 4ª Leitura | F50: 15 dias Rodados | G50: 30 dias Rodados | H50: Total Mensal | J50: DATA | Y50: DATA | AH50: DATA
F51: =SUM(C51-B51) -> 0 | G51: =SUM(E51-D51) -> 0 | H51: =SUM(F51:G51) -> 0 | J51: VALOR | Y51: VALOR | AH51: VALOR
T52: TOTAL | U52: =SUM(K51:U51) -> 0 | AD52: TOTAL | AE52: =SUM(Z51:AE51) -> 0 | AM52: TOTAL | AN52: =SUM(AI51:AN51) -> 0

Sheet Rhuan-Desmob
A2: Veiculo | B2: Tracker | D2: Placa: | E2: TEL5C48 | H2: KM | I2: 4500
A3: Substituição (data) | D3: Placa: | H3: Modelo
A4: Contrato de Locação | B4: 4144 | D4: Rastreador | E4: 45 | H4: Data mob. | I4: 45931 | J4: Data desmob. | K4: 46181
A7: REGISTRO DE KM | J7: ABASTECIMENTO | W7: LAVA_RAPIDO | AE7: BORRACHARIA
B9: Fevereiro | J9: Fevereiro | W9: Fevereiro | AE9: Fevereiro
A10: KM (Rodados) | B10: 1ª Leitura | C10: 2ª Leitura | D10: 3ª Leitura | E10: 4ª Leitura | F10: 15 dias Rodados | G10: 30 dias Rodados | H10: Total Mensal | J10: DATA | W10: DATA | AE10: DATA
F11: =SUM(C11-B11) -> 0 | G11: =SUM(E11-D11) -> 0 | H11: =SUM(F11:G11) -> 0 | J11: VALOR | W11: VALOR | AE11: VALOR
T12: TOTAL | U12: =SUM(K11:U11) -> 0 | AB12: TOTAL | AC12: =SUM(X11:AC11) -> 0 | AJ12: TOTAL | AK12: =SUM(AF11:AK11) -> 0
B13: Março | J13: Março | W13: =J13 -> Março | AE13: =W13 -> Março
A14: KM (Rodados) | B14: 1ª Leitura | C14: 2ª Leitura | D14: 3ª Leitura | E14: 4ª Leitura | F14: 15 dias Rodados | G14: 30 dias Rodados | H14: Total Mensal | J14: DATA | W14: DATA | AE14: DATA
F15: =SUM(C15-B15) -> 0 | G15: =SUM(E15-D15) -> 0 | H15: =SUM(F15:G15) -> 0 | J15: VALOR | W15: VALOR | AE15: VALOR
T16: TOTAL | U16: =SUM(K15:U15) -> 0 | AB16: TOTAL | AC16: =SUM(X15:AC15) -> 0 | AJ16: TOTAL | AK16: =SUM(AF15:AK15) -> 0
B17: Abril | J17: Abril | W17: =J17 -> Abril | AE17: =W17 -> Abril
A18: KM (Rodados) | B18: 1ª Leitura | C18: 2ª Leitura | D18: 3ª Leitura | E18: 4ª Leitura | F18: 15 dias Rodados | G18: 30 dias Rodados | H18: Total Mensal | J18: DATA | W18: DATA | AE18: DATA
F19: =SUM(C19-B19) -> 0 | G19: =SUM(E19-D19) -> 0 | H19: =SUM(F19:G19) -> 0 | J19: VALOR | W19: VALOR | AE19: VALOR
T20: TOTAL | U20: =SUM(K19:U19) -> 0 | AB20: TOTAL | AC20: =SUM(X19:AC19) -> 0 | AJ20: TOTAL | AK20: =SUM(AF19:AK19) -> 0
B21: Maio | J21: Maio | W21: =J21 -> Maio | AE21: =W21 -> Maio
A22: KM (Rodados) | B22: 1ª Leitura | C22: 2ª Leitura | D22: 3ª Leitura | E22: 4ª Leitura | F22: 15 dias Rodados | G22: 30 dias Rodados | H22: Total Mensal | J22: DATA | W22: DATA | AE22: DATA
F23: =SUM(C23-B23) -> 0 | G23: =SUM(E23-D23) -> 0 | H23: =SUM(F23:G23) -> 0 | J23: VALOR | W23: VALOR | AE23: VALOR
T24: TOTAL | U24: =SUM(K23:U23) -> 0 | AB24: TOTAL | AC24: =SUM(X23:AC23) -> 0 | AJ24: TOTAL | AK24: =SUM(AF23:AK23) -> 0
B25: Junho | J25: Junho | W25: =J25 -> Junho | AE25: =W25 -> Junho
A26: KM (Rodados) | B26: 1ª Leitura | C26: 2ª Leitura | D26: 3ª Leitura | E26: 4ª Leitura | F26: 15 dias Rodados | G26: 30 dias Rodados | H26: Total Mensal | J26: DATA | W26: DATA | AE26: DATA
F27: =SUM(C27-B27) -> 0 | G27: =SUM(E27-D27) -> 0 | H27: =SUM(F27:G27) -> 0 | J27: VALOR | W27: VALOR | AE27: VALOR
T28: TOTAL | U28: =SUM(K27:U27) -> 0 | AB28: TOTAL | AC28: =SUM(X27:AC27) -> 0 | AJ28: TOTAL | AK28: =SUM(AF27:AK27) -> 0
B29: Julho | J29: Julho | W29: =J29 -> Julho | AE29: =W29 -> Julho
A30: KM (Rodados) | B30: 1ª Leitura | C30: 2ª Leitura | D30: 3ª Leitura | E30: 4ª Leitura | F30: 15 dias Rodados | G30: 30 dias Rodados | H30: Total Mensal | J30: DATA | W30: DATA | AE30: DATA
F31: =SUM(C31-B31) -> 0 | G31: =SUM(E31-D31) -> 0 | H31: =SUM(F31:G31) -> 0 | J31: VALOR | W31: VALOR | AE31: VALOR
T32: TOTAL | U32: =SUM(K31:U31) -> 0 | AB32: TOTAL | AC32: =SUM(X31:AC31) -> 0 | AJ32: TOTAL | AK32: =SUM(AF31:AK31) -> 0
B33: Agosto | J33: Agosto | W33: =J33 -> Agosto | AE33: =W33 -> Agosto
A34: KM (Rodados) | B34: 1ª Leitura | C34: 2ª Leitura | D34: 3ª Leitura | E34: 4ª Leitura | F34: 15 dias Rodados | G34: 30 dias Rodados | H34: Total Mensal | J34: DATA | W34: DATA | AE34: DATA
F35: =SUM(C35-B35) -> 0 | G35: =SUM(E35-D35) -> 0 | H35: =SUM(F35:G35) -> 0 | J35: VALOR | W35: VALOR | AE35: VALOR
T36: TOTAL | U36: =SUM(K35:U35) -> 0 | AB36: TOTAL | AC36: =SUM(X35:AC35) -> 0 | AJ36: TOTAL | AK36: =SUM(AF35:AK35) -> 0
B37: Setembro | J37: Setembro | W37: =J37 -> Setembro | AE37: =W37 -> Setembro
A38: KM (Rodados) | B38: 1ª Leitura | C38: 2ª Leitura | D38: 3ª Leitura | E38: 4ª Leitura | F38: 15 dias Rodados | G38: 30 dias Rodados | H38: Total Mensal | J38: DATA | W38: DATA | AE38: DATA
F39: =SUM(C39-B39) -> 0 | G39: =SUM(E39-D39) -> 0 | H39: =SUM(F39:G39) -> 0 | J39: VALOR | W39: VALOR | AE39: VALOR
T40: TOTAL | U40: =SUM(K39:U39) -> 0 | AB40: TOTAL | AC40: =SUM(X39:AC39) -> 0 | AJ40: TOTAL | AK40: =SUM(AF39:AK39) -> 0
B41: Outubro | J41: Outubro | W41: =J41 -> Outubro | AE41: =W41 -> Outubro
A42: KM (Rodados) | B42: 1ª Leitura | C42: 2ª Leitura | D42: 3ª Leitura | E42: 4ª Leitura | F42: 15 dias Rodados | G42: 30 dias Rodados | H42: Total Mensal | J42: DATA | K42: 45932 | L42: 45937 | M42: 45939 | N42: 45941 | O42: 45944 | P42: 45946 | Q42: 45951 | R42: 45953 | S42: 45955 | T42: 45958 | U42: 45960 | W42: DATA | AE42: DATA
B43: 7378 | C43: 9127 | D43: 9127 | E43: 11566 | F43: =SUM(C43-B43) -> 1749 | G43: =SUM(E43-D43) -> 2439 | H43: =SUM(F43:G43) -> 4188 | J43: VALOR | K43: 170 | L43: 216.45 | M43: 213.8 | N43: 110.51 | O43: 244.8 | P43: 259.71 | Q43: 261.16 | R43: 265.75 | S43: 242.12 | T43: 233.75 | U43: 245.35 | W43: VALOR | AE43: VALOR
T44: TOTAL | U44: =SUM(K43:U43) -> 2463.4 | AB44: TOTAL | AC44: =SUM(X43:AC43) -> 0 | AJ44: TOTAL | AK44: =SUM(AF43:AK43) -> 0
B45: Novembro | J45: Novembro | W45: =J45 -> Novembro | AE45: =W45 -> Novembro
A46: KM (Rodados) | B46: 1ª Leitura | C46: 2ª Leitura | D46: 3ª Leitura | E46: 4ª Leitura | F46: 15 dias Rodados | G46: 30 dias Rodados | H46: Total Mensal | J46: DATA | K46: 45965 | L46: 45967 | M46: 45969 | N46: 45972 | O46: 45974 | P46: 45979 | Q46: 45981 | W46: DATA | AE46: DATA
B47: 11566 | C47: 13754 | D47: 13754 | E47: 14198 | F47: =SUM(C47-B47) -> 2188 | G47: =SUM(E47-D47) -> 444 | H47: =SUM(F47:G47) -> 2632 | J47: VALOR | K47: 252 | L47: 247.57 | M47: 261.11 | N47: 251.11 | O47: 195.41 | P47: 259.61 | Q47: 138.92 | W47: VALOR | AE47: VALOR
T48: TOTAL | U48: =SUM(K47:U47) -> 1605.73 | AB48: TOTAL | AC48: =SUM(X47:AC47) -> 0 | AJ48: TOTAL | AK48: =SUM(AF47:AK47) -> 0
B49: Dezembro | J49: Dezembro | W49: =J49 -> Dezembro | AE49: =W49 -> Dezembro
A50: KM (Rodados) | B50: 1ª Leitura | C50: 2ª Leitura | D50: 3ª Leitura | E50: 4ª Leitura | F50: 15 dias Rodados | G50: 30 dias Rodados | H50: Total Mensal | J50: DATA | K50: 45995 | L50: 45997 | M50: 46000 | N50: 46002 | O50: 46004 | P50: 46007 | Q50: 46010 | R50: 46018 | W50: DATA | AE50: DATA
B51: 14198 | C51: 16353 | D51: 16353 | E51: 17211 | F51: =SUM(C51-B51) -> 2155 | G51: =SUM(E51-D51) -> 858 | H51: =SUM(F51:G51) -> 3013 | J51: VALOR | K51: 238.03 | L51: 218.92 | M51: 259.79 | N51: 272.84 | O51: 251.06 | P51: 249.53 | Q51: 250.49 | R51: 199.18 | W51: VALOR | AE51: VALOR
T52: TOTAL | U52: =SUM(K51:U51) -> 1939.84 | AB52: TOTAL | AC52: =SUM(X51:AC51) -> 0 | AJ52: TOTAL | AK52: =SUM(AF51:AK51) -> 0
A53: 2026 | B53: Janeiro | J53: Janeiro | W53: Janeiro | AE53: Janeiro
A54: KM (Rodados) | B54: 1ª Leitura | C54: 2ª Leitura | D54: 3ª Leitura | E54: 4ª Leitura | F54: 15 dias Rodados | G54: 30 dias Rodados | H54: Total Mensal | J54: DATA | K54: 46028 | L54: 46031 | M54: 46035 | N54: 46037 | O54: 46042 | P54: 46044 | Q54: 46046 | W54: DATA | AE54: DATA
B55: 17211 | E55: 19817 | F55: =SUM(C55-B55) -> -17211 | G55: =SUM(E55-D55) -> 19817 | H55: =SUM(F55:G55) -> 2606 | J55: VALOR | K55: 253.85 | L55: 263.73 | M55: 275.33 | N55: 233 | O55: 250.42 | P55: 242.46 | Q55: 143.07 | W55: VALOR | AE55: VALOR
T56: TOTAL | U56: =SUM(K55:U55) -> 1661.86 | AB56: TOTAL | AC56: =SUM(X55:AC55) -> 0 | AJ56: TOTAL | AK56: =SUM(AF55:AK55) -> 0
B57: Fevereiro | J57: Fevereiro | W57: Fevereiro | AE57: Fevereiro
A58: KM (Rodados) | B58: 1ª Leitura | C58: 2ª Leitura | D58: 3ª Leitura | E58: 4ª Leitura | F58: 15 dias Rodados | G58: 30 dias Rodados | H58: Total Mensal | J58: DATA | K58: 46056 | L58: 46058 | M58: 46062 | N58: 46065 | O58: 46067 | P58: 46070 | Q58: 46072 | R58: 46074 | S58: 46077 | T58: 46079 | U58: 46081 | W58: DATA | AE58: DATA
B59: 19817 | E59: 23418 | F59: =SUM(C59-B59) -> -19817 | G59: =SUM(E59-D59) -> 23418 | H59: =SUM(F59:G59) -> 3601 | J59: VALOR | K59: 210.63 | L59: 264.47 | M59: 262.46 | N59: 251.37 | O59: 237.5 | P59: 227.29 | Q59: 223.01 | R59: 167.78 | S59: 253.19 | T59: 230.06 | U59: 124.42 | W59: VALOR | AE59: VALOR
T60: TOTAL | U60: =SUM(K59:U59) -> 2452.18 | AB60: TOTAL | AC60: =SUM(X59:AC59) -> 0 | AJ60: TOTAL | AK60: =SUM(AF59:AK59) -> 0
B61: Março | J61: Março | W61: =J61 -> Março | AE61: =W61 -> Março
A62: KM (Rodados) | B62: 1ª Leitura | C62: 2ª Leitura | D62: 3ª Leitura | E62: 4ª Leitura | F62: 15 dias Rodados | G62: 30 dias Rodados | H62: Total Mensal | J62: DATA | K62: 46085 | L62: 46087 | M62: 46091 | N62: 46093 | O62: 46098 | P62: 46106 | Q62: 46108 | R62: 46112 | W62: DATA | X62: 46098 | AE62: DATA
B63: 23418 | E63: 26526 | F63: =SUM(C63-B63) -> -23418 | G63: =SUM(E63-D63) -> 26526 | H63: =SUM(F63:G63) -> 3108 | J63: VALOR | K63: 229.59 | L63: 280.23 | M63: 285.4 | N63: 256.55 | O63: 288.96 | P63: 308.29 | Q63: 303.85 | R63: 291.14 | W63: VALOR | X63: 55 | AE63: VALOR
T64: TOTAL | U64: =SUM(K63:U63) -> 2244.01 | AB64: TOTAL | AC64: =SUM(X63:AC63) -> 55 | AJ64: TOTAL | AK64: =SUM(AF63:AK63) -> 0
B65: Abril | J65: Abril | W65: =J65 -> Abril | AE65: =W65 -> Abril
A66: KM (Rodados) | B66: 1ª Leitura | C66: 2ª Leitura | D66: 3ª Leitura | E66: 4ª Leitura | F66: 15 dias Rodados | G66: 30 dias Rodados | H66: Total Mensal | J66: DATA | W66: DATA | AE66: DATA
B67: 26526 | E67: 30169 | F67: =SUM(C67-B67) -> -26526 | G67: =SUM(E67-D67) -> 30169 | H67: =SUM(F67:G67) -> 3643 | J67: VALOR | W67: VALOR | AE67: VALOR
T68: TOTAL | U68: =SUM(K67:U67) -> 0 | AB68: TOTAL | AC68: =SUM(X67:AC67) -> 0 | AJ68: TOTAL | AK68: =SUM(AF67:AK67) -> 0
B69: Maio | J69: Maio | W69: =J69 -> Maio | AE69: =W69 -> Maio
A70: KM (Rodados) | B70: 1ª Leitura | C70: 2ª Leitura | D70: 3ª Leitura | E70: 4ª Leitura | F70: 15 dias Rodados | G70: 30 dias Rodados | H70: Total Mensal | J70: DATA | W70: DATA | AE70: DATA
B71: 30169 | E71: 33311 | F71: =SUM(C71-B71) -> -30169 | G71: =SUM(E71-D71) -> 33311 | H71: =SUM(F71:G71) -> 3142 | J71: VALOR | W71: VALOR | AE71: VALOR
T72: TOTAL | U72: =SUM(K71:U71) -> 0 | AB72: TOTAL | AC72: =SUM(X71:AC71) -> 0 | AJ72: TOTAL | AK72: =SUM(AF71:AK71) -> 0
B73: Junho | J73: Junho | W73: =J73 -> Junho | AE73: =W73 -> Junho
A74: KM (Rodados) | B74: 1ª Leitura | C74: 2ª Leitura | D74: 3ª Leitura | E74: 4ª Leitura | F74: 15 dias Rodados | G74: 30 dias Rodados | H74: Total Mensal | J74: DATA | W74: DATA | AE74: DATA
B75: 33311 | C75: 34508 | F75: =SUM(C75-B75) -> 1197 | G75: =SUM(E75-D75) -> 0 | H75: =SUM(F75:G75) -> 1197 | J75: VALOR | W75: VALOR | AE75: VALOR
T76: TOTAL | U76: =SUM(K75:U75) -> 0 | AB76: TOTAL | AC76: =SUM(X75:AC75) -> 0 | AJ76: TOTAL | AK76: =SUM(AF75:AK75) -> 0
B77: Julho | J77: Julho | W77: =J77 -> Julho | AE77: =W77 -> Julho
A78: KM (Rodados) | B78: 1ª Leitura | C78: 2ª Leitura | D78: 3ª Leitura | E78: 4ª Leitura | F78: 15 dias Rodados | G78: 30 dias Rodados | H78: Total Mensal | J78: DATA | W78: DATA | AE78: DATA
F79: =SUM(C79-B79) -> 0 | G79: =SUM(E79-D79) -> 0 | H79: =SUM(F79:G79) -> 0 | J79: VALOR | W79: VALOR | AE79: VALOR
T80: TOTAL | U80: =SUM(K79:U79) -> 0 | AB80: TOTAL | AC80: =SUM(X79:AC79) -> 0 | AJ80: TOTAL | AK80: =SUM(AF79:AK79) -> 0
B81: Agosto | J81: Agosto | W81: =J81 -> Agosto | AE81: =W81 -> Agosto
A82: KM (Rodados) | B82: 1ª Leitura | C82: 2ª Leitura | D82: 3ª Leitura | E82: 4ª Leitura | F82: 15 dias Rodados | G82: 30 dias Rodados | H82: Total Mensal | J82: DATA | W82: DATA | AE82: DATA
F83: =SUM(C83-B83) -> 0 | G83: =SUM(E83-D83) -> 0 | H83: =SUM(F83:G83) -> 0 | J83: VALOR | W83: VALOR | AE83: VALOR
T84: TOTAL | U84: =SUM(K83:U83) -> 0 | AB84: TOTAL | AC84: =SUM(X83:AC83) -> 0 | AJ84: TOTAL | AK84: =SUM(AF83:AK83) -> 0

Sheet Marcelo Oliveira-Desmob
A2: Veiculo | B2: Creta | D2: Placa: | E2: TXW4I71 | H2: KM | I2: 3000
A3: Substituição (data) | D3: Placa: | H3: Modelo
A4: Contrato de Locação | B4: 3837 | D4: Rastreador | E4: 45 | H4: Data mob. | I4: 46000 | J4: Data desmob. | K4: 46181
A7: REGISTRO DE KM | J7: ABASTECIMENTO | W7: LAVA_RAPIDO | AE7: BORRACHARIA
A9: 2025 | B9: Dezembro | J9: Dezembro | W9: =J9 -> Dezembro | AE9: =W9 -> Dezembro
A10: KM (Rodados) | B10: 1ª Leitura | C10: 2ª Leitura | D10: 3ª Leitura | E10: 4ª Leitura | F10: 15 dias Rodados | G10: 30 dias Rodados | H10: Total Mensal | J10: DATA | K10: 46002 | W10: DATA | AE10: DATA
B11: 7 | C11: 481 | D11: 481 | E11: 1079 | F11: =SUM(C11-B11) -> 474 | G11: =SUM(E11-D11) -> 598 | H11: =SUM(F11:G11) -> 1072 | J11: VALOR | K11: 271.88 | W11: VALOR | AE11: VALOR
T12: TOTAL | U12: =SUM(K11:U11) -> 271.88 | AB12: TOTAL | AC12: =SUM(X11:AC11) -> 0 | AJ12: TOTAL | AK12: =SUM(AF11:AK11) -> 0
A13: 2026 | B13: Janeiro | J13: Janeiro | W13: Janeiro | AE13: Janeiro
A14: KM (Rodados) | B14: 1ª Leitura | C14: 2ª Leitura | D14: 3ª Leitura | E14: 4ª Leitura | F14: 15 dias Rodados | G14: 30 dias Rodados | H14: Total Mensal | J14: DATA | K14: 46028 | L14: 46031 | M14: 46037 | N14: 46042 | O14: 46050 | W14: DATA | AE14: DATA
B15: 1079 | E15: 3104 | F15: =SUM(C15-B15) -> -1079 | G15: =SUM(E15-D15) -> 3104 | H15: =SUM(F15:G15) -> 2025 | J15: VALOR | K15: 262.99 | L15: 239.91 | M15: 277.03 | N15: 283.28 | O15: 276.8 | W15: VALOR | AE15: VALOR
T16: TOTAL | U16: =SUM(K15:U15) -> 1340.01 | AB16: TOTAL | AC16: =SUM(X15:AC15) -> 0 | AJ16: TOTAL | AK16: =SUM(AF15:AK15) -> 0
B17: Fevereiro | J17: Fevereiro | W17: Fevereiro | AE17: Fevereiro
A18: KM (Rodados) | B18: 1ª Leitura | C18: 2ª Leitura | D18: 3ª Leitura | E18: 4ª Leitura | F18: 15 dias Rodados | G18: 30 dias Rodados | H18: Total Mensal | J18: DATA | K18: 46057 | L18: 46065 | M18: 46080 | W18: DATA | AE18: DATA
B19: 3104 | E19: 3896 | F19: =SUM(C19-B19) -> -3104 | G19: =SUM(E19-D19) -> 3896 | H19: =SUM(F19:G19) -> 792 | J19: VALOR | K19: 235.51 | L19: 222.83 | M19: 275.8 | W19: VALOR | AE19: VALOR
T20: TOTAL | U20: =SUM(K19:U19) -> 734.14 | AB20: TOTAL | AC20: =SUM(X19:AC19) -> 0 | AJ20: TOTAL | AK20: =SUM(AF19:AK19) -> 0
B21: Março | J21: Março | W21: =J21 -> Março | AE21: =W21 -> Março
A22: KM (Rodados) | B22: 1ª Leitura | C22: 2ª Leitura | D22: 3ª Leitura | E22: 4ª Leitura | F22: 15 dias Rodados | G22: 30 dias Rodados | H22: Total Mensal | J22: DATA | K22: 46087 | L22: 46094 | M22: 46101 | N22: 46102 | O22: 46108 | W22: DATA | X22: 46088 | Y22: 46094 | Z22: 46102 | AA22: 46110 | AE22: DATA
B23: 3896 | E23: 5238 | F23: =SUM(C23-B23) -> -3896 | G23: =SUM(E23-D23) -> 5238 | H23: =SUM(F23:G23) -> 1342 | J23: VALOR | K23: 288.23 | L23: 213.79 | M23: 244.8 | N23: 270.75 | O23: 325.93 | W23: VALOR | X23: 52 | Y23: 52 | Z23: 52 | AA23: 52 | AE23: VALOR
T24: TOTAL | U24: =SUM(K23:U23) -> 1343.5 | AB24: TOTAL | AC24: =SUM(X23:AC23) -> 208 | AJ24: TOTAL | AK24: =SUM(AF23:AK23) -> 0
B25: Abril | J25: Abril | W25: =J25 -> Abril | AE25: =W25 -> Abril
A26: KM (Rodados) | B26: 1ª Leitura | C26: 2ª Leitura | D26: 3ª Leitura | E26: 4ª Leitura | F26: 15 dias Rodados | G26: 30 dias Rodados | H26: Total Mensal | J26: DATA | W26: DATA | AE26: DATA
B27: 5238 | E27: 6431 | F27: =SUM(C27-B27) -> -5238 | G27: =SUM(E27-D27) -> 6431 | H27: =SUM(F27:G27) -> 1193 | J27: VALOR | W27: VALOR | AE27: VALOR
T28: TOTAL | U28: =SUM(K27:U27) -> 0 | AB28: TOTAL | AC28: =SUM(X27:AC27) -> 0 | AJ28: TOTAL | AK28: =SUM(AF27:AK27) -> 0
B29: Maio | J29: Maio | W29: =J29 -> Maio | AE29: =W29 -> Maio
A30: KM (Rodados) | B30: 1ª Leitura | C30: 2ª Leitura | D30: 3ª Leitura | E30: 4ª Leitura | F30: 15 dias Rodados | G30: 30 dias Rodados | H30: Total Mensal | J30: DATA | W30: DATA | AE30: DATA
B31: 6431 | E31: 8584 | F31: =SUM(C31-B31) -> -6431 | G31: =SUM(E31-D31) -> 8584 | H31: =SUM(F31:G31) -> 2153 | J31: VALOR | W31: VALOR | AE31: VALOR
T32: TOTAL | U32: =SUM(K31:U31) -> 0 | AB32: TOTAL | AC32: =SUM(X31:AC31) -> 0 | AJ32: TOTAL | AK32: =SUM(AF31:AK31) -> 0
B33: Junho | J33: Junho | W33: =J33 -> Junho | AE33: =W33 -> Junho
A34: KM (Rodados) | B34: 1ª Leitura | C34: 2ª Leitura | D34: 3ª Leitura | E34: 4ª Leitura | F34: 15 dias Rodados | G34: 30 dias Rodados | H34: Total Mensal | J34: DATA | W34: DATA | AE34: DATA
B35: 8584 | C35: 9009 | F35: =SUM(C35-B35) -> 425 | G35: =SUM(E35-D35) -> 0 | H35: =SUM(F35:G35) -> 425 | J35: VALOR | W35: VALOR | AE35: VALOR
T36: TOTAL | U36: =SUM(K35:U35) -> 0 | AB36: TOTAL | AC36: =SUM(X35:AC35) -> 0 | AJ36: TOTAL | AK36: =SUM(AF35:AK35) -> 0
B37: Julho | J37: Julho | W37: =J37 -> Julho | AE37: =W37 -> Julho
A38: KM (Rodados) | B38: 1ª Leitura | C38: 2ª Leitura | D38: 3ª Leitura | E38: 4ª Leitura | F38: 15 dias Rodados | G38: 30 dias Rodados | H38: Total Mensal | J38: DATA | W38: DATA | AE38: DATA
F39: =SUM(C39-B39) -> 0 | G39: =SUM(E39-D39) -> 0 | H39: =SUM(F39:G39) -> 0 | J39: VALOR | W39: VALOR | AE39: VALOR
T40: TOTAL | U40: =SUM(K39:U39) -> 0 | AB40: TOTAL | AC40: =SUM(X39:AC39) -> 0 | AJ40: TOTAL | AK40: =SUM(AF39:AK39) -> 0
B41: Agosto | J41: Agosto | W41: =J41 -> Agosto | AE41: =W41 -> Agosto
A42: KM (Rodados) | B42: 1ª Leitura | C42: 2ª Leitura | D42: 3ª Leitura | E42: 4ª Leitura | F42: 15 dias Rodados | G42: 30 dias Rodados | H42: Total Mensal | J42: DATA | W42: DATA | AE42: DATA
F43: =SUM(C43-B43) -> 0 | G43: =SUM(E43-D43) -> 0 | H43: =SUM(F43:G43) -> 0 | J43: VALOR | W43: VALOR | AE43: VALOR
T44: TOTAL | U44: =SUM(K43:U43) -> 0 | AB44: TOTAL | AC44: =SUM(X43:AC43) -> 0 | AJ44: TOTAL | AK44: =SUM(AF43:AK43) -> 0
B45: Setembro | J45: Setembro | W45: =J45 -> Setembro | AE45: =W45 -> Setembro
A46: KM (Rodados) | B46: 1ª Leitura | C46: 2ª Leitura | D46: 3ª Leitura | E46: 4ª Leitura | F46: 15 dias Rodados | G46: 30 dias Rodados | H46: Total Mensal | J46: DATA | W46: DATA | AE46: DATA
F47: =SUM(C47-B47) -> 0 | G47: =SUM(E47-D47) -> 0 | H47: =SUM(F47:G47) -> 0 | J47: VALOR | W47: VALOR | AE47: VALOR
T48: TOTAL | U48: =SUM(K47:U47) -> 0 | AB48: TOTAL | AC48: =SUM(X47:AC47) -> 0 | AJ48: TOTAL | AK48: =SUM(AF47:AK47) -> 0
B49: Outubro | J49: Outubro | W49: =J49 -> Outubro | AE49: =W49 -> Outubro
A50: KM (Rodados) | B50: 1ª Leitura | C50: 2ª Leitura | D50: 3ª Leitura | E50: 4ª Leitura | F50: 15 dias Rodados | G50: 30 dias Rodados | H50: Total Mensal | J50: DATA | W50: DATA | AE50: DATA
F51: =SUM(C51-B51) -> 0 | G51: =SUM(E51-D51) -> 0 | H51: =SUM(F51:G51) -> 0 | J51: VALOR | W51: VALOR | AE51: VALOR
T52: TOTAL | U52: =SUM(K51:U51) -> 0 | AB52: TOTAL | AC52: =SUM(X51:AC51) -> 0 | AJ52: TOTAL | AK52: =SUM(AF51:AK51) -> 0
B53: Novembro | J53: Novembro | W53: =J53 -> Novembro | AE53: =W53 -> Novembro
A54: KM (Rodados) | B54: 1ª Leitura | C54: 2ª Leitura | D54: 3ª Leitura | E54: 4ª Leitura | F54: 15 dias Rodados | G54: 30 dias Rodados | H54: Total Mensal | J54: DATA | W54: DATA | AE54: DATA
F55: =SUM(C55-B55) -> 0 | G55: =SUM(E55-D55) -> 0 | H55: =SUM(F55:G55) -> 0 | J55: VALOR | W55: VALOR | AE55: VALOR
T56: TOTAL | U56: =SUM(K55:U55) -> 0 | AB56: TOTAL | AC56: =SUM(X55:AC55) -> 0 | AJ56: TOTAL | AK56: =SUM(AF55:AK55) -> 0
B57: Dezembro | J57: Dezembro | W57: =J57 -> Dezembro | AE57: =W57 -> Dezembro
A58: KM (Rodados) | B58: 1ª Leitura | C58: 2ª Leitura | D58: 3ª Leitura | E58: 4ª Leitura | F58: 15 dias Rodados | G58: 30 dias Rodados | H58: Total Mensal | J58: DATA | W58: DATA | AE58: DATA
F59: =SUM(C59-B59) -> 0 | G59: =SUM(E59-D59) -> 0 | H59: =SUM(F59:G59) -> 0 | J59: VALOR | W59: VALOR | AE59: VALOR
T60: TOTAL | U60: =SUM(K59:U59) -> 0 | AB60: TOTAL | AC60: =SUM(X59:AC59) -> 0 | AJ60: TOTAL | AK60: =SUM(AF59:AK59) -> 0

Sheet Rodrigo Silvio-Desmob
A2: Veiculo | B2: Tracker | D2: Placa: | E2: TEU0E76 | H2: KM | I2: 3000
A3: Troca de Condutor | B3: 46122 | D3: Placa: | E3: TEU0E76 | H3: Condutores | I3: Rodrigo Silvio para Airismilla
A4: Contrato de Locação | B4: 3837 | D4: Rastreador | E4: 45 | H4: Data mob. | I4: 45950 | J4: Data Desmob. | K4: 46125
A7: REGISTRO DE KM | J7: ABASTECIMENTO | X7: LAVA_RAPIDO | AF7: BORRACHARIA
B9: Fevereiro | J9: Fevereiro | X9: Fevereiro | AF9: Fevereiro
A10: KM (Rodados) | B10: 1ª Leitura | C10: 2ª Leitura | D10: 3ª Leitura | E10: 4ª Leitura | F10: 15 dias Rodados | G10: 30 dias Rodados | H10: Total Mensal | J10: DATA | X10: DATA | AF10: DATA
F11: =SUM(C11-B11) -> 0 | G11: =SUM(E11-D11) -> 0 | H11: =SUM(F11:G11) -> 0 | J11: VALOR | X11: VALOR | AF11: VALOR
T12: TOTAL | U12: =SUM(K11:U11) -> 0 | AC12: TOTAL | AD12: =SUM(Y11:AD11) -> 0 | AK12: TOTAL | AL12: =SUM(AG11:AL11) -> 0
B13: Março | J13: Março | X13: =J13 -> Março | AF13: =X13 -> Março
A14: KM (Rodados) | B14: 1ª Leitura | C14: 2ª Leitura | D14: 3ª Leitura | E14: 4ª Leitura | F14: 15 dias Rodados | G14: 30 dias Rodados | H14: Total Mensal | J14: DATA | X14: DATA | AF14: DATA
F15: =SUM(C15-B15) -> 0 | G15: =SUM(E15-D15) -> 0 | H15: =SUM(F15:G15) -> 0 | J15: VALOR | X15: VALOR | AF15: VALOR
T16: TOTAL | U16: =SUM(K15:U15) -> 0 | AC16: TOTAL | AD16: =SUM(Y15:AD15) -> 0 | AK16: TOTAL | AL16: =SUM(AG15:AL15) -> 0
B17: Abril | J17: Abril | X17: =J17 -> Abril | AF17: =X17 -> Abril
A18: KM (Rodados) | B18: 1ª Leitura | C18: 2ª Leitura | D18: 3ª Leitura | E18: 4ª Leitura | F18: 15 dias Rodados | G18: 30 dias Rodados | H18: Total Mensal | J18: DATA | X18: DATA | AF18: DATA
F19: =SUM(C19-B19) -> 0 | G19: =SUM(E19-D19) -> 0 | H19: =SUM(F19:G19) -> 0 | J19: VALOR | X19: VALOR | AF19: VALOR
T20: TOTAL | U20: =SUM(K19:U19) -> 0 | AC20: TOTAL | AD20: =SUM(Y19:AD19) -> 0 | AK20: TOTAL | AL20: =SUM(AG19:AL19) -> 0
B21: Maio | J21: Maio | X21: =J21 -> Maio | AF21: =X21 -> Maio
A22: KM (Rodados) | B22: 1ª Leitura | C22: 2ª Leitura | D22: 3ª Leitura | E22: 4ª Leitura | F22: 15 dias Rodados | G22: 30 dias Rodados | H22: Total Mensal | J22: DATA | X22: DATA | AF22: DATA
F23: =SUM(C23-B23) -> 0 | G23: =SUM(E23-D23) -> 0 | H23: =SUM(F23:G23) -> 0 | J23: VALOR | X23: VALOR | AF23: VALOR
T24: TOTAL | U24: =SUM(K23:U23) -> 0 | AC24: TOTAL | AD24: =SUM(Y23:AD23) -> 0 | AK24: TOTAL | AL24: =SUM(AG23:AL23) -> 0
B25: Junho | J25: Junho | X25: =J25 -> Junho | AF25: =X25 -> Junho
A26: KM (Rodados) | B26: 1ª Leitura | C26: 2ª Leitura | D26: 3ª Leitura | E26: 4ª Leitura | F26: 15 dias Rodados | G26: 30 dias Rodados | H26: Total Mensal | J26: DATA | X26: DATA | AF26: DATA
F27: =SUM(C27-B27) -> 0 | G27: =SUM(E27-D27) -> 0 | H27: =SUM(F27:G27) -> 0 | J27: VALOR | X27: VALOR | AF27: VALOR
T28: TOTAL | U28: =SUM(K27:U27) -> 0 | AC28: TOTAL | AD28: =SUM(Y27:AD27) -> 0 | AK28: TOTAL | AL28: =SUM(AG27:AL27) -> 0
B29: Julho | J29: Julho | X29: =J29 -> Julho | AF29: =X29 -> Julho
A30: KM (Rodados) | B30: 1ª Leitura | C30: 2ª Leitura | D30: 3ª Leitura | E30: 4ª Leitura | F30: 15 dias Rodados | G30: 30 dias Rodados | H30: Total Mensal | J30: DATA | X30: DATA | AF30: DATA
F31: =SUM(C31-B31) -> 0 | G31: =SUM(E31-D31) -> 0 | H31: =SUM(F31:G31) -> 0 | J31: VALOR | X31: VALOR | AF31: VALOR
T32: TOTAL | U32: =SUM(K31:U31) -> 0 | AC32: TOTAL | AD32: =SUM(Y31:AD31) -> 0 | AK32: TOTAL | AL32: =SUM(AG31:AL31) -> 0
B33: Agosto | J33: Agosto | X33: =J33 -> Agosto | AF33: =X33 -> Agosto
A34: KM (Rodados) | B34: 1ª Leitura | C34: 2ª Leitura | D34: 3ª Leitura | E34: 4ª Leitura | F34: 15 dias Rodados | G34: 30 dias Rodados | H34: Total Mensal | J34: DATA | X34: DATA | AF34: DATA
F35: =SUM(C35-B35) -> 0 | G35: =SUM(E35-D35) -> 0 | H35: =SUM(F35:G35) -> 0 | J35: VALOR | X35: VALOR | AF35: VALOR
T36: TOTAL | U36: =SUM(K35:U35) -> 0 | AC36: TOTAL | AD36: =SUM(Y35:AD35) -> 0 | AK36: TOTAL | AL36: =SUM(AG35:AL35) -> 0
B37: Setembro | J37: Setembro | X37: =J37 -> Setembro | AF37: =X37 -> Setembro
A38: KM (Rodados) | B38: 1ª Leitura | C38: 2ª Leitura | D38: 3ª Leitura | E38: 4ª Leitura | F38: 15 dias Rodados | G38: 30 dias Rodados | H38: Total Mensal | J38: DATA | X38: DATA | AF38: DATA
F39: =SUM(C39-B39) -> 0 | G39: =SUM(E39-D39) -> 0 | H39: =SUM(F39:G39) -> 0 | J39: VALOR | X39: VALOR | AF39: VALOR
T40: TOTAL | U40: =SUM(K39:U39) -> 0 | AC40: TOTAL | AD40: =SUM(Y39:AD39) -> 0 | AK40: TOTAL | AL40: =SUM(AG39:AL39) -> 0
B41: Outubro | J41: Outubro | X41: =J41 -> Outubro | AF41: =X41 -> Outubro
A42: KM (Rodados) | B42: 1ª Leitura | C42: 2ª Leitura | D42: 3ª Leitura | E42: 4ª Leitura | F42: 15 dias Rodados | G42: 30 dias Rodados | H42: Total Mensal | J42: DATA | K42: 45951 | L42: 45953 | M42: 45955 | N42: 45958 | O42: 45960 | X42: DATA | AF42: DATA
D43: 7424 | E43: 9045 | F43: =SUM(C43-B43) -> 0 | G43: =SUM(E43-D43) -> 1621 | H43: =SUM(F43:G43) -> 1621 | J43: VALOR | K43: 261.16 | L43: 174.31 | M43: 124.42 | N43: 192.3 | O43: 185.84 | X43: VALOR | AF43: VALOR
T44: TOTAL | U44: =SUM(K43:U43) -> 938.03 | AC44: TOTAL | AD44: =SUM(Y43:AD43) -> 0 | AK44: TOTAL | AL44: =SUM(AG43:AL43) -> 0
B45: Novembro | J45: Novembro | X45: =J45 -> Novembro | AF45: =X45 -> Novembro
A46: KM (Rodados) | B46: 1ª Leitura | C46: 2ª Leitura | D46: 3ª Leitura | E46: 4ª Leitura | F46: 15 dias Rodados | G46: 30 dias Rodados | H46: Total Mensal | J46: DATA | K46: 45962 | L46: 45965 | M46: 45967 | N46: 45969 | O46: 45972 | P46: 45974 | Q46: 45979 | R46: 45981 | S46: 45983 | T46: 45986 | U46: 45988 | V46: 45990 | X46: DATA | AF46: DATA
B47: 9045 | C47: 10842 | D47: 10842 | E47: 12746 | F47: =SUM(C47-B47) -> 1797 | G47: =SUM(E47-D47) -> 1904 | H47: =SUM(F47:G47) -> 3701 | J47: VALOR | K47: 187.62 | L47: 218 | M47: 155.52 | N47: 126 | O47: 193.04 | P47: 189.21 | Q47: 220.72 | R47: 225.46 | S47: 173.3 | T47: 160.2 | U47: 206.72 | V47: 234.83 | X47: VALOR | AF47: VALOR
T48: TOTAL | U48: =SUM(K47:V47) -> 2290.62 | AC48: TOTAL | AD48: =SUM(Y47:AD47) -> 0 | AK48: TOTAL | AL48: =SUM(AG47:AL47) -> 0
B49: Dezembro | J49: Dezembro | X49: =J49 -> Dezembro | AF49: =X49 -> Dezembro
A50: KM (Rodados) | B50: 1ª Leitura | C50: 2ª Leitura | D50: 3ª Leitura | E50: 4ª Leitura | F50: 15 dias Rodados | G50: 30 dias Rodados | H50: Total Mensal | J50: DATA | K50: 45993 | L50: 45995 | M50: 45997 | N50: 46000 | O50: 46002 | P50: 46004 | Q50: 46007 | R50: 46009 | S50: 46011 | X50: DATA | AF50: DATA
B51: 12746 | C51: 14737 | D51: 14737 | E51: 15582 | F51: =SUM(C51-B51) -> 1991 | G51: =SUM(E51-D51) -> 845 | H51: =SUM(F51:G51) -> 2836 | J51: VALOR | K51: 218.79 | L51: 228.76 | M51: 161.16 | N51: 130.48 | O51: 206.84 | P51: 133.68 | Q51: 234.1 | R51: 218.22 | S51: 162.88 | X51: VALOR | AF51: VALOR
T52: TOTAL | U52: =SUM(K51:U51) -> 1694.91 | AC52: TOTAL | AD52: =SUM(Y51:AD51) -> 0 | AK52: TOTAL | AL52: =SUM(AG51:AL51) -> 0
A53: 2026 | B53: Janeiro | J53: Janeiro | W53: Janeiro | AE53: Janeiro
A54: KM (Rodados) | B54: 1ª Leitura | C54: 2ª Leitura | D54: 3ª Leitura | E54: 4ª Leitura | F54: 15 dias Rodados | G54: 30 dias Rodados | H54: Total Mensal | J54: DATA | K54: 46035 | L54: 46037 | M54: 46039 | N54: 46042 | O54: 46044 | P54: 46046 | Q54: 46049 | R54: 46051 | W54: DATA | AE54: DATA
B55: 15582 | E55: 18453 | F55: =SUM(C55-B55) -> -15582 | G55: =SUM(E55-D55) -> 18453 | H55: =SUM(F55:G55) -> 2871 | J55: VALOR | K55: 229.77 | L55: 228.9 | M55: 223.14 | N55: 104.19 | O55: 213.85 | P55: 217.14 | Q55: 234.41 | R55: 249.76 | W55: VALOR | AE55: VALOR
T56: TOTAL | U56: =SUM(K55:U55) -> 1701.16 | AB56: TOTAL | AC56: =SUM(X55:AC55) -> 0 | AJ56: TOTAL | AK56: =SUM(AF55:AK55) -> 0
B57: Fevereiro | J57: Fevereiro | W57: Fevereiro | AE57: Fevereiro
A58: KM (Rodados) | B58: 1ª Leitura | C58: 2ª Leitura | D58: 3ª Leitura | E58: 4ª Leitura | F58: 15 dias Rodados | G58: 30 dias Rodados | H58: Total Mensal | J58: DATA | K58: 46056 | L58: 46058 | M58: 46060 | N58: 46063 | O58: 46065 | P58: 46074 | Q58: 46077 | R58: 46048 | S58: 46081 | W58: DATA | AE58: DATA
B59: 18453 | E59: 21092 | F59: =SUM(C59-B59) -> -18453 | G59: =SUM(E59-D59) -> 21092 | H59: =SUM(F59:G59) -> 2639 | J59: VALOR | K59: 264.72 | L59: 222.94 | M59: 146.36 | N59: 238.95 | O59: 185.71 | P59: 60.69 | Q59: 146.23 | R59: 223.86 | S59: 234.14 | W59: VALOR | AE59: VALOR
T60: TOTAL | U60: =SUM(K59:U59) -> 1723.6 | AB60: TOTAL | AC60: =SUM(X59:AC59) -> 0 | AJ60: TOTAL | AK60: =SUM(AF59:AK59) -> 0
B61: Março | J61: Março | W61: =J61 -> Março | AE61: =W61 -> Março
A62: KM (Rodados) | B62: 1ª Leitura | C62: 2ª Leitura | D62: 3ª Leitura | E62: 4ª Leitura | F62: 15 dias Rodados | G62: 30 dias Rodados | H62: Total Mensal | J62: DATA | K62: 46084 | L62: 46086 | M62: 46088 | N62: 46091 | O62: 46093 | P62: 46095 | Q62: 46102 | R62: 46105 | S62: 46107 | T62: 46109 | U62: 46112 | W62: DATA | X62: 46088 | Y62: 46095 | Z62: 46102 | AA62: 46109 | AE62: DATA
B63: 21092 | E63: 24140 | F63: =SUM(C63-B63) -> -21092 | G63: =SUM(E63-D63) -> 24140 | H63: =SUM(F63:G63) -> 3048 | J63: VALOR | K63: 223.53 | L63: 246.12 | M63: 125.12 | N63: 203.9 | O63: 242.6 | P63: 163.66 | Q63: 215.19 | R63: 291.96 | S63: 228.07 | T63: 133.1 | U63: 250.63 | W63: VALOR | X63: 55 | Y63: 55 | Z63: 55 | AA63: 55 | AE63: VALOR
T64: TOTAL | U64: =SUM(K63:U63) -> 2323.88 | AB64: TOTAL | AC64: =SUM(X63:AC63) -> 220 | AJ64: TOTAL | AK64: =SUM(AF63:AK63) -> 0
B65: Abril | J65: Abril | W65: =J65 -> Abril | AE65: =W65 -> Abril
A66: KM (Rodados) | B66: 1ª Leitura | C66: 2ª Leitura | D66: 3ª Leitura | E66: 4ª Leitura | F66: 15 dias Rodados | G66: 30 dias Rodados | H66: Total Mensal | J66: DATA | W66: DATA | AE66: DATA
B67: 24140 | C67: 25073 | F67: =SUM(C67-B67) -> 933 | G67: =SUM(E67-D67) -> 0 | H67: =SUM(F67:G67) -> 933 | J67: VALOR | W67: VALOR | AE67: VALOR
T68: TOTAL | U68: =SUM(K67:U67) -> 0 | AB68: TOTAL | AC68: =SUM(X67:AC67) -> 0 | AJ68: TOTAL | AK68: =SUM(AF67:AK67) -> 0
B69: Maio | J69: Maio | W69: =J69 -> Maio | AE69: =W69 -> Maio
A70: KM (Rodados) | B70: 1ª Leitura | C70: 2ª Leitura | D70: 3ª Leitura | E70: 4ª Leitura | F70: 15 dias Rodados | G70: 30 dias Rodados | H70: Total Mensal | J70: DATA | W70: DATA | AE70: DATA
F71: =SUM(C71-B71) -> 0 | G71: =SUM(E71-D71) -> 0 | H71: =SUM(F71:G71) -> 0 | J71: VALOR | W71: VALOR | AE71: VALOR
T72: TOTAL | U72: =SUM(K71:U71) -> 0 | AB72: TOTAL | AC72: =SUM(X71:AC71) -> 0 | AJ72: TOTAL | AK72: =SUM(AF71:AK71) -> 0
B73: Junho | J73: Junho | W73: =J73 -> Junho | AE73: =W73 -> Junho
A74: KM (Rodados) | B74: 1ª Leitura | C74: 2ª Leitura | D74: 3ª Leitura | E74: 4ª Leitura | F74: 15 dias Rodados | G74: 30 dias Rodados | H74: Total Mensal | J74: DATA | W74: DATA | AE74: DATA
F75: =SUM(C75-B75) -> 0 | G75: =SUM(E75-D75) -> 0 | H75: =SUM(F75:G75) -> 0 | J75: VALOR | W75: VALOR | AE75: VALOR
T76: TOTAL | U76: =SUM(K75:U75) -> 0 | AB76: TOTAL | AC76: =SUM(X75:AC75) -> 0 | AJ76: TOTAL | AK76: =SUM(AF75:AK75) -> 0
B77: Julho | J77: Julho | W77: =J77 -> Julho | AE77: =W77 -> Julho
A78: KM (Rodados) | B78: 1ª Leitura | C78: 2ª Leitura | D78: 3ª Leitura | E78: 4ª Leitura | F78: 15 dias Rodados | G78: 30 dias Rodados | H78: Total Mensal | J78: DATA | W78: DATA | AE78: DATA
F79: =SUM(C79-B79) -> 0 | G79: =SUM(E79-D79) -> 0 | H79: =SUM(F79:G79) -> 0 | J79: VALOR | W79: VALOR | AE79: VALOR
T80: TOTAL | U80: =SUM(K79:U79) -> 0 | AB80: TOTAL | AC80: =SUM(X79:AC79) -> 0 | AJ80: TOTAL | AK80: =SUM(AF79:AK79) -> 0
B81: Agosto | J81: Agosto | W81: =J81 -> Agosto | AE81: =W81 -> Agosto
A82: KM (Rodados) | B82: 1ª Leitura | C82: 2ª Leitura | D82: 3ª Leitura | E82: 4ª Leitura | F82: 15 dias Rodados | G82: 30 dias Rodados | H82: Total Mensal | J82: DATA | W82: DATA | AE82: DATA
F83: =SUM(C83-B83) -> 0 | G83: =SUM(E83-D83) -> 0 | H83: =SUM(F83:G83) -> 0 | J83: VALOR | W83: VALOR | AE83: VALOR
T84: TOTAL | U84: =SUM(K83:U83) -> 0 | AB84: TOTAL | AC84: =SUM(X83:AC83) -> 0 | AJ84: TOTAL | AK84: =SUM(AF83:AK83) -> 0

Sheet Claudio Uliana-Desmob
A2: Veiculo | B2: T-Cross | D2: Placa: | E2: FJH3D91 | H2: KM | I2: 3000
A3: Alteração de KM | B3: 46092 | D3: Placa: | E3: FJH3D91 | H3: KM | I3: 4500
A4: Contrato de Locação | B4: 3837 | D4: Rastreador | E4: 45 | H4: Data mob. | I4: 45944 | J4: Data Desmob. | K4: 46102
A7: REGISTRO DE KM | J7: ABASTECIMENTO | Y7: LAVA_RAPIDO | AG7: BORRACHARIA
D8: ONIX - SJE5A88 - 02/03/2024
B9: Fevereiro | J9: Fevereiro | Y9: Fevereiro | AG9: Fevereiro
A10: KM (Rodados) | B10: 1ª Leitura | C10: 2ª Leitura | D10: 3ª Leitura | E10: 4ª Leitura | F10: 15 dias Rodados | G10: 30 dias Rodados | H10: Total Mensal | J10: DATA | Y10: DATA | AG10: DATA
F11: =SUM(C11-B11) -> 0 | G11: =SUM(E11-D11) -> 0 | H11: =SUM(F11:G11) -> 0 | J11: VALOR | Y11: VALOR | AG11: VALOR
T12: TOTAL | U12: =SUM(K11:U11) -> 0 | AD12: TOTAL | AE12: =SUM(Z11:AE11) -> 0 | AL12: TOTAL | AM12: =SUM(AH11:AM11) -> 0
B13: Março | J13: Março | Y13: =J13 -> Março | AG13: =Y13 -> Março
A14: KM (Rodados) | B14: 1ª Leitura | C14: 2ª Leitura | D14: 3ª Leitura | E14: 4ª Leitura | F14: 15 dias Rodados | G14: 30 dias Rodados | H14: Total Mensal | J14: DATA | Y14: DATA | AG14: DATA
F15: =SUM(C15-B15) -> 0 | G15: =SUM(E15-D15) -> 0 | H15: =SUM(F15:G15) -> 0 | J15: VALOR | Y15: VALOR | AG15: VALOR
T16: TOTAL | U16: =SUM(K15:U15) -> 0 | AD16: TOTAL | AE16: =SUM(Z15:AE15) -> 0 | AL16: TOTAL | AM16: =SUM(AH15:AM15) -> 0
B17: Abril | J17: Abril | Y17: =J17 -> Abril | AG17: =Y17 -> Abril
A18: KM (Rodados) | B18: 1ª Leitura | C18: 2ª Leitura | D18: 3ª Leitura | E18: 4ª Leitura | F18: 15 dias Rodados | G18: 30 dias Rodados | H18: Total Mensal | J18: DATA | Y18: DATA | AG18: DATA
F19: =SUM(C19-B19) -> 0 | G19: =SUM(E19-D19) -> 0 | H19: =SUM(F19:G19) -> 0 | J19: VALOR | Y19: VALOR | AG19: VALOR
T20: TOTAL | U20: =SUM(K19:U19) -> 0 | AD20: TOTAL | AE20: =SUM(Z19:AE19) -> 0 | AL20: TOTAL | AM20: =SUM(AH19:AM19) -> 0
B21: Maio | J21: Maio | Y21: =J21 -> Maio | AG21: =Y21 -> Maio
A22: KM (Rodados) | B22: 1ª Leitura | C22: 2ª Leitura | D22: 3ª Leitura | E22: 4ª Leitura | F22: 15 dias Rodados | G22: 30 dias Rodados | H22: Total Mensal | J22: DATA | Y22: DATA | AG22: DATA
F23: =SUM(C23-B23) -> 0 | G23: =SUM(E23-D23) -> 0 | H23: =SUM(F23:G23) -> 0 | J23: VALOR | Y23: VALOR | AG23: VALOR
T24: TOTAL | U24: =SUM(K23:U23) -> 0 | AD24: TOTAL | AE24: =SUM(Z23:AE23) -> 0 | AL24: TOTAL | AM24: =SUM(AH23:AM23) -> 0
B25: Junho | J25: Junho | Y25: =J25 -> Junho | AG25: =Y25 -> Junho
A26: KM (Rodados) | B26: 1ª Leitura | C26: 2ª Leitura | D26: 3ª Leitura | E26: 4ª Leitura | F26: 15 dias Rodados | G26: 30 dias Rodados | H26: Total Mensal | J26: DATA | Y26: DATA | AG26: DATA
F27: =SUM(C27-B27) -> 0 | G27: =SUM(E27-D27) -> 0 | H27: =SUM(F27:G27) -> 0 | J27: VALOR | Y27: VALOR | AG27: VALOR
T28: TOTAL | U28: =SUM(K27:U27) -> 0 | AD28: TOTAL | AE28: =SUM(Z27:AE27) -> 0 | AL28: TOTAL | AM28: =SUM(AH27:AM27) -> 0
B29: Julho | J29: Julho | Y29: =J29 -> Julho | AG29: =Y29 -> Julho
A30: KM (Rodados) | B30: 1ª Leitura | C30: 2ª Leitura | D30: 3ª Leitura | E30: 4ª Leitura | F30: 15 dias Rodados | G30: 30 dias Rodados | H30: Total Mensal | J30: DATA | Y30: DATA | AG30: DATA
F31: =SUM(C31-B31) -> 0 | G31: =SUM(E31-D31) -> 0 | H31: =SUM(F31:G31) -> 0 | J31: VALOR | Y31: VALOR | AG31: VALOR
T32: TOTAL | U32: =SUM(K31:U31) -> 0 | AD32: TOTAL | AE32: =SUM(Z31:AE31) -> 0 | AL32: TOTAL | AM32: =SUM(AH31:AM31) -> 0
B33: Agosto | J33: Agosto | Y33: =J33 -> Agosto | AG33: =Y33 -> Agosto
A34: KM (Rodados) | B34: 1ª Leitura | C34: 2ª Leitura | D34: 3ª Leitura | E34: 4ª Leitura | F34: 15 dias Rodados | G34: 30 dias Rodados | H34: Total Mensal | J34: DATA | Y34: DATA | AG34: DATA
F35: =SUM(C35-B35) -> 0 | G35: =SUM(E35-D35) -> 0 | H35: =SUM(F35:G35) -> 0 | J35: VALOR | Y35: VALOR | AG35: VALOR
T36: TOTAL | U36: =SUM(K35:U35) -> 0 | AD36: TOTAL | AE36: =SUM(Z35:AE35) -> 0 | AL36: TOTAL | AM36: =SUM(AH35:AM35) -> 0
B37: Setembro | J37: Setembro | Y37: =J37 -> Setembro | AG37: =Y37 -> Setembro
A38: KM (Rodados) | B38: 1ª Leitura | C38: 2ª Leitura | D38: 3ª Leitura | E38: 4ª Leitura | F38: 15 dias Rodados | G38: 30 dias Rodados | H38: Total Mensal | J38: DATA | Y38: DATA | AG38: DATA
F39: =SUM(C39-B39) -> 0 | G39: =SUM(E39-D39) -> 0 | H39: =SUM(F39:G39) -> 0 | J39: VALOR | Y39: VALOR | AG39: VALOR
T40: TOTAL | U40: =SUM(K39:U39) -> 0 | AD40: TOTAL | AE40: =SUM(Z39:AE39) -> 0 | AL40: TOTAL | AM40: =SUM(AH39:AM39) -> 0
B41: Outubro | J41: Outubro | Y41: =J41 -> Outubro | AG41: =Y41 -> Outubro
A42: KM (Rodados) | B42: 1ª Leitura | C42: 2ª Leitura | D42: 3ª Leitura | E42: 4ª Leitura | F42: 15 dias Rodados | G42: 30 dias Rodados | H42: Total Mensal | J42: DATA | K42: 45946 | L42: 45950 | M42: 45951 | N42: 45953 | O42: 45957 | P42: 45959 | Q42: 45961 | Y42: DATA | AG42: DATA
D43: 44392 | E43: 47378 | F43: =SUM(C43-B43) -> 0 | G43: =SUM(E43-D43) -> 2986 | H43: =SUM(F43:G43) -> 2986 | J43: VALOR | K43: 272.04 | L43: 298.07 | M43: 275.01 | N43: 291.08 | O43: 287.44 | P43: 223.65 | Q43: 305.05 | Y43: VALOR | AG43: VALOR
T44: TOTAL | U44: =SUM(K43:U43) -> 1952.34 | AD44: TOTAL | AE44: =SUM(Z43:AE43) -> 0 | AL44: TOTAL | AM44: =SUM(AH43:AM43) -> 0
B45: Novembro | J45: Novembro | Y45: =J45 -> Novembro | AG45: =Y45 -> Novembro
A46: KM (Rodados) | B46: 1ª Leitura | C46: 2ª Leitura | D46: 3ª Leitura | E46: 4ª Leitura | F46: 15 dias Rodados | G46: 30 dias Rodados | H46: Total Mensal | J46: DATA | K46: 45962 | L46: 45965 | M46: 45967 | N46: 45969 | O46: 45972 | P46: 45973 | Q46: 45975 | R46: 45978 | S46: 45980 | T46: 45982 | U46: 45985 | V46: 45988 | W46: 45989 | Y46: DATA | Z46: 45976 | AG46: DATA
B47: 47378 | C47: 50612 | D47: 50612 | E47: 53242 | F47: =SUM(C47-B47) -> 3234 | G47: =SUM(E47-D47) -> 2630 | H47: =SUM(F47:G47) -> 5864 | J47: VALOR | K47: 288.44 | L47: 282.28 | M47: 288.32 | N47: 280.4 | O47: 291.7 | P47: 276.08 | Q47: 292.39 | R47: 291.87 | S47: 271.85 | T47: 303.5 | U47: 310.48 | V47: 243.52 | W47: 311.58 | Y47: VALOR | Z47: 50 | AG47: VALOR
T48: TOTAL | U48: =SUM(K47:W47) -> 3732.41 | AD48: TOTAL | AE48: =SUM(Z47:AE47) -> 50 | AL48: TOTAL | AM48: =SUM(AH47:AM47) -> 0
B49: Dezembro | J49: Dezembro | Y49: =J49 -> Dezembro | AG49: =Y49 -> Dezembro
A50: KM (Rodados) | B50: 1ª Leitura | C50: 2ª Leitura | D50: 3ª Leitura | E50: 4ª Leitura | F50: 15 dias Rodados | G50: 30 dias Rodados | H50: Total Mensal | J50: DATA | K50: 45992 | L50: 45996 | M50: 46000 | N50: 46002 | O50: 46004 | P50: 46007 | Q50: 46008 | R50: 46010 | Y50: DATA | AG50: DATA
B51: 53242 | C51: 56261 | D51: 56261 | E51: 56153 | F51: =SUM(C51-B51) -> 3019 | G51: =SUM(E51-D51) -> -108 | H51: =SUM(F51:G51) -> 2911 | J51: VALOR | K51: 160.71 | L51: 311.55 | M51: 304.87 | N51: 290.8 | O51: 287.73 | P51: 270.17 | Q51: 257.79 | R51: 281.89 | Y51: VALOR | AG51: VALOR
T52: TOTAL | U52: =SUM(K51:U51) -> 2165.51 | AD52: TOTAL | AE52: =SUM(Z51:AE51) -> 0 | AL52: TOTAL | AM52: =SUM(AH51:AM51) -> 0
A53: 2026 | B53: Janeiro | J53: Janeiro | W53: Janeiro | AE53: Janeiro
A54: KM (Rodados) | B54: 1ª Leitura | C54: 2ª Leitura | D54: 3ª Leitura | E54: 4ª Leitura | F54: 15 dias Rodados | G54: 30 dias Rodados | H54: Total Mensal | J54: DATA | K54: 46028 | L54: 46031 | M54: 46035 | N54: 46037 | O54: 46039 | P54: 46043 | Q54: 46045 | R54: 46046 | S54: 46049 | T54: 46052 | W54: DATA | AE54: DATA
B55: 56153 | E55: 60604 | F55: =SUM(C55-B55) -> -56153 | G55: =SUM(E55-D55) -> 60604 | H55: =SUM(F55:G55) -> 4451 | J55: VALOR | K55: 275.67 | L55: 291.8 | M55: 307.3 | N55: 304.87 | O55: 286.47 | P55: 288.38 | Q55: 225 | R55: 239.48 | S55: 305.8 | T55: 292 | W55: VALOR | AE55: VALOR
T56: TOTAL | U56: =SUM(K55:U55) -> 2816.77 | AB56: TOTAL | AC56: =SUM(X55:AC55) -> 0 | AJ56: TOTAL | AK56: =SUM(AF55:AK55) -> 0
B57: Fevereiro | J57: Fevereiro | W57: Fevereiro | AE57: Fevereiro
A58: KM (Rodados) | B58: 1ª Leitura | C58: 2ª Leitura | D58: 3ª Leitura | E58: 4ª Leitura | F58: 15 dias Rodados | G58: 30 dias Rodados | H58: Total Mensal | J58: DATA | K58: 46055 | L58: 46064 | M58: 46072 | N58: 46077 | O58: 46079 | P58: 46081 | W58: DATA | AE58: DATA
B59: 60604 | E59: 62683 | F59: =SUM(C59-B59) -> -60604 | G59: =SUM(E59-D59) -> 62683 | H59: =SUM(F59:G59) -> 2079 | J59: VALOR | K59: 236.84 | L59: 303.07 | M59: 305.1 | N59: 296.68 | O59: 312.27 | P59: 267.75 | W59: VALOR | AE59: VALOR
T60: TOTAL | U60: =SUM(K59:U59) -> 1721.71 | AB60: TOTAL | AC60: =SUM(X59:AC59) -> 0 | AJ60: TOTAL | AK60: =SUM(AF59:AK59) -> 0
B61: Março | J61: Março | W61: =J61 -> Março | AE61: =W61 -> Março
A62: KM (Rodados) | B62: 1ª Leitura | C62: 2ª Leitura | D62: 3ª Leitura | E62: 4ª Leitura | F62: 15 dias Rodados | G62: 30 dias Rodados | H62: Total Mensal | J62: DATA | K62: 46084 | L62: 46087 | M62: 46091 | N62: 46093 | O62: 46095 | P62: 46098 | Q62: 46099 | R62: 46102 | S62: 46105 | T62: 46106 | U62: 27/31 | W62: DATA | X62: 46084 | Y62: 46096 | Z62: 46101 | AE62: DATA
B63: 62683 | E63: 65781 | F63: =SUM(C63-B63) -> -62683 | G63: =SUM(E63-D63) -> 65781 | H63: =SUM(F63:G63) -> 3098 | J63: VALOR | K63: 280.71 | L63: 314.96 | M63: 327.64 | N63: 307 | O63: 348.88 | P63: 340.65 | Q63: 230 | R63: =50+264.22 -> 314.22 | S63: 286.92 | T63: 332.69 | U63: =316.84+260 -> 576.84 | W63: VALOR | X63: 60 | Y63: 60 | Z63: 130 | AE63: VALOR
T64: TOTAL | U64: =SUM(K63:U63) -> 3660.51 | AB64: TOTAL | AC64: =SUM(X63:AC63) -> 250 | AJ64: TOTAL | AK64: =SUM(AF63:AK63) -> 0
B65: Abril | J65: Abril | W65: =J65 -> Abril | AE65: =W65 -> Abril
A66: KM (Rodados) | B66: 1ª Leitura | C66: 2ª Leitura | D66: 3ª Leitura | E66: 4ª Leitura | F66: 15 dias Rodados | G66: 30 dias Rodados | H66: Total Mensal | J66: DATA | W66: DATA | AE66: DATA
F67: =SUM(C67-B67) -> 0 | G67: =SUM(E67-D67) -> 0 | H67: =SUM(F67:G67) -> 0 | J67: VALOR | W67: VALOR | AE67: VALOR
T68: TOTAL | U68: =SUM(K67:U67) -> 0 | AB68: TOTAL | AC68: =SUM(X67:AC67) -> 0 | AJ68: TOTAL | AK68: =SUM(AF67:AK67) -> 0
B69: Maio | J69: Maio | W69: =J69 -> Maio | AE69: =W69 -> Maio
A70: KM (Rodados) | B70: 1ª Leitura | C70: 2ª Leitura | D70: 3ª Leitura | E70: 4ª Leitura | F70: 15 dias Rodados | G70: 30 dias Rodados | H70: Total Mensal | J70: DATA | W70: DATA | AE70: DATA
F71: =SUM(C71-B71) -> 0 | G71: =SUM(E71-D71) -> 0 | H71: =SUM(F71:G71) -> 0 | J71: VALOR | W71: VALOR | AE71: VALOR
T72: TOTAL | U72: =SUM(K71:U71) -> 0 | AB72: TOTAL | AC72: =SUM(X71:AC71) -> 0 | AJ72: TOTAL | AK72: =SUM(AF71:AK71) -> 0
B73: Junho | J73: Junho | W73: =J73 -> Junho | AE73: =W73 -> Junho
A74: KM (Rodados) | B74: 1ª Leitura | C74: 2ª Leitura | D74: 3ª Leitura | E74: 4ª Leitura | F74: 15 dias Rodados | G74: 30 dias Rodados | H74: Total Mensal | J74: DATA | W74: DATA | AE74: DATA
F75: =SUM(C75-B75) -> 0 | G75: =SUM(E75-D75) -> 0 | H75: =SUM(F75:G75) -> 0 | J75: VALOR | W75: VALOR | AE75: VALOR
T76: TOTAL | U76: =SUM(K75:U75) -> 0 | AB76: TOTAL | AC76: =SUM(X75:AC75) -> 0 | AJ76: TOTAL | AK76: =SUM(AF75:AK75) -> 0
B77: Julho | J77: Julho | W77: =J77 -> Julho | AE77: =W77 -> Julho
A78: KM (Rodados) | B78: 1ª Leitura | C78: 2ª Leitura | D78: 3ª Leitura | E78: 4ª Leitura | F78: 15 dias Rodados | G78: 30 dias Rodados | H78: Total Mensal | J78: DATA | W78: DATA | AE78: DATA
F79: =SUM(C79-B79) -> 0 | G79: =SUM(E79-D79) -> 0 | H79: =SUM(F79:G79) -> 0 | J79: VALOR | W79: VALOR | AE79: VALOR
T80: TOTAL | U80: =SUM(K79:U79) -> 0 | AB80: TOTAL | AC80: =SUM(X79:AC79) -> 0 | AJ80: TOTAL | AK80: =SUM(AF79:AK79) -> 0
B81: Agosto | J81: Agosto | W81: =J81 -> Agosto | AE81: =W81 -> Agosto
A82: KM (Rodados) | B82: 1ª Leitura | C82: 2ª Leitura | D82: 3ª Leitura | E82: 4ª Leitura | F82: 15 dias Rodados | G82: 30 dias Rodados | H82: Total Mensal | J82: DATA | W82: DATA | AE82: DATA
F83: =SUM(C83-B83) -> 0 | G83: =SUM(E83-D83) -> 0 | H83: =SUM(F83:G83) -> 0 | J83: VALOR | W83: VALOR | AE83: VALOR
T84: TOTAL | U84: =SUM(K83:U83) -> 0 | AB84: TOTAL | AC84: =SUM(X83:AC83) -> 0 | AJ84: TOTAL | AK84: =SUM(AF83:AK83) -> 0

Sheet Airismila-Desmob
A2: Veiculo | B2: T-Cross | D2: Placa: | E2: TYA5C94 | H2: KM | I2: 3000
A3: Substituição (data) | D3: Placa: | H3: Modelo
A4: Contrato de Locação | B4: 3837 | D4: Rastreador | E4: 45 | H4: Data mob. | I4: 45922 | J4: Data Desmob. | K4: 46089
A7: REGISTRO DE KM | J7: ABASTECIMENTO | W7: LAVA_RAPIDO | AE7: BORRACHARIA
B9: Fevereiro | J9: Fevereiro | W9: Fevereiro | AE9: Fevereiro
A10: KM (Rodados) | B10: 1ª Leitura | C10: 2ª Leitura | D10: 3ª Leitura | E10: 4ª Leitura | F10: 15 dias Rodados | G10: 30 dias Rodados | H10: Total Mensal | J10: DATA | W10: DATA | AE10: DATA
F11: =SUM(C11-B11) -> 0 | G11: =SUM(E11-D11) -> 0 | H11: =SUM(F11:G11) -> 0 | J11: VALOR | W11: VALOR | AE11: VALOR
T12: TOTAL | U12: =SUM(K11:U11) -> 0 | AB12: TOTAL | AC12: =SUM(X11:AC11) -> 0 | AJ12: TOTAL | AK12: =SUM(AF11:AK11) -> 0
B13: Março | J13: Março | W13: =J13 -> Março | AE13: =W13 -> Março
A14: KM (Rodados) | B14: 1ª Leitura | C14: 2ª Leitura | D14: 3ª Leitura | E14: 4ª Leitura | F14: 15 dias Rodados | G14: 30 dias Rodados | H14: Total Mensal | J14: DATA | W14: DATA | AE14: DATA
F15: =SUM(C15-B15) -> 0 | G15: =SUM(E15-D15) -> 0 | H15: =SUM(F15:G15) -> 0 | J15: VALOR | W15: VALOR | AE15: VALOR
T16: TOTAL | U16: =SUM(K15:U15) -> 0 | AB16: TOTAL | AC16: =SUM(X15:AC15) -> 0 | AJ16: TOTAL | AK16: =SUM(AF15:AK15) -> 0
B17: Abril | J17: Abril | W17: =J17 -> Abril | AE17: =W17 -> Abril
A18: KM (Rodados) | B18: 1ª Leitura | C18: 2ª Leitura | D18: 3ª Leitura | E18: 4ª Leitura | F18: 15 dias Rodados | G18: 30 dias Rodados | H18: Total Mensal | J18: DATA | W18: DATA | AE18: DATA
F19: =SUM(C19-B19) -> 0 | G19: =SUM(E19-D19) -> 0 | H19: =SUM(F19:G19) -> 0 | J19: VALOR | W19: VALOR | AE19: VALOR
T20: TOTAL | U20: =SUM(K19:U19) -> 0 | AB20: TOTAL | AC20: =SUM(X19:AC19) -> 0 | AJ20: TOTAL | AK20: =SUM(AF19:AK19) -> 0
B21: Maio | J21: Maio | W21: =J21 -> Maio | AE21: =W21 -> Maio
A22: KM (Rodados) | B22: 1ª Leitura | C22: 2ª Leitura | D22: 3ª Leitura | E22: 4ª Leitura | F22: 15 dias Rodados | G22: 30 dias Rodados | H22: Total Mensal | J22: DATA | W22: DATA | AE22: DATA
F23: =SUM(C23-B23) -> 0 | G23: =SUM(E23-D23) -> 0 | H23: =SUM(F23:G23) -> 0 | J23: VALOR | W23: VALOR | AE23: VALOR
T24: TOTAL | U24: =SUM(K23:U23) -> 0 | AB24: TOTAL | AC24: =SUM(X23:AC23) -> 0 | AJ24: TOTAL | AK24: =SUM(AF23:AK23) -> 0
B25: Junho | J25: Junho | W25: =J25 -> Junho | AE25: =W25 -> Junho
A26: KM (Rodados) | B26: 1ª Leitura | C26: 2ª Leitura | D26: 3ª Leitura | E26: 4ª Leitura | F26: 15 dias Rodados | G26: 30 dias Rodados | H26: Total Mensal | J26: DATA | W26: DATA | AE26: DATA
F27: =SUM(C27-B27) -> 0 | G27: =SUM(E27-D27) -> 0 | H27: =SUM(F27:G27) -> 0 | J27: VALOR | W27: VALOR | AE27: VALOR
T28: TOTAL | U28: =SUM(K27:U27) -> 0 | AB28: TOTAL | AC28: =SUM(X27:AC27) -> 0 | AJ28: TOTAL | AK28: =SUM(AF27:AK27) -> 0
B29: Julho | J29: Julho | W29: =J29 -> Julho | AE29: =W29 -> Julho
A30: KM (Rodados) | B30: 1ª Leitura | C30: 2ª Leitura | D30: 3ª Leitura | E30: 4ª Leitura | F30: 15 dias Rodados | G30: 30 dias Rodados | H30: Total Mensal | J30: DATA | W30: DATA | AE30: DATA
F31: =SUM(C31-B31) -> 0 | G31: =SUM(E31-D31) -> 0 | H31: =SUM(F31:G31) -> 0 | J31: VALOR | W31: VALOR | AE31: VALOR
T32: TOTAL | U32: =SUM(K31:U31) -> 0 | AB32: TOTAL | AC32: =SUM(X31:AC31) -> 0 | AJ32: TOTAL | AK32: =SUM(AF31:AK31) -> 0
B33: Agosto | J33: Agosto | W33: =J33 -> Agosto | AE33: =W33 -> Agosto
A34: KM (Rodados) | B34: 1ª Leitura | C34: 2ª Leitura | D34: 3ª Leitura | E34: 4ª Leitura | F34: 15 dias Rodados | G34: 30 dias Rodados | H34: Total Mensal | J34: DATA | W34: DATA | AE34: DATA
F35: =SUM(C35-B35) -> 0 | G35: =SUM(E35-D35) -> 0 | H35: =SUM(F35:G35) -> 0 | J35: VALOR | W35: VALOR | AE35: VALOR
T36: TOTAL | U36: =SUM(K35:U35) -> 0 | AB36: TOTAL | AC36: =SUM(X35:AC35) -> 0 | AJ36: TOTAL | AK36: =SUM(AF35:AK35) -> 0
B37: Setembro | J37: Setembro | W37: =J37 -> Setembro | AE37: =W37 -> Setembro
A38: KM (Rodados) | B38: 1ª Leitura | C38: 2ª Leitura | D38: 3ª Leitura | E38: 4ª Leitura | F38: 15 dias Rodados | G38: 30 dias Rodados | H38: Total Mensal | J38: DATA | K38: 45926 | W38: DATA | AE38: DATA
D39: 1652 | E39: 2325 | F39: =SUM(C39-B39) -> 0 | G39: =SUM(E39-D39) -> 673 | H39: =SUM(F39:G39) -> 673 | J39: VALOR | K39: 217.08 | W39: VALOR | AE39: VALOR
T40: TOTAL | U40: =SUM(K39:U39) -> 217.08 | AB40: TOTAL | AC40: =SUM(X39:AC39) -> 0 | AJ40: TOTAL | AK40: =SUM(AF39:AK39) -> 0
B41: Outubro | J41: Outubro | W41: =J41 -> Outubro | AE41: =W41 -> Outubro
A42: KM (Rodados) | B42: 1ª Leitura | C42: 2ª Leitura | D42: 3ª Leitura | E42: 4ª Leitura | F42: 15 dias Rodados | G42: 30 dias Rodados | H42: Total Mensal | J42: DATA | K42: 45932 | L42: 45937 | M42: 45940 | N42: 45944 | O42: 45947 | P42: 45954 | W42: DATA | AE42: DATA
B43: 2325 | C43: 4117 | D43: 4117 | E43: 5173 | F43: =SUM(C43-B43) -> 1792 | G43: =SUM(E43-D43) -> 1056 | H43: =SUM(F43:G43) -> 2848 | J43: VALOR | K43: 216.8 | L43: 217.21 | M43: 247.34 | N43: 254.29 | O43: 256.36 | P43: 240.92 | W43: VALOR | AE43: VALOR
T44: TOTAL | U44: =SUM(K43:U43) -> 1432.92 | AB44: TOTAL | AC44: =SUM(X43:AC43) -> 0 | AJ44: TOTAL | AK44: =SUM(AF43:AK43) -> 0
B45: Novembro | J45: Novembro | W45: =J45 -> Novembro | AE45: =W45 -> Novembro
A46: KM (Rodados) | B46: 1ª Leitura | C46: 2ª Leitura | D46: 3ª Leitura | E46: 4ª Leitura | F46: 15 dias Rodados | G46: 30 dias Rodados | H46: Total Mensal | J46: DATA | K46: 45965 | L46: 45967 | M46: 45987 | W46: DATA | AE46: DATA
B47: 5173 | C47: 5910 | D47: 5910 | E47: 6304 | F47: =SUM(C47-B47) -> 737 | G47: =SUM(E47-D47) -> 394 | H47: =SUM(F47:G47) -> 1131 | J47: VALOR | K47: 238.07 | L47: 146 | M47: 265.83 | W47: VALOR | AE47: VALOR
T48: TOTAL | U48: =SUM(K47:U47) -> 649.9 | AB48: TOTAL | AC48: =SUM(X47:AC47) -> 0 | AJ48: TOTAL | AK48: =SUM(AF47:AK47) -> 0
B49: Dezembro | J49: Dezembro | W49: =J49 -> Dezembro | AE49: =W49 -> Dezembro
A50: KM (Rodados) | B50: 1ª Leitura | C50: 2ª Leitura | D50: 3ª Leitura | E50: 4ª Leitura | F50: 15 dias Rodados | G50: 30 dias Rodados | H50: Total Mensal | J50: DATA | K50: 45997 | L50: 46009 | W50: DATA | AE50: DATA
B51: 6304 | C51: 7159 | D51: 7159 | E51: 7511 | F51: =SUM(C51-B51) -> 855 | G51: =SUM(E51-D51) -> 352 | H51: =SUM(F51:G51) -> 1207 | J51: VALOR | K51: 246.62 | L51: 264.91 | W51: VALOR | AE51: VALOR
T52: TOTAL | U52: =SUM(K51:U51) -> 511.53 | AB52: TOTAL | AC52: =SUM(X51:AC51) -> 0 | AJ52: TOTAL | AK52: =SUM(AF51:AK51) -> 0
A53: 2026 | B53: Janeiro | J53: Janeiro | W53: Janeiro | AE53: Janeiro
A54: KM (Rodados) | B54: 1ª Leitura | C54: 2ª Leitura | D54: 3ª Leitura | E54: 4ª Leitura | F54: 15 dias Rodados | G54: 30 dias Rodados | H54: Total Mensal | J54: DATA | K54: 46037 | L54: 46052 | W54: DATA | AE54: DATA
B55: 7511 | C55: 8032 | D55: 8032 | E55: 8538 | F55: =SUM(C55-B55) -> 521 | G55: =SUM(E55-D55) -> 506 | H55: =SUM(F55:G55) -> 1027 | J55: VALOR | K55: 252.48 | L55: 244.83 | W55: VALOR | AE55: VALOR
T56: TOTAL | U56: =SUM(K55:U55) -> 497.31 | AB56: TOTAL | AC56: =SUM(X55:AC55) -> 0 | AJ56: TOTAL | AK56: =SUM(AF55:AK55) -> 0
B57: Fevereiro | J57: Fevereiro | W57: Fevereiro | AE57: Fevereiro
A58: KM (Rodados) | B58: 1ª Leitura | C58: 2ª Leitura | D58: 3ª Leitura | E58: 4ª Leitura | F58: 15 dias Rodados | G58: 30 dias Rodados | H58: Total Mensal | J58: DATA | K58: 46070 | L58: 46079 | W58: DATA | AE58: DATA
B59: 8538 | E59: 9364 | F59: =SUM(C59-B59) -> -8538 | G59: =SUM(E59-D59) -> 9364 | H59: =SUM(F59:G59) -> 826 | J59: VALOR | K59: 277.72 | L59: 237.62 | W59: VALOR | AE59: VALOR
T60: TOTAL | U60: =SUM(K59:U59) -> 515.34 | AB60: TOTAL | AC60: =SUM(X59:AC59) -> 0 | AJ60: TOTAL | AK60: =SUM(AF59:AK59) -> 0
B61: Março | J61: Março | W61: =J61 -> Março | AE61: =W61 -> Março
A62: KM (Rodados) | B62: 1ª Leitura | C62: 2ª Leitura | D62: 3ª Leitura | E62: 4ª Leitura | F62: 15 dias Rodados | G62: 30 dias Rodados | H62: Total Mensal | J62: DATA | W62: DATA | AE62: DATA
B63: 9364 | C63: 9365 | F63: =SUM(C63-B63) -> 1 | G63: =SUM(E63-D63) -> 0 | H63: =SUM(F63:G63) -> 1 | J63: VALOR | W63: VALOR | AE63: VALOR
T64: TOTAL | U64: =SUM(K63:U63) -> 0 | AB64: TOTAL | AC64: =SUM(X63:AC63) -> 0 | AJ64: TOTAL | AK64: =SUM(AF63:AK63) -> 0
B65: Abril | J65: Abril | W65: =J65 -> Abril | AE65: =W65 -> Abril
A66: KM (Rodados) | B66: 1ª Leitura | C66: 2ª Leitura | D66: 3ª Leitura | E66: 4ª Leitura | F66: 15 dias Rodados | G66: 30 dias Rodados | H66: Total Mensal | J66: DATA | W66: DATA | AE66: DATA
F67: =SUM(C67-B67) -> 0 | G67: =SUM(E67-D67) -> 0 | H67: =SUM(F67:G67) -> 0 | J67: VALOR | W67: VALOR | AE67: VALOR
T68: TOTAL | U68: =SUM(K67:U67) -> 0 | AB68: TOTAL | AC68: =SUM(X67:AC67) -> 0 | AJ68: TOTAL | AK68: =SUM(AF67:AK67) -> 0
B69: Maio | J69: Maio | W69: =J69 -> Maio | AE69: =W69 -> Maio
A70: KM (Rodados) | B70: 1ª Leitura | C70: 2ª Leitura | D70: 3ª Leitura | E70: 4ª Leitura | F70: 15 dias Rodados | G70: 30 dias Rodados | H70: Total Mensal | J70: DATA | W70: DATA | AE70: DATA
F71: =SUM(C71-B71) -> 0 | G71: =SUM(E71-D71) -> 0 | H71: =SUM(F71:G71) -> 0 | J71: VALOR | W71: VALOR | AE71: VALOR
T72: TOTAL | U72: =SUM(K71:U71) -> 0 | AB72: TOTAL | AC72: =SUM(X71:AC71) -> 0 | AJ72: TOTAL | AK72: =SUM(AF71:AK71) -> 0
B73: Junho | J73: Junho | W73: =J73 -> Junho | AE73: =W73 -> Junho
A74: KM (Rodados) | B74: 1ª Leitura | C74: 2ª Leitura | D74: 3ª Leitura | E74: 4ª Leitura | F74: 15 dias Rodados | G74: 30 dias Rodados | H74: Total Mensal | J74: DATA | W74: DATA | AE74: DATA
F75: =SUM(C75-B75) -> 0 | G75: =SUM(E75-D75) -> 0 | H75: =SUM(F75:G75) -> 0 | J75: VALOR | W75: VALOR | AE75: VALOR
T76: TOTAL | U76: =SUM(K75:U75) -> 0 | AB76: TOTAL | AC76: =SUM(X75:AC75) -> 0 | AJ76: TOTAL | AK76: =SUM(AF75:AK75) -> 0
B77: Julho | J77: Julho | W77: =J77 -> Julho | AE77: =W77 -> Julho
A78: KM (Rodados) | B78: 1ª Leitura | C78: 2ª Leitura | D78: 3ª Leitura | E78: 4ª Leitura | F78: 15 dias Rodados | G78: 30 dias Rodados | H78: Total Mensal | J78: DATA | W78: DATA | AE78: DATA
F79: =SUM(C79-B79) -> 0 | G79: =SUM(E79-D79) -> 0 | H79: =SUM(F79:G79) -> 0 | J79: VALOR | W79: VALOR | AE79: VALOR
T80: TOTAL | U80: =SUM(K79:U79) -> 0 | AB80: TOTAL | AC80: =SUM(X79:AC79) -> 0 | AJ80: TOTAL | AK80: =SUM(AF79:AK79) -> 0
B81: Agosto | J81: Agosto | W81: =J81 -> Agosto | AE81: =W81 -> Agosto
A82: KM (Rodados) | B82: 1ª Leitura | C82: 2ª Leitura | D82: 3ª Leitura | E82: 4ª Leitura | F82: 15 dias Rodados | G82: 30 dias Rodados | H82: Total Mensal | J82: DATA | W82: DATA | AE82: DATA
F83: =SUM(C83-B83) -> 0 | G83: =SUM(E83-D83) -> 0 | H83: =SUM(F83:G83) -> 0 | J83: VALOR | W83: VALOR | AE83: VALOR
T84: TOTAL | U84: =SUM(K83:U83) -> 0 | AB84: TOTAL | AC84: =SUM(X83:AC83) -> 0 | AJ84: TOTAL | AK84: =SUM(AF83:AK83) -> 0

Sheet CAR_13
A2: Veiculo | D2: Placa: | H2: Medição
A3: Substituição (data) | D3: Placa: | H3: Modelo
A4: Contrato de Locação | D4: Rastreador
A7: REGISTRO DE KM | J7: ABASTECIMENTO | Y7: LAVA_RAPIDO | AH7: BORRACHARIA
B9: Fevereiro | J9: Fevereiro | Y9: Fevereiro | AH9: Fevereiro
A10: KM (Rodados) | B10: 1ª Leitura | C10: 2ª Leitura | D10: 3ª Leitura | E10: 4ª Leitura | F10: 15 dias Rodados | G10: 30 dias Rodados | H10: Total Mensal | J10: DATA | Y10: DATA | AH10: DATA
F11: =SUM(C11-B11) -> 0 | G11: =SUM(E11-D11) -> 0 | H11: =SUM(F11:G11) -> 0 | J11: VALOR | Y11: VALOR | AH11: VALOR
T12: TOTAL | U12: =SUM(K11:U11) -> 0 | AD12: TOTAL | AE12: =SUM(Z11:AE11) -> 0 | AM12: TOTAL | AN12: =SUM(AI11:AN11) -> 0
B13: Março | J13: Março | Y13: =J13 -> Março | AH13: =Y13 -> Março
A14: KM (Rodados) | B14: 1ª Leitura | C14: 2ª Leitura | D14: 3ª Leitura | E14: 4ª Leitura | F14: 15 dias Rodados | G14: 30 dias Rodados | H14: Total Mensal | J14: DATA | Y14: DATA | AH14: DATA
F15: =SUM(C15-B15) -> 0 | G15: =SUM(E15-D15) -> 0 | H15: =SUM(F15:G15) -> 0 | J15: VALOR | Y15: VALOR | AH15: VALOR
T16: TOTAL | U16: =SUM(K15:U15) -> 0 | AD16: TOTAL | AE16: =SUM(Z15:AE15) -> 0 | AM16: TOTAL | AN16: =SUM(AI15:AN15) -> 0
B17: Abril | J17: Abril | Y17: =J17 -> Abril | AH17: =Y17 -> Abril
A18: KM (Rodados) | B18: 1ª Leitura | C18: 2ª Leitura | D18: 3ª Leitura | E18: 4ª Leitura | F18: 15 dias Rodados | G18: 30 dias Rodados | H18: Total Mensal | J18: DATA | Y18: DATA | AH18: DATA
F19: =SUM(C19-B19) -> 0 | G19: =SUM(E19-D19) -> 0 | H19: =SUM(F19:G19) -> 0 | J19: VALOR | Y19: VALOR | AH19: VALOR
T20: TOTAL | U20: =SUM(K19:U19) -> 0 | AD20: TOTAL | AE20: =SUM(Z19:AE19) -> 0 | AM20: TOTAL | AN20: =SUM(AI19:AN19) -> 0
B21: Maio | J21: Maio | Y21: =J21 -> Maio | AH21: =Y21 -> Maio
A22: KM (Rodados) | B22: 1ª Leitura | C22: 2ª Leitura | D22: 3ª Leitura | E22: 4ª Leitura | F22: 15 dias Rodados | G22: 30 dias Rodados | H22: Total Mensal | J22: DATA | Y22: DATA | AH22: DATA
F23: =SUM(C23-B23) -> 0 | G23: =SUM(E23-D23) -> 0 | H23: =SUM(F23:G23) -> 0 | J23: VALOR | Y23: VALOR | AH23: VALOR
T24: TOTAL | U24: =SUM(K23:U23) -> 0 | AD24: TOTAL | AE24: =SUM(Z23:AE23) -> 0 | AM24: TOTAL | AN24: =SUM(AI23:AN23) -> 0
B25: Junho | J25: Junho | Y25: =J25 -> Junho | AH25: =Y25 -> Junho
A26: KM (Rodados) | B26: 1ª Leitura | C26: 2ª Leitura | D26: 3ª Leitura | E26: 4ª Leitura | F26: 15 dias Rodados | G26: 30 dias Rodados | H26: Total Mensal | J26: DATA | Y26: DATA | AH26: DATA
F27: =SUM(C27-B27) -> 0 | G27: =SUM(E27-D27) -> 0 | H27: =SUM(F27:G27) -> 0 | J27: VALOR | Y27: VALOR | AH27: VALOR
T28: TOTAL | U28: =SUM(K27:U27) -> 0 | AD28: TOTAL | AE28: =SUM(Z27:AE27) -> 0 | AM28: TOTAL | AN28: =SUM(AI27:AN27) -> 0
B29: Julho | J29: Julho | Y29: =J29 -> Julho | AH29: =Y29 -> Julho
A30: KM (Rodados) | B30: 1ª Leitura | C30: 2ª Leitura | D30: 3ª Leitura | E30: 4ª Leitura | F30: 15 dias Rodados | G30: 30 dias Rodados | H30: Total Mensal | J30: DATA | Y30: DATA | AH30: DATA
F31: =SUM(C31-B31) -> 0 | G31: =SUM(E31-D31) -> 0 | H31: =SUM(F31:G31) -> 0 | J31: VALOR | Y31: VALOR | AH31: VALOR
T32: TOTAL | U32: =SUM(K31:U31) -> 0 | AD32: TOTAL | AE32: =SUM(Z31:AE31) -> 0 | AM32: TOTAL | AN32: =SUM(AI31:AN31) -> 0
B33: Agosto | J33: Agosto | Y33: =J33 -> Agosto | AH33: =Y33 -> Agosto
A34: KM (Rodados) | B34: 1ª Leitura | C34: 2ª Leitura | D34: 3ª Leitura | E34: 4ª Leitura | F34: 15 dias Rodados | G34: 30 dias Rodados | H34: Total Mensal | J34: DATA | Y34: DATA | AH34: DATA
F35: =SUM(C35-B35) -> 0 | G35: =SUM(E35-D35) -> 0 | H35: =SUM(F35:G35) -> 0 | J35: VALOR | Y35: VALOR | AH35: VALOR
T36: TOTAL | U36: =SUM(K35:U35) -> 0 | AD36: TOTAL | AE36: =SUM(Z35:AE35) -> 0 | AM36: TOTAL | AN36: =SUM(AI35:AN35) -> 0
B37: Setembro | J37: Setembro | Y37: =J37 -> Setembro | AH37: =Y37 -> Setembro
A38: KM (Rodados) | B38: 1ª Leitura | C38: 2ª Leitura | D38: 3ª Leitura | E38: 4ª Leitura | F38: 15 dias Rodados | G38: 30 dias Rodados | H38: Total Mensal | J38: DATA | Y38: DATA | AH38: DATA
F39: =SUM(C39-B39) -> 0 | G39: =SUM(E39-D39) -> 0 | H39: =SUM(F39:G39) -> 0 | J39: VALOR | Y39: VALOR | AH39: VALOR
T40: TOTAL | U40: =SUM(K39:U39) -> 0 | AD40: TOTAL | AE40: =SUM(Z39:AE39) -> 0 | AM40: TOTAL | AN40: =SUM(AI39:AN39) -> 0
B41: Outubro | J41: Outubro | Y41: =J41 -> Outubro | AH41: =Y41 -> Outubro
A42: KM (Rodados) | B42: 1ª Leitura | C42: 2ª Leitura | D42: 3ª Leitura | E42: 4ª Leitura | F42: 15 dias Rodados | G42: 30 dias Rodados | H42: Total Mensal | J42: DATA | Y42: DATA | AH42: DATA
F43: =SUM(C43-B43) -> 0 | G43: =SUM(E43-D43) -> 0 | H43: =SUM(F43:G43) -> 0 | J43: VALOR | Y43: VALOR | AH43: VALOR
T44: TOTAL | U44: =SUM(K43:U43) -> 0 | AD44: TOTAL | AE44: =SUM(Z43:AE43) -> 0 | AM44: TOTAL | AN44: =SUM(AI43:AN43) -> 0
B45: Novembro | J45: Novembro | Y45: =J45 -> Novembro | AH45: =Y45 -> Novembro
A46: KM (Rodados) | B46: 1ª Leitura | C46: 2ª Leitura | D46: 3ª Leitura | E46: 4ª Leitura | F46: 15 dias Rodados | G46: 30 dias Rodados | H46: Total Mensal | J46: DATA | Y46: DATA | AH46: DATA
F47: =SUM(C47-B47) -> 0 | G47: =SUM(E47-D47) -> 0 | H47: =SUM(F47:G47) -> 0 | J47: VALOR | Y47: VALOR | AH47: VALOR
T48: TOTAL | U48: =SUM(K47:U47) -> 0 | AD48: TOTAL | AE48: =SUM(Z47:AE47) -> 0 | AM48: TOTAL | AN48: =SUM(AI47:AN47) -> 0
B49: Dezembro | J49: Dezembro | Y49: =J49 -> Dezembro | AH49: =Y49 -> Dezembro
A50: KM (Rodados) | B50: 1ª Leitura | C50: 2ª Leitura | D50: 3ª Leitura | E50: 4ª Leitura | F50: 15 dias Rodados | G50: 30 dias Rodados | H50: Total Mensal | J50: DATA | Y50: DATA | AH50: DATA
F51: =SUM(C51-B51) -> 0 | G51: =SUM(E51-D51) -> 0 | H51: =SUM(F51:G51) -> 0 | J51: VALOR | Y51: VALOR | AH51: VALOR
T52: TOTAL | U52: =SUM(K51:U51) -> 0 | AD52: TOTAL | AE52: =SUM(Z51:AE51) -> 0 | AM52: TOTAL | AN52: =SUM(AI51:AN51) -> 0

Sheet CAR_14
A2: Veiculo | D2: Placa: | H2: Medição
A3: Substituição (data) | D3: Placa: | H3: Modelo
A4: Contrato de Locação | D4: Rastreador
A7: REGISTRO DE KM | J7: ABASTECIMENTO | Y7: LAVA_RAPIDO | AH7: BORRACHARIA
B9: Fevereiro | J9: Fevereiro | Y9: Fevereiro | AH9: Fevereiro
A10: KM (Rodados) | B10: 1ª Leitura | C10: 2ª Leitura | D10: 3ª Leitura | E10: 4ª Leitura | F10: 15 dias Rodados | G10: 30 dias Rodados | H10: Total Mensal | J10: DATA | Y10: DATA | AH10: DATA
F11: =SUM(C11-B11) -> 0 | G11: =SUM(E11-D11) -> 0 | H11: =SUM(F11:G11) -> 0 | J11: VALOR | Y11: VALOR | AH11: VALOR
T12: TOTAL | U12: =SUM(K11:U11) -> 0 | AD12: TOTAL | AE12: =SUM(Z11:AE11) -> 0 | AM12: TOTAL | AN12: =SUM(AI11:AN11) -> 0
B13: Março | J13: Março | Y13: =J13 -> Março | AH13: =Y13 -> Março
A14: KM (Rodados) | B14: 1ª Leitura | C14: 2ª Leitura | D14: 3ª Leitura | E14: 4ª Leitura | F14: 15 dias Rodados | G14: 30 dias Rodados | H14: Total Mensal | J14: DATA | Y14: DATA | AH14: DATA
F15: =SUM(C15-B15) -> 0 | G15: =SUM(E15-D15) -> 0 | H15: =SUM(F15:G15) -> 0 | J15: VALOR | Y15: VALOR | AH15: VALOR
T16: TOTAL | U16: =SUM(K15:U15) -> 0 | AD16: TOTAL | AE16: =SUM(Z15:AE15) -> 0 | AM16: TOTAL | AN16: =SUM(AI15:AN15) -> 0
B17: Abril | J17: Abril | Y17: =J17 -> Abril | AH17: =Y17 -> Abril
A18: KM (Rodados) | B18: 1ª Leitura | C18: 2ª Leitura | D18: 3ª Leitura | E18: 4ª Leitura | F18: 15 dias Rodados | G18: 30 dias Rodados | H18: Total Mensal | J18: DATA | Y18: DATA | AH18: DATA
F19: =SUM(C19-B19) -> 0 | G19: =SUM(E19-D19) -> 0 | H19: =SUM(F19:G19) -> 0 | J19: VALOR | Y19: VALOR | AH19: VALOR
T20: TOTAL | U20: =SUM(K19:U19) -> 0 | AD20: TOTAL | AE20: =SUM(Z19:AE19) -> 0 | AM20: TOTAL | AN20: =SUM(AI19:AN19) -> 0
B21: Maio | J21: Maio | Y21: =J21 -> Maio | AH21: =Y21 -> Maio
A22: KM (Rodados) | B22: 1ª Leitura | C22: 2ª Leitura | D22: 3ª Leitura | E22: 4ª Leitura | F22: 15 dias Rodados | G22: 30 dias Rodados | H22: Total Mensal | J22: DATA | Y22: DATA | AH22: DATA
F23: =SUM(C23-B23) -> 0 | G23: =SUM(E23-D23) -> 0 | H23: =SUM(F23:G23) -> 0 | J23: VALOR | Y23: VALOR | AH23: VALOR
T24: TOTAL | U24: =SUM(K23:U23) -> 0 | AD24: TOTAL | AE24: =SUM(Z23:AE23) -> 0 | AM24: TOTAL | AN24: =SUM(AI23:AN23) -> 0
B25: Junho | J25: Junho | Y25: =J25 -> Junho | AH25: =Y25 -> Junho
A26: KM (Rodados) | B26: 1ª Leitura | C26: 2ª Leitura | D26: 3ª Leitura | E26: 4ª Leitura | F26: 15 dias Rodados | G26: 30 dias Rodados | H26: Total Mensal | J26: DATA | Y26: DATA | AH26: DATA
F27: =SUM(C27-B27) -> 0 | G27: =SUM(E27-D27) -> 0 | H27: =SUM(F27:G27) -> 0 | J27: VALOR | Y27: VALOR | AH27: VALOR
T28: TOTAL | U28: =SUM(K27:U27) -> 0 | AD28: TOTAL | AE28: =SUM(Z27:AE27) -> 0 | AM28: TOTAL | AN28: =SUM(AI27:AN27) -> 0
B29: Julho | J29: Julho | Y29: =J29 -> Julho | AH29: =Y29 -> Julho
A30: KM (Rodados) | B30: 1ª Leitura | C30: 2ª Leitura | D30: 3ª Leitura | E30: 4ª Leitura | F30: 15 dias Rodados | G30: 30 dias Rodados | H30: Total Mensal | J30: DATA | Y30: DATA | AH30: DATA
F31: =SUM(C31-B31) -> 0 | G31: =SUM(E31-D31) -> 0 | H31: =SUM(F31:G31) -> 0 | J31: VALOR | Y31: VALOR | AH31: VALOR
T32: TOTAL | U32: =SUM(K31:U31) -> 0 | AD32: TOTAL | AE32: =SUM(Z31:AE31) -> 0 | AM32: TOTAL | AN32: =SUM(AI31:AN31) -> 0
B33: Agosto | J33: Agosto | Y33: =J33 -> Agosto | AH33: =Y33 -> Agosto
A34: KM (Rodados) | B34: 1ª Leitura | C34: 2ª Leitura | D34: 3ª Leitura | E34: 4ª Leitura | F34: 15 dias Rodados | G34: 30 dias Rodados | H34: Total Mensal | J34: DATA | Y34: DATA | AH34: DATA
F35: =SUM(C35-B35) -> 0 | G35: =SUM(E35-D35) -> 0 | H35: =SUM(F35:G35) -> 0 | J35: VALOR | Y35: VALOR | AH35: VALOR
T36: TOTAL | U36: =SUM(K35:U35) -> 0 | AD36: TOTAL | AE36: =SUM(Z35:AE35) -> 0 | AM36: TOTAL | AN36: =SUM(AI35:AN35) -> 0
B37: Setembro | J37: Setembro | Y37: =J37 -> Setembro | AH37: =Y37 -> Setembro
A38: KM (Rodados) | B38: 1ª Leitura | C38: 2ª Leitura | D38: 3ª Leitura | E38: 4ª Leitura | F38: 15 dias Rodados | G38: 30 dias Rodados | H38: Total Mensal | J38: DATA | Y38: DATA | AH38: DATA
F39: =SUM(C39-B39) -> 0 | G39: =SUM(E39-D39) -> 0 | H39: =SUM(F39:G39) -> 0 | J39: VALOR | Y39: VALOR | AH39: VALOR
T40: TOTAL | U40: =SUM(K39:U39) -> 0 | AD40: TOTAL | AE40: =SUM(Z39:AE39) -> 0 | AM40: TOTAL | AN40: =SUM(AI39:AN39) -> 0
B41: Outubro | J41: Outubro | Y41: =J41 -> Outubro | AH41: =Y41 -> Outubro
A42: KM (Rodados) | B42: 1ª Leitura | C42: 2ª Leitura | D42: 3ª Leitura | E42: 4ª Leitura | F42: 15 dias Rodados | G42: 30 dias Rodados | H42: Total Mensal | J42: DATA | Y42: DATA | AH42: DATA
F43: =SUM(C43-B43) -> 0 | G43: =SUM(E43-D43) -> 0 | H43: =SUM(F43:G43) -> 0 | J43: VALOR | Y43: VALOR | AH43: VALOR
T44: TOTAL | U44: =SUM(K43:U43) -> 0 | AD44: TOTAL | AE44: =SUM(Z43:AE43) -> 0 | AM44: TOTAL | AN44: =SUM(AI43:AN43) -> 0
B45: Novembro | J45: Novembro | Y45: =J45 -> Novembro | AH45: =Y45 -> Novembro
A46: KM (Rodados) | B46: 1ª Leitura | C46: 2ª Leitura | D46: 3ª Leitura | E46: 4ª Leitura | F46: 15 dias Rodados | G46: 30 dias Rodados | H46: Total Mensal | J46: DATA | Y46: DATA | AH46: DATA
F47: =SUM(C47-B47) -> 0 | G47: =SUM(E47-D47) -> 0 | H47: =SUM(F47:G47) -> 0 | J47: VALOR | Y47: VALOR | AH47: VALOR
T48: TOTAL | U48: =SUM(K47:U47) -> 0 | AD48: TOTAL | AE48: =SUM(Z47:AE47) -> 0 | AM48: TOTAL | AN48: =SUM(AI47:AN47) -> 0
B49: Dezembro | J49: Dezembro | Y49: =J49 -> Dezembro | AH49: =Y49 -> Dezembro
A50: KM (Rodados) | B50: 1ª Leitura | C50: 2ª Leitura | D50: 3ª Leitura | E50: 4ª Leitura | F50: 15 dias Rodados | G50: 30 dias Rodados | H50: Total Mensal | J50: DATA | Y50: DATA | AH50: DATA
F51: =SUM(C51-B51) -> 0 | G51: =SUM(E51-D51) -> 0 | H51: =SUM(F51:G51) -> 0 | J51: VALOR | Y51: VALOR | AH51: VALOR
T52: TOTAL | U52: =SUM(K51:U51) -> 0 | AD52: TOTAL | AE52: =SUM(Z51:AE51) -> 0 | AM52: TOTAL | AN52: =SUM(AI51:AN51) -> 0

Sheet CAR_15
A2: Veiculo | D2: Placa: | H2: Medição
A3: Substituição (data) | D3: Placa: | H3: Modelo
A4: Contrato de Locação | D4: Rastreador
A7: REGISTRO DE KM | J7: ABASTECIMENTO | Y7: LAVA_RAPIDO | AH7: BORRACHARIA
B9: Fevereiro | J9: Fevereiro | Y9: Fevereiro | AH9: Fevereiro
A10: KM (Rodados) | B10: 1ª Leitura | C10: 2ª Leitura | D10: 3ª Leitura | E10: 4ª Leitura | F10: 15 dias Rodados | G10: 30 dias Rodados | H10: Total Mensal | J10: DATA | Y10: DATA | AH10: DATA
F11: =SUM(C11-B11) -> 0 | G11: =SUM(E11-D11) -> 0 | H11: =SUM(F11:G11) -> 0 | J11: VALOR | Y11: VALOR | AH11: VALOR
T12: TOTAL | U12: =SUM(K11:U11) -> 0 | AD12: TOTAL | AE12: =SUM(Z11:AE11) -> 0 | AM12: TOTAL | AN12: =SUM(AI11:AN11) -> 0
B13: Março | J13: Março | Y13: =J13 -> Março | AH13: =Y13 -> Março
A14: KM (Rodados) | B14: 1ª Leitura | C14: 2ª Leitura | D14: 3ª Leitura | E14: 4ª Leitura | F14: 15 dias Rodados | G14: 30 dias Rodados | H14: Total Mensal | J14: DATA | Y14: DATA | AH14: DATA
F15: =SUM(C15-B15) -> 0 | G15: =SUM(E15-D15) -> 0 | H15: =SUM(F15:G15) -> 0 | J15: VALOR | Y15: VALOR | AH15: VALOR
T16: TOTAL | U16: =SUM(K15:U15) -> 0 | AD16: TOTAL | AE16: =SUM(Z15:AE15) -> 0 | AM16: TOTAL | AN16: =SUM(AI15:AN15) -> 0
B17: Abril | J17: Abril | Y17: =J17 -> Abril | AH17: =Y17 -> Abril
A18: KM (Rodados) | B18: 1ª Leitura | C18: 2ª Leitura | D18: 3ª Leitura | E18: 4ª Leitura | F18: 15 dias Rodados | G18: 30 dias Rodados | H18: Total Mensal | J18: DATA | Y18: DATA | AH18: DATA
F19: =SUM(C19-B19) -> 0 | G19: =SUM(E19-D19) -> 0 | H19: =SUM(F19:G19) -> 0 | J19: VALOR | Y19: VALOR | AH19: VALOR
T20: TOTAL | U20: =SUM(K19:U19) -> 0 | AD20: TOTAL | AE20: =SUM(Z19:AE19) -> 0 | AM20: TOTAL | AN20: =SUM(AI19:AN19) -> 0
B21: Maio | J21: Maio | Y21: =J21 -> Maio | AH21: =Y21 -> Maio
A22: KM (Rodados) | B22: 1ª Leitura | C22: 2ª Leitura | D22: 3ª Leitura | E22: 4ª Leitura | F22: 15 dias Rodados | G22: 30 dias Rodados | H22: Total Mensal | J22: DATA | Y22: DATA | AH22: DATA
F23: =SUM(C23-B23) -> 0 | G23: =SUM(E23-D23) -> 0 | H23: =SUM(F23:G23) -> 0 | J23: VALOR | Y23: VALOR | AH23: VALOR
T24: TOTAL | U24: =SUM(K23:U23) -> 0 | AD24: TOTAL | AE24: =SUM(Z23:AE23) -> 0 | AM24: TOTAL | AN24: =SUM(AI23:AN23) -> 0
B25: Junho | J25: Junho | Y25: =J25 -> Junho | AH25: =Y25 -> Junho
A26: KM (Rodados) | B26: 1ª Leitura | C26: 2ª Leitura | D26: 3ª Leitura | E26: 4ª Leitura | F26: 15 dias Rodados | G26: 30 dias Rodados | H26: Total Mensal | J26: DATA | Y26: DATA | AH26: DATA
F27: =SUM(C27-B27) -> 0 | G27: =SUM(E27-D27) -> 0 | H27: =SUM(F27:G27) -> 0 | J27: VALOR | Y27: VALOR | AH27: VALOR
T28: TOTAL | U28: =SUM(K27:U27) -> 0 | AD28: TOTAL | AE28: =SUM(Z27:AE27) -> 0 | AM28: TOTAL | AN28: =SUM(AI27:AN27) -> 0
B29: Julho | J29: Julho | Y29: =J29 -> Julho | AH29: =Y29 -> Julho
A30: KM (Rodados) | B30: 1ª Leitura | C30: 2ª Leitura | D30: 3ª Leitura | E30: 4ª Leitura | F30: 15 dias Rodados | G30: 30 dias Rodados | H30: Total Mensal | J30: DATA | Y30: DATA | AH30: DATA
F31: =SUM(C31-B31) -> 0 | G31: =SUM(E31-D31) -> 0 | H31: =SUM(F31:G31) -> 0 | J31: VALOR | Y31: VALOR | AH31: VALOR
T32: TOTAL | U32: =SUM(K31:U31) -> 0 | AD32: TOTAL | AE32: =SUM(Z31:AE31) -> 0 | AM32: TOTAL | AN32: =SUM(AI31:AN31) -> 0
B33: Agosto | J33: Agosto | Y33: =J33 -> Agosto | AH33: =Y33 -> Agosto
A34: KM (Rodados) | B34: 1ª Leitura | C34: 2ª Leitura | D34: 3ª Leitura | E34: 4ª Leitura | F34: 15 dias Rodados | G34: 30 dias Rodados | H34: Total Mensal | J34: DATA | Y34: DATA | AH34: DATA
F35: =SUM(C35-B35) -> 0 | G35: =SUM(E35-D35) -> 0 | H35: =SUM(F35:G35) -> 0 | J35: VALOR | Y35: VALOR | AH35: VALOR
T36: TOTAL | U36: =SUM(K35:U35) -> 0 | AD36: TOTAL | AE36: =SUM(Z35:AE35) -> 0 | AM36: TOTAL | AN36: =SUM(AI35:AN35) -> 0
B37: Setembro | J37: Setembro | Y37: =J37 -> Setembro | AH37: =Y37 -> Setembro
A38: KM (Rodados) | B38: 1ª Leitura | C38: 2ª Leitura | D38: 3ª Leitura | E38: 4ª Leitura | F38: 15 dias Rodados | G38: 30 dias Rodados | H38: Total Mensal | J38: DATA | Y38: DATA | AH38: DATA
F39: =SUM(C39-B39) -> 0 | G39: =SUM(E39-D39) -> 0 | H39: =SUM(F39:G39) -> 0 | J39: VALOR | Y39: VALOR | AH39: VALOR
T40: TOTAL | U40: =SUM(K39:U39) -> 0 | AD40: TOTAL | AE40: =SUM(Z39:AE39) -> 0 | AM40: TOTAL | AN40: =SUM(AI39:AN39) -> 0
B41: Outubro | J41: Outubro | Y41: =J41 -> Outubro | AH41: =Y41 -> Outubro
A42: KM (Rodados) | B42: 1ª Leitura | C42: 2ª Leitura | D42: 3ª Leitura | E42: 4ª Leitura | F42: 15 dias Rodados | G42: 30 dias Rodados | H42: Total Mensal | J42: DATA | Y42: DATA | AH42: DATA
F43: =SUM(C43-B43) -> 0 | G43: =SUM(E43-D43) -> 0 | H43: =SUM(F43:G43) -> 0 | J43: VALOR | Y43: VALOR | AH43: VALOR
T44: TOTAL | U44: =SUM(K43:U43) -> 0 | AD44: TOTAL | AE44: =SUM(Z43:AE43) -> 0 | AM44: TOTAL | AN44: =SUM(AI43:AN43) -> 0
B45: Novembro | J45: Novembro | Y45: =J45 -> Novembro | AH45: =Y45 -> Novembro
A46: KM (Rodados) | B46: 1ª Leitura | C46: 2ª Leitura | D46: 3ª Leitura | E46: 4ª Leitura | F46: 15 dias Rodados | G46: 30 dias Rodados | H46: Total Mensal | J46: DATA | Y46: DATA | AH46: DATA
F47: =SUM(C47-B47) -> 0 | G47: =SUM(E47-D47) -> 0 | H47: =SUM(F47:G47) -> 0 | J47: VALOR | Y47: VALOR | AH47: VALOR
T48: TOTAL | U48: =SUM(K47:U47) -> 0 | AD48: TOTAL | AE48: =SUM(Z47:AE47) -> 0 | AM48: TOTAL | AN48: =SUM(AI47:AN47) -> 0
B49: Dezembro | J49: Dezembro | Y49: =J49 -> Dezembro | AH49: =Y49 -> Dezembro
A50: KM (Rodados) | B50: 1ª Leitura | C50: 2ª Leitura | D50: 3ª Leitura | E50: 4ª Leitura | F50: 15 dias Rodados | G50: 30 dias Rodados | H50: Total Mensal | J50: DATA | Y50: DATA | AH50: DATA
F51: =SUM(C51-B51) -> 0 | G51: =SUM(E51-D51) -> 0 | H51: =SUM(F51:G51) -> 0 | J51: VALOR | Y51: VALOR | AH51: VALOR
T52: TOTAL | U52: =SUM(K51:U51) -> 0 | AD52: TOTAL | AE52: =SUM(Z51:AE51) -> 0 | AM52: TOTAL | AN52: =SUM(AI51:AN51) -> 0

Sheet CAR_16
A2: Veiculo | D2: Placa: | H2: Medição
A3: Substituição (data) | D3: Placa: | H3: Modelo
A4: Contrato de Locação | D4: Rastreador
