Workbook

Sheet RESUMO
A1: CGN RUSSAS
B5: JAN | C5: FEV | D5: MAR | E5: ABR | F5: MAI | G5: JUN | H5: JUL | I5: AGO | J5: SET | K5: OUT | L5: NOV | M5: DEZ
A6: ABASTECIMENTO | B6: =SUM('Controle Central'!D4+'Controle Central'!K4+'Controle Central'!R4+'Controle Central'!Y4+'Controle Central'!D23+'Controle Central'!K23+'Controle Central'!R23+'Controle Central'!Y23+'Controle Central'!D42+'Controle Central'!K42+'Controle Central'!R42+'Controle Central'!Y42+'Controle Central'!D61+'Controle Central'!K61+'Controle Central'!R61+'Controle Central'!Y61+'Controle Central'!D80+'Controle Central'!K80+'Controle Central'!R80+'Controle Central'!Y80+'Controle Central'!D98+'Controle Central'!K98+'Controle Central'!R98+'Controle Central'!Y98+'Controle Central'!D116+'Controle Central'!K116+'Controle Central'!R116+'Controle Central'!Y116+'Controle Central'!D134+'Controle Central'!K134) -> 0 | C6: =SUM('Controle Central'!D5+'Controle Central'!K5+'Controle Central'!R5+'Controle Central'!Y5+'Controle Central'!D24+'Controle Central'!K24+'Controle Central'!R24+'Controle Central'!Y24+'Controle Central'!D43+'Controle Central'!K43+'Controle Central'!R43+'Controle Central'!Y43+'Controle Central'!D62+'Controle Central'!K62+'Controle Central'!R62+'Controle Central'!Y62+'Controle Central'!D81+'Controle Central'!K81+'Controle Central'!R81+'Controle Central'!D99+'Controle Central'!K99+'Controle Central'!R99+'Controle Central'!Y99+'Controle Central'!D117+'Controle Central'!K117+'Controle Central'!R117+'Controle Central'!Y117+'Controle Central'!D135+'Controle Central'!K135) -> 0 | D6: =SUM('Controle Central'!D6+'Controle Central'!K6+'Controle Central'!R6+'Controle Central'!Y6+'Controle Central'!D25+'Controle Central'!K25+'Controle Central'!R25+'Controle Central'!Y25+'Controle Central'!D44+'Controle Central'!K44+'Controle Central'!R44+'Controle Central'!Y44+'Controle Central'!D63+'Controle Central'!K63+'Controle Central'!R63+'Controle Central'!Y63+'Controle Central'!D82+'Controle Central'!K82+'Controle Central'!R82+'Controle Central'!Y82+'Controle Central'!D100+'Controle Central'!K100+'Controle Central'!R100+'Controle Central'!Y100+'Controle Central'!D118+'Controle Central'!K118+'Controle Central'!R118+'Controle Central'!Y118+'Controle Central'!D136+'Controle Central'!K136) -> 0 | E6: ='Controle Central'!D7+'Controle Central'!K7+'Controle Central'!R7+'Controle Central'!Y7+'Controle Central'!D26+'Controle Central'!K26+'Controle Central'!R26+'Controle Central'!Y26+'Controle Central'!D45+'Controle Central'!K45+'Controle Central'!R45+'Controle Central'!Y45+'Controle Central'!D64+'Controle Central'!K64+'Controle Central'!R64+'Controle Central'!D83+'Controle Central'!K83+'Controle Central'!R83+'Controle Central'!Y83+'Controle Central'!D101+'Controle Central'!K101+'Controle Central'!R101+'Controle Central'!Y101+'Controle Central'!D119+'Controle Central'!K119+'Controle Central'!R119+'Controle Central'!Y119+'Controle Central'!D137+'Controle Central'!K137 -> 1511.42 | F6: =SUM('Controle Central'!D8+'Controle Central'!K8+'Controle Central'!R8+'Controle Central'!Y8+'Controle Central'!D27+'Controle Central'!K27+'Controle Central'!R27+'Controle Central'!Y27+'Controle Central'!D46+'Controle Central'!K46+'Controle Central'!R46+'Controle Central'!Y46+'Controle Central'!D65+'Controle Central'!K65+'Controle Central'!R65+'Controle Central'!Y65+'Controle Central'!D84+'Controle Central'!K84+'Controle Central'!R84+'Controle Central'!Y84+'Controle Central'!D102+'Controle Central'!K102+'Controle Central'!R102+'Controle Central'!Y102+'Controle Central'!D120+'Controle Central'!K120+'Controle Central'!R120+'Controle Central'!Y120+'Controle Central'!D138+'Controle Central'!K138) -> 6032.75 | G6: =SUM('Controle Central'!D9+'Controle Central'!K9+'Controle Central'!R9+'Controle Central'!Y9+'Controle Central'!D28+'Controle Central'!K28+'Controle Central'!R28+'Controle Central'!Y28+'Controle Central'!D47+'Controle Central'!K47+'Controle Central'!R47+'Controle Central'!Y47+'Controle Central'!D66+'Controle Central'!K66+'Controle Central'!R66+'Controle Central'!Y66+'Controle Central'!D85+'Controle Central'!K85+'Controle Central'!R85+'Controle Central'!Y85+'Controle Central'!D103+'Controle Central'!K103+'Controle Central'!R103+'Controle Central'!Y103+'Controle Central'!D121+'Controle Central'!K121+'Controle Central'!R121+'Controle Central'!Y121+'Controle Central'!D139+'Controle Central'!K139) -> 6591.72 | H6: =SUM('Controle Central'!D10+'Controle Central'!K10+'Controle Central'!R10+'Controle Central'!Y10+'Controle Central'!D29+'Controle Central'!K29+'Controle Central'!R29+'Controle Central'!D48+'Controle Central'!K48+'Controle Central'!R48+'Controle Central'!Y48+'Controle Central'!D67+'Controle Central'!K67+'Controle Central'!R67+'Controle Central'!Y67+'Controle Central'!D86+'Controle Central'!K86+'Controle Central'!R86+'Controle Central'!Y86+'Controle Central'!D104+'Controle Central'!K104+'Controle Central'!R104+'Controle Central'!Y104+'Controle Central'!D122+'Controle Central'!K122+'Controle Central'!R122+'Controle Central'!Y122+'Controle Central'!D140+'Controle Central'!K140) -> 6249.96 | I6: =SUM('Controle Central'!D11+'Controle Central'!K11+'Controle Central'!R11+'Controle Central'!Y11+'Controle Central'!D30+'Controle Central'!K30+'Controle Central'!R30+'Controle Central'!Y30+'Controle Central'!D49+'Controle Central'!K49+'Controle Central'!R49+'Controle Central'!Y49+'Controle Central'!D68+'Controle Central'!K68+'Controle Central'!R68+'Controle Central'!Y68+'Controle Central'!D87+'Controle Central'!K87+'Controle Central'!R87+'Controle Central'!Y87+'Controle Central'!D105+'Controle Central'!K105+'Controle Central'!R105+'Controle Central'!Y105+'Controle Central'!D123+'Controle Central'!K123+'Controle Central'!R123+'Controle Central'!Y123+'Controle Central'!D141+'Controle Central'!K141) -> 6340.37 | J6: =SUM('Controle Central'!D12+'Controle Central'!K12+'Controle Central'!R12+'Controle Central'!Y12+'Controle Central'!D31+'Controle Central'!K31+'Controle Central'!R31+'Controle Central'!Y31+'Controle Central'!D50+'Controle Central'!K50+'Controle Central'!R50+'Controle Central'!Y50+'Controle Central'!D69+'Controle Central'!K69+'Controle Central'!R69+'Controle Central'!Y69+'Controle Central'!D88+'Controle Central'!K88+'Controle Central'!R88+'Controle Central'!Y88+'Controle Central'!D106+'Controle Central'!K106+'Controle Central'!R106+'Controle Central'!Y106+'Controle Central'!D124+'Controle Central'!K124+'Controle Central'!R124+'Controle Central'!Y124+'Controle Central'!D142+'Controle Central'!K142) -> 6726.59 | K6: =SUM('Controle Central'!D13+'Controle Central'!K13+'Controle Central'!R13+'Controle Central'!Y13+'Controle Central'!D32+'Controle Central'!K32+'Controle Central'!R32+'Controle Central'!Y32+'Controle Central'!D51+'Controle Central'!K51+'Controle Central'!R51+'Controle Central'!Y51+'Controle Central'!D70+'Controle Central'!K70+'Controle Central'!R70+'Controle Central'!Y70+'Controle Central'!D89+'Controle Central'!K89+'Controle Central'!R89+'Controle Central'!Y89+'Controle Central'!D107+'Controle Central'!K107+'Controle Central'!R107+'Controle Central'!Y107+'Controle Central'!D125+'Controle Central'!K125+'Controle Central'!R125+'Controle Central'!Y125+'Controle Central'!D143+'Controle Central'!K143) -> 11899.47 | L6: =SUM('Controle Central'!D14+'Controle Central'!K14+'Controle Central'!R14+'Controle Central'!Y14+'Controle Central'!D33+'Controle Central'!K33+'Controle Central'!R33+'Controle Central'!Y33+'Controle Central'!D52+'Controle Central'!K52+'Controle Central'!R52+'Controle Central'!Y52+'Controle Central'!D71+'Controle Central'!K71+'Controle Central'!R71+'Controle Central'!Y71+'Controle Central'!D90+'Controle Central'!K90+'Controle Central'!R90+'Controle Central'!Y90+'Controle Central'!D108+'Controle Central'!K108+'Controle Central'!R108+'Controle Central'!Y108+'Controle Central'!D126+'Controle Central'!K126+'Controle Central'!R126+'Controle Central'!Y126+'Controle Central'!D144+'Controle Central'!K144) -> 3917.66 | M6: =SUM('Controle Central'!D15+'Controle Central'!K15+'Controle Central'!R15+'Controle Central'!Y15+'Controle Central'!D34+'Controle Central'!K34+'Controle Central'!R34+'Controle Central'!Y34+'Controle Central'!D53+'Controle Central'!K53+'Controle Central'!R53+'Controle Central'!Y53+'Controle Central'!D72+'Controle Central'!K72+'Controle Central'!R72+'Controle Central'!Y72+'Controle Central'!D91+'Controle Central'!K91+'Controle Central'!R91+'Controle Central'!Y91+'Controle Central'!D109+'Controle Central'!K109+'Controle Central'!R109+'Controle Central'!Y109+'Controle Central'!D127+'Controle Central'!K127+'Controle Central'!R127+'Controle Central'!Y127+'Controle Central'!D145+'Controle Central'!K145) -> 3076.49
A8: LAVA_RAPIDO | B8: =SUM('Controle Central'!E4+'Controle Central'!L4+'Controle Central'!S4+'Controle Central'!Z4+'Controle Central'!E23+'Controle Central'!L23+'Controle Central'!S23+'Controle Central'!Z23+'Controle Central'!E42+'Controle Central'!L42+'Controle Central'!S42+'Controle Central'!Z42+'Controle Central'!E61+'Controle Central'!L61+'Controle Central'!S61+'Controle Central'!Z61+'Controle Central'!E80+'Controle Central'!L80+'Controle Central'!S80+'Controle Central'!Z80+'Controle Central'!E98+'Controle Central'!L98+'Controle Central'!S98+'Controle Central'!Z98+'Controle Central'!E116+'Controle Central'!L116+'Controle Central'!S116+'Controle Central'!Z116+'Controle Central'!E134+'Controle Central'!L134) -> 0 | C8: =SUM('Controle Central'!E5,'Controle Central'!L5,'Controle Central'!S5,'Controle Central'!Z5,'Controle Central'!E24,'Controle Central'!L24,'Controle Central'!S24,'Controle Central'!Z24,'Controle Central'!E43,'Controle Central'!L43,'Controle Central'!S43,'Controle Central'!Z43,'Controle Central'!E62,'Controle Central'!L62,'Controle Central'!S62,'Controle Central'!Z62,'Controle Central'!E81,'Controle Central'!L81,'Controle Central'!S81,'Controle Central'!Z81,'Controle Central'!E99,'Controle Central'!L99,'Controle Central'!S99,'Controle Central'!Z99,'Controle Central'!E117,'Controle Central'!L117,'Controle Central'!S117,'Controle Central'!Z117,'Controle Central'!E135,'Controle Central'!L135) -> 0 | D8: =SUM('Controle Central'!E6,'Controle Central'!L6,'Controle Central'!S6,'Controle Central'!Z6,'Controle Central'!E25,'Controle Central'!L25,'Controle Central'!S25,'Controle Central'!Z25,'Controle Central'!E44,'Controle Central'!L44,'Controle Central'!S44,'Controle Central'!Z44,'Controle Central'!E63,'Controle Central'!L63,'Controle Central'!S63,'Controle Central'!Z63,'Controle Central'!E82,'Controle Central'!L82,'Controle Central'!S82,'Controle Central'!Z82,'Controle Central'!E100,'Controle Central'!L100,'Controle Central'!S100,'Controle Central'!Z100,'Controle Central'!E118,'Controle Central'!L118,'Controle Central'!S118,'Controle Central'!Z118,'Controle Central'!E136,'Controle Central'!L136) -> 0 | E8: =SUM('Controle Central'!E7,'Controle Central'!L7,'Controle Central'!S7,'Controle Central'!Z7,'Controle Central'!E26,'Controle Central'!L26,'Controle Central'!S26,'Controle Central'!Z26,'Controle Central'!E45,'Controle Central'!L45,'Controle Central'!S45,'Controle Central'!Z45,'Controle Central'!E64,'Controle Central'!L64,'Controle Central'!S64,'Controle Central'!Z64,'Controle Central'!E83,'Controle Central'!L83,'Controle Central'!S83,'Controle Central'!Z83,'Controle Central'!E101,'Controle Central'!L101,'Controle Central'!S101,'Controle Central'!Z101,'Controle Central'!E119,'Controle Central'!L119,'Controle Central'!S119,'Controle Central'!Z119,'Controle Central'!E137,'Controle Central'!L137) -> 0 | F8: =SUM('Controle Central'!E8,'Controle Central'!L8,'Controle Central'!S8,'Controle Central'!Z8,'Controle Central'!E27,'Controle Central'!L27,'Controle Central'!S27,'Controle Central'!Z27,'Controle Central'!E46,'Controle Central'!L46,'Controle Central'!S46,'Controle Central'!Z46,'Controle Central'!E65,'Controle Central'!L65,'Controle Central'!S65,'Controle Central'!Z65,'Controle Central'!E84,'Controle Central'!L84,'Controle Central'!S84,'Controle Central'!Z84,'Controle Central'!E102,'Controle Central'!L102,'Controle Central'!S102,'Controle Central'!Z102,'Controle Central'!E120,'Controle Central'!L120,'Controle Central'!S120,'Controle Central'!Z120,'Controle Central'!E138,'Controle Central'!L138) -> 0 | G8: =SUM('Controle Central'!E9,'Controle Central'!L9,'Controle Central'!S9,'Controle Central'!Z9,'Controle Central'!E28,'Controle Central'!L28,'Controle Central'!S28,'Controle Central'!Z28,'Controle Central'!E47,'Controle Central'!L47,'Controle Central'!S47,'Controle Central'!Z47,'Controle Central'!E66,'Controle Central'!L66,'Controle Central'!S66,'Controle Central'!Z66,'Controle Central'!E85,'Controle Central'!L85,'Controle Central'!S85,'Controle Central'!Z85,'Controle Central'!E103,'Controle Central'!L103,'Controle Central'!S103,'Controle Central'!Z103,'Controle Central'!E121,'Controle Central'!L121,'Controle Central'!S121,'Controle Central'!Z121,'Controle Central'!E139+'Controle Central'!L139) -> 250 | H8: =SUM('Controle Central'!E10,'Controle Central'!L10,'Controle Central'!S10,'Controle Central'!Z10,'Controle Central'!E29,'Controle Central'!L29,'Controle Central'!S29,'Controle Central'!Z29,'Controle Central'!E48,'Controle Central'!L48,'Controle Central'!S48,'Controle Central'!Z48,'Controle Central'!E67,'Controle Central'!L67,'Controle Central'!S67,'Controle Central'!Z67,'Controle Central'!E86,'Controle Central'!L86,'Controle Central'!S86,'Controle Central'!Z86,'Controle Central'!E104,'Controle Central'!L104,'Controle Central'!S104,'Controle Central'!Z104,'Controle Central'!E122,'Controle Central'!L122,'Controle Central'!S122,'Controle Central'!Z122,'Controle Central'!E140,'Controle Central'!L140) -> 550 | I8: =SUM('Controle Central'!L11,'Controle Central'!S11,'Controle Central'!E11,'Controle Central'!Z11,'Controle Central'!Z30,'Controle Central'!S30,'Controle Central'!L30,'Controle Central'!E30,'Controle Central'!E49,'Controle Central'!L49,'Controle Central'!S49,'Controle Central'!Z49,'Controle Central'!Z68,'Controle Central'!S68,'Controle Central'!L68,'Controle Central'!E68,'Controle Central'!E87,'Controle Central'!L87,'Controle Central'!S87,'Controle Central'!Z87,'Controle Central'!Z105,'Controle Central'!Z123,'Controle Central'!S105,'Controle Central'!S123,'Controle Central'!L123,'Controle Central'!L105,'Controle Central'!E123,'Controle Central'!E105,'Controle Central'!E141,'Controle Central'!L141) -> 300 | J8: =SUM('Controle Central'!E12,'Controle Central'!E31,'Controle Central'!L12,'Controle Central'!L31,'Controle Central'!S12,'Controle Central'!S31,'Controle Central'!Z12,'Controle Central'!Z31,'Controle Central'!Z50,'Controle Central'!Z69,'Controle Central'!S50,'Controle Central'!S69,'Controle Central'!L50,'Controle Central'!L69,'Controle Central'!E50,'Controle Central'!E69,'Controle Central'!E88,'Controle Central'!E106,'Controle Central'!L88,'Controle Central'!L106,'Controle Central'!S88,'Controle Central'!S106,'Controle Central'!Z88,'Controle Central'!Z106,'Controle Central'!Z124,'Controle Central'!S124,'Controle Central'!L124,'Controle Central'!E124,'Controle Central'!E142,'Controle Central'!L142) -> 400 | K8: =SUM('Controle Central'!E13,'Controle Central'!L13,'Controle Central'!E32,'Controle Central'!L32,'Controle Central'!S13,'Controle Central'!S32,'Controle Central'!Z13,'Controle Central'!Z32,'Controle Central'!Z51,'Controle Central'!Z70,'Controle Central'!S51,'Controle Central'!S70,'Controle Central'!L51,'Controle Central'!L70,'Controle Central'!E51,'Controle Central'!E70,'Controle Central'!E89,'Controle Central'!E107,'Controle Central'!L89,'Controle Central'!L107,'Controle Central'!S89,'Controle Central'!S107,'Controle Central'!Z107,'Controle Central'!Z89,'Controle Central'!Z125,'Controle Central'!S125,'Controle Central'!L143,'Controle Central'!L125,'Controle Central'!E125,'Controle Central'!E143) -> 200 | L8: =SUM('Controle Central'!E14,'Controle Central'!E33,'Controle Central'!L14,'Controle Central'!L33,'Controle Central'!S14,'Controle Central'!S33,'Controle Central'!Z14,'Controle Central'!Z33,'Controle Central'!Z52,'Controle Central'!Z71,'Controle Central'!S52,'Controle Central'!S71,'Controle Central'!L52,'Controle Central'!L71,'Controle Central'!E52,'Controle Central'!E71,'Controle Central'!E90,'Controle Central'!E108,'Controle Central'!L90,'Controle Central'!L108,'Controle Central'!S90,'Controle Central'!S108,'Controle Central'!Z90,'Controle Central'!Z108,'Controle Central'!Z126,'Controle Central'!S126,'Controle Central'!L126,'Controle Central'!L144,'Controle Central'!E126,'Controle Central'!E144) -> 0 | M8: =SUM('Controle Central'!E15,'Controle Central'!E34,'Controle Central'!L15,'Controle Central'!L34,'Controle Central'!S15,'Controle Central'!S34,'Controle Central'!Z15,'Controle Central'!Z34,'Controle Central'!Z53,'Controle Central'!Z72,'Controle Central'!S53,'Controle Central'!S72,'Controle Central'!L53,'Controle Central'!L72,'Controle Central'!E53,'Controle Central'!E72,'Controle Central'!E91,'Controle Central'!E109,'Controle Central'!L91,'Controle Central'!L109,'Controle Central'!S91,'Controle Central'!S109,'Controle Central'!Z91,'Controle Central'!Z109,'Controle Central'!Z127,'Controle Central'!S127,'Controle Central'!L127,'Controle Central'!E127,'Controle Central'!E145,'Controle Central'!L145) -> 0
A10: BORRACHARIA | B10: =SUM('Controle Central'!F4,'Controle Central'!M4,'Controle Central'!M23,'Controle Central'!F23,'Controle Central'!T4,'Controle Central'!T23,'Controle Central'!AA4,'Controle Central'!AA23,'Controle Central'!AA61,'Controle Central'!AA42,'Controle Central'!T42,'Controle Central'!M42,'Controle Central'!M61,'Controle Central'!F61,'Controle Central'!F42,'Controle Central'!F98,'Controle Central'!F80,'Controle Central'!M80,'Controle Central'!M98,'Controle Central'!T80,'Controle Central'!T98,'Controle Central'!AA80,'Controle Central'!AA98,'Controle Central'!AA116,'Controle Central'!T116,'Controle Central'!M116,'Controle Central'!F116,'Controle Central'!F134,'Controle Central'!M134) -> 0 | C10: =SUM('Controle Central'!F5,'Controle Central'!F24,'Controle Central'!M5,'Controle Central'!M24,'Controle Central'!T24,'Controle Central'!T5,'Controle Central'!AA5,'Controle Central'!AA24,'Controle Central'!AA43,'Controle Central'!AA62,'Controle Central'!T43,'Controle Central'!T62,'Controle Central'!M43,'Controle Central'!M62,'Controle Central'!F43,'Controle Central'!F62,'Controle Central'!F81,'Controle Central'!F99,'Controle Central'!M99,'Controle Central'!M81,'Controle Central'!T99,'Controle Central'!T81,'Controle Central'!AA81,'Controle Central'!AA99,'Controle Central'!AA117,'Controle Central'!T117,'Controle Central'!M117,'Controle Central'!F117,'Controle Central'!F135,'Controle Central'!M135) -> 0 | D10: =SUM('Controle Central'!F6,'Controle Central'!F25,'Controle Central'!M6,'Controle Central'!M25,'Controle Central'!T6,'Controle Central'!T25,'Controle Central'!AA25,'Controle Central'!AA6,'Controle Central'!AA44,'Controle Central'!AA63,'Controle Central'!T63,'Controle Central'!T44,'Controle Central'!M44,'Controle Central'!M63,'Controle Central'!F63,'Controle Central'!F44,'Controle Central'!F82,'Controle Central'!F100,'Controle Central'!M100,'Controle Central'!M82,'Controle Central'!T82,'Controle Central'!T100,'Controle Central'!AA100,'Controle Central'!AA82,'Controle Central'!AA118,'Controle Central'!T118,'Controle Central'!M118,'Controle Central'!M136,'Controle Central'!F118,'Controle Central'!F136) -> 0 | E10: =SUM('Controle Central'!F7,'Controle Central'!F26,'Controle Central'!M26,'Controle Central'!M7,'Controle Central'!T7,'Controle Central'!T26,'Controle Central'!AA7,'Controle Central'!AA26,'Controle Central'!AA45,'Controle Central'!T45,'Controle Central'!AA64,'Controle Central'!T64,'Controle Central'!M45,'Controle Central'!M64,'Controle Central'!F45,'Controle Central'!F64,'Controle Central'!F83,'Controle Central'!F101,'Controle Central'!M83,'Controle Central'!M101,'Controle Central'!T83,'Controle Central'!T101,'Controle Central'!AA83,'Controle Central'!AA101,'Controle Central'!AA119,'Controle Central'!T119,'Controle Central'!M119,'Controle Central'!M137,'Controle Central'!F137,'Controle Central'!F119) -> 0 | F10: =SUM('Controle Central'!F8,'Controle Central'!F27,'Controle Central'!M8,'Controle Central'!M27,'Controle Central'!T8,'Controle Central'!T27,'Controle Central'!AA27,'Controle Central'!AA8,'Controle Central'!AA46,'Controle Central'!AA65,'Controle Central'!T46,'Controle Central'!T65,'Controle Central'!M65,'Controle Central'!M46,'Controle Central'!F46,'Controle Central'!F65,'Controle Central'!F84,'Controle Central'!F102,'Controle Central'!M84,'Controle Central'!M102,'Controle Central'!T84,'Controle Central'!T102,'Controle Central'!AA84,'Controle Central'!AA102,'Controle Central'!AA120,'Controle Central'!T120,'Controle Central'!M120,'Controle Central'!M138,'Controle Central'!F120,'Controle Central'!F138) -> 0 | G10: =SUM('Controle Central'!F9,'Controle Central'!F28,'Controle Central'!M9,'Controle Central'!M28,'Controle Central'!T9,'Controle Central'!T28,'Controle Central'!AA9,'Controle Central'!AA28,'Controle Central'!AA47,'Controle Central'!AA66,'Controle Central'!T47,'Controle Central'!T66,'Controle Central'!M47,'Controle Central'!M66,'Controle Central'!F47,'Controle Central'!F66,'Controle Central'!F85,'Controle Central'!F103,'Controle Central'!M85,'Controle Central'!M103,'Controle Central'!T85,'Controle Central'!T103,'Controle Central'!AA85,'Controle Central'!AA103,'Controle Central'!AA121,'Controle Central'!T121,'Controle Central'!M121,'Controle Central'!M139,'Controle Central'!F139) -> 0 | H10: =SUM('Controle Central'!F10,'Controle Central'!F29,'Controle Central'!M10,'Controle Central'!M29,'Controle Central'!T10,'Controle Central'!T29,'Controle Central'!AA10,'Controle Central'!AA29,'Controle Central'!AA48,'Controle Central'!T48,'Controle Central'!AA67,'Controle Central'!T67,'Controle Central'!M48,'Controle Central'!M67,'Controle Central'!F48,'Controle Central'!F67,'Controle Central'!F86,'Controle Central'!F104,'Controle Central'!M104,'Controle Central'!M86,'Controle Central'!T86,'Controle Central'!T104,'Controle Central'!AA86,'Controle Central'!AA104,'Controle Central'!AA122,'Controle Central'!T122,'Controle Central'!M122,'Controle Central'!M140,'Controle Central'!F122,'Controle Central'!F140) -> 0 | I10: =SUM('Controle Central'!F11,'Controle Central'!F30,'Controle Central'!M11,'Controle Central'!M30,'Controle Central'!T11,'Controle Central'!T30,'Controle Central'!AA11,'Controle Central'!AA30,'Controle Central'!AA49,'Controle Central'!AA68,'Controle Central'!T49,'Controle Central'!T68,'Controle Central'!M49,'Controle Central'!M68,'Controle Central'!F68,'Controle Central'!F49,'Controle Central'!F87,'Controle Central'!F105,'Controle Central'!M87,'Controle Central'!M105,'Controle Central'!T87,'Controle Central'!T105,'Controle Central'!AA87,'Controle Central'!AA105,'Controle Central'!AA123,'Controle Central'!T123,'Controle Central'!M123,'Controle Central'!M141,'Controle Central'!F123,'Controle Central'!F141) -> 0 | J10: =SUM('Controle Central'!F12,'Controle Central'!F31,'Controle Central'!M12,'Controle Central'!M31,'Controle Central'!T12,'Controle Central'!T31,'Controle Central'!AA12,'Controle Central'!AA31,'Controle Central'!AA50,'Controle Central'!T50,'Controle Central'!T69,'Controle Central'!AA69,'Controle Central'!M50,'Controle Central'!M69,'Controle Central'!F69,'Controle Central'!F50,'Controle Central'!F88,'Controle Central'!F106,'Controle Central'!M88,'Controle Central'!M106,'Controle Central'!T88,'Controle Central'!T106,'Controle Central'!AA88,'Controle Central'!AA106,'Controle Central'!AA124,'Controle Central'!T124,'Controle Central'!M124,'Controle Central'!F124,'Controle Central'!F142,'Controle Central'!M142) -> 0 | K10: =SUM('Controle Central'!F13,'Controle Central'!F32,'Controle Central'!M13,'Controle Central'!M32,'Controle Central'!T13,'Controle Central'!T32,'Controle Central'!AA13,'Controle Central'!AA32,'Controle Central'!AA51,'Controle Central'!T51,'Controle Central'!T70,'Controle Central'!AA70,'Controle Central'!M51,'Controle Central'!M70,'Controle Central'!F70,'Controle Central'!F51,'Controle Central'!F89,'Controle Central'!F107,'Controle Central'!M89,'Controle Central'!M107,'Controle Central'!T89,'Controle Central'!T107,'Controle Central'!AA107,'Controle Central'!AA89,'Controle Central'!AA125,'Controle Central'!T125,'Controle Central'!M125,'Controle Central'!F125,'Controle Central'!F143,'Controle Central'!M143) -> 0 | L10: =SUM('Controle Central'!F14,'Controle Central'!M14,'Controle Central'!F33,'Controle Central'!M33,'Controle Central'!T14,'Controle Central'!T33,'Controle Central'!AA33,'Controle Central'!AA14,'Controle Central'!AA52,'Controle Central'!T52,'Controle Central'!M52,'Controle Central'!M71,'Controle Central'!T71,'Controle Central'!AA71,'Controle Central'!AA90,'Controle Central'!T90,'Controle Central'!M90,'Controle Central'!F90,'Controle Central'!F108,'Controle Central'!F126,'Controle Central'!M108,'Controle Central'!M126,'Controle Central'!T108,'Controle Central'!T126,'Controle Central'!AA108,'Controle Central'!AA126,'Controle Central'!M144,'Controle Central'!F144) -> 0 | M10: =SUM('Controle Central'!F15,'Controle Central'!F34,'Controle Central'!M15,'Controle Central'!M34,'Controle Central'!T15,'Controle Central'!T34,'Controle Central'!AA15,'Controle Central'!AA34,'Controle Central'!AA53,'Controle Central'!T53,'Controle Central'!AA72,'Controle Central'!T72,'Controle Central'!M53,'Controle Central'!F53,'Controle Central'!F72,'Controle Central'!M72,'Controle Central'!F91,'Controle Central'!F109,'Controle Central'!M91,'Controle Central'!M109,'Controle Central'!T91,'Controle Central'!T109,'Controle Central'!AA91,'Controle Central'!AA109,'Controle Central'!AA127,'Controle Central'!T127,'Controle Central'!M127,'Controle Central'!M145,'Controle Central'!F127,'Controle Central'!F145) -> 0
B14: JAN | C14: FEV | D14: MAR | E14: ABR | F14: MAI | G14: JUN | H14: JUL | I14: AGO | J14: SET | K14: OUT | L14: NOV | M14: DEZ
A15: Medição
A17: Contrato de Locação
A19: Lucro Car's | B19: =B15-B17 -> 0 | C19: =C15-C17 -> 0 | D19: =D15-D17 -> 0 | E19: =E15-E17 -> 0 | F19: =F15-F17 -> 0 | G19: =G15-G17 -> 0 | H19: =H15-H17 -> 0 | I19: =I15-I17 -> 0 | ... M19: =M15-M17 -> 0

Sheet Controle Central
B2: Carlos Eduardo km contratado 6000 | I2: Eliomar km contratado 5000 | P2: André km contrato 4500 | W2: Jairo km contratado 4500
B3: KM RODADO | C3: KM MENSAL | D3: ABASTECIMENTO | E3: LAVA_RAPIDO | F3: BORRACHARIA | I3: KM RODADO | J3: KM MENSAL | K3: ABASTECIMENTO | L3: LAVA_RAPIDO | M3: BORRACHARIA | P3: KM RODADO | Q3: KM MENSAL | R3: ABASTECIMENTO | S3: LAVA_RAPIDO | T3: BORRACHARIA | W3: KM RODADO | X3: KM MENSAL | Y3: ABASTECIMENTO | Z3: LAVA_RAPIDO | AA3: BORRACHARIA
A4: JAN | C4: 0 | D4: 0 | E4: 0 | F4: 0 | H4: JAN | I4: 0 | J4: 5000 | K4: 0 | L4: 0 | M4: 0 | O4: JAN | P4: 0 | Q4: 4500 | R4: 0 | S4: 0 | T4: 0 | V4: JAN | W4: 0 | X4: 4500 | Y4: 0 | Z4: 0 | AA4: 0
A5: FEV | B5: ='Jonatas-Devol '!H11 -> 0 | C5: =SUM(6000-B5) -> 6000 | D5: ='Jonatas-Devol '!U12 -> 0 | E5: ='Jonatas-Devol '!AC12 -> 0 | F5: ='Jonatas-Devol '!AK12 -> 0 | H5: FEV | I5: ='Eliomar-Desmob'!H11 -> 0 | J5: =SUM(5000-I5) -> 5000 | K5: ='Eliomar-Desmob'!U12 -> 0 | L5: ='Eliomar-Desmob'!AC12 -> 0 | M5: ='Eliomar-Desmob'!AK12 -> 0 | O5: FEV | P5: ='Filipe-Desmob'!H11 -> 0 | Q5: 4500 | R5: ='Filipe-Desmob'!U12 -> 0 | S5: ='Filipe-Desmob'!AI12 -> 0 | T5: ='Filipe-Desmob'!AR12 -> 0 | V5: FEV | W5: ='Jairo - Desmob'!H11 -> 0 | X5: 4500 | Y5: ='Jairo - Desmob'!U12 -> 0 | Z5: ='Jairo - Desmob'!AI12 -> 0 | AA5: ='Jairo - Desmob'!AR12 -> 0
A6: MAR | B6: ='Jonatas-Devol '!H15 -> 0 | C6: =SUM(6000-B6) -> 6000 | D6: ='Jonatas-Devol '!U16 -> 0 | E6: ='Jonatas-Devol '!AC16 -> 0 | F6: ='Jonatas-Devol '!AK16 -> 0 | H6: MAR | I6: ='Eliomar-Desmob'!H15 -> 0 | J6: =SUM(5000-I6) -> 5000 | K6: ='Eliomar-Desmob'!U16 -> 0 | L6: ='Eliomar-Desmob'!AC16 -> 0 | M6: ='Eliomar-Desmob'!AK16 -> 0 | O6: MAR | P6: ='Filipe-Desmob'!H15 -> 0 | Q6: 4500 | R6: ='Filipe-Desmob'!U16 -> 0 | S6: ='Filipe-Desmob'!AI16 -> 0 | T6: ='Filipe-Desmob'!AR16 -> 0 | V6: MAR | W6: ='Jairo - Desmob'!H15 -> 0 | X6: 4500 | Y6: ='Jairo - Desmob'!U16 -> 0 | Z6: ='Jairo - Desmob'!AI16 -> 0 | AA6: ='Jairo - Desmob'!AR16 -> 0
A7: ABR | B7: ='Jonatas-Devol '!H19 -> 1113 | C7: =SUM(6000-B7) -> 4887 | D7: ='Jonatas-Devol '!U20 -> 617.7 | E7: ='Jonatas-Devol '!AC20 -> 0 | F7: ='Jonatas-Devol '!AK20 -> 0 | H7: ABR | I7: ='Eliomar-Desmob'!H19 -> 1449 | J7: =SUM(5000-I7) -> 3551 | K7: ='Eliomar-Desmob'!U20 -> 893.72 | L7: ='Eliomar-Desmob'!AC20 -> 0 | M7: ='Eliomar-Desmob'!AK20 -> 0 | O7: ABR | P7: ='Filipe-Desmob'!H19 -> 0 | Q7: 4500 | R7: ='Filipe-Desmob'!U20 -> 0 | S7: ='Filipe-Desmob'!AI20 -> 0 | T7: ='Filipe-Desmob'!AR20 -> 0 | V7: ABR | W7: ='Jairo - Desmob'!H19 -> 0 | X7: 4500 | Y7: ='Jairo - Desmob'!Z20 -> 0 | Z7: ='Jairo - Desmob'!AI20 -> 0 | AA7: ='Jairo - Desmob'!AR20 -> 0
A8: MAI | B8: ='Jonatas-Devol '!H23 -> 240 | C8: =SUM(6000-B8) -> 5760 | D8: ='Jonatas-Devol '!U24 -> 926.06 | E8: ='Jonatas-Devol '!AC24 -> 0 | F8: ='Jonatas-Devol '!AK24 -> 0 | H8: MAI | I8: ='Eliomar-Desmob'!H23 -> 1074 | J8: =SUM(5000-I8) -> 3926 | K8: ='Eliomar-Desmob'!U24 -> 599.76 | L8: ='Eliomar-Desmob'!AC24 -> 0 | M8: ='Eliomar-Desmob'!AK24 -> 0 | O8: MAI | P8: ='Filipe-Desmob'!H23 -> 3121 | Q8: =SUM(4500-P8) -> 1379 | R8: ='Filipe-Desmob'!U24 -> 1344.6 | S8: ='Filipe-Desmob'!AI24 -> 0 | T8: ='Filipe-Desmob'!AR24 -> 0 | V8: MAI | W8: ='Jairo - Desmob'!H23 -> 1210 | X8: 4500 | Y8: ='Jairo - Desmob'!U24 -> 628.9 | Z8: ='Jairo - Desmob'!AI24 -> 0 | AA8: ='Jairo - Desmob'!AR24 -> 0
A9: JUN | B9: ='Jonatas-Devol '!H27 -> 1103 | C9: =SUM(6000-B9) -> 4897 | D9: ='Jonatas-Devol '!U28 -> 401.35 | E9: ='Jonatas-Devol '!AC28 -> 50 | F9: ='Jonatas-Devol '!AK28 -> 0 | H9: JUN | I9: ='Eliomar-Desmob'!H27 -> 1640 | J9: =SUM(5000-I9) -> 3360 | K9: ='Eliomar-Desmob'!U28 -> 803.25 | L9: ='Eliomar-Desmob'!AC28 -> 50 | M9: ='Jonatas-Devol '!AK28 -> 0 | O9: JUN | P9: ='Filipe-Desmob'!H27 -> 3391 | Q9: 4500 | R9: ='Filipe-Desmob'!U28 -> 1813.12 | S9: ='Filipe-Desmob'!AI28 -> 0 | T9: ='Filipe-Desmob'!AR28 -> 0 | V9: JUN | W9: ='Jairo - Desmob'!H27 -> 1213 | X9: 4500 | Y9: ='Jairo - Desmob'!U28 -> 690.93 | Z9: ='Jairo - Desmob'!AI28 -> 0 | AA9: ='Jairo - Desmob'!AR28 -> 0
A10: JUL | B10: ='Jonatas-Devol '!H31 -> 2070 | C10: =SUM(6000-B10) -> 3930 | D10: ='Jonatas-Devol '!U32 -> 697.91 | E10: ='Jonatas-Devol '!AC32 -> 100 | F10: ='Jonatas-Devol '!AK32 -> 0 | H10: JUL | I10: ='Eliomar-Desmob'!H31 -> 876 | J10: =SUM(5000-I10) -> 4124 | K10: ='Eliomar-Desmob'!U32 -> 584.74 | L10: ='Eliomar-Desmob'!AC32 -> 100 | M10: ='Eliomar-Desmob'!AK32 -> 0 | O10: JUL | P10: ='Filipe-Desmob'!H31 -> 3720 | Q10: 4500 | R10: ='Filipe-Desmob'!U32 -> 1813.41 | S10: ='Filipe-Desmob'!AI32 -> 0 | T10: ='Filipe-Desmob'!AR32 -> 0 | V10: JUL | W10: ='Jairo - Desmob'!H31 -> 1223 | X10: 4500 | Y10: ='Jairo - Desmob'!Z32 -> 0 | Z10: ='Jairo - Desmob'!AI32 -> 0 | AA10: ='Jairo - Desmob'!AR32 -> 0
A11: AGO | B11: ='Jonatas-Devol '!H35 -> 1825 | C11: =SUM(6000-B11) -> 4175 | D11: ='Jonatas-Devol '!U36 -> 1429.48 | E11: ='Jonatas-Devol '!AC36 -> 100 | F11: ='Jonatas-Devol '!AK36 -> 0 | H11: AGO | I11: ='Eliomar-Desmob'!H35 -> 1406 | J11: =SUM(5000-I11) -> 3594 | K11: ='Eliomar-Desmob'!U36 -> 865.11 | L11: ='Eliomar-Desmob'!AC36 -> 100 | M11: ='Eliomar-Desmob'!AK36 -> 0 | O11: AGO | P11: ='Filipe-Desmob'!H35 -> 3285 | Q11: 4500 | R11: ='Filipe-Desmob'!U36 -> 1784.36 | S11: ='Filipe-Desmob'!AI36 -> 0 | T11: ='Filipe-Desmob'!AR36 -> 0 | V11: AGO | W11: ='Jairo - Desmob'!H35 -> 0 | X11: 4500 | Y11: ='Jairo - Desmob'!Z36 -> 0 | Z11: ='Jairo - Desmob'!AI36 -> 0 | AA11: ='Jairo - Desmob'!AR36 -> 0
A12: SET | B12: ='Jonatas-Devol '!H39 -> 2540 | C12: =SUM(6000-B12) -> 3460 | D12: ='Jonatas-Devol '!U40 -> 1743.24 | E12: ='Jonatas-Devol '!AC40 -> 100 | F12: ='Jonatas-Devol '!AK40 -> 0 | H12: SET | I12: ='Eliomar-Desmob'!H39 -> 2427 | J12: =SUM(5000-I12) -> 2573 | K12: ='Eliomar-Desmob'!U40 -> 701.01 | L12: ='Eliomar-Desmob'!AC40 -> 100 | M12: ='Eliomar-Desmob'!AK40 -> 0 | O12: SET | P12: ='Filipe-Desmob'!H35 -> 3285 | Q12: 4500 | R12: ='Filipe-Desmob'!U40 -> 1006.83 | S12: ='Filipe-Desmob'!AI40 -> 0 | T12: ='Filipe-Desmob'!AR40 -> 0 | V12: SET | W12: ='Jairo - Desmob'!H39 -> 0 | X12: 4500 | Y12: ='Jairo - Desmob'!Z40 -> 0 | Z12: ='Jairo - Desmob'!AI40 -> 0 | AA12: ='Jairo - Desmob'!AR40 -> 0
A13: OUT | B13: ='Jonatas-Devol '!H43 -> 3769 | C13: =SUM(6000-B13) -> 2231 | D13: ='Jonatas-Devol '!U44 -> 2380.29 | E13: ='Jonatas-Devol '!AC44 -> 50 | F13: ='Jonatas-Devol '!AK44 -> 0 | H13: OUT | I13: ='Eliomar-Desmob'!H43 -> 1559 | J13: =SUM(5000-I13) -> 3441 | K13: ='Eliomar-Desmob'!U44 -> 1041.17 | L13: ='Eliomar-Desmob'!AC44 -> 50 | M13: ='Eliomar-Desmob'!AK44 -> 0 | O13: OUT | P13: ='Filipe-Desmob'!H39 -> 1176 | Q13: 4500 | R13: ='Filipe-Desmob'!U44 -> 1146.91 | S13: ='Filipe-Desmob'!AI44 -> 0 | T13: ='Filipe-Desmob'!AR44 -> 0 | V13: OUT | W13: ='Jairo - Desmob'!H43 -> 0 | X13: 4500 | Y13: ='Jairo - Desmob'!Z44 -> 0 | Z13: ='Jairo - Desmob'!AI44 -> 0 | AA13: ='Jairo - Desmob'!AR44 -> 0
A14: NOV | B14: ='Jonatas-Devol '!H47 -> 3220 | C14: =SUM(6000-B14) -> 2780 | D14: ='Jonatas-Devol '!U48 -> 743.84 | E14: ='Jonatas-Devol '!AC48 -> 0 | F14: ='Jonatas-Devol '!AK48 -> 0 | H14: NOV | I14: ='Eliomar-Desmob'!H47 -> 1335 | J14: =SUM(5000-I14) -> 3665 | K14: ='Eliomar-Desmob'!U48 -> 538.31 | L14: ='Eliomar-Desmob'!AC48 -> 0 | M14: ='Eliomar-Desmob'!AK48 -> 0 | O14: NOV | P14: ='Filipe-Desmob'!H43 -> 1641 | Q14: 4500 | R14: ='Filipe-Desmob'!U48 -> 571.58 | S14: ='Filipe-Desmob'!AI48 -> 0 | T14: ='Filipe-Desmob'!AR48 -> 0 | V14: NOV | W14: ='Jairo - Desmob'!H47 -> 0 | X14: 4500 | Y14: ='Jairo - Desmob'!Z48 -> 0 | Z14: ='Jairo - Desmob'!AI48 -> 0 | AA14: ='Jairo - Desmob'!AR48 -> 0
A15: DEZ | B15: ='Jonatas-Devol '!H51 -> 2730 | C15: =SUM(6000-B15) -> 3270 | D15: ='Jonatas-Devol '!U52 -> 555.46 | E15: ='Jonatas-Devol '!AC52 -> 0 | F15: ='Jonatas-Devol '!AK52 -> 0 | H15: DEZ | I15: ='Eliomar-Desmob'!H51 -> 1180 | J15: =SUM(5000-I15) -> 3820 | K15: ='Eliomar-Desmob'!U52 -> 255.84 | L15: ='Eliomar-Desmob'!AC48 -> 0 | M15: ='Eliomar-Desmob'!AK48 -> 0 | O15: DEZ | P15: ='Filipe-Desmob'!H47 -> 0 | Q15: 4500 | R15: ='Filipe-Desmob'!U52 -> 0 | S15: ='Filipe-Desmob'!AI48 -> 0 | T15: ='Filipe-Desmob'!AR52 -> 0 | V15: DEZ | W15: ='Jairo - Desmob'!H51 -> 0 | X15: 4500 | Y15: ='Jairo - Desmob'!Z52 -> 0 | Z15: ='Jairo - Desmob'!AI52 -> 0 | AA15: ='Jairo - Desmob'!AR52 -> 0
A17: TOTAL | B17: =SUM(B4:B15) -> 18610 | D17: =SUM(D4:D15) -> 9495.33 | E17: =SUM(E4:E15) -> 400 | F17: =SUM(F4:F15) -> 0 | H17: TOTAL | I17: =SUM(I4:I15) -> 12946 | K17: =SUM(K4:K15) -> 6282.91 | L17: =SUM(L4:L15) -> 400 | M17: =SUM(M4:M15) -> 0 | O17: TOTAL | P17: =SUM(P4:P15) -> 19619 | R17: =SUM(R4:R15) -> 9480.81 | S17: =SUM(S4:S15) -> 0 | T17: =SUM(T4:T15) -> 0 | V17: TOTAL | W17: =SUM(W4:W15) -> 3646 | Y17: =SUM(Y4:Y15) -> 1319.83 | Z17: =SUM(Z4:Z15) -> 0 | AA17: =SUM(AA4:AA15) -> 0
A18: SALDO KM | B18: =SUM(72000-B17) -> 53390 | H18: SALDO KM | I18: =SUM(54000-I17) -> 41054 | O18: SALDO KM | P18: =SUM(54000-P17) -> 34381 | V18: SALDO KM | W18: =SUM(54000-W17) -> 50354
B21: Eric km contratado 4500 | I21: Jonatas | P21: Rogerio | W21: Filipe
B22: KM RODADO | C22: KM MENSAL | D22: ABASTECIMENTO | E22: LAVA_RAPIDO | F22: BORRACHARIA | I22: KM RODADO | J22: KM MENSAL | K22: ABASTECIMENTO | L22: LAVA_RAPIDO | M22: BORRACHARIA | P22: KM RODADO | Q22: KM MENSAL | R22: ABASTECIMENTO | S22: LAVA_RAPIDO | T22: BORRACHARIA | W22: KM RODADO | X22: KM MENSAL | Y22: ABASTECIMENTO | Z22: LAVA_RAPIDO | AA22: BORRACHARIA
A23: JAN | B23: 0 | C23: 4500 | D23: 0 | E23: 0 | F23: 0 | H23: JAN | J23: 0 | K23: 0 | L23: 0 | M23: 0 | O23: JAN | Q23: 0 | R23: 0 | S23: 0 | T23: 0 | V23: JAN | X23: 0 | Y23: 0 | Z23: 0 | AA23: 0
A24: FEV | B24: =' Eric - Desmob'!H11 -> 0 | C24: 4500 | D24: =' Eric - Desmob'!U12 -> 0 | E24: =' Eric - Desmob'!AC12 -> 0 | F24: =' Eric - Desmob'!AK12 -> 0 | H24: FEV | I24: ='Carlos Eduardo - Desmob'!H11 -> 0 | J24: =SUM(5000-I24) -> 5000 | K24: ='Carlos Eduardo - Desmob'!U12 -> 0 | L24: ='Carlos Eduardo - Desmob'!AC12 -> 0 | M24: ='Carlos Eduardo - Desmob'!AK12 -> 0 | O24: FEV | P24: ='Rogerio - Devol'!H11 -> 0 | Q24: =SUM(5000-P24) -> 5000 | R24: ='Rogerio - Devol'!U12 -> 0 | S24: ='Rogerio - Devol'!AC12 -> 0 | T24: ='Rogerio - Devol'!AK12 -> 0 | V24: FEV | W24: ='Filipe - Desmob'!H11 -> 0 | X24: =SUM(5000-W24) -> 5000 | Y24: ='Filipe - Desmob'!U12 -> 0 | Z24: ='Filipe - Desmob'!AE12 -> 0 | AA24: ='Filipe - Desmob'!AN12 -> 0
A25: MAR | B25: =' Eric - Desmob'!H15 -> 0 | C25: 4500 | D25: =' Eric - Desmob'!U16 -> 0 | E25: =' Eric - Desmob'!AC16 -> 0 | F25: =' Eric - Desmob'!AK16 -> 0 | H25: MAR | I25: ='Carlos Eduardo - Desmob'!H15 -> 0 | J25: =SUM(5000-I25) -> 5000 | K25: ='Carlos Eduardo - Desmob'!U16 -> 0 | L25: ='Carlos Eduardo - Desmob'!AC16 -> 0 | M25: ='Carlos Eduardo - Desmob'!AK16 -> 0 | O25: MAR | P25: ='Rogerio - Devol'!H15 -> 0 | Q25: =SUM(5000-P25) -> 5000 | R25: ='Rogerio - Devol'!U16 -> 0 | S25: ='Rogerio - Devol'!AC16 -> 0 | T25: ='Rogerio - Devol'!AK16 -> 0 | V25: MAR | W25: ='Filipe - Desmob'!H15 -> 0 | X25: =SUM(5000-W25) -> 5000 | Y25: ='Filipe - Desmob'!U16 -> 0 | Z25: ='Filipe - Desmob'!AE16 -> 0 | AA25: ='Filipe - Desmob'!AN16 -> 0
A26: ABR | B26: =' Eric - Desmob'!H19 -> 0 | C26: 4500 | D26: =' Eric - Desmob'!U20 -> 0 | E26: =' Eric - Desmob'!AC20 -> 0 | F26: =' Eric - Desmob'!AK20 -> 0 | H26: ABR | I26: ='Carlos Eduardo - Desmob'!H19 -> 0 | J26: =SUM(5000-I26) -> 5000 | K26: ='Carlos Eduardo - Desmob'!U20 -> 0 | L26: ='Carlos Eduardo - Desmob'!AC20 -> 0 | M26: ='Carlos Eduardo - Desmob'!AK20 -> 0 | O26: ABR | P26: ='Rogerio - Devol'!H19 -> 0 | Q26: =SUM(5000-P26) -> 5000 | R26: ='Rogerio - Devol'!U20 -> 0 | S26: ='Rogerio - Devol'!AC20 -> 0 | T26: ='Rogerio - Devol'!AK20 -> 0 | V26: ABR | W26: ='Filipe - Desmob'!H19 -> 0 | X26: =SUM(5000-W26) -> 5000 | Y26: ='Filipe - Desmob'!U200 -> 0 | Z26: ='Filipe - Desmob'!AE20 -> 0 | AA26: ='Filipe - Desmob'!AN200 -> 0
A27: MAI | B27: =' Eric - Desmob'!H23 -> 1385 | C27: 4500 | D27: =' Eric - Desmob'!U24 -> 530.97 | E27: =' Eric - Desmob'!AC24 -> 0 | F27: =' Eric - Desmob'!AK24 -> 0 | H27: MAI | I27: ='Carlos Eduardo - Desmob'!H23 -> 1968 | J27: =SUM(5000-I27) -> 3032 | K27: ='Carlos Eduardo - Desmob'!U24 -> 1277.24 | L27: ='Carlos Eduardo - Desmob'!AC24 -> 0 | M27: ='Carlos Eduardo - Desmob'!AK24 -> 0 | O27: MAI | P27: ='Rogerio - Devol'!H23 -> 3469 | Q27: =SUM(5000-P27) -> 1531 | R27: ='Rogerio - Devol'!U24 -> 725.22 | S27: ='Rogerio - Devol'!AC24 -> 0 | T27: ='Rogerio - Devol'!AK24 -> 0 | V27: MAI | W27: ='Filipe - Desmob'!H23 -> 0 | X27: =SUM(5000-W27) -> 5000 | Y27: ='Filipe - Desmob'!U24 -> 0 | Z27: ='Filipe - Desmob'!AE24 -> 0 | AA27: ='Filipe - Desmob'!AN24 -> 0
A28: JUN | B28: =' Eric - Desmob'!H27 -> 1310 | C28: 4500 | D28: =' Eric - Desmob'!U28 -> 521.85 | E28: =' Eric - Desmob'!AC28 -> 50 | F28: =' Eric - Desmob'!AK28 -> 0 | H28: JUN | I28: ='Carlos Eduardo - Desmob'!H27 -> 2130 | J28: =SUM(5000-I28) -> 2870 | K28: ='Carlos Eduardo - Desmob'!U28 -> 1558.15 | L28: ='Carlos Eduardo - Desmob'!AC28 -> 50 | M28: ='Carlos Eduardo - Desmob'!AK28 -> 0 | O28: JUN | P28: ='Rogerio - Devol'!H27 -> 1030 | Q28: =SUM(5000-P28) -> 3970 | R28: ='Rogerio - Devol'!U28 -> 803.07 | S28: ='Rogerio - Devol'!AC28 -> 50 | T28: ='Rogerio - Devol'!AK28 -> 0 | V28: JUN | W28: ='Filipe - Desmob'!H27 -> 0 | X28: =SUM(5000-W28) -> 5000 | Y28: ='Filipe - Desmob'!U28 -> 0 | Z28: ='Filipe - Desmob'!AE28 -> 0 | AA28: ='Filipe - Desmob'!AN28 -> 0
A29: JUL | B29: =' Eric - Desmob'!H31 -> 1472 | C29: 4500 | D29: =' Eric - Desmob'!U32 -> 850.08 | E29: =' Eric - Desmob'!AC32 -> 100 | F29: =' Eric - Desmob'!AK32 -> 0 | H29: JUL | I29: ='Carlos Eduardo - Desmob'!H31 -> 2171 | J29: =SUM(5000-I29) -> 2829 | K29: ='Carlos Eduardo - Desmob'!U32 -> 1376.46 | L29: ='Carlos Eduardo - Desmob'!AC32 -> 150 | M29: ='Carlos Eduardo - Desmob'!AK32 -> 0 | O29: JUL | P29: ='Rogerio - Devol'!H31 -> 1519 | Q29: =SUM(5000-P29) -> 3481 | R29: ='Rogerio - Devol'!U32 -> 927.36 | S29: ='Rogerio - Devol'!AC32 -> 100 | T29: ='Rogerio - Devol'!AK32 -> 0 | V29: JUL | W29: ='Filipe - Desmob'!H31 -> 0 | X29: =SUM(5000-W29) -> 5000 | Y29: ='Filipe - Desmob'!U32 -> 0 | Z29: ='Filipe - Desmob'!AE32 -> 0 | AA29: ='Filipe - Desmob'!AN32 -> 0
A30: AGO | B30: =' Eric - Desmob'!H35 -> -41063 | C30: 4500 | D30: =' Eric - Desmob'!U36 -> 490 | E30: =' Eric - Desmob'!AC36 -> 50 | F30: =' Eric - Desmob'!AK36 -> 0 | H30: AGO | I30: ='Carlos Eduardo - Desmob'!H35 -> 0 | J30: =SUM(5000-I30) -> 5000 | K30: ='Carlos Eduardo - Desmob'!U36 -> 305 | L30: ='Carlos Eduardo - Desmob'!AC36 -> 0 | M30: ='Carlos Eduardo - Desmob'!AK36 -> 0 | O30: AGO | P30: ='Rogerio - Devol'!H35 -> 0 | Q30: =SUM(5000-P30) -> 5000 | R30: ='Rogerio - Devol'!U36 -> 754.56 | S30: ='Rogerio - Devol'!AC36 -> 0 | T30: ='Rogerio - Devol'!AK36 -> 0 | V30: AGO | W30: ='Filipe - Desmob'!H35 -> 28233 | X30: =SUM(5000-W30) -> -23233 | Y30: ='Filipe - Desmob'!U36 -> 711.86 | Z30: ='Filipe - Desmob'!AE36 -> 50 | AA30: ='Filipe - Desmob'!AN36 -> 0
A31: SET | B31: =' Eric - Desmob'!H39 -> 0 | C31: 4500 | D31: =' Eric - Desmob'!U40 -> 0 | E31: =' Eric - Desmob'!AC40 -> 0 | F31: =' Eric - Desmob'!AK4 -> 0 | H31: SET | I31: ='Carlos Eduardo - Desmob'!H39 -> 0 | J31: =SUM(5000-I31) -> 5000 | K31: ='Carlos Eduardo - Desmob'!U40 -> 0 | L31: ='Carlos Eduardo - Desmob'!AC40 -> 0 | M31: ='Carlos Eduardo - Desmob'!AK40 -> 0 | O31: SET | P31: ='Rogerio - Devol'!H39 -> 581 | Q31: =SUM(5000-P31) -> 4419 | R31: ='Rogerio - Devol'!U40 -> 747.74 | S31: ='Rogerio - Devol'!AC40 -> 100 | T31: ='Rogerio - Devol'!AK40 -> 0 | V31: SET | W31: ='Filipe - Desmob'!H39 -> 0 | X31: =SUM(5000-W31) -> 5000 | Y31: ='Filipe - Desmob'!U40 -> 206.3 | Z31: ='Filipe - Desmob'!AE40 -> 50 | AA31: ='Filipe - Desmob'!AN40 -> 0
A32: OUT | B32: =' Eric - Desmob'!H43 -> 0 | C32: 4500 | D32: =' Eric - Desmob'!U44 -> 0 | E32: =' Eric - Desmob'!AC44 -> 0 | F32: =' Eric - Desmob'!AK44 -> 0 | H32: OUT | I32: ='Carlos Eduardo - Desmob'!H43 -> 0 | J32: =SUM(5000-I32) -> 5000 | K32: ='Carlos Eduardo - Desmob'!U44 -> 0 | L32: ='Carlos Eduardo - Desmob'!AC44 -> 0 | M32: ='Carlos Eduardo - Desmob'!AK44 -> 0 | O32: OUT | P32: ='Rogerio - Devol'!H43 -> 2841 | Q32: =SUM(5000-P32) -> 2159 | R32: ='Rogerio - Devol'!U44 -> 1565.85 | S32: ='Rogerio - Devol'!AC44 -> 0 | T32: ='Rogerio - Devol'!AK44 -> 0 | V32: OUT | W32: ='Filipe - Desmob'!H43 -> 0 | X32: =SUM(5000-W32) -> 5000 | Y32: ='Filipe - Desmob'!U44 -> 0 | Z32: ='Filipe - Desmob'!AE44 -> 0 | AA32: ='Filipe - Desmob'!AN44 -> 0
A33: NOV | B33: =' Eric - Desmob'!H47 -> 0 | C33: 4500 | D33: =' Eric - Desmob'!U48 -> 0 | E33: =' Eric - Desmob'!AC48 -> 0 | F33: =' Eric - Desmob'!AK48 -> 0 | H33: NOV | I33: ='Carlos Eduardo - Desmob'!H47 -> 0 | J33: =SUM(5000-I33) -> 5000 | K33: ='Carlos Eduardo - Desmob'!U48 -> 0 | L33: ='Carlos Eduardo - Desmob'!AC48 -> 0 | M33: ='Carlos Eduardo - Desmob'!AK48 -> 0 | O33: NOV | P33: ='Rogerio - Devol'!H47 -> 1040 | Q33: =SUM(5000-P33) -> 3960 | R33: ='Rogerio - Devol'!U48 -> 245.01 | S33: ='Rogerio - Devol'!AC48 -> 0 | T33: ='Rogerio - Devol'!AK48 -> 0 | V33: NOV | W33: ='Filipe - Desmob'!H47 -> 0 | X33: =SUM(5000-W33) -> 5000 | Y33: ='Filipe - Desmob'!U48 -> 0 | Z33: ='Filipe - Desmob'!AE48 -> 0 | AA33: ='Filipe - Desmob'!AN48 -> 0
A34: DEZ | B34: =' Eric - Desmob'!H51 -> 0 | C34: 4500 | D34: =' Eric - Desmob'!U52 -> 0 | E34: =' Eric - Desmob'!AC52 -> 0 | F34: =' Eric - Desmob'!AK52 -> 0 | H34: DEZ | I34: ='Carlos Eduardo - Desmob'!H51 -> 0 | J34: =SUM(5000-I34) -> 5000 | K34: ='Carlos Eduardo - Desmob'!U52 -> 0 | L34: ='Carlos Eduardo - Desmob'!AC52 -> 0 | M34: ='Carlos Eduardo - Desmob'!AK52 -> 0 | O34: DEZ | P34: ='Rogerio - Devol'!H51 -> 1373 | Q34: =SUM(5000-P34) -> 3627 | R34: ='Rogerio - Devol'!U52 -> 508.04 | S34: ='Rogerio - Devol'!AC52 -> 0 | T34: ='Rogerio - Devol'!AK52 -> 0 | V34: DEZ | W34: ='Filipe - Desmob'!H51 -> 0 | X34: =SUM(5000-W34) -> 5000 | Y34: ='Filipe - Desmob'!U52 -> 0 | Z34: ='Filipe - Desmob'!AE52 -> 0 | AA34: ='Filipe - Desmob'!AN52 -> 0
A36: TOTAL | B36: =SUM(B23:B34) -> -36896 | D36: =SUM(D23:D34) -> 2392.9 | E36: =SUM(E23:E34) -> 200 | F36: =SUM(F23:F34) -> 0 | H36: TOTAL | I36: =SUM(I23:I34) -> 6269 | K36: =SUM(K23:K34) -> 4516.85 | L36: =SUM(L23:L34) -> 200 | M36: =SUM(M23:M34) -> 0 | O36: TOTAL | P36: =SUM(P23:P34) -> 11853 | R36: =SUM(R23:R34) -> 6276.85 | S36: =SUM(S23:S34) -> 250 | T36: =SUM(T23:T34) -> 0 | V36: TOTAL | W36: =SUM(W23:W34) -> 28233 | Y36: =SUM(Y23:Y34) -> 918.16 | Z36: =SUM(Z23:Z34) -> 100 | AA36: =SUM(AA23:AA34) -> 0
A37: SALDO KM | B37: =SUM(54000-B36) -> 90896 | H37: SALDO KM | I37: =SUM(60000-I36) -> 53731 | O37: SALDO KM | P37: =SUM(60000-P36) -> 48147 | V37: SALDO KM | W37: =SUM(60000-W36) -> 31767
B40: André Gadelha | I40: Felipe-Daniel | P40: Ademir | W40: Jerfferson
B41: KM | C41: KM MENSAL | D41: ABASTECIMENTO | E41: LAVA_RAPIDO | F41: BORRACHARIA | I41: KM | J41: KM MENSAL | K41: ABASTECIMENTO | L41: LAVA_RAPIDO | M41: BORRACHARIA | P41: KM | Q41: KM MENSAL | R41: ABASTECIMENTO | S41: LAVA_RAPIDO | T41: BORRACHARIA | W41: KM | X41: KM MENSAL | Y41: ABASTECIMENTO | Z41: LAVA_RAPIDO | AA41: BORRACHARIA
A42: JAN | H42: JAN | O42: JAN | V42: JAN
A43: FEV | B43: ='André-Desmob'!H14 -> 0 | C43: =SUM(5000-B43) -> 5000 | D43: ='André-Desmob'!U15 -> 0 | E43: ='André-Desmob'!AE15 -> 0 | F43: ='André-Desmob'!AN15 -> 0 | H43: FEV | I43: ='Felipe Silva-Mob.CGN Lapa'!H11 -> 0 | J43: =SUM(5000-I43) -> 5000 | K43: ='Felipe Silva-Mob.CGN Lapa'!U12 -> 0 | L43: ='Felipe Silva-Mob.CGN Lapa'!AE12 -> 0 | M43: ='Felipe Silva-Mob.CGN Lapa'!AN12 -> 0 | O43: FEV | P43: ='Ademir-Desmob'!H11 -> 0 | Q43: =SUM(5000-P43) -> 5000 | R43: ='Ademir-Desmob'!U12 -> 0 | S43: ='Ademir-Desmob'!AE12 -> 0 | T43: ='Ademir-Desmob'!AN12 -> 0 | V43: FEV | W43: ='Jerfferson '!H12 -> 0 | X43: =SUM(5000-W43) -> 5000 | Y43: ='Jerfferson '!U13 -> 0 | Z43: ='Jerfferson '!AE13 -> 0 | AA43: ='Jerfferson '!AN13 -> 0
A44: MAR | B44: ='André-Desmob'!H18 -> 0 | C44: =SUM(5000-B44) -> 5000 | D44: ='André-Desmob'!U19 -> 0 | E44: ='André-Desmob'!AE19 -> 0 | F44: ='André-Desmob'!AN19 -> 0 | H44: MAR | I44: ='Felipe Silva-Mob.CGN Lapa'!H15 -> 0 | J44: =SUM(5000-I44) -> 5000 | K44: ='Felipe Silva-Mob.CGN Lapa'!U16 -> 0 | L44: ='Felipe Silva-Mob.CGN Lapa'!AE16 -> 0 | M44: ='Felipe Silva-Mob.CGN Lapa'!AN16 -> 0 | O44: MAR | P44: ='Ademir-Desmob'!H15 -> 0 | Q44: =SUM(5000-P44) -> 5000 | R44: ='Ademir-Desmob'!U16 -> 0 | S44: ='Ademir-Desmob'!AE16 -> 0 | T44: ='Ademir-Desmob'!AN16 -> 0 | V44: MAR | W44: ='Jerfferson '!H16 -> 0 | X44: =SUM(5000-W44) -> 5000 | Y44: ='Jerfferson '!U17 -> 0 | Z44: ='Jerfferson '!AE17 -> 0 | AA44: ='Jerfferson '!AN17 -> 0
A45: ABR | B45: ='André-Desmob'!H22 -> 0 | C45: =SUM(5000-B45) -> 5000 | D45: ='André-Desmob'!U23 -> 0 | E45: ='André-Desmob'!AE23 -> 0 | F45: ='André-Desmob'!AN23 -> 0 | H45: ABR | I45: ='Felipe Silva-Mob.CGN Lapa'!H19 -> 0 | J45: =SUM(5000-I45) -> 5000 | K45: ='Felipe Silva-Mob.CGN Lapa'!U20 -> 0 | L45: ='Felipe Silva-Mob.CGN Lapa'!AE20 -> 0 | M45: ='Felipe Silva-Mob.CGN Lapa'!AN20 -> 0 | O45: ABR | P45: ='Ademir-Desmob'!H19 -> 0 | Q45: =SUM(5000-P45) -> 5000 | R45: ='Ademir-Desmob'!U20 -> 0 | S45: ='Ademir-Desmob'!AE20 -> 0 | T45: ='Ademir-Desmob'!AN20 -> 0 | V45: ABR | W45: ='Jerfferson '!H20 -> 0 | X45: =SUM(5000-W45) -> 5000 | Y45: ='Jerfferson '!U21 -> 0 | Z45: ='Jerfferson '!AE21 -> 0 | AA45: ='Jerfferson '!AN21 -> 0
A46: MAI | B46: ='André-Desmob'!H26 -> 0 | C46: =SUM(5000-B46) -> 5000 | D46: ='André-Desmob'!U27 -> 0 | E46: ='André-Desmob'!AE27 -> 0 | F46: ='André-Desmob'!AN27 -> 0 | H46: MAI | I46: ='Felipe Silva-Mob.CGN Lapa'!H23 -> 0 | J46: =SUM(5000-I46) -> 5000 | K46: ='Felipe Silva-Mob.CGN Lapa'!U24 -> 0 | L46: ='Felipe Silva-Mob.CGN Lapa'!AE24 -> 0 | M46: ='Felipe Silva-Mob.CGN Lapa'!AN24 -> 0 | O46: MAI | P46: ='Ademir-Desmob'!H23 -> 0 | Q46: =SUM(5000-P46) -> 5000 | R46: ='Ademir-Desmob'!U24 -> 0 | S46: ='Ademir-Desmob'!AE24 -> 0 | T46: ='Ademir-Desmob'!AN24 -> 0 | V46: MAI | W46: ='Jerfferson '!H24 -> 0 | X46: =SUM(5000-W46) -> 5000 | Y46: ='Jerfferson '!U25 -> 0 | Z46: ='Jerfferson '!AE25 -> 0 | AA46: ='Jerfferson '!AN25 -> 0
A47: JUN | B47: ='André-Desmob'!H30 -> 0 | C47: =SUM(5000-B47) -> 5000 | D47: ='André-Desmob'!U31 -> 0 | E47: ='André-Desmob'!AE31 -> 0 | F47: ='André-Desmob'!AN31 -> 0 | H47: JUN | I47: ='Felipe Silva-Mob.CGN Lapa'!H27 -> 0 | J47: =SUM(5000-I47) -> 5000 | K47: ='Felipe Silva-Mob.CGN Lapa'!U28 -> 0 | L47: ='Felipe Silva-Mob.CGN Lapa'!AE28 -> 0 | M47: ='Felipe Silva-Mob.CGN Lapa'!AN28 -> 0 | O47: JUN | P47: ='Ademir-Desmob'!H27 -> 0 | Q47: =SUM(5000-P47) -> 5000 | R47: ='Ademir-Desmob'!U28 -> 0 | S47: ='Ademir-Desmob'!AE28 -> 0 | T47: ='Ademir-Desmob'!AN28 -> 0 | V47: JUN | W47: ='Jerfferson '!H28 -> 0 | X47: =SUM(5000-W47) -> 5000 | Y47: ='Jerfferson '!U29 -> 0 | Z47: ='Jerfferson '!AE29 -> 0 | AA47: ='Jerfferson '!AN29 -> 0
A48: JUL | B48: ='André-Desmob'!H34 -> 0 | C48: =SUM(5000-B48) -> 5000 | D48: ='André-Desmob'!U35 -> 0 | E48: ='André-Desmob'!AE35 -> 0 | F48: ='André-Desmob'!AN35 -> 0 | H48: JUL | I48: ='Felipe Silva-Mob.CGN Lapa'!H31 -> 0 | J48: =SUM(5000-I48) -> 5000 | K48: ='Felipe Silva-Mob.CGN Lapa'!U32 -> 0 | L48: ='Felipe Silva-Mob.CGN Lapa'!AE32 -> 0 | M48: ='Felipe Silva-Mob.CGN Lapa'!AN32 -> 0 | O48: JUL | P48: ='Ademir-Desmob'!H31 -> 0 | Q48: =SUM(5000-P48) -> 5000 | R48: ='Ademir-Desmob'!U32 -> 0 | S48: ='Ademir-Desmob'!AE32 -> 0 | T48: ='Ademir-Desmob'!AN32 -> 0 | V48: JUL | W48: ='Jerfferson '!H32 -> 0 | X48: =SUM(5000-W48) -> 5000 | Y48: ='Jerfferson '!U33 -> 0 | Z48: ='Jerfferson '!AE33 -> 0 | AA48: ='Jerfferson '!AN33 -> 0
A49: AGO | B49: ='André-Desmob'!H38 -> 0 | C49: =SUM(5000-B49) -> 5000 | D49: ='André-Desmob'!U39 -> 0 | E49: ='André-Desmob'!AE39 -> 0 | F49: ='André-Desmob'!AN39 -> 0 | H49: AGO | I49: ='Felipe Silva-Mob.CGN Lapa'!H35 -> 0 | J49: =SUM(5000-I49) -> 5000 | K49: ='Felipe Silva-Mob.CGN Lapa'!U36 -> 0 | L49: ='Felipe Silva-Mob.CGN Lapa'!AE36 -> 0 | M49: ='Felipe Silva-Mob.CGN Lapa'!AN36 -> 0 | O49: AGO | P49: ='Ademir-Desmob'!H35 -> 0 | Q49: =SUM(5000-P49) -> 5000 | R49: ='Ademir-Desmob'!U36 -> 0 | S49: ='Ademir-Desmob'!AE36 -> 0 | T49: ='Ademir-Desmob'!AN36 -> 0 | V49: AGO | W49: ='Jerfferson '!H36 -> 0 | X49: =SUM(5000-W49) -> 5000 | Y49: ='Jerfferson '!U37 -> 0 | Z49: ='Jerfferson '!AE37 -> 0 | AA49: ='Jerfferson '!AN37 -> 0
A50: SET | B50: ='André-Desmob'!H42 -> 3798 | C50: =SUM(5000-B50) -> 1202 | D50: ='André-Desmob'!U43 -> 1258.66 | E50: ='André-Desmob'!AE43 -> 0 | F50: ='André-Desmob'!AN43 -> 0 | H50: SET | I50: ='Felipe Silva-Mob.CGN Lapa'!H39 -> 1338 | J50: =SUM(5000-I50) -> 3662 | K50: ='Felipe Silva-Mob.CGN Lapa'!U40 -> 667.27 | L50: ='Felipe Silva-Mob.CGN Lapa'!AE40 -> 0 | M50: ='Felipe Silva-Mob.CGN Lapa'!AN40 -> 0 | O50: SET | P50: ='Ademir-Desmob'!H39 -> 0 | Q50: =SUM(5000-P50) -> 5000 | R50: ='Ademir-Desmob'!U40 -> 0 | S50: ='Ademir-Desmob'!AE40 -> 0 | T50: ='Ademir-Desmob'!AN40 -> 0 | V50: SET | W50: ='Jerfferson '!H40 -> 2840 | X50: =SUM(5000-W50) -> 2160 | Y50: ='Jerfferson '!U41 -> 395.54 | Z50: ='Jerfferson '!AE41 -> 50 | AA50: ='Jerfferson '!AN41 -> 0
A51: OUT | B51: ='André-Desmob'!H46 -> 3637 | C51: =SUM(5000-B51) -> 1363 | D51: ='André-Desmob'!U47 -> 2301.66 | E51: ='André-Desmob'!AE47 -> 50 | F51: ='André-Desmob'!AN47 -> 0 | H51: OUT | I51: ='Felipe Silva-Mob.CGN Lapa'!H43 -> 2369 | J51: =SUM(5000-I51) -> 2631 | K51: ='Felipe Silva-Mob.CGN Lapa'!U44 -> 969.66 | L51: ='Felipe Silva-Mob.CGN Lapa'!AE44 -> 0 | M51: ='Felipe Silva-Mob.CGN Lapa'!AN44 -> 0 | O51: OUT | P51: ='Ademir-Desmob'!H43 -> 954 | Q51: =SUM(5000-P51) -> 4046 | R51: ='Ademir-Desmob'!U44 -> 672.23 | S51: ='Ademir-Desmob'!AE44 -> 0 | T51: ='Ademir-Desmob'!AN44 -> 0 | V51: OUT | W51: ='Jerfferson '!H44 -> 1851 | X51: =SUM(5000-W51) -> 3149 | Y51: ='Jerfferson '!U45 -> 1821.7 | Z51: ='Jerfferson '!AE45 -> 50 | AA51: ='Jerfferson '!AN45 -> 0
A52: NOV | B52: ='André-Desmob'!H50 -> 1066 | C52: =SUM(5000-B52) -> 3934 | D52: ='André-Desmob'!U51 -> 1020.02 | E52: ='André-Desmob'!AE51 -> 0 | F52: ='André-Desmob'!AN51 -> 0 | H52: NOV | I52: ='Felipe Silva-Mob.CGN Lapa'!H47 -> 1499 | J52: =SUM(5000-I52) -> 3501 | K52: ='Felipe Silva-Mob.CGN Lapa'!U48 -> 340.13 | L52: ='Felipe Silva-Mob.CGN Lapa'!AE48 -> 0 | M52: ='Felipe Silva-Mob.CGN Lapa'!AN48 -> 0 | O52: NOV | P52: ='Ademir-Desmob'!H47 -> 0 | Q52: =SUM(5000-P52) -> 5000 | R52: ='Ademir-Desmob'!U48 -> 228 | S52: ='Ademir-Desmob'!AE48 -> 0 | T52: ='Ademir-Desmob'!AN48 -> 0 | V52: NOV | W52: ='Jerfferson '!H48 -> 2650 | X52: =SUM(5000-W52) -> 2350 | Y52: ='Jerfferson '!U49 -> 230.77 | Z52: ='Jerfferson '!AE49 -> 0 | AA52: ='Jerfferson '!AN49 -> 0
A53: DEZ | B53: ='André-Desmob'!H54 -> 2173 | C53: =SUM(5000-B53) -> 2827 | D53: ='André-Desmob'!U55 -> 757.02 | E53: ='André-Desmob'!AE55 -> 0 | F53: ='André-Desmob'!AN55 -> 0 | H53: DEZ | I53: ='Felipe Silva-Mob.CGN Lapa'!H51 -> 2786 | J53: =SUM(5000-I53) -> 2214 | K53: ='Felipe Silva-Mob.CGN Lapa'!U52 -> 298.4 | L53: ='Felipe Silva-Mob.CGN Lapa'!AE52 -> 0 | M53: ='Felipe Silva-Mob.CGN Lapa'!AN52 -> 0 | O53: DEZ | P53: ='Ademir-Desmob'!H51 -> 1046 | Q53: =SUM(5000-P53) -> 3954 | R53: ='Ademir-Desmob'!U52 -> 234.98 | S53: ='Ademir-Desmob'!AE52 -> 0 | T53: ='Ademir-Desmob'!AN52 -> 0 | V53: DEZ | W53: ='Jerfferson '!H52 -> 4663 | X53: =SUM(5000-W53) -> 337 | Y53: ='Jerfferson '!U53 -> 466.75 | Z53: ='Jerfferson '!AE53 -> 0 | AA53: ='Jerfferson '!AN53 -> 0
A55: TOTAL | B55: =SUM(B42:B53) -> 10674 | D55: =SUM(D42:D53) -> 5337.36 | E55: =SUM(E42:E53) -> 50 | F55: =SUM(F42:F53) -> 0 | H55: TOTAL | I55: =SUM(I42:I53) -> 7992 | K55: =SUM(K42:K53) -> 2275.46 | L55: =SUM(L42:L53) -> 0 | M55: =SUM(M42:M53) -> 0 | O55: TOTAL | P55: =SUM(P42:P53) -> 2000 | R55: =SUM(R42:R53) -> 1135.21 | S55: =SUM(S42:S53) -> 0 | T55: =SUM(T42:T53) -> 0 | V55: TOTAL | W55: =SUM(W42:W53) -> 12004 | Y55: =SUM(Y42:Y53) -> 2914.76 | Z55: =SUM(Z42:Z53) -> 100 | AA55: =SUM(AA42:AA53) -> 0
A56: SALDO KM | B56: =SUM(60000-B55) -> 49326 | H56: SALDO KM | I56: =SUM(60000-I55) -> 52008 | O56: SALDO KM | P56: =SUM(60000-P55) -> 58000 | V56: SALDO KM | W56: =SUM(60000-W55) -> 47996
B59: CAR_13 | I59: CAR_14 | P59: CAR_15 | W59: CAR_16
B60: KM | C60: KM MENSAL | D60: ABASTECIMENTO | E60: LAVA_RAPIDO | F60: BORRACHARIA | I60: KM | J60: KM MENSAL | K60: ABASTECIMENTO | L60: LAVA_RAPIDO | M60: BORRACHARIA | P60: KM | Q60: KM MENSAL | R60: ABASTECIMENTO | S60: LAVA_RAPIDO | T60: BORRACHARIA | W60: KM | X60: KM MENSAL | Y60: ABASTECIMENTO | Z60: LAVA_RAPIDO | AA60: BORRACHARIA
A61: JAN | H61: JAN | O61: JAN | V61: JAN
A62: FEV | B62: ='Jonatas-Desmob'!H11 -> 0 | C62: =SUM(5000-B62) -> 5000 | D62: ='Jonatas-Desmob'!U12 -> 0 | E62: ='Jonatas-Desmob'!AE12 -> 0 | F62: ='Jonatas-Desmob'!AN12 -> 0 | H62: FEV | I62: =Eliomar!H11 -> 0 | J62: =SUM(5000-I62) -> 5000 | K62: =Eliomar!U12 -> 0 | L62: =Eliomar!AE12 -> 0 | M62: =Eliomar!AN12 -> 0 | O62: FEV | P62: =CAR_15!H11 -> 0 | Q62: =SUM(5000-P62) -> 5000 | R62: =CAR_15!U12 -> 0 | S62: =CAR_15!AE12 -> 0 | T62: =CAR_15!AN12 -> 0 | V62: FEV | W62: =CAR_16!H11 -> 0 | X62: =SUM(5000-W62) -> 5000 | Y62: =CAR_16!U12 -> 0 | Z62: =CAR_16!AE12 -> 0 | AA62: =CAR_16!AN12 -> 0
A63: MAR | B63: ='Jonatas-Desmob'!H15 -> 0 | C63: =SUM(5000-B63) -> 5000 | D63: ='Jonatas-Desmob'!U16 -> 0 | E63: ='Jonatas-Desmob'!AE16 -> 0 | F63: ='Jonatas-Desmob'!AN16 -> 0 | H63: MAR | I63: =Eliomar!H15 -> 0 | J63: =SUM(5000-I63) -> 5000 | K63: =Eliomar!U16 -> 0 | L63: =Eliomar!AE16 -> 0 | M63: =Eliomar!AN16 -> 0 | O63: MAR | P63: =CAR_15!H15 -> 0 | Q63: =SUM(5000-P63) -> 5000 | R63: =CAR_15!U16 -> 0 | S63: =CAR_15!AE16 -> 0 | T63: =CAR_15!AN16 -> 0 | V63: MAR | W63: =CAR_16!H15 -> 0 | X63: =SUM(5000-W63) -> 5000 | Y63: =CAR_16!U16 -> 0 | Z63: =CAR_16!AE16 -> 0 | AA63: =CAR_16!AN16 -> 0
A64: ABR | B64: ='Jonatas-Desmob'!H19 -> 0 | C64: =SUM(5000-B64) -> 5000 | D64: ='Jonatas-Desmob'!U20 -> 0 | E64: ='Jonatas-Desmob'!AE20 -> 0 | F64: ='Jonatas-Desmob'!AN20 -> 0 | H64: ABR | I64: =Eliomar!H19 -> 2279 | J64: =SUM(5000-I64) -> 2721 | K64: =Eliomar!U20 -> 0 | L64: =Eliomar!AE20 -> 0 | M64: =Eliomar!AN20 -> 0 | O64: ABR | P64: =CAR_15!H19 -> 0 | Q64: =SUM(5000-P64) -> 5000 | R64: =CAR_15!U20 -> 0 | S64: =CAR_15!AE20 -> 0 | T64: =CAR_15!AN20 -> 0 | V64: ABR | W64: =CAR_16!H19 -> 0 | X64: =SUM(5000-W64) -> 5000 | Y64: =CAR_16!U20 -> 0 | Z64: =CAR_16!AE20 -> 0 | AA64: =CAR_16!AN20 -> 0
A65: MAI | B65: ='Jonatas-Desmob'!H23 -> 0 | C65: =SUM(5000-B65) -> 5000 | D65: ='Jonatas-Desmob'!U24 -> 0 | E65: ='Jonatas-Desmob'!AE224 -> 0 | F65: ='Jonatas-Desmob'!AN24 -> 0 | H65: MAI | I65: =Eliomar!H23 -> 2474 | J65: =SUM(5000-I65) -> 2526 | K65: =Eliomar!U24 -> 0 | L65: =Eliomar!AE24 -> 0 | M65: =Eliomar!AN24 -> 0 | O65: MAI | P65: =CAR_15!H23 -> 0 | Q65: =SUM(5000-P65) -> 5000 | R65: =CAR_15!U24 -> 0 | S65: =CAR_15!AE24 -> 0 | T65: =CAR_15!AN24 -> 0 | V65: MAI | W65: =CAR_16!H23 -> 0 | X65: =SUM(5000-W65) -> 5000 | Y65: =CAR_16!U24 -> 0 | Z65: =CAR_16!AE24 -> 0 | AA65: =CAR_16!AN24 -> 0
A66: JUN | B66: ='Jonatas-Desmob'!H27 -> 0 | C66: =SUM(5000-B66) -> 5000 | D66: ='Jonatas-Desmob'!U28 -> 0 | E66: ='Jonatas-Desmob'!AE28 -> 0 | F66: ='Jonatas-Desmob'!AN28 -> 0 | H66: JUN | I66: =Eliomar!H27 -> 0 | J66: =SUM(5000-I66) -> 5000 | K66: =Eliomar!U28 -> 0 | L66: =Eliomar!AE28 -> 0 | M66: =Eliomar!AN28 -> 0 | O66: JUN | P66: =CAR_15!H27 -> 0 | Q66: =SUM(5000-P66) -> 5000 | R66: =CAR_15!U28 -> 0 | S66: =CAR_15!AE28 -> 0 | T66: =CAR_15!AN28 -> 0 | V66: JUN | W66: =CAR_16!H27 -> 0 | X66: =SUM(5000-W66) -> 5000 | Y66: =CAR_16!U28 -> 0 | Z66: =CAR_16!AE28 -> 0 | AA66: =CAR_16!AN28 -> 0
A67: JUL | B67: ='Jonatas-Desmob'!H31 -> 0 | C67: =SUM(5000-B67) -> 5000 | D67: ='Jonatas-Desmob'!U32 -> 0 | E67: ='Jonatas-Desmob'!AE32 -> 0 | F67: ='Jonatas-Desmob'!AN32 -> 0 | H67: JUL | I67: =Eliomar!H31 -> 0 | J67: =SUM(5000-I67) -> 5000 | K67: =Eliomar!U32 -> 0 | L67: =Eliomar!AE32 -> 0 | M67: =Eliomar!AN32 -> 0 | O67: JUL | P67: =CAR_15!H31 -> 0 | Q67: =SUM(5000-P67) -> 5000 | R67: =CAR_15!U32 -> 0 | S67: =CAR_15!AE32 -> 0 | T67: =CAR_15!AN32 -> 0 | V67: JUL | W67: =CAR_16!H31 -> 0 | X67: =SUM(5000-W67) -> 5000 | Y67: =CAR_16!U32 -> 0 | Z67: =CAR_16!AE32 -> 0 | AA67: =CAR_16!AN32 -> 0
A68: AGO | B68: ='Jonatas-Desmob'!H35 -> 0 | C68: =SUM(5000-B68) -> 5000 | D68: ='Jonatas-Desmob'!U36 -> 0 | E68: ='Jonatas-Desmob'!AE36 -> 0 | F68: ='Jonatas-Desmob'!AN36 -> 0 | H68: AGO | I68: =Eliomar!H35 -> 0 | J68: =SUM(5000-I68) -> 5000 | K68: =Eliomar!U36 -> 0 | L68: =Eliomar!AE36 -> 0 | M68: =Eliomar!AN36 -> 0 | O68: AGO | P68: =CAR_15!H35 -> 0 | Q68: =SUM(5000-P68) -> 5000 | R68: =CAR_15!U36 -> 0 | S68: =CAR_15!AE36 -> 0 | T68: =CAR_15!AN36 -> 0 | V68: AGO | W68: =CAR_16!H35 -> 0 | X68: =SUM(5000-W68) -> 5000 | Y68: =CAR_16!U36 -> 0 | Z68: =CAR_16!AE36 -> 0 | AA68: =CAR_16!AN36 -> 0
A69: SET | B69: ='Jonatas-Desmob'!H39 -> 0 | C69: =SUM(5000-B69) -> 5000 | D69: ='Jonatas-Desmob'!U40 -> 0 | E69: ='Jonatas-Desmob'!AE40 -> 0 | F69: ='Jonatas-Desmob'!AN400 -> 0 | H69: SET | I69: =Eliomar!H39 -> 0 | J69: =SUM(5000-I69) -> 5000 | K69: =Eliomar!U40 -> 0 | L69: =Eliomar!AE40 -> 0 | M69: =Eliomar!AN40 -> 0 | O69: SET | P69: =CAR_15!H39 -> 0 | Q69: =SUM(5000-P69) -> 5000 | R69: =CAR_15!U40 -> 0 | S69: =CAR_15!AE40 -> 0 | T69: =CAR_15!AN40 -> 0 | V69: SET | W69: =CAR_16!H39 -> 0 | X69: =SUM(5000-W69) -> 5000 | Y69: =CAR_16!U40 -> 0 | Z69: =CAR_16!AE40 -> 0 | AA69: =CAR_16!AN40 -> 0
A70: OUT | B70: ='Jonatas-Desmob'!H43 -> 0 | C70: =SUM(5000-B70) -> 5000 | D70: ='Jonatas-Desmob'!U44 -> 0 | E70: ='Jonatas-Desmob'!AE44 -> 0 | F70: ='Jonatas-Desmob'!AN44 -> 0 | H70: OUT | I70: =Eliomar!H43 -> 0 | J70: =SUM(5000-I70) -> 5000 | K70: =Eliomar!U44 -> 0 | L70: =Eliomar!AE44 -> 0 | M70: =Eliomar!AN44 -> 0 | O70: OUT | P70: =CAR_15!H43 -> 0 | Q70: =SUM(5000-P70) -> 5000 | R70: =CAR_15!U44 -> 0 | S70: =CAR_15!AE44 -> 0 | T70: =CAR_15!AN44 -> 0 | V70: OUT | W70: =CAR_16!H43 -> 0 | X70: =SUM(5000-W70) -> 5000 | Y70: =CAR_16!U44 -> 0 | Z70: =CAR_16!AE44 -> 0 | AA70: =CAR_16!AN44 -> 0
A71: NOV | B71: ='Jonatas-Desmob'!H47 -> 0 | C71: =SUM(5000-B71) -> 5000 | D71: ='Jonatas-Desmob'!U48 -> 0 | E71: ='Jonatas-Desmob'!AE48 -> 0 | F71: ='Jonatas-Desmob'!AN48 -> 0 | H71: NOV | I71: =Eliomar!H47 -> 0 | J71: =SUM(5000-I71) -> 5000 | K71: =Eliomar!U48 -> 0 | L71: =Eliomar!AE48 -> 0 | M71: =Eliomar!AN48 -> 0 | O71: NOV | P71: =CAR_15!H47 -> 0 | Q71: =SUM(5000-P71) -> 5000 | R71: =CAR_15!U48 -> 0 | S71: =CAR_15!AE48 -> 0 | T71: =CAR_15!AN48 -> 0 | V71: NOV | W71: =CAR_16!H47 -> 0 | X71: =SUM(5000-W71) -> 5000 | Y71: =CAR_16!U48 -> 0 | Z71: =CAR_16!AE48 -> 0 | AA71: =CAR_16!AN48 -> 0
A72: DEZ | B72: ='Jonatas-Desmob'!H51 -> 1448 | C72: =SUM(5000-B72) -> 3552 | D72: ='Jonatas-Desmob'!U52 -> 0 | E72: ='Jonatas-Desmob'!AE52 -> 0 | F72: ='Jonatas-Desmob'!AN52 -> 0 | H72: DEZ | I72: =Eliomar!H51 -> 0 | J72: =SUM(5000-I72) -> 5000 | K72: =Eliomar!U52 -> 0 | L72: =Eliomar!AE52 -> 0 | M72: =Eliomar!AN52 -> 0 | O72: DEZ | P72: =CAR_15!H51 -> 0 | Q72: =SUM(5000-P72) -> 5000 | R72: =CAR_15!U52 -> 0 | S72: =CAR_15!AE52 -> 0 | T72: =CAR_15!AN52 -> 0 | V72: DEZ | W72: =CAR_16!H51 -> 0 | X72: =SUM(5000-W72) -> 5000 | Y72: =CAR_16!U52 -> 0 | Z72: =CAR_16!AE52 -> 0 | AA72: =CAR_16!AN52 -> 0
A74: TOTAL | B74: =SUM(B61:B72) -> 1448 | D74: =SUM(D61:D72) -> 0 | E74: =SUM(E61:E72) -> 0 | F74: =SUM(F61:F72) -> 0 | H74: TOTAL | I74: =SUM(I61:I72) -> 4753 | K74: =SUM(K61:K72) -> 0 | L74: =SUM(L61:L72) -> 0 | M74: =SUM(M61:M72) -> 0 | O74: TOTAL | P74: =SUM(P61:P72) -> 0 | R74: =SUM(R61:R72) -> 0 | S74: =SUM(S61:S72) -> 0 | T74: =SUM(T61:T72) -> 0 | V74: TOTAL | W74: =SUM(W61:W72) -> 0 | Y74: =SUM(Y61:Y72) -> 0 | Z74: =SUM(Z61:Z72) -> 0 | AA74: =SUM(AA61:AA72) -> 0
A75: SALDO KM | B75: =SUM(60000-B74) -> 58552 | H75: SALDO KM | I75: =SUM(60000-I74) -> 55247 | O75: SALDO KM | P75: =SUM(60000-P74) -> 60000 | V75: SALDO KM | W75: =SUM(60000-W74) -> 60000
B78: CAR_17 | I78: CAR_18 | P78: CAR_19 | W78: CAR_20
B79: KM | C79: KM MENSAL | D79: ABASTECIMENTO | E79: LAVA_RAPIDO | F79: BORRACHARIA | I79: KM | J79: KM MENSAL | K79: ABASTECIMENTO | L79: LAVA_RAPIDO | M79: BORRACHARIA | P79: KM | Q79: KM MENSAL | R79: ABASTECIMENTO | S79: LAVA_RAPIDO | T79: BORRACHARIA | W79: KM | X79: KM MENSAL | Y79: ABASTECIMENTO | Z79: LAVA_RAPIDO | AA79: BORRACHARIA
A80: JAN | H80: JAN | O80: JAN | V80: JAN
A81: FEV | B81: =CAR_17!H11 -> 0 | C81: =SUM(5000-B81) -> 5000 | D81: =CAR_17!U12 -> 0 | E81: =CAR_17!AE12 -> 0 | F81: =CAR_17!AN12 -> 0 | H81: FEV | I81: =CAR_18!H11 -> 0 | J81: =SUM(5000-I81) -> 5000 | K81: =CAR_18!U12 -> 0 | L81: =CAR_18!AE12 -> 0 | M81: =CAR_18!AE12 -> 0 | O81: FEV | P81: =CAR_19!H11 -> 0 | Q81: =SUM(5000-P81) -> 5000 | R81: =CAR_19!U12 -> 0 | S81: =CAR_19!AE12 -> 0 | T81: =CAR_19!AE12 -> 0 | V81: FEV | W81: =CAR_20!H11 -> 0 | X81: =SUM(5000-W81) -> 5000 | Y81: =CAR_20!U12 -> 0 | Z81: =CAR_20!AE12 -> 0 | AA81: =CAR_20!AE12 -> 0
A82: MAR | B82: =CAR_17!H15 -> 0 | C82: =SUM(5000-B82) -> 5000 | D82: =CAR_17!U16 -> 0 | E82: =CAR_17!AE16 -> 0 | F82: =CAR_17!AN16 -> 0 | H82: MAR | I82: =CAR_18!H15 -> 0 | J82: =SUM(5000-I82) -> 5000 | K82: =CAR_18!U16 -> 0 | L82: =CAR_18!AE16 -> 0 | M82: =CAR_18!AE16 -> 0 | O82: MAR | P82: =CAR_19!H15 -> 0 | Q82: =SUM(5000-P82) -> 5000 | R82: =CAR_19!U16 -> 0 | S82: =CAR_19!AE16 -> 0 | T82: =CAR_19!AE16 -> 0 | V82: MAR | W82: =CAR_20!H15 -> 0 | X82: =SUM(5000-W82) -> 5000 | Y82: =CAR_20!U16 -> 0 | Z82: =CAR_20!AE16 -> 0 | AA82: =CAR_20!AE16 -> 0
A83: ABR | B83: =CAR_17!H19 -> 0 | C83: =SUM(5000-B83) -> 5000 | D83: =CAR_17!U20 -> 0 | E83: =CAR_17!AE20 -> 0 | F83: =CAR_17!AN20 -> 0 | H83: ABR | I83: =CAR_18!H19 -> 0 | J83: =SUM(5000-I83) -> 5000 | K83: =CAR_18!U20 -> 0 | L83: =CAR_18!AE120 -> 0 | M83: =CAR_18!AE20 -> 0 | O83: ABR | P83: =CAR_19!H19 -> 0 | Q83: =SUM(5000-P83) -> 5000 | R83: =CAR_19!U20 -> 0 | S83: =CAR_19!AE20 -> 0 | T83: =CAR_19!AE20 -> 0 | V83: ABR | W83: =CAR_20!H19 -> 0 | X83: =SUM(5000-W83) -> 5000 | Y83: =CAR_20!U20 -> 0 | Z83: =CAR_20!AE20 -> 0 | AA83: =CAR_20!AE20 -> 0
A84: MAI | B84: =CAR_17!H23 -> 0 | C84: =SUM(5000-B84) -> 5000 | D84: =CAR_17!U24 -> 0 | E84: =CAR_17!AE24 -> 0 | F84: =CAR_17!AN24 -> 0 | H84: MAI | I84: =CAR_18!H23 -> 0 | J84: =SUM(5000-I84) -> 5000 | K84: =CAR_18!U24 -> 0 | L84: =CAR_18!AE24 -> 0 | M84: =CAR_18!AE24 -> 0 | O84: MAI | P84: =CAR_19!H23 -> 0 | Q84: =SUM(5000-P84) -> 5000 | R84: =CAR_19!U24 -> 0 | S84: =CAR_19!AE24 -> 0 | T84: =CAR_19!AE24 -> 0 | V84: MAI | W84: =CAR_20!H23 -> 0 | X84: =SUM(5000-W84) -> 5000 | Y84: =CAR_20!U24 -> 0 | Z84: =CAR_20!AE24 -> 0 | AA84: =CAR_20!AE24 -> 0
A85: JUN | B85: =CAR_17!H27 -> 0 | C85: =SUM(5000-B85) -> 5000 | D85: =CAR_17!U28 -> 0 | E85: =CAR_17!AE28 -> 0 | F85: =CAR_17!AN28 -> 0 | H85: JUN | I85: =CAR_18!H27 -> 0 | J85: =SUM(5000-I85) -> 5000 | K85: =CAR_18!U28 -> 0 | L85: =CAR_18!AE28 -> 0 | M85: =CAR_18!AE28 -> 0 | O85: JUN | P85: =CAR_19!H27 -> 0 | Q85: =SUM(5000-P85) -> 5000 | R85: =CAR_19!U28 -> 0 | S85: =CAR_19!AE28 -> 0 | T85: =CAR_19!AE28 -> 0 | V85: JUN | W85: =CAR_20!H27 -> 0 | X85: =SUM(5000-W85) -> 5000 | Y85: =CAR_20!U28 -> 0 | Z85: =CAR_20!AE28 -> 0 | AA85: =CAR_20!AE28 -> 0
A86: JUL | B86: =CAR_17!H31 -> 0 | C86: =SUM(5000-B86) -> 5000 | D86: =CAR_17!U32 -> 0 | E86: =CAR_17!AE32 -> 0 | F86: =CAR_17!AN32 -> 0 | H86: JUL | I86: =CAR_18!H31 -> 0 | J86: =SUM(5000-I86) -> 5000 | K86: =CAR_18!U32 -> 0 | L86: =CAR_18!AE32 -> 0 | M86: =CAR_18!AE32 -> 0 | O86: JUL | P86: =CAR_19!H31 -> 0 | Q86: =SUM(5000-P86) -> 5000 | R86: =CAR_19!U32 -> 0 | S86: =CAR_19!AE32 -> 0 | T86: =CAR_19!AE32 -> 0 | V86: JUL | W86: =CAR_20!H31 -> 0 | X86: =SUM(5000-W86) -> 5000 | Y86: =CAR_20!U32 -> 0 | Z86: =CAR_20!AE32 -> 0 | AA86: =CAR_20!AE32 -> 0
A87: AGO | B87: =CAR_17!H35 -> 0 | C87: =SUM(5000-B87) -> 5000 | D87: =CAR_17!U36 -> 0 | E87: =CAR_17!AE36 -> 0 | F87: =CAR_17!AN36 -> 0 | H87: AGO | I87: =CAR_18!H35 -> 0 | J87: =SUM(5000-I87) -> 5000 | K87: =CAR_18!U36 -> 0 | L87: =CAR_18!AE36 -> 0 | M87: =CAR_18!AE36 -> 0 | O87: AGO | P87: =CAR_19!H35 -> 0 | Q87: =SUM(5000-P87) -> 5000 | R87: =CAR_19!U36 -> 0 | S87: =CAR_19!AE36 -> 0 | T87: =CAR_19!AE36 -> 0 | V87: AGO | W87: =CAR_20!H35 -> 0 | X87: =SUM(5000-W87) -> 5000 | Y87: =CAR_20!U36 -> 0 | Z87: =CAR_20!AE36 -> 0 | AA87: =CAR_20!AE36 -> 0
A88: SET | B88: =CAR_17!H39 -> 0 | C88: =SUM(5000-B88) -> 5000 | D88: =CAR_17!U40 -> 0 | E88: =CAR_17!AE40 -> 0 | F88: =CAR_17!AN40 -> 0 | H88: SET | I88: =CAR_18!H39 -> 0 | J88: =SUM(5000-I88) -> 5000 | K88: =CAR_18!U40 -> 0 | L88: =CAR_18!AE40 -> 0 | M88: =CAR_18!AE40 -> 0 | O88: SET | P88: =CAR_19!H39 -> 0 | Q88: =SUM(5000-P88) -> 5000 | R88: =CAR_19!U40 -> 0 | S88: =CAR_19!AE40 -> 0 | T88: =CAR_19!AE40 -> 0 | V88: SET | W88: =CAR_20!H39 -> 0 | X88: =SUM(5000-W88) -> 5000 | Y88: =CAR_20!U40 -> 0 | Z88: =CAR_20!AE40 -> 0 | AA88: =CAR_20!AE40 -> 0
A89: OUT | B89: =CAR_17!H43 -> 0 | C89: =SUM(5000-B89) -> 5000 | D89: =CAR_17!U44 -> 0 | E89: =CAR_17!AE44 -> 0 | F89: =CAR_17!AN44 -> 0 | H89: OUT | I89: =CAR_18!H43 -> 0 | J89: =SUM(5000-I89) -> 5000 | K89: =CAR_18!U44 -> 0 | L89: =CAR_18!AE44 -> 0 | M89: =CAR_18!AE44 -> 0 | O89: OUT | P89: =CAR_19!H43 -> 0 | Q89: =SUM(5000-P89) -> 5000 | R89: =CAR_19!U44 -> 0 | S89: =CAR_19!AE44 -> 0 | T89: =CAR_19!AE44 -> 0 | V89: OUT | W89: =CAR_20!H43 -> 0 | X89: =SUM(5000-W89) -> 5000 | Y89: =CAR_20!U44 -> 0 | Z89: =CAR_20!AE44 -> 0 | AA89: =CAR_20!AE44 -> 0
A90: NOV | B90: =CAR_17!H47 -> 0 | C90: =SUM(5000-B90) -> 5000 | D90: =CAR_17!U48 -> 0 | E90: =CAR_17!AE48 -> 0 | F90: =CAR_17!AN48 -> 0 | H90: NOV | I90: =CAR_18!H47 -> 0 | J90: =SUM(5000-I90) -> 5000 | K90: =CAR_18!U48 -> 0 | L90: =CAR_18!AE48 -> 0 | M90: =CAR_18!AE48 -> 0 | O90: NOV | P90: =CAR_19!H47 -> 0 | Q90: =SUM(5000-P90) -> 5000 | R90: =CAR_19!U48 -> 0 | S90: =CAR_19!AE48 -> 0 | T90: =CAR_19!AE48 -> 0 | V90: NOV | W90: =CAR_20!H47 -> 0 | X90: =SUM(5000-W90) -> 5000 | Y90: =CAR_20!U48 -> 0 | Z90: =CAR_20!AE48 -> 0 | AA90: =CAR_20!AE48 -> 0
A91: DEZ | B91: =CAR_17!H51 -> 0 | C91: =SUM(5000-B91) -> 5000 | D91: =CAR_17!U52 -> 0 | E91: =CAR_17!AE52 -> 0 | F91: =CAR_17!AN52 -> 0 | H91: DEZ | I91: =CAR_18!H51 -> 0 | J91: =SUM(5000-I91) -> 5000 | K91: =CAR_18!U52 -> 0 | L91: =CAR_18!AE52 -> 0 | M91: =CAR_18!AE52 -> 0 | O91: DEZ | P91: =CAR_19!H51 -> 0 | Q91: =SUM(5000-P91) -> 5000 | R91: =CAR_19!U52 -> 0 | S91: =CAR_19!AE52 -> 0 | T91: =CAR_19!AE52 -> 0 | V91: DEZ | W91: =CAR_20!H51 -> 0 | X91: =SUM(5000-W91) -> 5000 | Y91: =CAR_20!U52 -> 0 | Z91: =CAR_20!AE52 -> 0 | AA91: =CAR_20!AE52 -> 0
A93: TOTAL | B93: =SUM(B80:B91) -> 0 | D93: =SUM(D80:D91) -> 0 | E93: =SUM(E80:E91) -> 0 | F93: =SUM(F80:F91) -> 0 | H93: TOTAL | I93: =SUM(I80:I91) -> 0 | K93: =SUM(K80:K91) -> 0 | L93: =SUM(L80:L91) -> 0 | M93: =SUM(M80:M91) -> 0 | O93: TOTAL | P93: =SUM(P80:P91) -> 0 | R93: =SUM(R80:R91) -> 0 | S93: =SUM(S80:S91) -> 0 | T93: =SUM(T80:T91) -> 0 | V93: TOTAL | W93: =SUM(W80:W91) -> 0 | Y93: =SUM(Y80:Y91) -> 0 | Z93: =SUM(Z80:Z91) -> 0 | AA93: =SUM(AA80:AA91) -> 0
A94: SALDO KM | B94: =SUM(60000-B93) -> 60000 | H94: SALDO KM | I94: =SUM(60000-I93) -> 60000 | O94: SALDO KM | P94: =SUM(60000-P93) -> 60000 | V94: SALDO KM | W94: =SUM(60000-W93) -> 60000
B96: CAR_21 | I96: CAR_22 | P96: CAR_23 | W96: CAR_24
B97: KM | C97: KM MENSAL | D97: ABASTECIMENTO | E97: LAVA_RAPIDO | F97: BORRACHARIA | I97: KM | J97: KM MENSAL | K97: ABASTECIMENTO | L97: LAVA_RAPIDO | M97: BORRACHARIA | P97: KM | Q97: KM MENSAL | R97: ABASTECIMENTO | S97: LAVA_RAPIDO | T97: BORRACHARIA | W97: KM | X97: KM MENSAL | Y97: ABASTECIMENTO | Z97: LAVA_RAPIDO | AA97: BORRACHARIA
A98: JAN | H98: JAN | O98: JAN | V98: JAN
A99: FEV | B99: =CAR_21!H11 -> 0 | C99: =SUM(5000-B99) -> 5000 | D99: =CAR_21!U12 -> 0 | E99: =CAR_21!AE12 -> 0 | F99: =CAR_21!AN12 -> 0 | H99: FEV | I99: =CAR_22!H11 -> 0 | J99: =SUM(5000-I99) -> 5000 | K99: =CAR_22!U12 -> 0 | L99: =CAR_22!AE12 -> 0 | M99: =CAR_22!AN12 -> 0 | O99: FEV | P99: =CAR_23!H11 -> 0 | Q99: =SUM(5000-P99) -> 5000 | R99: =CAR_23!U12 -> 0 | S99: =CAR_23!AE12 -> 0 | T99: =CAR_23!AN12 -> 0 | V99: FEV | W99: =CAR_24!H11 -> 0 | X99: =SUM(5000-W99) -> 5000 | Y99: =CAR_24!U12 -> 0 | Z99: =CAR_24!AE12 -> 0 | AA99: =CAR_24!AN12 -> 0
A100: MAR | B100: =CAR_21!H15 -> 0 | C100: =SUM(5000-B100) -> 5000 | D100: =CAR_21!U16 -> 0 | E100: =CAR_21!AE16 -> 0 | F100: =CAR_21!AN16 -> 0 | H100: MAR | I100: =CAR_22!H15 -> 0 | J100: =SUM(5000-I100) -> 5000 | K100: =CAR_22!U16 -> 0 | L100: =CAR_22!AE16 -> 0 | M100: =CAR_22!AN16 -> 0 | O100: MAR | P100: =CAR_23!H19 -> 0 | Q100: =SUM(5000-P100) -> 5000 | R100: =CAR_23!U16 -> 0 | S100: =CAR_23!AE16 -> 0 | T100: =CAR_23!AN16 -> 0 | V100: MAR | W100: =CAR_24!H15 -> 0 | X100: =SUM(5000-W100) -> 5000 | Y100: =CAR_24!U16 -> 0 | Z100: =CAR_24!AE16 -> 0 | AA100: =CAR_24!AN16 -> 0
A101: ABR | B101: =CAR_21!H19 -> 0 | C101: =SUM(5000-B101) -> 5000 | D101: =CAR_21!U20 -> 0 | E101: =CAR_21!AE20 -> 0 | F101: =CAR_21!AN220 -> 0 | H101: ABR | I101: =CAR_22!H19 -> 0 | J101: =SUM(5000-I101) -> 5000 | K101: =CAR_22!U20 -> 0 | L101: =CAR_22!AE20 -> 0 | M101: =CAR_22!AN20 -> 0 | O101: ABR | P101: =CAR_23!H19 -> 0 | Q101: =SUM(5000-P101) -> 5000 | R101: =CAR_23!U20 -> 0 | S101: =CAR_23!AE20 -> 0 | T101: =CAR_23!AN20 -> 0 | V101: ABR | W101: =CAR_24!H19 -> 0 | X101: =SUM(5000-W101) -> 5000 | Y101: =CAR_24!U20 -> 0 | Z101: =CAR_24!AE20 -> 0 | AA101: =CAR_24!AN20 -> 0
A102: MAI | B102: =CAR_21!H23 -> 0 | C102: =SUM(5000-B102) -> 5000 | D102: =CAR_21!U24 -> 0 | E102: =CAR_21!AE24 -> 0 | F102: =CAR_21!AN24 -> 0 | H102: MAI | I102: =CAR_22!H23 -> 0 | J102: =SUM(5000-I102) -> 5000 | K102: =CAR_22!U24 -> 0 | L102: =CAR_22!AE24 -> 0 | M102: =CAR_22!AN24 -> 0 | O102: MAI | P102: =CAR_23!H23 -> 0 | Q102: =SUM(5000-P102) -> 5000 | R102: =CAR_23!U24 -> 0 | S102: =CAR_23!AE24 -> 0 | T102: =CAR_23!AN24 -> 0 | V102: MAI | W102: =CAR_24!H23 -> 0 | X102: =SUM(5000-W102) -> 5000 | Y102: =CAR_24!U24 -> 0 | Z102: =CAR_24!AE24 -> 0 | AA102: =CAR_24!AN24 -> 0
A103: JUN | B103: =CAR_21!H27 -> 0 | C103: =SUM(5000-B103) -> 5000 | D103: =CAR_21!U28 -> 0 | E103: =CAR_21!AE28 -> 0 | F103: =CAR_21!AN28 -> 0 | H103: JUN | I103: =CAR_22!H27 -> 0 | J103: =SUM(5000-I103) -> 5000 | K103: =CAR_22!U28 -> 0 | L103: =CAR_22!AE28 -> 0 | M103: =CAR_22!AN28 -> 0 | O103: JUN | P103: =CAR_23!H27 -> 0 | Q103: =SUM(5000-P103) -> 5000 | R103: =CAR_23!U28 -> 0 | S103: =CAR_23!AE28 -> 0 | T103: =CAR_23!AN28 -> 0 | V103: JUN | W103: =CAR_24!H27 -> 0 | X103: =SUM(5000-W103) -> 5000 | Y103: =CAR_24!U28 -> 0 | Z103: =CAR_24!AE28 -> 0 | AA103: =CAR_24!AN28 -> 0
A104: JUL | B104: =CAR_21!H31 -> 0 | C104: =SUM(5000-B104) -> 5000 | D104: =CAR_21!U32 -> 0 | E104: =CAR_21!AE32 -> 0 | F104: =CAR_21!AN32 -> 0 | H104: JUL | I104: =CAR_22!H31 -> 0 | J104: =SUM(5000-I104) -> 5000 | K104: =CAR_22!U32 -> 0 | L104: =CAR_22!AE32 -> 0 | M104: =CAR_22!AN32 -> 0 | O104: JUL | P104: =CAR_23!H27 -> 0 | Q104: =SUM(5000-P104) -> 5000 | R104: =CAR_23!U32 -> 0 | S104: =CAR_23!AE32 -> 0 | T104: =CAR_23!AN32 -> 0 | V104: JUL | W104: =CAR_24!H31 -> 0 | X104: =SUM(5000-W104) -> 5000 | Y104: =CAR_24!U32 -> 0 | Z104: =CAR_24!AE32 -> 0 | AA104: =CAR_24!AN32 -> 0
A105: AGO | B105: =CAR_21!H35 -> 0 | C105: =SUM(5000-B105) -> 5000 | D105: =CAR_21!U36 -> 0 | E105: =CAR_21!AE36 -> 0 | F105: =CAR_21!AN36 -> 0 | H105: AGO | I105: =CAR_22!H35 -> 0 | J105: =SUM(5000-I105) -> 5000 | K105: =CAR_22!U36 -> 0 | L105: =CAR_22!AE36 -> 0 | M105: =CAR_22!AN36 -> 0 | O105: AGO | P105: =CAR_23!H35 -> 0 | Q105: =SUM(5000-P105) -> 5000 | R105: =CAR_23!U36 -> 0 | S105: =CAR_23!AE36 -> 0 | T105: =CAR_23!AN36 -> 0 | V105: AGO | W105: =CAR_24!H35 -> 0 | X105: =SUM(5000-W105) -> 5000 | Y105: =CAR_24!U36 -> 0 | Z105: =CAR_24!AE36 -> 0 | AA105: =CAR_24!AN36 -> 0
A106: SET | B106: =CAR_21!H39 -> 0 | C106: =SUM(5000-B106) -> 5000 | D106: =CAR_21!U40 -> 0 | E106: =CAR_21!AE40 -> 0 | F106: =CAR_21!AN40 -> 0 | H106: SET | I106: =CAR_22!H39 -> 0 | J106: =SUM(5000-I106) -> 5000 | K106: =CAR_22!U40 -> 0 | L106: =CAR_22!AE40 -> 0 | M106: =CAR_22!AN40 -> 0 | O106: SET | P106: =CAR_23!H39 -> 0 | Q106: =SUM(5000-P106) -> 5000 | R106: =CAR_23!U40 -> 0 | S106: =CAR_23!AE40 -> 0 | T106: =CAR_23!AN40 -> 0 | V106: SET | W106: =CAR_24!H39 -> 0 | X106: =SUM(5000-W106) -> 5000 | Y106: =CAR_24!U40 -> 0 | Z106: =CAR_24!AE40 -> 0 | AA106: =CAR_24!AN40 -> 0
A107: OUT | B107: =CAR_21!H43 -> 0 | C107: =SUM(5000-B107) -> 5000 | D107: =CAR_21!U44 -> 0 | E107: =CAR_21!AE44 -> 0 | F107: =CAR_21!AN44 -> 0 | H107: OUT | I107: =CAR_22!H43 -> 0 | J107: =SUM(5000-I107) -> 5000 | K107: =CAR_22!U44 -> 0 | L107: =CAR_22!AE44 -> 0 | M107: =CAR_22!AN44 -> 0 | O107: OUT | P107: =CAR_23!H43 -> 0 | Q107: =SUM(5000-P107) -> 5000 | R107: =CAR_23!U44 -> 0 | S107: =CAR_23!AE44 -> 0 | T107: =CAR_23!AN44 -> 0 | V107: OUT | W107: =CAR_24!H43 -> 0 | X107: =SUM(5000-W107) -> 5000 | Y107: =CAR_24!U44 -> 0 | Z107: =CAR_24!AE44 -> 0 | AA107: =CAR_24!AN44 -> 0
A108: NOV | B108: =CAR_21!H47 -> 0 | C108: =SUM(5000-B108) -> 5000 | D108: =CAR_21!U48 -> 0 | E108: =CAR_21!AE48 -> 0 | F108: =CAR_21!AN48 -> 0 | H108: NOV | I108: =CAR_22!H47 -> 0 | J108: =SUM(5000-I108) -> 5000 | K108: =CAR_22!U48 -> 0 | L108: =CAR_22!AE48 -> 0 | M108: =CAR_22!AN48 -> 0 | O108: NOV | P108: =CAR_23!H47 -> 0 | Q108: =SUM(5000-P108) -> 5000 | R108: =CAR_23!U48 -> 0 | S108: =CAR_23!AE48 -> 0 | T108: =CAR_23!AN48 -> 0 | V108: NOV | W108: =CAR_24!H47 -> 0 | X108: =SUM(5000-W108) -> 5000 | Y108: =CAR_24!U48 -> 0 | Z108: =CAR_24!AE48 -> 0 | AA108: =CAR_24!AN48 -> 0
A109: DEZ | B109: =CAR_21!H51 -> 0 | C109: =SUM(5000-B109) -> 5000 | D109: =CAR_21!U52 -> 0 | E109: =CAR_21!AE52 -> 0 | F109: =CAR_21!AN52 -> 0 | H109: DEZ | I109: =CAR_22!H51 -> 0 | J109: =SUM(5000-I109) -> 5000 | K109: =CAR_22!U52 -> 0 | L109: =CAR_22!AE52 -> 0 | M109: =CAR_22!AN52 -> 0 | O109: DEZ | P109: =CAR_23!H51 -> 0 | Q109: =SUM(5000-P109) -> 5000 | R109: =CAR_23!U52 -> 0 | S109: =CAR_23!AE52 -> 0 | T109: =CAR_23!AN52 -> 0 | V109: DEZ | W109: =CAR_24!H51 -> 0 | X109: =SUM(5000-W109) -> 5000 | Y109: =CAR_24!U52 -> 0 | Z109: =CAR_24!AE52 -> 0 | AA109: =CAR_24!AN52 -> 0
A111: TOTAL | B111: =SUM(B98:B109) -> 0 | D111: =SUM(D98:D109) -> 0 | E111: =SUM(E98:E109) -> 0 | F111: =SUM(F98:F109) -> 0 | H111: TOTAL | I111: =SUM(I98:I109) -> 0 | K111: =SUM(K98:K109) -> 0 | L111: =SUM(L98:L109) -> 0 | M111: =SUM(M98:M109) -> 0 | O111: TOTAL | P111: =SUM(P98:P109) -> 0 | R111: =SUM(R98:R109) -> 0 | S111: =SUM(S98:S109) -> 0 | T111: =SUM(T98:T109) -> 0 | V111: TOTAL | W111: =SUM(W98:W109) -> 0 | Y111: =SUM(Y98:Y109) -> 0 | Z111: =SUM(Z98:Z109) -> 0 | AA111: =SUM(AA98:AA109) -> 0
A112: SALDO KM | B112: =SUM(60000-B111) -> 60000 | H112: SALDO KM | I112: =SUM(60000-I111) -> 60000 | O112: SALDO KM | P112: =SUM(60000-P111) -> 60000 | V112: SALDO KM | W112: =SUM(60000-W111) -> 60000
B114: CAR_25 | I114: CAR_26 | P114: CAR_27 | W114: CAR_28
B115: KM | C115: KM MENSAL | D115: ABASTECIMENTO | E115: LAVA_RAPIDO | F115: BORRACHARIA | I115: KM | J115: KM MENSAL | K115: ABASTECIMENTO | L115: LAVA_RAPIDO | M115: BORRACHARIA | P115: KM | Q115: KM MENSAL | R115: ABASTECIMENTO | S115: LAVA_RAPIDO | T115: BORRACHARIA | W115: KM | X115: KM MENSAL | Y115: ABASTECIMENTO | Z115: LAVA_RAPIDO | AA115: BORRACHARIA
A116: JAN | H116: JAN | O116: JAN | V116: JAN
A117: FEV | B117: =CAR_25!H11 -> 0 | C117: =SUM(5000-B117) -> 5000 | D117: =CAR_25!U12 -> 0 | E117: =CAR_25!AE12 -> 0 | F117: =CAR_25!AN12 -> 0 | H117: FEV | I117: =CAR_26!H11 -> 0 | J117: =SUM(5000-I117) -> 5000 | K117: =CAR_26!U12 -> 0 | L117: =CAR_26!AE12 -> 0 | M117: =CAR_26!AN12 -> 0 | O117: FEV | P117: =CAR_27!H11 -> 0 | Q117: =SUM(5000-P117) -> 5000 | R117: =CAR_27!U12 -> 0 | S117: =CAR_27!AE12 -> 0 | T117: =CAR_27!AN12 -> 0 | V117: FEV | W117: =CAR_28!H11 -> 0 | X117: =SUM(5000-W117) -> 5000 | Y117: =CAR_28!U12 -> 0 | Z117: =CAR_28!AE12 -> 0 | AA117: =CAR_28!AN12 -> 0
...

Sheet Eliomar
A2: Veiculo | B2: Renegade | D2: Placa: | E2: TXZ1G54 | H2: km | I2: 5000
A3: Substituição Veículo | D3: Placa: | H3: Modelo
A4: Contrato de Locação | B4: 4335.99 | D4: Rastreador | E4: Unidas - 3S | H4: Data Mob | I4: 46121
A7: REGISTRO DE KM | J7: ABASTECIMENTO | Y7: LAVA_RAPIDO | AH7: BORRACHARIA
B9: Fevereiro | J9: Fevereiro | Y9: Fevereiro | AH9: Fevereiro
A10: KM (Rodados) | B10: 1ª Leitura | C10: 2ª Leitura | D10: 3ª Leitura | E10: 4ª Leitura | F10: 15 dias Rodados | G10: 30 dias Rodados | H10: Total Mensal | J10: DATA | Y10: DATA | AH10: DATA
F11: =SUM(C11-B11) -> 0 | G11: =SUM(E11-D11) -> 0 | H11: =SUM(F11:G11) -> 0 | J11: VALOR | Y11: VALOR | AH11: VALOR
T12: TOTAL | U12: =SUM(K11:U11) -> 0 | AD12: TOTAL | AE12: =SUM(Z11:AE11) -> 0 | AM12: TOTAL | AN12: =SUM(AI11:AN11) -> 0
B13: Março | J13: Março | Y13: =J13 -> Março | AH13: =Y13 -> Março
A14: KM (Rodados) | B14: 1ª Leitura | C14: 2ª Leitura | D14: 3ª Leitura | E14: 4ª Leitura | F14: 15 dias Rodados | G14: 30 dias Rodados | H14: Total Mensal | J14: DATA | Y14: DATA | AH14: DATA
F15: =SUM(C15-B15) -> 0 | G15: =SUM(E15-D15) -> 0 | H15: =SUM(F15:G15) -> 0 | J15: VALOR | Y15: VALOR | AH15: VALOR
T16: TOTAL | U16: =SUM(K15:U15) -> 0 | AD16: TOTAL | AE16: =SUM(Z15:AE15) -> 0 | AM16: TOTAL | AN16: =SUM(AI15:AN15) -> 0
B17: Abril | J17: Abril | Y17: =J17 -> Abril | AH17: =Y17 -> Abril
A18: KM (Rodados) | B18: 1ª Leitura | C18: 2ª Leitura | D18: 3ª Leitura | E18: 4ª Leitura | F18: 15 dias Rodados | G18: 30 dias Rodados | H18: Total Mensal | J18: DATA | Y18: DATA | AH18: DATA
B19: 8307 | E19: 10586 | F19: =SUM(C19-B19) -> -8307 | G19: =SUM(E19-D19) -> 10586 | H19: =SUM(F19:G19) -> 2279 | J19: VALOR | Y19: VALOR | AH19: VALOR
T20: TOTAL | U20: =SUM(K19:U19) -> 0 | AD20: TOTAL | AE20: =SUM(Z19:AE19) -> 0 | AM20: TOTAL | AN20: =SUM(AI19:AN19) -> 0
B21: Maio | J21: Maio | Y21: =J21 -> Maio | AH21: =Y21 -> Maio
A22: KM (Rodados) | B22: 1ª Leitura | C22: 2ª Leitura | D22: 3ª Leitura | E22: 4ª Leitura | F22: 15 dias Rodados | G22: 30 dias Rodados | H22: Total Mensal | J22: DATA | Y22: DATA | AH22: DATA
B23: 10586 | E23: 13060 | F23: =SUM(C23-B23) -> -10586 | G23: =SUM(E23-D23) -> 13060 | H23: =SUM(F23:G23) -> 2474 | J23: VALOR | Y23: VALOR | AH23: VALOR
T24: TOTAL | U24: =SUM(K23:U23) -> 0 | AD24: TOTAL | AE24: =SUM(Z23:AE23) -> 0 | AM24: TOTAL | AN24: =SUM(AI23:AN23) -> 0
B25: Junho | J25: Junho | Y25: =J25 -> Junho | AH25: =Y25 -> Junho
A26: KM (Rodados) | B26: 1ª Leitura | C26: 2ª Leitura | D26: 3ª Leitura | E26: 4ª Leitura | F26: 15 dias Rodados | G26: 30 dias Rodados | H26: Total Mensal | J26: DATA | Y26: DATA | AH26: DATA
F27: =SUM(C27-B27) -> 0 | G27: =SUM(E27-D27) -> 0 | H27: =SUM(F27:G27) -> 0 | J27: VALOR | Y27: VALOR | AH27: VALOR
T28: TOTAL | U28: =SUM(K27:U27) -> 0 | AD28: TOTAL | AE28: =SUM(Z27:AE27) -> 0 | AM28: TOTAL | AN28: =SUM(AI27:AN27) -> 0
B29: Julho | J29: Julho | Y29: =J29 -> Julho | AH29: =Y29 -> Julho
A30: KM (Rodados) | B30: 1ª Leitura | C30: 2ª Leitura | D30: 3ª Leitura | E30: 4ª Leitura | F30: 15 dias Rodados | G30: 30 dias Rodados | H30: Total Mensal | J30: DATA | Y30: DATA | AH30: DATA
F31: =SUM(C31-B31) -> 0 | G31: =SUM(E31-D31) -> 0 | H31: =SUM(F31:G31) -> 0 | J31: VALOR | Y31: VALOR | AH31: VALOR
T32: TOTAL | U32: =SUM(K31:U31) -> 0 | AD32: TOTAL | AE32: =SUM(Z31:AE31) -> 0 | AM32: TOTAL | AN32: =SUM(AI31:AN31) -> 0
B33: Agosto | J33: Agosto | Y33: =J33 -> Agosto | AH33: =Y33 -> Agosto
A34: KM (Rodados) | B34: 1ª Leitura | C34: 2ª Leitura | D34: 3ª Leitura | E34: 4ª Leitura | F34: 15 dias Rodados | G34: 30 dias Rodados | H34: Total Mensal | J34: DATA | Y34: DATA | AH34: DATA
F35: =SUM(C35-B35) -> 0 | G35: =SUM(E35-D35) -> 0 | H35: =SUM(F35:G35) -> 0 | J35: VALOR | Y35: VALOR | AH35: VALOR
T36: TOTAL | U36: =SUM(K35:U35) -> 0 | AD36: TOTAL | AE36: =SUM(Z35:AE35) -> 0 | AM36: TOTAL | AN36: =SUM(AI35:AN35) -> 0
B37: Setembro | J37: Setembro | Y37: =J37 -> Setembro | AH37: =Y37 -> Setembro
A38: KM (Rodados) | B38: 1ª Leitura | C38: 2ª Leitura | D38: 3ª Leitura | E38: 4ª Leitura | F38: 15 dias Rodados | G38: 30 dias Rodados | H38: Total Mensal | J38: DATA | Y38: DATA | AH38: DATA
F39: =SUM(C39-B39) -> 0 | G39: =SUM(E39-D39) -> 0 | H39: =SUM(F39:G39) -> 0 | J39: VALOR | Y39: VALOR | AH39: VALOR
T40: TOTAL | U40: =SUM(K39:U39) -> 0 | AD40: TOTAL | AE40: =SUM(Z39:AE39) -> 0 | AM40: TOTAL | AN40: =SUM(AI39:AN39) -> 0
B41: Outubro | J41: Outubro | Y41: =J41 -> Outubro | AH41: =Y41 -> Outubro
A42: KM (Rodados) | B42: 1ª Leitura | C42: 2ª Leitura | D42: 3ª Leitura | E42: 4ª Leitura | F42: 15 dias Rodados | G42: 30 dias Rodados | H42: Total Mensal | J42: DATA | Y42: DATA | AH42: DATA
F43: =SUM(C43-B43) -> 0 | G43: =SUM(E43-D43) -> 0 | H43: =SUM(F43:G43) -> 0 | J43: VALOR | Y43: VALOR | AH43: VALOR
T44: TOTAL | U44: =SUM(K43:U43) -> 0 | AD44: TOTAL | AE44: =SUM(Z43:AE43) -> 0 | AM44: TOTAL | AN44: =SUM(AI43:AN43) -> 0
B45: Novembro | J45: Novembro | Y45: =J45 -> Novembro | AH45: =Y45 -> Novembro
A46: KM (Rodados) | B46: 1ª Leitura | C46: 2ª Leitura | D46: 3ª Leitura | E46: 4ª Leitura | F46: 15 dias Rodados | G46: 30 dias Rodados | H46: Total Mensal | J46: DATA | Y46: DATA | AH46: DATA
F47: =SUM(C47-B47) -> 0 | G47: =SUM(E47-D47) -> 0 | H47: =SUM(F47:G47) -> 0 | J47: VALOR | Y47: VALOR | AH47: VALOR
T48: TOTAL | U48: =SUM(K47:U47) -> 0 | AD48: TOTAL | AE48: =SUM(Z47:AE47) -> 0 | AM48: TOTAL | AN48: =SUM(AI47:AN47) -> 0
B49: Dezembro | J49: Dezembro | Y49: =J49 -> Dezembro | AH49: =Y49 -> Dezembro
A50: KM (Rodados) | B50: 1ª Leitura | C50: 2ª Leitura | D50: 3ª Leitura | E50: 4ª Leitura | F50: 15 dias Rodados | G50: 30 dias Rodados | H50: Total Mensal | J50: DATA | Y50: DATA | AH50: DATA
F51: =SUM(C51-B51) -> 0 | G51: =SUM(E51-D51) -> 0 | H51: =SUM(F51:G51) -> 0 | J51: VALOR | Y51: VALOR | AH51: VALOR
T52: TOTAL | U52: =SUM(K51:U51) -> 0 | AD52: TOTAL | AE52: =SUM(Z51:AE51) -> 0 | AM52: TOTAL | AN52: =SUM(AI51:AN51) -> 0

Sheet Jerfferson 
A2: Veiculo | B2: TRACKER | D2: Placa: | E2: TCB9G87 | H2: km | I2: 4500
A3: Substituição Veículo | B3: 45677 | D3: Placa: | E3: SUI0E07 | H3: Modelo | I3: T-Cross
A4: Substituição Veículo 2 | B4: 46136 | D4: Placa: | E4: TEL5C58 | H4: Modelo | I4: Tracker
A5: Contrato de Locação | B5: 4144 | D5: Rastreador | E5: 50 | H5: Data Mob | I5: 45677
A8: REGISTRO DE KM | J8: ABASTECIMENTO | Y8: LAVA_RAPIDO | AH8: BORRACHARIA
B10: Fevereiro | J10: Fevereiro | Y10: Fevereiro | AH10: Fevereiro
A11: KM (Rodados) | B11: 1ª Leitura | C11: 2ª Leitura | D11: 3ª Leitura | E11: 4ª Leitura | F11: 15 dias Rodados | G11: 30 dias Rodados | H11: Total Mensal | J11: DATA | Y11: DATA | AH11: DATA
F12: =SUM(C12-B12) -> 0 | G12: =SUM(E12-D12) -> 0 | H12: =SUM(F12:G12) -> 0 | J12: VALOR | Y12: VALOR | AH12: VALOR
T13: TOTAL | U13: =SUM(K12:U12) -> 0 | AD13: TOTAL | AE13: =SUM(Z12:AE12) -> 0 | AM13: TOTAL | AN13: =SUM(AI12:AN12) -> 0
B14: Março | J14: Março | Y14: =J14 -> Março | AH14: =Y14 -> Março
A15: KM (Rodados) | B15: 1ª Leitura | C15: 2ª Leitura | D15: 3ª Leitura | E15: 4ª Leitura | F15: 15 dias Rodados | G15: 30 dias Rodados | H15: Total Mensal | J15: DATA | Y15: DATA | AH15: DATA
F16: =SUM(C16-B16) -> 0 | G16: =SUM(E16-D16) -> 0 | H16: =SUM(F16:G16) -> 0 | J16: VALOR | Y16: VALOR | AH16: VALOR
T17: TOTAL | U17: =SUM(K16:U16) -> 0 | AD17: TOTAL | AE17: =SUM(Z16:AE16) -> 0 | AM17: TOTAL | AN17: =SUM(AI16:AN16) -> 0
B18: Abril | J18: Abril | Y18: =J18 -> Abril | AH18: =Y18 -> Abril
A19: KM (Rodados) | B19: 1ª Leitura | C19: 2ª Leitura | D19: 3ª Leitura | E19: 4ª Leitura | F19: 15 dias Rodados | G19: 30 dias Rodados | H19: Total Mensal | J19: DATA | Y19: DATA | AH19: DATA
F20: =SUM(C20-B20) -> 0 | G20: =SUM(E20-D20) -> 0 | H20: =SUM(F20:G20) -> 0 | J20: VALOR | Y20: VALOR | AH20: VALOR
T21: TOTAL | U21: =SUM(K20:U20) -> 0 | AD21: TOTAL | AE21: =SUM(Z20:AE20) -> 0 | AM21: TOTAL | AN21: =SUM(AI20:AN20) -> 0
B22: Maio | J22: Maio | Y22: =J22 -> Maio | AH22: =Y22 -> Maio
A23: KM (Rodados) | B23: 1ª Leitura | C23: 2ª Leitura | D23: 3ª Leitura | E23: 4ª Leitura | F23: 15 dias Rodados | G23: 30 dias Rodados | H23: Total Mensal | J23: DATA | Y23: DATA | AH23: DATA
F24: =SUM(C24-B24) -> 0 | G24: =SUM(E24-D24) -> 0 | H24: =SUM(F24:G24) -> 0 | J24: VALOR | Y24: VALOR | AH24: VALOR
T25: TOTAL | U25: =SUM(K24:U24) -> 0 | AD25: TOTAL | AE25: =SUM(Z24:AE24) -> 0 | AM25: TOTAL | AN25: =SUM(AI24:AN24) -> 0
B26: Junho | J26: Junho | Y26: =J26 -> Junho | AH26: =Y26 -> Junho
A27: KM (Rodados) | B27: 1ª Leitura | C27: 2ª Leitura | D27: 3ª Leitura | E27: 4ª Leitura | F27: 15 dias Rodados | G27: 30 dias Rodados | H27: Total Mensal | J27: DATA | Y27: DATA | AH27: DATA
F28: =SUM(C28-B28) -> 0 | G28: =SUM(E28-D28) -> 0 | H28: =SUM(F28:G28) -> 0 | J28: VALOR | Y28: VALOR | AH28: VALOR
T29: TOTAL | U29: =SUM(K28:U28) -> 0 | AD29: TOTAL | AE29: =SUM(Z28:AE28) -> 0 | AM29: TOTAL | AN29: =SUM(AI28:AN28) -> 0
B30: Julho | J30: Julho | Y30: =J30 -> Julho | AH30: =Y30 -> Julho
A31: KM (Rodados) | B31: 1ª Leitura | C31: 2ª Leitura | D31: 3ª Leitura | E31: 4ª Leitura | F31: 15 dias Rodados | G31: 30 dias Rodados | H31: Total Mensal | J31: DATA | Y31: DATA | AH31: DATA
F32: =SUM(C32-B32) -> 0 | G32: =SUM(E32-D32) -> 0 | H32: =SUM(F32:G32) -> 0 | J32: VALOR | Y32: VALOR | AH32: VALOR
T33: TOTAL | U33: =SUM(K32:U32) -> 0 | AD33: TOTAL | AE33: =SUM(Z32:AE32) -> 0 | AM33: TOTAL | AN33: =SUM(AI32:AN32) -> 0
B34: Agosto | J34: Agosto | Y34: =J34 -> Agosto | AH34: =Y34 -> Agosto
A35: KM (Rodados) | B35: 1ª Leitura | C35: 2ª Leitura | D35: 3ª Leitura | E35: 4ª Leitura | F35: 15 dias Rodados | G35: 30 dias Rodados | H35: Total Mensal | J35: DATA | Y35: DATA | AH35: DATA
F36: =SUM(C36-B36) -> 0 | G36: =SUM(E36-D36) -> 0 | H36: =SUM(F36:G36) -> 0 | J36: VALOR | Y36: VALOR | AH36: VALOR
T37: TOTAL | U37: =SUM(K36:U36) -> 0 | AD37: TOTAL | AE37: =SUM(Z36:AE36) -> 0 | AM37: TOTAL | AN37: =SUM(AI36:AN36) -> 0
B38: Setembro | J38: Setembro | Y38: =J38 -> Setembro | AH38: =Y38 -> Setembro
A39: KM (Rodados) | B39: 1ª Leitura | C39: 2ª Leitura | D39: 3ª Leitura | E39: 4ª Leitura | F39: 15 dias Rodados | G39: 30 dias Rodados | H39: Total Mensal | J39: DATA | K39: 45560 | L39: 45594 | Y39: DATA | Z39: 45548 | AH39: DATA
B40: 2900 | E40: 5740 | F40: =SUM(C40-B40) -> -2900 | G40: =SUM(E40-D40) -> 5740 | H40: =SUM(F40:G40) -> 2840 | J40: VALOR | K40: 177.93 | L40: 217.61 | Y40: VALOR | Z40: 50 | AH40: VALOR
T41: TOTAL | U41: =SUM(K40:U40) -> 395.54 | AD41: TOTAL | AE41: =SUM(Z40:AE40) -> 50 | AM41: TOTAL | AN41: =SUM(AI40:AN40) -> 0
B42: Outubro | J42: Outubro | Y42: =J42 -> Outubro | AH42: =Y42 -> Outubro
A43: KM (Rodados) | B43: 1ª Leitura | C43: 2ª Leitura | D43: 3ª Leitura | E43: 4ª Leitura | F43: 15 dias Rodados | G43: 30 dias Rodados | H43: Total Mensal | J43: DATA | K43: 45566 | L43: 40453 | M43: 45570 | N43: 45573 | O43: 45575 | P43: 45577 | Q43: 45580 | R43: 45582 | S43: 45584 | T43: 45589 | U43: 45596 | Y43: DATA | Z43: 45568 | AH43: DATA
B44: 5740 | E44: 7591 | F44: =SUM(C44-B44) -> -5740 | G44: =SUM(E44-D44) -> 7591 | H44: =SUM(F44:G44) -> 1851 | J44: VALOR | K44: 239.6 | L44: 218.89 | M44: 127.01 | N44: 223.83 | O44: 113.47 | P44: 122.04 | Q44: 223.89 | R44: 122.59 | S44: 116.48 | T44: 197.71 | U44: 116.19 | Y44: VALOR | Z44: 50 | AH44: VALOR
T45: TOTAL | U45: =SUM(K44:U44) -> 1821.7 | AD45: TOTAL | AE45: =SUM(Z44:AE44) -> 50 | AM45: TOTAL | AN45: =SUM(AI44:AN44) -> 0
B46: Novembro | J46: Novembro | Y46: =J46 -> Novembro | AH46: =Y46 -> Novembro
A47: KM (Rodados) | B47: 1ª Leitura | C47: 2ª Leitura | D47: 3ª Leitura | E47: 4ª Leitura | F47: 15 dias Rodados | G47: 30 dias Rodados | H47: Total Mensal | J47: DATA | K47: 45601 | Y47: DATA | AH47: DATA
B48: 7591 | C48: 8600 | D48: 8600 | E48: 10241 | F48: =SUM(C48-B48) -> 1009 | G48: =SUM(E48-D48) -> 1641 | H48: =SUM(F48:G48) -> 2650 | J48: VALOR | K48: 230.77 | Y48: VALOR | AH48: VALOR
T49: TOTAL | U49: =SUM(K48:U48) -> 230.77 | AD49: TOTAL | AE49: =SUM(Z48:AE48) -> 0 | AM49: TOTAL | AN49: =SUM(AI48:AN48) -> 0
B50: Dezembro | J50: Dezembro | Y50: =J50 -> Dezembro | AH50: =Y50 -> Dezembro
A51: KM (Rodados) | B51: 1ª Leitura | C51: 2ª Leitura | D51: 3ª Leitura | E51: 4ª Leitura | F51: 15 dias Rodados | G51: 30 dias Rodados | H51: Total Mensal | J51: DATA | K51: 45629 | L51: 45632 | M51: 45635 | Y51: DATA | AH51: DATA
B52: 10473 | C52: 11957 | D52: 11957 | E52: 15136 | F52: =SUM(C52-B52) -> 1484 | G52: =SUM(E52-D52) -> 3179 | H52: =SUM(F52:G52) -> 4663 | J52: VALOR | K52: 166.73 | L52: 100.02 | M52: 200 | Y52: VALOR | AH52: VALOR
T53: TOTAL | U53: =SUM(K52:U52) -> 466.75 | AD53: TOTAL | AE53: =SUM(Z52:AE52) -> 0 | AM53: TOTAL | AN53: =SUM(AI52:AN52) -> 0
A54: 20/01/2025 SUI0E07 | B54: Janeiro | I54: 20/01/2025 SUI0E07 | J54: Janeiro | Y54: =J54 -> Janeiro | AH54: =Y54 -> Janeiro
A55: KM (Rodados) | B55: 1ª Leitura | C55: 2ª Leitura | D55: 3ª Leitura | E55: 4ª Leitura | F55: 15 dias Rodados | G55: 30 dias Rodados | H55: Total Mensal | J55: DATA | K55: 45677 | L55: 45678 | M55: 45680 | Y55: DATA | AH55: DATA
B56: 12148 | C56: 14443 | D56: 12495 | E56: 13600 | F56: =SUM(C56-B56) -> 2295 | G56: =SUM(E56-D56) -> 1105 | H56: =SUM(F56:G56) -> 3400 | J56: VALOR | K56: 185.94 | L56: 243.67 | M56: 212.54 | Y56: VALOR | AH56: VALOR
T57: TOTAL | U57: =SUM(K56:U56) -> 642.15 | AD57: TOTAL | AE57: =SUM(Z56:AE56) -> 0 | AM57: TOTAL | AN57: =SUM(AI56:AN56) -> 0
B58: Fevereiro | J58: Fevereiro | Y58: Fevereiro | AH58: Fevereiro
A59: KM (Rodados) | B59: 1ª Leitura | C59: 2ª Leitura | D59: 3ª Leitura | E59: 4ª Leitura | F59: 15 dias Rodados | G59: 30 dias Rodados | H59: Total Mensal | J59: DATA | K59: 45692 | L59: 45694 | M59: 45701 | N59: 45712 | O59: 45715 | Y59: DATA | AH59: DATA
B60: 13600 | C60: 16100 | D60: 16100 | E60: 18020 | F60: =SUM(C60-B60) -> 2500 | G60: =SUM(E60-D60) -> 1920 | H60: =SUM(F60:G60) -> 4420 | J60: VALOR | K60: 220.01 | L60: 192.01 | M60: 280.02 | N60: 280.23 | O60: 226.65 | Y60: VALOR | AH60: VALOR
T61: TOTAL | U61: =SUM(K60:U60) -> 1198.92 | AD61: TOTAL | AE61: =SUM(Z60:AE60) -> 0 | AM61: TOTAL | AN61: =SUM(AI60:AN60) -> 0
B62: Março | J62: Março | Y62: =J62 -> Março | AH62: =Y62 -> Março
A63: KM (Rodados) | B63: 1ª Leitura | C63: 2ª Leitura | D63: 3ª Leitura | E63: 4ª Leitura | F63: 15 dias Rodados | G63: 30 dias Rodados | H63: Total Mensal | J63: DATA | K63: 45722 | L63: 45727 | M63: 45734 | N63: 45736 | O63: 45741 | P63: 45744 | Q63: 45747 | U63: 45747 | Y63: DATA | Z63: 45730 | AA63: 45738 | AB63: 45745 | AH63: DATA
B64: 18020 | C64: 19001 | D64: 19001 | E64: 20303 | F64: =SUM(C64-B64) -> 981 | G64: =SUM(E64-D64) -> 1302 | H64: =SUM(F64:G64) -> 2283 | J64: VALOR | K64: 266.23 | L64: 225.04 | M64: 187.37 | N64: 232 | O64: 198.09 | P64: 186.48 | Q64: 184.7 | U64: 184.7 | Y64: VALOR | Z64: 50 | AA64: 50 | AB64: 50 | AH64: VALOR
T65: TOTAL | U65: =SUM(K64:U64) -> 1664.61 | AD65: TOTAL | AE65: =SUM(Z64:AE64) -> 150 | AM65: TOTAL | AN65: =SUM(AI64:AN64) -> 0
B66: Abril | J66: Abril | Y66: =J66 -> Abril | AH66: =Y66 -> Abril
A67: KM (Rodados) | B67: 1ª Leitura | C67: 2ª Leitura | D67: 3ª Leitura | E67: 4ª Leitura | F67: 15 dias Rodados | G67: 30 dias Rodados | H67: Total Mensal | J67: DATA | K67: 45750 | L67: 45754 | M67: 45757 | N67: 45772 | O67: 45776 | Y67: DATA | Z67: 45752 | AA67: 45757 | AH67: DATA
B68: 20303 | C68: 22593 | D68: 22593 | E68: 25230 | F68: =SUM(C68-B68) -> 2290 | G68: =SUM(E68-D68) -> 2637 | H68: =SUM(F68:G68) -> 4927 | J68: VALOR | K68: 227.26 | L68: 242.78 | M68: 156.67 | N68: 260 | O68: 283.21 | Y68: VALOR | Z68: 50 | AA68: 50 | AH68: VALOR
T69: TOTAL | U69: =SUM(K68:U68) -> 1169.92 | AD69: TOTAL | AE69: =SUM(Z68:AE68) -> 100 | AM69: TOTAL | AN69: =SUM(AI68:AN68) -> 0
B70: Maio | J70: Maio | Y70: =J70 -> Maio | AH70: =Y70 -> Maio
A71: KM (Rodados) | B71: 1ª Leitura | C71: 2ª Leitura | D71: 3ª Leitura | E71: 4ª Leitura | F71: 15 dias Rodados | G71: 30 dias Rodados | H71: Total Mensal | J71: DATA | K71: 45783 | L71: 45786 | M71: 45791 | N71: 45792 | O71: 45797 | P71: 45799 | Y71: DATA | AH71: DATA
B72: 25230 | C72: 27420 | D72: 27420 | E72: 28400 | F72: =SUM(C72-B72) -> 2190 | G72: =SUM(E72-D72) -> 980 | H72: =SUM(F72:G72) -> 3170 | J72: VALOR | K72: 277.66 | L72: 115.57 | M72: 173.19 | N72: 69.34 | O72: 181.78 | P72: 81.16 | Y72: VALOR | AH72: VALOR
T73: TOTAL | U73: =SUM(K72:U72) -> 898.7 | AD73: TOTAL | AE73: =SUM(Z72:AE72) -> 0 | AM73: TOTAL | AN73: =SUM(AI72:AN72) -> 0
B74: Junho | J74: Junho | Y74: =J74 -> Junho | AH74: =Y74 -> Junho
A75: KM (Rodados) | B75: 1ª Leitura | C75: 2ª Leitura | D75: 3ª Leitura | E75: 4ª Leitura | F75: 15 dias Rodados | G75: 30 dias Rodados | H75: Total Mensal | J75: DATA | K75: 45824 | L75: 45826 | Y75: DATA | AH75: DATA
B76: 28400 | C76: 29381 | D76: 29381 | E76: 32500 | F76: =SUM(C76-B76) -> 981 | G76: =SUM(E76-D76) -> 3119 | H76: =SUM(F76:G76) -> 4100 | J76: VALOR | K76: 251.98 | L76: 114.94 | Y76: VALOR | AH76: VALOR
T77: TOTAL | U77: =SUM(K76:U76) -> 366.92 | AD77: TOTAL | AE77: =SUM(Z76:AE76) -> 0 | AM77: TOTAL | AN77: =SUM(AI76:AN76) -> 0
B78: Julho | J78: Julho | Y78: =J78 -> Julho | AH78: =Y78 -> Julho
A79: KM (Rodados) | B79: 1ª Leitura | C79: 2ª Leitura | D79: 3ª Leitura | E79: 4ª Leitura | F79: 15 dias Rodados | G79: 30 dias Rodados | H79: Total Mensal | J79: DATA | K79: 45841 | L79: 45848 | M79: 45853 | N79: 45855 | O79: 45863 | P79: 45867 | Q79: 45869 | Y79: DATA | AH79: DATA
B80: 32500 | C80: 34027 | D80: 34027 | E80: 35375 | F80: =SUM(C80-B80) -> 1527 | G80: =SUM(E80-D80) -> 1348 | H80: =SUM(F80:G80) -> 2875 | J80: VALOR | K80: 169.94 | L80: 155.53 | M80: 241.35 | N80: 197.43 | O80: 195.91 | P80: 281.23 | Q80: 231.93 | Y80: VALOR | AH80: VALOR
T81: TOTAL | U81: =SUM(K80:U80) -> 1473.32 | AD81: TOTAL | AE81: =SUM(Z80:AE80) -> 0 | AM81: TOTAL | AN81: =SUM(AI80:AN80) -> 0
B82: Agosto | J82: Agosto | Y82: =J82 -> Agosto | AH82: =Y82 -> Agosto
A83: KM (Rodados) | B83: 1ª Leitura | C83: 2ª Leitura | D83: 3ª Leitura | E83: 4ª Leitura | F83: 15 dias Rodados | G83: 30 dias Rodados | H83: Total Mensal | J83: DATA | K83: 45881 | L83: 45891 | Y83: DATA | AH83: DATA
B84: 35375 | C84: 37970 | D84: 37970 | E84: 42700 | F84: =SUM(C84-B84) -> 2595 | G84: =SUM(E84-D84) -> 4730 | H84: =SUM(F84:G84) -> 7325 | J84: VALOR | K84: 271.54 | L84: 110 | Y84: VALOR | AH84: VALOR
T85: TOTAL | U85: =SUM(K84:U84) -> 381.54 | AD85: TOTAL | AE85: =SUM(Z84:AE84) -> 0 | AM85: TOTAL | AN85: =SUM(AI84:AN84) -> 0
B86: Setembro | J86: Setembro | Y86: =J86 -> Setembro | AH86: =Y86 -> Setembro
A87: KM (Rodados) | B87: 1ª Leitura | C87: 2ª Leitura | D87: 3ª Leitura | E87: 4ª Leitura | F87: 15 dias Rodados | G87: 30 dias Rodados | H87: Total Mensal | J87: DATA | K87: 45905 | L87: 45911 | M87: 45916 | N87: 45918 | O87: 45923 | P87: 45925 | Y87: DATA | AH87: DATA
B88: 42700 | C88: 45000 | D88: 45000 | E88: 47100 | F88: =SUM(C88-B88) -> 2300 | G88: =SUM(E88-D88) -> 2100 | H88: =SUM(F88:G88) -> 4400 | J88: VALOR | K88: 245 | L88: 228.05 | M88: 211.8 | N88: 255.58 | O88: 235.06 | P88: 243.06 | Y88: VALOR | AH88: VALOR
T89: TOTAL | U89: =SUM(K88:U88) -> 1418.55 | AD89: TOTAL | AE89: =SUM(Z88:AE88) -> 0 | AM89: TOTAL | AN89: =SUM(AI88:AN88) -> 0
B90: Outubro | J90: Outubro | Y90: =J90 -> Outubro | AH90: =Y90 -> Outubro
A91: KM (Rodados) | B91: 1ª Leitura | C91: 2ª Leitura | D91: 3ª Leitura | E91: 4ª Leitura | F91: 15 dias Rodados | G91: 30 dias Rodados | H91: Total Mensal | J91: DATA | K91: 45932 | L91: 45936 | M91: 45938 | N91: 45941 | O91: 45945 | P91: 45952 | Q91: 45955 | Y91: DATA | AH91: DATA
B92: 47100 | C92: 48974 | D92: 48974 | E92: 50438 | F92: =SUM(C92-B92) -> 1874 | G92: =SUM(E92-D92) -> 1464 | H92: =SUM(F92:G92) -> 3338 | J92: VALOR | K92: 228.34 | L92: 212 | M92: 204.5 | N92: 275.05 | O92: 223.9 | P92: 215.13 | Q92: 151.55 | Y92: VALOR | AH92: VALOR
T93: TOTAL | U93: =SUM(K92:U92) -> 1510.47 | AD93: TOTAL | AE93: =SUM(Z92:AE92) -> 0 | AM93: TOTAL | AN93: =SUM(AI92:AN92) -> 0
B94: Novembro | J94: Novembro | Y94: =J94 -> Novembro | AH94: =Y94 -> Novembro
A95: KM (Rodados) | B95: 1ª Leitura | C95: 2ª Leitura | D95: 3ª Leitura | E95: 4ª Leitura | F95: 15 dias Rodados | G95: 30 dias Rodados | H95: Total Mensal | J95: DATA | K95: 45962 | L95: 45966 | M95: 45968 | N95: 45980 | O95: 45983 | P95: 45987 | Q95: 45989 | Y95: DATA | AH95: DATA
B96: 50438 | C96: 52369 | D96: 52369 | E96: 56210 | F96: =SUM(C96-B96) -> 1931 | G96: =SUM(E96-D96) -> 3841 | H96: =SUM(F96:G96) -> 5772 | J96: VALOR | K96: 250.02 | L96: 315.53 | M96: 135.03 | N96: 357.08 | O96: 336.96 | P96: 324.48 | Q96: 350.33 | Y96: VALOR | AH96: VALOR
T97: TOTAL | U97: =SUM(K96:U96) -> 2069.43 | AD97: TOTAL | AE97: =SUM(Z96:AE96) -> 0 | AM97: TOTAL | AN97: =SUM(AI96:AN96) -> 0
B98: Dezembro | J98: Dezembro | Y98: =J98 -> Dezembro | AH98: =Y98 -> Dezembro
A99: KM (Rodados) | B99: 1ª Leitura | C99: 2ª Leitura | D99: 3ª Leitura | E99: 4ª Leitura | F99: 15 dias Rodados | G99: 30 dias Rodados | H99: Total Mensal | J99: DATA | Y99: DATA | AH99: DATA
B100: 56210 | E100: 59408 | F100: =SUM(C100-B100) -> -56210 | G100: =SUM(E100-D100) -> 59408 | H100: =SUM(F100:G100) -> 3198 | J100: VALOR | Y100: VALOR | AH100: VALOR
T101: TOTAL | U101: =SUM(K100:U100) -> 0 | AD101: TOTAL | AE101: =SUM(Z100:AE100) -> 0 | AM101: TOTAL | AN101: =SUM(AI100:AN100) -> 0
B102: Janeiro | J102: Janeiro | Y102: =J102 -> Janeiro | AH102: =Y102 -> Janeiro
A103: KM (Rodados) | B103: 1ª Leitura | C103: 2ª Leitura | D103: 3ª Leitura | E103: 4ª Leitura | F103: 15 dias Rodados | G103: 30 dias Rodados | H103: Total Mensal | J103: DATA | Y103: DATA | AH103: DATA
B104: 59408 | E104: 64249 | F104: =SUM(C104-B104) -> -59408 | G104: =SUM(E104-D104) -> 64249 | H104: =SUM(F104:G104) -> 4841 | J104: VALOR | Y104: VALOR | AH104: VALOR
...

Sheet Eliomar-Desmob
A2: Veiculo | B2: TCROSS | D2: Placa: | E2: SIJ3F45 | H2: KM | I2: 5000
A4: Contrato de Locação | B4: 4335.99 | D4: Rastreador | E4: 50 | H4: Data mob. | I4: 45390 | J4: Data Desmob. | K4: 46090
A7: REGISTRO DE KM | J7: ABASTECIMENTO | W7: LAVA_RAPIDO | AE7: BORRACHARIA
B9: Fevereiro | J9: Fevereiro | W9: Fevereiro | AE9: Fevereiro
A10: KM (Rodados) | B10: 1ª Leitura | C10: 2ª Leitura | D10: 3ª Leitura | E10: 4ª Leitura | F10: 15 dias Rodados | G10: 30 dias Rodados | H10: Total Mensal | J10: DATA | W10: DATA | AE10: DATA
F11: =SUM(C11-B11) -> 0 | G11: =SUM(E11-D11) -> 0 | H11: =SUM(F11:G11) -> 0 | J11: VALOR | W11: VALOR | AE11: VALOR
T12: TOTAL | U12: =SUM(K11:U11) -> 0 | AB12: TOTAL | AC12: =SUM(X11:AC11) -> 0 | AJ12: TOTAL | AK12: =SUM(AF11:AK11) -> 0
B13: Março | J13: Março | W13: =J13 -> Março | AE13: =W13 -> Março
A14: KM (Rodados) | B14: 1ª Leitura | C14: 2ª Leitura | D14: 3ª Leitura | E14: 4ª Leitura | F14: 15 dias Rodados | G14: 30 dias Rodados | H14: Total Mensal | J14: DATA | W14: DATA | AE14: DATA
F15: =SUM(C15-B15) -> 0 | G15: =SUM(E15-D15) -> 0 | H15: =SUM(F15:G15) -> 0 | J15: VALOR | W15: VALOR | AE15: VALOR
T16: TOTAL | U16: =SUM(K15:U15) -> 0 | AB16: TOTAL | AC16: =SUM(X15:AC15) -> 0 | AJ16: TOTAL | AK16: =SUM(AF15:AK15) -> 0
B17: Abril | J17: Abril | W17: =J17 -> Abril | AE17: =W17 -> Abril
A18: KM (Rodados) | B18: 1ª Leitura | C18: 2ª Leitura | D18: 3ª Leitura | E18: 4ª Leitura | F18: 15 dias Rodados | G18: 30 dias Rodados | H18: Total Mensal | J18: DATA | K18: 45394 | L18: 45412 | M18: 45401 | W18: DATA | AE18: DATA
B19: 9319 | E19: 10768 | F19: =SUM(C19-B19) -> -9319 | G19: =SUM(E19-D19) -> 10768 | H19: =SUM(F19:G19) -> 1449 | J19: VALOR | K19: 291.35 | L19: 311.02 | M19: 291.35 | W19: VALOR | AE19: VALOR
T20: TOTAL | U20: =SUM(K19:U19) -> 893.72 | AB20: TOTAL | AC20: =SUM(X19:AC19) -> 0 | AJ20: TOTAL | AK20: =SUM(AF19:AK19) -> 0
B21: Maio | J21: Maio | W21: =J21 -> Maio | AE21: =W21 -> Maio
A22: KM (Rodados) | B22: 1ª Leitura | C22: 2ª Leitura | D22: 3ª Leitura | E22: 4ª Leitura | F22: 15 dias Rodados | G22: 30 dias Rodados | H22: Total Mensal | J22: DATA | K22: 45421 | L22: 45433 | W22: DATA | AE22: DATA
B23: 10768 | E23: 11842 | F23: =SUM(C23-B23) -> -10768 | G23: =SUM(E23-D23) -> 11842 | H23: =SUM(F23:G23) -> 1074 | J23: VALOR | K23: 293.76 | L23: 306 | W23: VALOR | AE23: VALOR
T24: TOTAL | U24: =SUM(K23:U23) -> 599.76 | AB24: TOTAL | AC24: =SUM(X23:AC23) -> 0 | AJ24: TOTAL | AK24: =SUM(AF23:AK23) -> 0
B25: Junho | J25: Junho | W25: =J25 -> Junho | AE25: =W25 -> Junho
A26: KM (Rodados) | B26: 1ª Leitura | C26: 2ª Leitura | D26: 3ª Leitura | E26: 4ª Leitura | F26: 15 dias Rodados | G26: 30 dias Rodados | H26: Total Mensal | J26: DATA | K26: 45454 | L26: 45463 | M26: 45470 | W26: DATA | X26: 45457 | AE26: DATA
B27: 11842 | E27: 13482 | F27: =SUM(C27-B27) -> -11842 | G27: =SUM(E27-D27) -> 13482 | H27: =SUM(F27:G27) -> 1640 | J27: VALOR | K27: 304.04 | L27: 312.12 | M27: 187.09 | W27: VALOR | X27: 50 | AE27: VALOR
T28: TOTAL | U28: =SUM(K27:U27) -> 803.25 | AB28: TOTAL | AC28: =SUM(X27:AC27) -> 50 | AJ28: TOTAL | AK28: =SUM(AF27:AK27) -> 0
B29: Julho | J29: Julho | W29: =J29 -> Julho | AE29: =W29 -> Julho
A30: KM (Rodados) | B30: 1ª Leitura | C30: 2ª Leitura | D30: 3ª Leitura | E30: 4ª Leitura | F30: 15 dias Rodados | G30: 30 dias Rodados | H30: Total Mensal | J30: DATA | K30: 45482 | L30: 45497 | W30: DATA | X30: 45485 | Y30: 45504 | AE30: DATA
B31: 13482 | E31: 14358 | F31: =SUM(C31-B31) -> -13482 | G31: =SUM(E31-D31) -> 14358 | H31: =SUM(F31:G31) -> 876 | J31: VALOR | K31: 278.87 | L31: 305.87 | W31: VALOR | X31: 50 | Y31: 50 | AE31: VALOR
T32: TOTAL | U32: =SUM(K31:U31) -> 584.74 | AB32: TOTAL | AC32: =SUM(X31:AC31) -> 100 | AJ32: TOTAL | AK32: =SUM(AF31:AK31) -> 0
B33: Agosto | J33: Agosto | W33: =J33 -> Agosto | AE33: =W33 -> Agosto
A34: KM (Rodados) | B34: 1ª Leitura | C34: 2ª Leitura | D34: 3ª Leitura | E34: 4ª Leitura | F34: 15 dias Rodados | G34: 30 dias Rodados | H34: Total Mensal | J34: DATA | K34: 45510 | L34: 45526 | M34: 45533 | W34: DATA | X34: 45520 | Y34: 45528 | AE34: DATA
B35: 14358 | E35: 15764 | F35: =SUM(C35-B35) -> -14358 | G35: =SUM(E35-D35) -> 15764 | H35: =SUM(F35:G35) -> 1406 | J35: VALOR | K35: 286.07 | L35: 285.46 | M35: 293.58 | W35: VALOR | X35: 50 | Y35: 50 | AE35: VALOR
T36: TOTAL | U36: =SUM(K35:U35) -> 865.11 | AB36: TOTAL | AC36: =SUM(X35:AC35) -> 100 | AJ36: TOTAL | AK36: =SUM(AF35:AK35) -> 0
B37: Setembro | J37: Setembro | W37: =J37 -> Setembro | AE37: =W37 -> Setembro
A38: KM (Rodados) | B38: 1ª Leitura | C38: 2ª Leitura | D38: 3ª Leitura | E38: 4ª Leitura | F38: 15 dias Rodados | G38: 30 dias Rodados | H38: Total Mensal | J38: DATA | K38: 45550 | L38: 45554 | M38: 45559 | W38: DATA | X38: 45542 | Y38: 45558 | AE38: DATA
B39: 15764 | E39: 18191 | F39: =SUM(C39-B39) -> -15764 | G39: =SUM(E39-D39) -> 18191 | H39: =SUM(F39:G39) -> 2427 | J39: VALOR | K39: 175 | L39: 280.05 | M39: 245.96 | W39: VALOR | X39: 50 | Y39: 50 | AE39: VALOR
T40: TOTAL | U40: =SUM(K39:U39) -> 701.01 | AB40: TOTAL | AC40: =SUM(X39:AC39) -> 100 | AJ40: TOTAL | AK40: =SUM(AF39:AK39) -> 0
B41: Outubro | J41: Outubro | W41: =J41 -> Outubro | AE41: =W41 -> Outubro
A42: KM (Rodados) | B42: 1ª Leitura | C42: 2ª Leitura | D42: 3ª Leitura | E42: 4ª Leitura | F42: 15 dias Rodados | G42: 30 dias Rodados | H42: Total Mensal | J42: DATA | K42: 45566 | L42: 45575 | M42: 45582 | N42: 45594 | W42: DATA | X42: 45570 | AE42: DATA
B43: 18191 | E43: 19750 | F43: =SUM(C43-B43) -> -18191 | G43: =SUM(E43-D43) -> 19750 | H43: =SUM(F43:G43) -> 1559 | J43: VALOR | K43: 251.03 | L43: 269.13 | M43: 251.57 | N43: 269.44 | W43: VALOR | X43: 50 | AE43: VALOR
T44: TOTAL | U44: =SUM(K43:U43) -> 1041.17 | AB44: TOTAL | AC44: =SUM(X43:AC43) -> 50 | AJ44: TOTAL | AK44: =SUM(AF43:AK43) -> 0
B45: Novembro | J45: Novembro | W45: =J45 -> Novembro | AE45: =W45 -> Novembro
A46: KM (Rodados) | B46: 1ª Leitura | C46: 2ª Leitura | D46: 3ª Leitura | E46: 4ª Leitura | F46: 15 dias Rodados | G46: 30 dias Rodados | H46: Total Mensal | J46: DATA | K46: 45603 | M46: 45625 | W46: DATA | AE46: DATA
B47: 19750 | C47: 20904 | D47: 20904 | E47: 21085 | F47: =SUM(C47-B47) -> 1154 | G47: =SUM(E47-D47) -> 181 | H47: =SUM(F47:G47) -> 1335 | J47: VALOR | K47: 276.04 | M47: 262.27 | W47: VALOR | AE47: VALOR
T48: TOTAL | U48: =SUM(K47:U47) -> 538.31 | AB48: TOTAL | AC48: =SUM(X47:AC47) -> 0 | AJ48: TOTAL | AK48: =SUM(AF47:AK47) -> 0
B49: Dezembro | J49: Dezembro | W49: =J49 -> Dezembro | AE49: =W49 -> Dezembro
A50: KM (Rodados) | B50: 1ª Leitura | C50: 2ª Leitura | D50: 3ª Leitura | E50: 4ª Leitura | F50: 15 dias Rodados | G50: 30 dias Rodados | H50: Total Mensal | J50: DATA | K50: 45638 | W50: DATA | AE50: DATA
B51: 21085 | C51: 22076 | D51: 22076 | E51: 22265 | F51: =SUM(C51-B51) -> 991 | G51: =SUM(E51-D51) -> 189 | H51: =SUM(F51:G51) -> 1180 | J51: VALOR | K51: 255.84 | W51: VALOR | AE51: VALOR
T52: TOTAL | U52: =SUM(K51:U51) -> 255.84 | AB52: TOTAL | AC52: =SUM(X51:AC51) -> 0 | AJ52: TOTAL | AK52: =SUM(AF51:AK51) -> 0
B53: Janeiro | J53: Janeiro | W53: =J53 -> Janeiro | AE53: =W53 -> Janeiro
A54: KM (Rodados) | B54: 1ª Leitura | C54: 2ª Leitura | D54: 3ª Leitura | E54: 4ª Leitura | F54: 15 dias Rodados | G54: 30 dias Rodados | H54: Total Mensal | J54: DATA | K54: 45666 | L54: 45673 | M54: 45680 | W54: DATA | AE54: DATA
B55: 22265 | C55: 23049 | D55: 23049 | E55: 23868 | F55: =SUM(C55-B55) -> 784 | G55: =SUM(E55-D55) -> 819 | H55: =SUM(F55:G55) -> 1603 | J55: VALOR | K55: 235.03 | L55: 204.21 | M55: 246.84 | W55: VALOR | AE55: VALOR
T56: TOTAL | U56: =SUM(K55:U55) -> 686.08 | AB56: TOTAL | AC56: =SUM(X55:AC55) -> 0 | AJ56: TOTAL | AK56: =SUM(AF55:AK55) -> 0
B57: Fevereiro | J57: Fevereiro | W57: =J57 -> Fevereiro | AE57: =W57 -> Fevereiro
A58: KM (Rodados) | B58: 1ª Leitura | C58: 2ª Leitura | D58: 3ª Leitura | E58: 4ª Leitura | F58: 15 dias Rodados | G58: 30 dias Rodados | H58: Total Mensal | J58: DATA | K58: 45694 | L58: 45699 | M58: 45708 | N58: 25/02/25025 | O58: 45715 | W58: DATA | AE58: DATA
B59: 23868 | C59: 25164 | D59: 25164 | E59: 26342 | F59: =SUM(C59-B59) -> 1296 | G59: =SUM(E59-D59) -> 1178 | H59: =SUM(F59:G59) -> 2474 | J59: VALOR | K59: 306.62 | L59: 290.02 | M59: 320.84 | N59: 252.92 | O59: 167.13 | W59: VALOR | AE59: VALOR
T60: TOTAL | U60: =SUM(K59:U59) -> 1337.53 | AB60: TOTAL | AC60: =SUM(X59:AC59) -> 0 | AJ60: TOTAL | AK60: =SUM(AF59:AK59) -> 0
B61: Março | J61: Março | Y61: =J61 -> Março | AH61: =Y61 -> Março
A62: KM (Rodados) | B62: 1ª Leitura | C62: 2ª Leitura | D62: 3ª Leitura | E62: 4ª Leitura | F62: 15 dias Rodados | G62: 30 dias Rodados | H62: Total Mensal | J62: DATA | K62: 45721 | L62: 45726 | M62: 45736 | Y62: DATA | Z62: 45736 | AH62: DATA
B63: 26342 | C63: 26883 | D63: 26883 | E63: 29956 | F63: =SUM(C63-B63) -> 541 | G63: =SUM(E63-D63) -> 3073 | H63: =SUM(F63:G63) -> 3614 | J63: VALOR | K63: 320.84 | L63: 305.73 | M63: 210.09 | Y63: VALOR | Z63: 50 | AH63: VALOR
T64: TOTAL | U64: =SUM(K63:U63) -> 836.66 | AD64: TOTAL | AE64: =SUM(Z63:AE63) -> 50 | AM64: TOTAL | AN64: =SUM(AI63:AN63) -> 0
B65: Abril | J65: Abril | Y65: =J65 -> Abril | AH65: =Y65 -> Abril
A66: KM (Rodados) | B66: 1ª Leitura | C66: 2ª Leitura | D66: 3ª Leitura | E66: 4ª Leitura | F66: 15 dias Rodados | G66: 30 dias Rodados | H66: Total Mensal | J66: DATA | K66: 45755 | L66: 45764 | Y66: DATA | AH66: DATA
B67: 29956 | C67: 31943 | D67: 31943 | E67: 32451 | F67: =SUM(C67-B67) -> 1987 | G67: =SUM(E67-D67) -> 508 | H67: =SUM(F67:G67) -> 2495 | J67: VALOR | K67: 285.79 | L67: 193.98 | Y67: VALOR | AH67: VALOR
T68: TOTAL | U68: =SUM(K67:U67) -> 479.77 | AD68: TOTAL | AE68: =SUM(Z67:AE67) -> 0 | AM68: TOTAL | AN68: =SUM(AI67:AN67) -> 0
B69: Maio | J69: Maio | Y69: =J69 -> Maio | AH69: =Y69 -> Maio
A70: KM (Rodados) | B70: 1ª Leitura | C70: 2ª Leitura | D70: 3ª Leitura | E70: 4ª Leitura | F70: 15 dias Rodados | G70: 30 dias Rodados | H70: Total Mensal | J70: DATA | K70: 45778 | L70: 45785 | M70: 45792 | N70: 45799 | O70: 45806 | P70: 45807 | Q70: 45807 | Y70: DATA | AH70: DATA
B71: 32451 | C71: 33176 | D71: 33176 | E71: 34997 | F71: =SUM(C71-B71) -> 725 | G71: =SUM(E71-D71) -> 1821 | H71: =SUM(F71:G71) -> 2546 | J71: VALOR | K71: 229.95 | L71: 221.61 | M71: 144.09 | N71: 133.25 | O71: 97.44 | P71: 324.72 | Q71: 264.15 | Y71: VALOR | AH71: VALOR
T72: TOTAL | U72: =SUM(K71:U71) -> 1415.21 | AD72: TOTAL | AE72: =SUM(Z71:AE71) -> 0 | AM72: TOTAL | AN72: =SUM(AI71:AN71) -> 0
B73: Junho | J73: Junho | Y73: =J73 -> Junho | AH73: =Y73 -> Junho
A74: KM (Rodados) | B74: 1ª Leitura | C74: 2ª Leitura | D74: 3ª Leitura | E74: 4ª Leitura | F74: 15 dias Rodados | G74: 30 dias Rodados | H74: Total Mensal | J74: DATA | K74: 45812 | L74: 45818 | M74: 45820 | N74: 45824 | O74: 45826 | P74: 45834 | Y74: DATA | AH74: DATA
B75: 34997 | C75: 36218 | D75: 36218 | E75: 37500 | F75: =SUM(C75-B75) -> 1221 | G75: =SUM(E75-D75) -> 1282 | H75: =SUM(F75:G75) -> 2503 | J75: VALOR | K75: 287.21 | L75: 223.45 | M75: 274.29 | N75: 260.03 | O75: 270.28 | P75: 301.99 | Y75: VALOR | AH75: VALOR
T76: TOTAL | U76: =SUM(K75:U75) -> 1617.25 | AD76: TOTAL | AE76: =SUM(Z75:AE75) -> 0 | AM76: TOTAL | AN76: =SUM(AI75:AN75) -> 0
B77: Julho | J77: Julho | Y77: =J77 -> Julho | AH77: =Y77 -> Julho
A78: KM (Rodados) | B78: 1ª Leitura | C78: 2ª Leitura | D78: 3ª Leitura | E78: 4ª Leitura | F78: 15 dias Rodados | G78: 30 dias Rodados | H78: Total Mensal | J78: DATA | K78: 45839 | L78: 45841 | M78: 45846 | N78: 45848 | O78: 45856 | P78: 45861 | Q78: 45864 | R78: 45866 | Y78: DATA | AH78: DATA
B79: 37500 | C79: 39748 | D79: 39748 | E79: 41966 | F79: =SUM(C79-B79) -> 2248 | G79: =SUM(E79-D79) -> 2218 | H79: =SUM(F79:G79) -> 4466 | J79: VALOR | K79: 295.05 | L79: 282.2 | M79: 328.03 | N79: 305.19 | O79: 304.93 | P79: 236.53 | Q79: 290.08 | R79: 314.12 | Y79: VALOR | AH79: VALOR
T80: TOTAL | U80: =SUM(K79:U79) -> 2356.13 | AD80: TOTAL | AE80: =SUM(Z79:AE79) -> 0 | AM80: TOTAL | AN80: =SUM(AI79:AN79) -> 0
B81: Agosto | J81: Agosto | Y81: =J81 -> Agosto | AH81: =Y81 -> Agosto
A82: KM (Rodados) | B82: 1ª Leitura | C82: 2ª Leitura | D82: 3ª Leitura | E82: 4ª Leitura | F82: 15 dias Rodados | G82: 30 dias Rodados | H82: Total Mensal | J82: DATA | K82: 45874 | L82: 45878 | M82: 45879 | N82: 45880 | O82: 45887 | P82: 45895 | Y82: DATA | AH82: DATA
B83: 41966 | C83: 44020 | D83: 44020 | E83: 45083 | F83: =SUM(C83-B83) -> 2054 | G83: =SUM(E83-D83) -> 1063 | H83: =SUM(F83:G83) -> 3117 | J83: VALOR | K83: 240.84 | L83: 301.05 | M83: 262.3 | N83: 301.04 | O83: 274.04 | P83: 291.35 | Y83: VALOR | AH83: VALOR
T84: TOTAL | U84: =SUM(K83:U83) -> 1670.62 | AD84: TOTAL | AE84: =SUM(Z83:AE83) -> 0 | AM84: TOTAL | AN84: =SUM(AI83:AN83) -> 0
B85: Setembro | J85: Setembro | Y85: =J85 -> Setembro | AH85: =Y85 -> Setembro
A86: KM (Rodados) | B86: 1ª Leitura | C86: 2ª Leitura | D86: 3ª Leitura | E86: 4ª Leitura | F86: 15 dias Rodados | G86: 30 dias Rodados | H86: Total Mensal | J86: DATA | K86: 45901 | L86: 45904 | M86: 45911 | N86: 45916 | O86: 45918 | P86: 45925 | Q86: 45930 | Y86: DATA | AH86: DATA
B87: 45083 | C87: 46350 | D87: 46350 | E87: 47578 | F87: =SUM(C87-B87) -> 1267 | G87: =SUM(E87-D87) -> 1228 | H87: =SUM(F87:G87) -> 2495 | J87: VALOR | K87: 255.41 | L87: 200 | M87: 269.55 | N87: 224.26 | O87: 162.68 | P87: 271.04 | Q87: 267.69 | Y87: VALOR | AH87: VALOR
T88: TOTAL | U88: =SUM(K87:U87) -> 1650.63 | AD88: TOTAL | AE88: =SUM(Z87:AE87) -> 0 | AM88: TOTAL | AN88: =SUM(AI87:AN87) -> 0
B89: Outubro | J89: Outubro | Y89: =J89 -> Outubro | AH89: =Y89 -> Outubro
A90: KM (Rodados) | B90: 1ª Leitura | C90: 2ª Leitura | D90: 3ª Leitura | E90: 4ª Leitura | F90: 15 dias Rodados | G90: 30 dias Rodados | H90: Total Mensal | J90: DATA | K90: 45932 | L90: 45937 | M90: 45939 | N90: 45944 | O90: 45946 | P90: 45951 | Q90: 45955 | R90: 45960 | Y90: DATA | AH90: DATA
B91: 47578 | C91: 49548 | D91: 49548 | E91: 52699 | F91: =SUM(C91-B91) -> 1970 | G91: =SUM(E91-D91) -> 3151 | H91: =SUM(F91:G91) -> 5121 | J91: VALOR | K91: 234.68 | L91: 270.02 | M91: 127.34 | N91: 265.83 | O91: 265.65 | P91: 251.32 | Q91: 288.59 | R91: 252.47 | Y91: VALOR | AH91: VALOR
T92: TOTAL | U92: =SUM(K91:U91) -> 1955.9 | AD92: TOTAL | AE92: =SUM(Z91:AE91) -> 0 | AM92: TOTAL | AN92: =SUM(AI91:AN91) -> 0
B93: Novembro | J93: Novembro | Y93: =J93 -> Novembro | AH93: =Y93 -> Novembro
A94: KM (Rodados) | B94: 1ª Leitura | C94: 2ª Leitura | D94: 3ª Leitura | E94: 4ª Leitura | F94: 15 dias Rodados | G94: 30 dias Rodados | H94: Total Mensal | J94: DATA | K94: 45972 | L94: 45974 | M94: 45981 | Y94: DATA | AH94: DATA
B95: 52699 | C95: 54795 | D95: 54795 | E95: 55260 | F95: =SUM(C95-B95) -> 2096 | G95: =SUM(E95-D95) -> 465 | H95: =SUM(F95:G95) -> 2561 | J95: VALOR | K95: 238.12 | L95: 181.31 | M95: 236.98 | Y95: VALOR | AH95: VALOR
T96: TOTAL | U96: =SUM(K95:U95) -> 656.41 | AD96: TOTAL | AE96: =SUM(Z95:AE95) -> 0 | AM96: TOTAL | AN96: =SUM(AI95:AN95) -> 0
B97: Dezembro | J97: Dezembro | Y97: =J97 -> Dezembro | AH97: =Y97 -> Dezembro
A98: KM (Rodados) | B98: 1ª Leitura | C98: 2ª Leitura | D98: 3ª Leitura | E98: 4ª Leitura | F98: 15 dias Rodados | G98: 30 dias Rodados | H98: Total Mensal | J98: DATA | K98: 45993 | L98: 45995 | M98: 46000 | N98: 46002 | Y98: DATA | AH98: DATA
B99: 55260 | C99: 57406 | D99: 57406 | E99: 60592 | F99: =SUM(C99-B99) -> 2146 | G99: =SUM(E99-D99) -> 3186 | H99: =SUM(F99:G99) -> 5332 | J99: VALOR | K99: 167.44 | L99: 166.42 | M99: 252.29 | N99: 94.06 | Y99: VALOR | AH99: VALOR
T100: TOTAL | U100: =SUM(K99:U99) -> 680.21 | AD100: TOTAL | AE100: =SUM(Z99:AE99) -> 0 | AM100: TOTAL | AN100: =SUM(AI99:AN99) -> 0
B101: Janeiro | J101: Janeiro | Y101: =J101 -> Janeiro | AH101: =Y101 -> Janeiro
A102: KM (Rodados) | B102: 1ª Leitura | C102: 2ª Leitura | D102: 3ª Leitura | E102: 4ª Leitura | F102: 15 dias Rodados | G102: 30 dias Rodados | H102: Total Mensal | J102: DATA | Y102: DATA | AH102: DATA
B103: 60592 | E103: 63258 | F103: =SUM(C103-B103) -> -60592 | G103: =SUM(E103-D103) -> 63258 | H103: =SUM(F103:G103) -> 2666 | J103: VALOR | Y103: VALOR | AH103: VALOR
T104: TOTAL | U104: =SUM(K103:U103) -> 0 | AD104: TOTAL | AE104: =SUM(Z103:AE103) -> 0 | AM104: TOTAL | AN104: =SUM(AI103:AN103) -> 0
B105: Fevereiro | J105: Fevereiro | Y105: Fevereiro | AH105: Fevereiro
...

Sheet Ademir-Desmob
A2: Veiculo | B2: TCROSS | D2: Placa: | E2: ELI4J04 | H2: Medição | I2: 5325
A4: Contrato de Locação | B4: 3500 | D4: Rastreador | E4: 50 | H4: Data mob. | I4: 45566 | J4: Data Devol. | K4: 45861
A7: REGISTRO DE KM | J7: ABASTECIMENTO | Y7: LAVA_RAPIDO | AH7: BORRACHARIA
B9: Fevereiro | J9: Fevereiro | Y9: Fevereiro | AH9: Fevereiro
A10: KM (Rodados) | B10: 1ª Leitura | C10: 2ª Leitura | D10: 3ª Leitura | E10: 4ª Leitura | F10: 15 dias Rodados | G10: 30 dias Rodados | H10: Total Mensal | J10: DATA | Y10: DATA | AH10: DATA
F11: =SUM(C11-B11) -> 0 | G11: =SUM(E11-D11) -> 0 | H11: =SUM(F11:G11) -> 0 | J11: VALOR | Y11: VALOR | AH11: VALOR
T12: TOTAL | U12: =SUM(K11:U11) -> 0 | AD12: TOTAL | AE12: =SUM(Z11:AE11) -> 0 | AM12: TOTAL | AN12: =SUM(AI11:AN11) -> 0
B13: Março | J13: Março | Y13: =J13 -> Março | AH13: =Y13 -> Março
A14: KM (Rodados) | B14: 1ª Leitura | C14: 2ª Leitura | D14: 3ª Leitura | E14: 4ª Leitura | F14: 15 dias Rodados | G14: 30 dias Rodados | H14: Total Mensal | J14: DATA | Y14: DATA | AH14: DATA
F15: =SUM(C15-B15) -> 0 | G15: =SUM(E15-D15) -> 0 | H15: =SUM(F15:G15) -> 0 | J15: VALOR | Y15: VALOR | AH15: VALOR
T16: TOTAL | U16: =SUM(K15:U15) -> 0 | AD16: TOTAL | AE16: =SUM(Z15:AE15) -> 0 | AM16: TOTAL | AN16: =SUM(AI15:AN15) -> 0
B17: Abril | J17: Abril | Y17: =J17 -> Abril | AH17: =Y17 -> Abril
A18: KM (Rodados) | B18: 1ª Leitura | C18: 2ª Leitura | D18: 3ª Leitura | E18: 4ª Leitura | F18: 15 dias Rodados | G18: 30 dias Rodados | H18: Total Mensal | J18: DATA | Y18: DATA | AH18: DATA
F19: =SUM(C19-B19) -> 0 | G19: =SUM(E19-D19) -> 0 | H19: =SUM(F19:G19) -> 0 | J19: VALOR | Y19: VALOR | AH19: VALOR
T20: TOTAL | U20: =SUM(K19:U19) -> 0 | AD20: TOTAL | AE20: =SUM(Z19:AE19) -> 0 | AM20: TOTAL | AN20: =SUM(AI19:AN19) -> 0
B21: Maio | J21: Maio | Y21: =J21 -> Maio | AH21: =Y21 -> Maio
A22: KM (Rodados) | B22: 1ª Leitura | C22: 2ª Leitura | D22: 3ª Leitura | E22: 4ª Leitura | F22: 15 dias Rodados | G22: 30 dias Rodados | H22: Total Mensal | J22: DATA | Y22: DATA | AH22: DATA
F23: =SUM(C23-B23) -> 0 | G23: =SUM(E23-D23) -> 0 | H23: =SUM(F23:G23) -> 0 | J23: VALOR | Y23: VALOR | AH23: VALOR
T24: TOTAL | U24: =SUM(K23:U23) -> 0 | AD24: TOTAL | AE24: =SUM(Z23:AE23) -> 0 | AM24: TOTAL | AN24: =SUM(AI23:AN23) -> 0
B25: Junho | J25: Junho | Y25: =J25 -> Junho | AH25: =Y25 -> Junho
A26: KM (Rodados) | B26: 1ª Leitura | C26: 2ª Leitura | D26: 3ª Leitura | E26: 4ª Leitura | F26: 15 dias Rodados | G26: 30 dias Rodados | H26: Total Mensal | J26: DATA | Y26: DATA | AH26: DATA
F27: =SUM(C27-B27) -> 0 | G27: =SUM(E27-D27) -> 0 | H27: =SUM(F27:G27) -> 0 | J27: VALOR | Y27: VALOR | AH27: VALOR
T28: TOTAL | U28: =SUM(K27:U27) -> 0 | AD28: TOTAL | AE28: =SUM(Z27:AE27) -> 0 | AM28: TOTAL | AN28: =SUM(AI27:AN27) -> 0
B29: Julho | J29: Julho | Y29: =J29 -> Julho | AH29: =Y29 -> Julho
A30: KM (Rodados) | B30: 1ª Leitura | C30: 2ª Leitura | D30: 3ª Leitura | E30: 4ª Leitura | F30: 15 dias Rodados | G30: 30 dias Rodados | H30: Total Mensal | J30: DATA | Y30: DATA | AH30: DATA
F31: =SUM(C31-B31) -> 0 | G31: =SUM(E31-D31) -> 0 | H31: =SUM(F31:G31) -> 0 | J31: VALOR | Y31: VALOR | AH31: VALOR
T32: TOTAL | U32: =SUM(K31:U31) -> 0 | AD32: TOTAL | AE32: =SUM(Z31:AE31) -> 0 | AM32: TOTAL | AN32: =SUM(AI31:AN31) -> 0
B33: Agosto | J33: Agosto | Y33: =J33 -> Agosto | AH33: =Y33 -> Agosto
A34: KM (Rodados) | B34: 1ª Leitura | C34: 2ª Leitura | D34: 3ª Leitura | E34: 4ª Leitura | F34: 15 dias Rodados | G34: 30 dias Rodados | H34: Total Mensal | J34: DATA | Y34: DATA | AH34: DATA
F35: =SUM(C35-B35) -> 0 | G35: =SUM(E35-D35) -> 0 | H35: =SUM(F35:G35) -> 0 | J35: VALOR | Y35: VALOR | AH35: VALOR
T36: TOTAL | U36: =SUM(K35:U35) -> 0 | AD36: TOTAL | AE36: =SUM(Z35:AE35) -> 0 | AM36: TOTAL | AN36: =SUM(AI35:AN35) -> 0
B37: Setembro | J37: Setembro | Y37: =J37 -> Setembro | AH37: =Y37 -> Setembro
A38: KM (Rodados) | B38: 1ª Leitura | C38: 2ª Leitura | D38: 3ª Leitura | E38: 4ª Leitura | F38: 15 dias Rodados | G38: 30 dias Rodados | H38: Total Mensal | J38: DATA | Y38: DATA | AH38: DATA
F39: =SUM(C39-B39) -> 0 | G39: =SUM(E39-D39) -> 0 | H39: =SUM(F39:G39) -> 0 | J39: VALOR | Y39: VALOR | AH39: VALOR
T40: TOTAL | U40: =SUM(K39:U39) -> 0 | AD40: TOTAL | AE40: =SUM(Z39:AE39) -> 0 | AM40: TOTAL | AN40: =SUM(AI39:AN39) -> 0
B41: Outubro | J41: Outubro | Y41: =J41 -> Outubro | AH41: =Y41 -> Outubro
A42: KM (Rodados) | B42: 1ª Leitura | C42: 2ª Leitura | D42: 3ª Leitura | E42: 4ª Leitura | F42: 15 dias Rodados | G42: 30 dias Rodados | H42: Total Mensal | J42: DATA | K42: 45573 | L42: 45575 | M42: 45589 | Y42: DATA | AH42: DATA
B43: 39431 | E43: 40385 | F43: =SUM(C43-B43) -> -39431 | G43: =SUM(E43-D43) -> 40385 | H43: =SUM(F43:G43) -> 954 | J43: VALOR | K43: 266.03 | L43: 206.2 | M43: 200 | Y43: VALOR | AH43: VALOR
T44: TOTAL | U44: =SUM(K43:U43) -> 672.23 | AD44: TOTAL | AE44: =SUM(Z43:AE43) -> 0 | AM44: TOTAL | AN44: =SUM(AI43:AN43) -> 0
B45: Novembro | J45: Novembro | Y45: =J45 -> Novembro | AH45: =Y45 -> Novembro
A46: KM (Rodados) | B46: 1ª Leitura | C46: 2ª Leitura | D46: 3ª Leitura | E46: 4ª Leitura | F46: 15 dias Rodados | G46: 30 dias Rodados | H46: Total Mensal | J46: DATA | K46: 45601 | Y46: DATA | AH46: DATA
F47: =SUM(C47-B47) -> 0 | G47: =SUM(E47-D47) -> 0 | H47: =SUM(F47:G47) -> 0 | J47: VALOR | K47: 228 | Y47: VALOR | AH47: VALOR
T48: TOTAL | U48: =SUM(K47:U47) -> 228 | AD48: TOTAL | AE48: =SUM(Z47:AE47) -> 0 | AM48: TOTAL | AN48: =SUM(AI47:AN47) -> 0
B49: Dezembro | J49: Dezembro | Y49: =J49 -> Dezembro | AH49: =Y49 -> Dezembro
A50: KM (Rodados) | B50: 1ª Leitura | C50: 2ª Leitura | D50: 3ª Leitura | E50: 4ª Leitura | F50: 15 dias Rodados | G50: 30 dias Rodados | H50: Total Mensal | J50: DATA | K50: 45629 | Y50: DATA | AH50: DATA
B51: 41336 | C51: 41829 | D51: 41829 | E51: 42382 | F51: =SUM(C51-B51) -> 493 | G51: =SUM(E51-D51) -> 553 | H51: =SUM(F51:G51) -> 1046 | J51: VALOR | K51: 234.98 | Y51: VALOR | AH51: VALOR
T52: TOTAL | U52: =SUM(K51:U51) -> 234.98 | AD52: TOTAL | AE52: =SUM(Z51:AE51) -> 0 | AM52: TOTAL | AN52: =SUM(AI51:AN51) -> 0
B53: Janeiro | J53: Janeiro | Y53: =J53 -> Janeiro | AH53: =Y53 -> Janeiro
A54: KM (Rodados) | B54: 1ª Leitura | C54: 2ª Leitura | D54: 3ª Leitura | E54: 4ª Leitura | F54: 15 dias Rodados | G54: 30 dias Rodados | H54: Total Mensal | J54: DATA | K54: 45666 | L54: 45678 | Y54: DATA | AH54: DATA
B55: 42382 | C55: 42650 | D55: 42650 | E55: 43068 | F55: =SUM(C55-B55) -> 268 | G55: =SUM(E55-D55) -> 418 | H55: =SUM(F55:G55) -> 686 | J55: VALOR | K55: 279.95 | L55: 167.36 | Y55: VALOR | AH55: VALOR
T56: TOTAL | U56: =SUM(K55:U55) -> 447.31 | AD56: TOTAL | AE56: =SUM(Z55:AE55) -> 0 | AM56: TOTAL | AN56: =SUM(AI55:AN55) -> 0
B57: Fevereiro | J57: Fevereiro | Y57: =J57 -> Fevereiro | AH57: =Y57 -> Fevereiro
A58: KM (Rodados) | B58: 1ª Leitura | C58: 2ª Leitura | D58: 3ª Leitura | E58: 4ª Leitura | F58: 15 dias Rodados | G58: 30 dias Rodados | H58: Total Mensal | J58: DATA | K58: 45694 | L58: 45701 | M58: 45704 | N58: 45706 | O58: 45710 | P58: 45712 | Y58: DATA | AH58: DATA
B59: 43068 | C59: 43451 | D59: 43451 | E59: 45623 | F59: =SUM(C59-B59) -> 383 | G59: =SUM(E59-D59) -> 2172 | H59: =SUM(F59:G59) -> 2555 | J59: VALOR | K59: 182.89 | L59: 118.3 | M59: 182.09 | N59: 223.02 | O59: 199.2 | P59: 270.01 | Y59: VALOR | AH59: VALOR
T60: TOTAL | U60: =SUM(K59:U59) -> 1175.51 | AD60: TOTAL | AE60: =SUM(Z59:AE59) -> 0 | AM60: TOTAL | AN60: =SUM(AI59:AN59) -> 0
B61: Março | J61: Março | Y61: =J61 -> Março | AH61: =Y61 -> Março
A62: KM (Rodados) | B62: 1ª Leitura | C62: 2ª Leitura | D62: 3ª Leitura | E62: 4ª Leitura | F62: 15 dias Rodados | G62: 30 dias Rodados | H62: Total Mensal | J62: DATA | K62: 45722 | L62: 45734 | M62: 45736 | Y62: DATA | Z62: 45747 | AH62: DATA
B63: 45656 | C63: 46809 | D63: 46809 | E63: 47249 | F63: =SUM(C63-B63) -> 1153 | G63: =SUM(E63-D63) -> 440 | H63: =SUM(F63:G63) -> 1593 | J63: VALOR | K63: 128.69 | L63: 129.99 | M63: 181.91 | Y63: VALOR | Z63: 50 | AH63: VALOR
T64: TOTAL | U64: =SUM(K63:U63) -> 440.59 | AD64: TOTAL | AE64: =SUM(Z63:AE63) -> 50 | AM64: TOTAL | AN64: =SUM(AI63:AN63) -> 0
B65: Abril | J65: Abril | Y65: =J65 -> Abril | AH65: =Y65 -> Abril
A66: KM (Rodados) | B66: 1ª Leitura | C66: 2ª Leitura | D66: 3ª Leitura | E66: 4ª Leitura | F66: 15 dias Rodados | G66: 30 dias Rodados | H66: Total Mensal | J66: DATA | K66: 45750 | L66: 45757 | M66: 45771 | Y66: DATA | AH66: DATA
B67: 47249 | C67: 47783 | D67: 47783 | E67: 48200 | F67: =SUM(C67-B67) -> 534 | G67: =SUM(E67-D67) -> 417 | H67: =SUM(F67:G67) -> 951 | J67: VALOR | K67: 275.35 | L67: 132.49 | M67: 221.93 | Y67: VALOR | AH67: VALOR
T68: TOTAL | U68: =SUM(K67:U67) -> 629.77 | AD68: TOTAL | AE68: =SUM(Z67:AE67) -> 0 | AM68: TOTAL | AN68: =SUM(AI67:AN67) -> 0
B69: Maio | J69: Maio | Y69: =J69 -> Maio | AH69: =Y69 -> Maio
A70: KM (Rodados) | B70: 1ª Leitura | C70: 2ª Leitura | D70: 3ª Leitura | E70: 4ª Leitura | F70: 15 dias Rodados | G70: 30 dias Rodados | H70: Total Mensal | J70: DATA | K70: 45785 | L70: 45792 | Y70: DATA | AH70: DATA
B71: 48200 | C71: 48638 | D71: 48638 | E71: 48932 | F71: =SUM(C71-B71) -> 438 | G71: =SUM(E71-D71) -> 294 | H71: =SUM(F71:G71) -> 732 | J71: VALOR | K71: 220.57 | L71: 214.94 | Y71: VALOR | AH71: VALOR
T72: TOTAL | U72: =SUM(K71:U71) -> 435.51 | AD72: TOTAL | AE72: =SUM(Z71:AE71) -> 0 | AM72: TOTAL | AN72: =SUM(AI71:AN71) -> 0
B73: Junho | J73: Junho | Y73: =J73 -> Junho | AH73: =Y73 -> Junho
A74: KM (Rodados) | B74: 1ª Leitura | C74: 2ª Leitura | D74: 3ª Leitura | E74: 4ª Leitura | F74: 15 dias Rodados | G74: 30 dias Rodados | H74: Total Mensal | J74: DATA | K74: 45820 | L74: 45832 | Y74: DATA | AH74: DATA
B75: 48932 | C75: 49077 | D75: 49077 | E75: 49569 | F75: =SUM(C75-B75) -> 145 | G75: =SUM(E75-D75) -> 492 | H75: =SUM(F75:G75) -> 637 | J75: VALOR | K75: 245.78 | L75: 245.32 | Y75: VALOR | AH75: VALOR
T76: TOTAL | U76: =SUM(K75:U75) -> 491.1 | AD76: TOTAL | AE76: =SUM(Z75:AE75) -> 0 | AM76: TOTAL | AN76: =SUM(AI75:AN75) -> 0
B77: Julho | J77: Julho | Y77: =J77 -> Julho | AH77: =Y77 -> Julho
A78: KM (Rodados) | B78: 1ª Leitura | C78: 2ª Leitura | D78: 3ª Leitura | E78: 4ª Leitura | F78: 15 dias Rodados | G78: 30 dias Rodados | H78: Total Mensal | J78: DATA | K78: 45841 | L78: 45846 | M78: 45853 | N78: 45860 | O78: 45861 | Y78: DATA | AH78: DATA
B79: 49569 | C79: 50660 | D79: 50660 | E79: 51296 | F79: =SUM(C79-B79) -> 1091 | G79: =SUM(E79-D79) -> 636 | H79: =SUM(F79:G79) -> 1727 | J79: VALOR | K79: 164.2 | L79: 257.75 | M79: 166 | N79: 202.9 | O79: 51.37 | Y79: VALOR | AH79: VALOR
T80: TOTAL | U80: =SUM(K79:U79) -> 842.22 | AD80: TOTAL | AE80: =SUM(Z79:AE79) -> 0 | AM80: TOTAL | AN80: =SUM(AI79:AN79) -> 0
B81: Agosto | J81: Agosto | Y81: =J81 -> Agosto | AH81: =Y81 -> Agosto
A82: KM (Rodados) | B82: 1ª Leitura | C82: 2ª Leitura | D82: 3ª Leitura | E82: 4ª Leitura | F82: 15 dias Rodados | G82: 30 dias Rodados | H82: Total Mensal | J82: DATA | Y82: DATA | AH82: DATA
F83: =SUM(C83-B83) -> 0 | G83: =SUM(E83-D83) -> 0 | H83: =SUM(F83:G83) -> 0 | J83: VALOR | Y83: VALOR | AH83: VALOR
T84: TOTAL | U84: =SUM(K83:U83) -> 0 | AD84: TOTAL | AE84: =SUM(Z83:AE83) -> 0 | AM84: TOTAL | AN84: =SUM(AI83:AN83) -> 0
B85: Setembro | J85: Setembro | Y85: =J85 -> Setembro | AH85: =Y85 -> Setembro
A86: KM (Rodados) | B86: 1ª Leitura | C86: 2ª Leitura | D86: 3ª Leitura | E86: 4ª Leitura | F86: 15 dias Rodados | G86: 30 dias Rodados | H86: Total Mensal | J86: DATA | Y86: DATA | AH86: DATA
F87: =SUM(C87-B87) -> 0 | G87: =SUM(E87-D87) -> 0 | H87: =SUM(F87:G87) -> 0 | J87: VALOR | Y87: VALOR | AH87: VALOR
T88: TOTAL | U88: =SUM(K87:U87) -> 0 | AD88: TOTAL | AE88: =SUM(Z87:AE87) -> 0 | AM88: TOTAL | AN88: =SUM(AI87:AN87) -> 0
B89: Outubro | J89: Outubro | Y89: =J89 -> Outubro | AH89: =Y89 -> Outubro
A90: KM (Rodados) | B90: 1ª Leitura | C90: 2ª Leitura | D90: 3ª Leitura | E90: 4ª Leitura | F90: 15 dias Rodados | G90: 30 dias Rodados | H90: Total Mensal | J90: DATA | Y90: DATA | AH90: DATA
F91: =SUM(C91-B91) -> 0 | G91: =SUM(E91-D91) -> 0 | H91: =SUM(F91:G91) -> 0 | J91: VALOR | Y91: VALOR | AH91: VALOR
T92: TOTAL | U92: =SUM(K91:U91) -> 0 | AD92: TOTAL | AE92: =SUM(Z91:AE91) -> 0 | AM92: TOTAL | AN92: =SUM(AI91:AN91) -> 0
B93: Novembro | J93: Novembro | Y93: =J93 -> Novembro | AH93: =Y93 -> Novembro
A94: KM (Rodados) | B94: 1ª Leitura | C94: 2ª Leitura | D94: 3ª Leitura | E94: 4ª Leitura | F94: 15 dias Rodados | G94: 30 dias Rodados | H94: Total Mensal | J94: DATA | Y94: DATA | AH94: DATA
F95: =SUM(C95-B95) -> 0 | G95: =SUM(E95-D95) -> 0 | H95: =SUM(F95:G95) -> 0 | J95: VALOR | Y95: VALOR | AH95: VALOR
T96: TOTAL | U96: =SUM(K95:U95) -> 0 | AD96: TOTAL | AE96: =SUM(Z95:AE95) -> 0 | AM96: TOTAL | AN96: =SUM(AI95:AN95) -> 0

Sheet Filipe-Desmob
A2: Veiculo | B2: RENEGADE | D2: Placa: | E2: SIN6B88 - SIN6C94 | H2: Medição
A4: Contrato de Locação | B4: 3455.99 | D4: Rastreador | H4: Data mob. | I4: 45046
A7: REGISTRO DE KM | J7: ABASTECIMENTO | W7: LAVA_RAPIDO | AE7: BORRACHARIA
B9: Fevereiro | J9: Fevereiro | W9: Fevereiro | AE9: Fevereiro
A10: KM (Rodados) | B10: 1ª Leitura | C10: 2ª Leitura | D10: 3ª Leitura | E10: 4ª Leitura | F10: 15 dias Rodados | G10: 30 dias Rodados | H10: Total Mensal | J10: DATA | W10: DATA | AE10: DATA
F11: =SUM(C11-B11) -> 0 | G11: =SUM(E11-D11) -> 0 | H11: =SUM(F11:G11) -> 0 | J11: VALOR | W11: VALOR | AE11: VALOR
T12: TOTAL | U12: =SUM(K11:U11) -> 0 | AB12: TOTAL | AC12: =SUM(X11:AC11) -> 0 | AJ12: TOTAL | AK12: =SUM(AF11:AK11) -> 0
B13: Março | J13: Março | W13: =J13 -> Março | AE13: =W13 -> Março
A14: KM (Rodados) | B14: 1ª Leitura | C14: 2ª Leitura | D14: 3ª Leitura | E14: 4ª Leitura | F14: 15 dias Rodados | G14: 30 dias Rodados | H14: Total Mensal | J14: DATA | W14: DATA | AE14: DATA
F15: =SUM(C15-B15) -> 0 | G15: =SUM(E15-D15) -> 0 | H15: =SUM(F15:G15) -> 0 | J15: VALOR | W15: VALOR | AE15: VALOR
T16: TOTAL | U16: =SUM(K15:U15) -> 0 | AB16: TOTAL | AC16: =SUM(X15:AC15) -> 0 | AJ16: TOTAL | AK16: =SUM(AF15:AK15) -> 0
B17: Abril | J17: Abril | W17: =J17 -> Abril | AE17: =W17 -> Abril
A18: KM (Rodados) | B18: 1ª Leitura | C18: 2ª Leitura | D18: 3ª Leitura | E18: 4ª Leitura | F18: 15 dias Rodados | G18: 30 dias Rodados | H18: Total Mensal | J18: DATA | W18: DATA | AE18: DATA
F19: =SUM(C19-B19) -> 0 | G19: =SUM(E19-D19) -> 0 | H19: =SUM(F19:G19) -> 0 | J19: VALOR | W19: VALOR | AE19: VALOR
T20: TOTAL | U20: =SUM(K19:U19) -> 0 | AB20: TOTAL | AC20: =SUM(X19:AC19) -> 0 | AJ20: TOTAL | AK20: =SUM(AF19:AK19) -> 0
B21: Maio | J21: Maio | W21: =J21 -> Maio | AE21: =W21 -> Maio
A22: KM (Rodados) | B22: 1ª Leitura | C22: 2ª Leitura | D22: 3ª Leitura | E22: 4ª Leitura | F22: 15 dias Rodados | G22: 30 dias Rodados | H22: Total Mensal | J22: DATA | K22: 45414 | L22: 45418 | M22: 45426 | N22: 45433 | O22: 45435 | P22: 45440 | W22: DATA | AE22: DATA
B23: 15140 | E23: 18261 | F23: =SUM(C23-B23) -> -15140 | G23: =SUM(E23-D23) -> 18261 | H23: =SUM(F23:G23) -> 3121 | J23: VALOR | K23: 214.2 | L23: 259 | M23: 185.01 | N23: 275.71 | O23: 149.94 | P23: 260.74 | W23: VALOR | AE23: VALOR
T24: TOTAL | U24: =SUM(K23:U23) -> 1344.6 | AB24: TOTAL | AC24: =SUM(X23:AC23) -> 0 | AJ24: TOTAL | AK24: =SUM(AF23:AK23) -> 0
B25: Junho | J25: Junho | W25: =J25 -> Junho | AE25: =W25 -> Junho
A26: KM (Rodados) | B26: 1ª Leitura | C26: 2ª Leitura | D26: 3ª Leitura | E26: 4ª Leitura | F26: 15 dias Rodados | G26: 30 dias Rodados | H26: Total Mensal | J26: DATA | K26: 45447 | L26: 45449 | M26: 45454 | N26: 45461 | O26: 45463 | P26: 45467 | Q26: 45468 | R26: 45470 | W26: DATA | X26: 45454 | AE26: DATA
B27: 18261 | E27: 21652 | F27: =SUM(C27-B27) -> -18261 | G27: =SUM(E27-D27) -> 21652 | H27: =SUM(F27:G27) -> 3391 | J27: VALOR | K27: 209 | L27: 128.89 | M27: 270.99 | N27: 290.03 | O27: 166.04 | P27: 159.12 | Q27: 308.02 | R27: 281.03 | W27: VALOR | X27: 50 | AE27: VALOR
T28: TOTAL | U28: =SUM(K27:U27) -> 1813.12 | AB28: TOTAL | AC28: =SUM(X27:AC27) -> 50 | AJ28: TOTAL | AK28: =SUM(AF27:AK27) -> 0
B29: Julho | J29: Julho | W29: =J29 -> Julho | AE29: =W29 -> Julho
A30: KM (Rodados) | B30: 1ª Leitura | C30: 2ª Leitura | D30: 3ª Leitura | E30: 4ª Leitura | F30: 15 dias Rodados | G30: 30 dias Rodados | H30: Total Mensal | J30: DATA | K30: 45475 | L30: 45484 | M30: 45489 | N30: 45492 | O30: 45496 | P30: 45500 | Q30: 45503 | W30: DATA | X30: 45485 | Y30: 45492 | AE30: DATA
B31: 21652 | E31: 25372 | F31: =SUM(C31-B31) -> -21652 | G31: =SUM(E31-D31) -> 25372 | H31: =SUM(F31:G31) -> 3720 | J31: VALOR | K31: 263.16 | L31: 282.07 | M31: 241.73 | N31: 240.71 | O31: 243.62 | P31: 246.11 | Q31: 296.01 | W31: VALOR | X31: 50 | Y31: 50 | AE31: VALOR
T32: TOTAL | U32: =SUM(K31:U31) -> 1813.41 | AB32: TOTAL | AC32: =SUM(X31:AC31) -> 100 | AJ32: TOTAL | AK32: =SUM(AF31:AK31) -> 0
B33: Agosto | J33: Agosto | W33: =J33 -> Agosto | AE33: =W33 -> Agosto
A34: KM (Rodados) | B34: 1ª Leitura | C34: 2ª Leitura | D34: 3ª Leitura | E34: 4ª Leitura | F34: 15 dias Rodados | G34: 30 dias Rodados | H34: Total Mensal | J34: DATA | K34: 45505 | L34: 45511 | M34: 45517 | N34: 45519 | O34: 45524 | P34: 45526 | Q34: 45531 | R34: 45533 | W34: DATA | X34: 45506 | Y34: 45513 | Z34: 45533 | AE34: DATA
B35: 25372 | E35: 28657 | F35: =SUM(C35-B35) -> -25372 | G35: =SUM(E35-D35) -> 28657 | H35: =SUM(F35:G35) -> 3285 | J35: VALOR | K35: 182.41 | L35: 291.96 | M35: 283.09 | N35: 167.7 | O35: 255.99 | P35: 177.87 | Q35: 289.48 | R35: 135.86 | W35: VALOR | X35: 50 | Y35: 50 | Z35: 50 | AE35: VALOR
T36: TOTAL | U36: =SUM(K35:U35) -> 1784.36 | AB36: TOTAL | AC36: =SUM(X35:AC35) -> 150 | AJ36: TOTAL | AK36: =SUM(AF35:AK35) -> 0
B37: SIN6C94 Setembro | J37: Setembro | W37: =J37 -> Setembro | AE37: =W37 -> Setembro
A38: KM (Rodados) | B38: 1ª Leitura | C38: 2ª Leitura | D38: 3ª Leitura | E38: 4ª Leitura | F38: 15 dias Rodados | G38: 30 dias Rodados | H38: Total Mensal | J38: DATA | K38: 45538 | L38: 45540 | M38: 45545 | N38: 45552 | W38: DATA | X38: 45544 | Y38: 45558 | AE38: DATA
B39: 28309 | E39: 29485 | F39: =SUM(C39-B39) -> -28309 | G39: =SUM(E39-D39) -> 29485 | H39: =SUM(F39:G39) -> 1176 | J39: VALOR | K39: 281.76 | L39: 181.85 | M39: 243.22 | N39: 300 | W39: VALOR | X39: 50 | Y39: 50 | AE39: VALOR
T40: TOTAL | U40: =SUM(K39:U39) -> 1006.83 | AB40: TOTAL | AC40: =SUM(X39:AC39) -> 100 | AJ40: TOTAL | AK40: =SUM(AF39:AK39) -> 0
B41: Outubro | J41: Outubro | W41: =J41 -> Outubro | AE41: =W41 -> Outubro
A42: KM (Rodados) | B42: 1ª Leitura | C42: 2ª Leitura | D42: 3ª Leitura | E42: 4ª Leitura | F42: 15 dias Rodados | G42: 30 dias Rodados | H42: Total Mensal | J42: DATA | K42: 45568 | L42: 45576 | M42: 45588 | N42: 45596 | W42: DATA | X42: 45568 | AE42: DATA
B43: 29485 | E43: 31126 | F43: =SUM(C43-B43) -> -29485 | G43: =SUM(E43-D43) -> 31126 | H43: =SUM(F43:G43) -> 1641 | J43: VALOR | K43: 299.93 | L43: 271.52 | M43: 280.95 | N43: 294.51 | W43: VALOR | X43: 50 | AE43: VALOR
T44: TOTAL | U44: =SUM(K43:U43) -> 1146.91 | AB44: TOTAL | AC44: =SUM(X43:AC43) -> 50 | AJ44: TOTAL | AK44: =SUM(AF43:AK43) -> 0
B45: Novembro | J45: Novembro | W45: =J45 -> Novembro | AE45: =W45 -> Novembro
A46: KM (Rodados) | B46: 1ª Leitura | C46: 2ª Leitura | D46: 3ª Leitura | E46: 4ª Leitura | F46: 15 dias Rodados | G46: 30 dias Rodados | H46: Total Mensal | J46: DATA | K46: 45603 | L46: 45604 | W46: DATA | AE46: DATA
F47: =SUM(C47-B47) -> 0 | G47: =SUM(E47-D47) -> 0 | H47: =SUM(F47:G47) -> 0 | J47: VALOR | K47: 295.54 | L47: 276.04 | W47: VALOR | AE47: VALOR
T48: TOTAL | U48: =SUM(K47:U47) -> 571.58 | AB48: TOTAL | AC48: =SUM(X47:AC47) -> 0 | AJ48: TOTAL | AK48: =SUM(AF47:AK47) -> 0
B49: Dezembro | J49: Dezembro | W49: =J49 -> Dezembro | AE49: =W49 -> Dezembro
A50: KM (Rodados) | B50: 1ª Leitura | C50: 2ª Leitura | D50: 3ª Leitura | E50: 4ª Leitura | F50: 15 dias Rodados | G50: 30 dias Rodados | H50: Total Mensal | J50: DATA | W50: DATA | AE50: DATA
F51: =SUM(C51-B51) -> 0 | G51: =SUM(E51-D51) -> 0 | H51: =SUM(F51:G51) -> 0 | J51: VALOR | W51: VALOR | AE51: VALOR
T52: TOTAL | U52: =SUM(K51:U51) -> 0 | AB52: TOTAL | AC52: =SUM(X51:AC51) -> 0 | AJ52: TOTAL | AK52: =SUM(AF51:AK51) -> 0
B53: Janeiro | J53: Janeiro | W53: =J53 -> Janeiro | AE53: =W53 -> Janeiro
A54: KM (Rodados) | B54: 1ª Leitura | C54: 2ª Leitura | D54: 3ª Leitura | E54: 4ª Leitura | F54: 15 dias Rodados | G54: 30 dias Rodados | H54: Total Mensal | J54: DATA | W54: DATA | AE54: DATA
F55: =SUM(C55-B55) -> 0 | G55: =SUM(E55-D55) -> 0 | H55: =SUM(F55:G55) -> 0 | J55: VALOR | W55: VALOR | AE55: VALOR
T56: TOTAL | U56: =SUM(K55:U55) -> 0 | AB56: TOTAL | AC56: =SUM(X55:AC55) -> 0 | AJ56: TOTAL | AK56: =SUM(AF55:AK55) -> 0

Sheet Felipe Silva-Mob.CGN Lapa
A2: Veiculo | B2: POLO TRACK - TCROSS | D2: Placa: | E2: GIA5H51 - 14/10/24 SVW2F07 | H2: Medição | I2: 5325
A4: Contrato de Locação | B4: 3500 | D4: Rastreador
A7: REGISTRO DE KM | J7: ABASTECIMENTO | Y7: LAVA_RAPIDO | AH7: BORRACHARIA
A8: A partir de 01/07/2025 entrou em medição na obra 25.011 CGN Lapa
B9: Fevereiro | J9: Fevereiro | Y9: Fevereiro | AH9: Fevereiro
A10: KM (Rodados) | B10: 1ª Leitura | C10: 2ª Leitura | D10: 3ª Leitura | E10: 4ª Leitura | F10: 15 dias Rodados | G10: 30 dias Rodados | H10: Total Mensal | J10: DATA | Y10: DATA | AH10: DATA
F11: =SUM(C11-B11) -> 0 | G11: =SUM(E11-D11) -> 0 | H11: =SUM(F11:G11) -> 0 | J11: VALOR | Y11: VALOR | AH11: VALOR
T12: TOTAL | U12: =SUM(K11:U11) -> 0 | AD12: TOTAL | AE12: =SUM(Z11:AE11) -> 0 | AM12: TOTAL | AN12: =SUM(AI11:AN11) -> 0
B13: Março | J13: Março | Y13: =J13 -> Março | AH13: =Y13 -> Março
A14: KM (Rodados) | B14: 1ª Leitura | C14: 2ª Leitura | D14: 3ª Leitura | E14: 4ª Leitura | F14: 15 dias Rodados | G14: 30 dias Rodados | H14: Total Mensal | J14: DATA | Y14: DATA | AH14: DATA
F15: =SUM(C15-B15) -> 0 | G15: =SUM(E15-D15) -> 0 | H15: =SUM(F15:G15) -> 0 | J15: VALOR | Y15: VALOR | AH15: VALOR
T16: TOTAL | U16: =SUM(K15:U15) -> 0 | AD16: TOTAL | AE16: =SUM(Z15:AE15) -> 0 | AM16: TOTAL | AN16: =SUM(AI15:AN15) -> 0
B17: Abril | J17: Abril | Y17: =J17 -> Abril | AH17: =Y17 -> Abril
A18: KM (Rodados) | B18: 1ª Leitura | C18: 2ª Leitura | D18: 3ª Leitura | E18: 4ª Leitura | F18: 15 dias Rodados | G18: 30 dias Rodados | H18: Total Mensal | J18: DATA | Y18: DATA | AH18: DATA
F19: =SUM(C19-B19) -> 0 | G19: =SUM(E19-D19) -> 0 | H19: =SUM(F19:G19) -> 0 | J19: VALOR | Y19: VALOR | AH19: VALOR
T20: TOTAL | U20: =SUM(K19:U19) -> 0 | AD20: TOTAL | AE20: =SUM(Z19:AE19) -> 0 | AM20: TOTAL | AN20: =SUM(AI19:AN19) -> 0
B21: Maio | J21: Maio | Y21: =J21 -> Maio | AH21: =Y21 -> Maio
A22: KM (Rodados) | B22: 1ª Leitura | C22: 2ª Leitura | D22: 3ª Leitura | E22: 4ª Leitura | F22: 15 dias Rodados | G22: 30 dias Rodados | H22: Total Mensal | J22: DATA | Y22: DATA | AH22: DATA
F23: =SUM(C23-B23) -> 0 | G23: =SUM(E23-D23) -> 0 | H23: =SUM(F23:G23) -> 0 | J23: VALOR | Y23: VALOR | AH23: VALOR
T24: TOTAL | U24: =SUM(K23:U23) -> 0 | AD24: TOTAL | AE24: =SUM(Z23:AE23) -> 0 | AM24: TOTAL | AN24: =SUM(AI23:AN23) -> 0
B25: Junho | J25: Junho | Y25: =J25 -> Junho | AH25: =Y25 -> Junho
A26: KM (Rodados) | B26: 1ª Leitura | C26: 2ª Leitura | D26: 3ª Leitura | E26: 4ª Leitura | F26: 15 dias Rodados | G26: 30 dias Rodados | H26: Total Mensal | J26: DATA | Y26: DATA | AH26: DATA
F27: =SUM(C27-B27) -> 0 | G27: =SUM(E27-D27) -> 0 | H27: =SUM(F27:G27) -> 0 | J27: VALOR | Y27: VALOR | AH27: VALOR
T28: TOTAL | U28: =SUM(K27:U27) -> 0 | AD28: TOTAL | AE28: =SUM(Z27:AE27) -> 0 | AM28: TOTAL | AN28: =SUM(AI27:AN27) -> 0
B29: Julho | J29: Julho | Y29: =J29 -> Julho | AH29: =Y29 -> Julho
A30: KM (Rodados) | B30: 1ª Leitura | C30: 2ª Leitura | D30: 3ª Leitura | E30: 4ª Leitura | F30: 15 dias Rodados | G30: 30 dias Rodados | H30: Total Mensal | J30: DATA | Y30: DATA | AH30: DATA
F31: =SUM(C31-B31) -> 0 | G31: =SUM(E31-D31) -> 0 | H31: =SUM(F31:G31) -> 0 | J31: VALOR | Y31: VALOR | AH31: VALOR
T32: TOTAL | U32: =SUM(K31:U31) -> 0 | AD32: TOTAL | AE32: =SUM(Z31:AE31) -> 0 | AM32: TOTAL | AN32: =SUM(AI31:AN31) -> 0
B33: Agosto | J33: Agosto | Y33: =J33 -> Agosto | AH33: =Y33 -> Agosto
A34: KM (Rodados) | B34: 1ª Leitura | C34: 2ª Leitura | D34: 3ª Leitura | E34: 4ª Leitura | F34: 15 dias Rodados | G34: 30 dias Rodados | H34: Total Mensal | J34: DATA | Y34: DATA | AH34: DATA
F35: =SUM(C35-B35) -> 0 | G35: =SUM(E35-D35) -> 0 | H35: =SUM(F35:G35) -> 0 | J35: VALOR | Y35: VALOR | AH35: VALOR
T36: TOTAL | U36: =SUM(K35:U35) -> 0 | AD36: TOTAL | AE36: =SUM(Z35:AE35) -> 0 | AM36: TOTAL | AN36: =SUM(AI35:AN35) -> 0
B37: Setembro | J37: Setembro | Y37: =J37 -> Setembro | AH37: =Y37 -> Setembro
A38: KM (Rodados) | B38: 1ª Leitura | C38: 2ª Leitura | D38: 3ª Leitura | E38: 4ª Leitura | F38: 15 dias Rodados | G38: 30 dias Rodados | H38: Total Mensal | J38: DATA | K38: 45547 | L38: 45554 | M38: 45560 | Y38: DATA | AH38: DATA
B39: 296 | E39: 1634 | F39: =SUM(C39-B39) -> -296 | G39: =SUM(E39-D39) -> 1634 | H39: =SUM(F39:G39) -> 1338 | J39: VALOR | K39: 224.09 | L39: 170.09 | M39: 273.09 | Y39: VALOR | AH39: VALOR
B40: 1634 | E40: 2428 | T40: TOTAL | U40: =SUM(K39:U39) -> 667.27 | AD40: TOTAL | AE40: =SUM(Z39:AE39) -> 0 | AM40: TOTAL | AN40: =SUM(AI39:AN39) -> 0
B41: Outubro | J41: Outubro | Y41: =J41 -> Outubro | AH41: =Y41 -> Outubro
A42: KM (Rodados) | B42: 1ª Leitura | C42: 2ª Leitura | D42: 3ª Leitura | E42: 4ª Leitura | F42: 15 dias Rodados | G42: 30 dias Rodados | H42: Total Mensal | J42: DATA | K42: 45566 | L42: 45579 | M42: 45582 | N42: 45587 | O42: 45589 | Y42: DATA | AH42: DATA
B43: 4097 | E43: 6466 | F43: =SUM(C43-B43) -> -4097 | G43: =SUM(E43-D43) -> 6466 | H43: =SUM(F43:G43) -> 2369 | J43: VALOR | K43: 257.58 | L43: 216.99 | M43: 111 | N43: 243.02 | O43: 141.07 | Y43: VALOR | AH43: VALOR
T44: TOTAL | U44: =SUM(K43:U43) -> 969.66 | AD44: TOTAL | AE44: =SUM(Z43:AE43) -> 0 | AM44: TOTAL | AN44: =SUM(AI43:AN43) -> 0
B45: Novembro | J45: Novembro | Y45: =J45 -> Novembro | AH45: =Y45 -> Novembro
A46: KM (Rodados) | B46: 1ª Leitura | C46: 2ª Leitura | D46: 3ª Leitura | E46: 4ª Leitura | F46: 15 dias Rodados | G46: 30 dias Rodados | H46: Total Mensal | J46: DATA | K46: 45601 | P46: 45625 | Y46: DATA | AH46: DATA
B47: 7863 | C47: 8416 | D47: 8416 | E47: 9362 | F47: =SUM(C47-B47) -> 553 | G47: =SUM(E47-D47) -> 946 | H47: =SUM(F47:G47) -> 1499 | J47: VALOR | K47: 241.04 | P47: 99.09 | Y47: VALOR | AH47: VALOR
T48: TOTAL | U48: =SUM(K47:U47) -> 340.13 | AD48: TOTAL | AE48: =SUM(Z47:AE47) -> 0 | AM48: TOTAL | AN48: =SUM(AI47:AN47) -> 0
B49: Dezembro | J49: Dezembro | Y49: =J49 -> Dezembro | AH49: =Y49 -> Dezembro
A50: KM (Rodados) | B50: 1ª Leitura | C50: 2ª Leitura | D50: 3ª Leitura | E50: 4ª Leitura | F50: 15 dias Rodados | G50: 30 dias Rodados | H50: Total Mensal | J50: DATA | K50: 45629 | L50: 45631 | Y50: DATA | AH50: DATA
B51: 9362 | C51: 12148 | F51: =SUM(C51-B51) -> 2786 | G51: =SUM(E51-D51) -> 0 | H51: =SUM(F51:G51) -> 2786 | J51: VALOR | K51: 161.14 | L51: 137.26 | Y51: VALOR | AH51: VALOR
T52: TOTAL | U52: =SUM(K51:U51) -> 298.4 | AD52: TOTAL | AE52: =SUM(Z51:AE51) -> 0 | AM52: TOTAL | AN52: =SUM(AI51:AN51) -> 0
B53: Janeiro | J53: Janeiro | Y53: =J53 -> Janeiro | AH53: =Y53 -> Janeiro
A54: KM (Rodados) | B54: 1ª Leitura | C54: 2ª Leitura | D54: 3ª Leitura | E54: 4ª Leitura | F54: 15 dias Rodados | G54: 30 dias Rodados | H54: Total Mensal | J54: DATA | K54: 45664 | L54: 45666 | M54: 45671 | N54: 45678 | O54: 45680 | Y54: DATA | AH54: DATA
B55: 13488 | C55: 15136 | D55: 14447 | E55: 15603 | F55: =SUM(C55-B55) -> 1648 | G55: =SUM(E55-D55) -> 1156 | H55: =SUM(F55:G55) -> 2804 | J55: VALOR | K55: 247.6 | L55: 100.03 | M55: 196.01 | N55: 220.48 | O55: 104.77 | Y55: VALOR | AH55: VALOR
T56: TOTAL | U56: =SUM(K55:U55) -> 868.89 | AD56: TOTAL | AE56: =SUM(Z55:AE55) -> 0 | AM56: TOTAL | AN56: =SUM(AI55:AN55) -> 0
B57: Fevereiro | J57: Fevereiro | Y57: =J57 -> Fevereiro | AH57: =Y57 -> Fevereiro
A58: KM (Rodados) | B58: 1ª Leitura | C58: 2ª Leitura | D58: 3ª Leitura | E58: 4ª Leitura | F58: 15 dias Rodados | G58: 30 dias Rodados | H58: Total Mensal | J58: DATA | Y58: DATA | AH58: DATA
B59: 15660 | C59: 18137 | D59: 18137 | E59: 18724 | F59: =SUM(C59-B59) -> 2477 | G59: =SUM(E59-D59) -> 587 | H59: =SUM(F59:G59) -> 3064 | J59: VALOR | Y59: VALOR | AH59: VALOR
T60: TOTAL | U60: =SUM(K59:U59) -> 0 | AD60: TOTAL | AE60: =SUM(Z59:AE59) -> 0 | AM60: TOTAL | AN60: =SUM(AI59:AN59) -> 0
B61: Março | J61: Março | Y61: =J61 -> Março | AH61: =Y61 -> Março
A62: KM (Rodados) | B62: 1ª Leitura | C62: 2ª Leitura | D62: 3ª Leitura | E62: 4ª Leitura | F62: 15 dias Rodados | G62: 30 dias Rodados | H62: Total Mensal | J62: DATA | K62: 45730 | L62: 45734 | M62: 45737 | N62: 45741 | O62: 45744 | Y62: DATA | AH62: DATA
B63: 18724 | C63: 20662 | D63: 20662 | E63: 21412 | F63: =SUM(C63-B63) -> 1938 | G63: =SUM(E63-D63) -> 750 | H63: =SUM(F63:G63) -> 2688 | J63: VALOR | K63: 100.04 | L63: 287.8 | M63: 95.29 | N63: 138.83 | O63: 123.48 | Y63: VALOR | AH63: VALOR
T64: TOTAL | U64: =SUM(K63:U63) -> 745.44 | AD64: TOTAL | AE64: =SUM(Z63:AE63) -> 0 | AM64: TOTAL | AN64: =SUM(AI63:AN63) -> 0
B65: Abril | J65: Abril | Y65: =J65 -> Abril | AH65: =Y65 -> Abril
A66: KM (Rodados) | B66: 1ª Leitura | C66: 2ª Leitura | D66: 3ª Leitura | E66: 4ª Leitura | F66: 15 dias Rodados | G66: 30 dias Rodados | H66: Total Mensal | J66: DATA | K66: 45750 | L66: 45754 | M66: 45758 | N66: 45769 | O66: 45772 | P66: 45776 | Y66: DATA | AH66: DATA
B67: 21412 | C67: 22001 | D67: 22001 | E67: 22503 | F67: =SUM(C67-B67) -> 589 | G67: =SUM(E67-D67) -> 502 | H67: =SUM(F67:G67) -> 1091 | J67: VALOR | K67: 85 | L67: 227.58 | M67: 201.67 | N67: 130.43 | O67: 110.24 | P67: 144.35 | Y67: VALOR | AH67: VALOR
T68: TOTAL | U68: =SUM(K67:U67) -> 899.27 | AD68: TOTAL | AE68: =SUM(Z67:AE67) -> 0 | AM68: TOTAL | AN68: =SUM(AI67:AN67) -> 0
B69: Maio | J69: Maio | Y69: =J69 -> Maio | AH69: =Y69 -> Maio
A70: KM (Rodados) | B70: 1ª Leitura | C70: 2ª Leitura | D70: 3ª Leitura | E70: 4ª Leitura | F70: 15 dias Rodados | G70: 30 dias Rodados | H70: Total Mensal | J70: DATA | K70: 45786 | L70: 45793 | M70: 45799 | N70: 45804 | Y70: DATA | AH70: DATA
B71: 22503 | C71: 23130 | D71: 23130 | E71: 23643 | F71: =SUM(C71-B71) -> 627 | G71: =SUM(E71-D71) -> 513 | H71: =SUM(F71:G71) -> 1140 | J71: VALOR | K71: 262.03 | L71: 200.02 | M71: 215.11 | N71: 128.51 | Y71: VALOR | AH71: VALOR
T72: TOTAL | U72: =SUM(K71:U71) -> 805.67 | AD72: TOTAL | AE72: =SUM(Z71:AE71) -> 0 | AM72: TOTAL | AN72: =SUM(AI71:AN71) -> 0
B73: Junho | J73: Junho | Y73: =J73 -> Junho | AH73: =Y73 -> Junho
A74: KM (Rodados) | B74: 1ª Leitura | C74: 2ª Leitura | D74: 3ª Leitura | E74: 4ª Leitura | F74: 15 dias Rodados | G74: 30 dias Rodados | H74: Total Mensal | J74: DATA | K74: 45813 | L74: 45832 | Y74: DATA | AH74: DATA
B75: 23643 | C75: 24712 | D75: 24712 | E75: 26004 | F75: =SUM(C75-B75) -> 1069 | G75: =SUM(E75-D75) -> 1292 | H75: =SUM(F75:G75) -> 2361 | J75: VALOR | K75: 243.15 | L75: 174.69 | Y75: VALOR | AH75: VALOR
A76: A partir de 01/07/2025 entrou em medição na obra 25.011 CGN Lapa | T76: TOTAL | U76: =SUM(K75:U75) -> 417.84 | AD76: TOTAL | AE76: =SUM(Z75:AE75) -> 0 | AM76: TOTAL | AN76: =SUM(AI75:AN75) -> 0

Sheet André-Desmob
A2: Veiculo | B2: POLO | D2: Placa: | E2: GFK9J42 | H2: Medição | I2: 5325
A3: Substituição 1 | B3: 45386 | D3: Placa: | E3: SIN6B75 | H3: Modelo | I3: Renegade
A4: Substituição 2 | B4: 45548 | D4: Placa: | E4: SIN6C94 | H4: Modelo | I4: Renegade
A5: Substituição 3 | B5: 45763 | D5: Placa: | E5: TJT2E59 | H5: Modelo | I5: T-Cross
A7: Contrato de Locação | B7: 3792.09 | D7: Rastreador | E7: 50 | H7: Data mob. | I7: 45539 | J7: Data Devol. | K7: 45898
A10: REGISTRO DE KM | J10: ABASTECIMENTO | Y10: LAVA_RAPIDO | AH10: BORRACHARIA
B12: Fevereiro | J12: Fevereiro | Y12: Fevereiro | AH12: Fevereiro
A13: KM (Rodados) | B13: 1ª Leitura | C13: 2ª Leitura | D13: 3ª Leitura | E13: 4ª Leitura | F13: 15 dias Rodados | G13: 30 dias Rodados | H13: Total Mensal | J13: DATA | Y13: DATA | AH13: DATA
F14: =SUM(C14-B14) -> 0 | G14: =SUM(E14-D14) -> 0 | H14: =SUM(F14:G14) -> 0 | J14: VALOR | Y14: VALOR | AH14: VALOR
T15: TOTAL | U15: =SUM(K14:U14) -> 0 | AD15: TOTAL | AE15: =SUM(Z14:AE14) -> 0 | AM15: TOTAL | AN15: =SUM(AI14:AN14) -> 0
B16: Março | J16: Março | Y16: =J16 -> Março | AH16: =Y16 -> Março
A17: KM (Rodados) | B17: 1ª Leitura | C17: 2ª Leitura | D17: 3ª Leitura | E17: 4ª Leitura | F17: 15 dias Rodados | G17: 30 dias Rodados | H17: Total Mensal | J17: DATA | Y17: DATA | AH17: DATA
F18: =SUM(C18-B18) -> 0 | G18: =SUM(E18-D18) -> 0 | H18: =SUM(F18:G18) -> 0 | J18: VALOR | Y18: VALOR | AH18: VALOR
T19: TOTAL | U19: =SUM(K18:U18) -> 0 | AD19: TOTAL | AE19: =SUM(Z18:AE18) -> 0 | AM19: TOTAL | AN19: =SUM(AI18:AN18) -> 0
B20: Abril | J20: Abril | Y20: =J20 -> Abril | AH20: =Y20 -> Abril
A21: KM (Rodados) | B21: 1ª Leitura | C21: 2ª Leitura | D21: 3ª Leitura | E21: 4ª Leitura | F21: 15 dias Rodados | G21: 30 dias Rodados | H21: Total Mensal | J21: DATA | Y21: DATA | AH21: DATA
F22: =SUM(C22-B22) -> 0 | G22: =SUM(E22-D22) -> 0 | H22: =SUM(F22:G22) -> 0 | J22: VALOR | Y22: VALOR | AH22: VALOR
T23: TOTAL | U23: =SUM(K22:U22) -> 0 | AD23: TOTAL | AE23: =SUM(Z22:AE22) -> 0 | AM23: TOTAL | AN23: =SUM(AI22:AN22) -> 0
B24: Maio | J24: Maio | Y24: =J24 -> Maio | AH24: =Y24 -> Maio
A25: KM (Rodados) | B25: 1ª Leitura | C25: 2ª Leitura | D25: 3ª Leitura | E25: 4ª Leitura | F25: 15 dias Rodados | G25: 30 dias Rodados | H25: Total Mensal | J25: DATA | Y25: DATA | AH25: DATA
F26: =SUM(C26-B26) -> 0 | G26: =SUM(E26-D26) -> 0 | H26: =SUM(F26:G26) -> 0 | J26: VALOR | Y26: VALOR | AH26: VALOR
T27: TOTAL | U27: =SUM(K26:U26) -> 0 | AD27: TOTAL | AE27: =SUM(Z26:AE26) -> 0 | AM27: TOTAL | AN27: =SUM(AI26:AN26) -> 0
B28: Junho | J28: Junho | Y28: =J28 -> Junho | AH28: =Y28 -> Junho
A29: KM (Rodados) | B29: 1ª Leitura | C29: 2ª Leitura | D29: 3ª Leitura | E29: 4ª Leitura | F29: 15 dias Rodados | G29: 30 dias Rodados | H29: Total Mensal | J29: DATA | Y29: DATA | AH29: DATA
F30: =SUM(C30-B30) -> 0 | G30: =SUM(E30-D30) -> 0 | H30: =SUM(F30:G30) -> 0 | J30: VALOR | Y30: VALOR | AH30: VALOR
T31: TOTAL | U31: =SUM(K30:U30) -> 0 | AD31: TOTAL | AE31: =SUM(Z30:AE30) -> 0 | AM31: TOTAL | AN31: =SUM(AI30:AN30) -> 0
B32: Julho | J32: Julho | Y32: =J32 -> Julho | AH32: =Y32 -> Julho
A33: KM (Rodados) | B33: 1ª Leitura | C33: 2ª Leitura | D33: 3ª Leitura | E33: 4ª Leitura | F33: 15 dias Rodados | G33: 30 dias Rodados | H33: Total Mensal | J33: DATA | Y33: DATA | AH33: DATA
F34: =SUM(C34-B34) -> 0 | G34: =SUM(E34-D34) -> 0 | H34: =SUM(F34:G34) -> 0 | J34: VALOR | Y34: VALOR | AH34: VALOR
T35: TOTAL | U35: =SUM(K34:U34) -> 0 | AD35: TOTAL | AE35: =SUM(Z34:AE34) -> 0 | AM35: TOTAL | AN35: =SUM(AI34:AN34) -> 0
B36: Agosto | J36: Agosto | Y36: =J36 -> Agosto | AH36: =Y36 -> Agosto
A37: KM (Rodados) | B37: 1ª Leitura | C37: 2ª Leitura | D37: 3ª Leitura | E37: 4ª Leitura | F37: 15 dias Rodados | G37: 30 dias Rodados | H37: Total Mensal | J37: DATA | Y37: DATA | AH37: DATA
F38: =SUM(C38-B38) -> 0 | G38: =SUM(E38-D38) -> 0 | H38: =SUM(F38:G38) -> 0 | J38: VALOR | Y38: VALOR | AH38: VALOR
T39: TOTAL | U39: =SUM(K38:U38) -> 0 | AD39: TOTAL | AE39: =SUM(Z38:AE38) -> 0 | AM39: TOTAL | AN39: =SUM(AI38:AN38) -> 0
B40: Setembro | J40: Setembro | Y40: =J40 -> Setembro | AH40: =Y40 -> Setembro
A41: KM (Rodados) | B41: 1ª Leitura | C41: 2ª Leitura | D41: 3ª Leitura | E41: 4ª Leitura | F41: 15 dias Rodados | G41: 30 dias Rodados | H41: Total Mensal | J41: DATA | K41: 45541 | L41: 45546 | M41: 45547 | N41: 45552 | O41: 45554 | P41: 45559 | Q41: 45561 | Y41: DATA | AH41: DATA
B42: 32 | E42: 3830 | F42: =SUM(C42-B42) -> -32 | G42: =SUM(E42-D42) -> 3830 | H42: =SUM(F42:G42) -> 3798 | J42: VALOR | K42: 130.23 | L42: 240.05 | M42: 116 | N42: 216.46 | O42: 161.74 | P42: 244.17 | Q42: 150.01 | Y42: VALOR | AH42: VALOR
T43: TOTAL | U43: =SUM(K42:U42) -> 1258.66 | AD43: TOTAL | AE43: =SUM(Z42:AE42) -> 0 | AM43: TOTAL | AN43: =SUM(AI42:AN42) -> 0
B44: Outubro | J44: Outubro | Y44: =J44 -> Outubro | AH44: =Y44 -> Outubro
A45: KM (Rodados) | B45: 1ª Leitura | C45: 2ª Leitura | D45: 3ª Leitura | E45: 4ª Leitura | F45: 15 dias Rodados | G45: 30 dias Rodados | H45: Total Mensal | J45: DATA | K45: 45566 | L45: 45569 | M45: 45572 | N45: 45575 | O45: 45580 | P45: 45582 | Q45: 45587 | R45: 45589 | S45: 45594 | Y45: DATA | Z45: 45568 | AH45: DATA
B46: 44598 | E46: 48235 | F46: =SUM(C46-B46) -> -44598 | G46: =SUM(E46-D46) -> 48235 | H46: =SUM(F46:G46) -> 3637 | J46: VALOR | K46: 205.44 | L46: 229.84 | M46: 298.67 | N46: 260.32 | O46: 273.61 | P46: 218.31 | Q46: 286.44 | R46: 265.08 | S46: 263.95 | Y46: VALOR | Z46: 50 | AH46: VALOR
T47: TOTAL | U47: =SUM(K46:U46) -> 2301.66 | AD47: TOTAL | AE47: =SUM(Z46:AE46) -> 50 | AM47: TOTAL | AN47: =SUM(AI46:AN46) -> 0
B48: Novembro | J48: Novembro | Y48: =J48 -> Novembro | AH48: =Y48 -> Novembro
A49: KM (Rodados) | B49: 1ª Leitura | C49: 2ª Leitura | D49: 3ª Leitura | E49: 4ª Leitura | F49: 15 dias Rodados | G49: 30 dias Rodados | H49: Total Mensal | J49: DATA | K49: 45597 | L49: 45604 | M49: 45624 | N49: 45625 | Y49: DATA | AH49: DATA
D50: 39082 | E50: 40148 | F50: =SUM(C50-B50) -> 0 | G50: =SUM(E50-D50) -> 1066 | H50: =SUM(F50:G50) -> 1066 | J50: VALOR | K50: 264.19 | L50: 278.74 | M50: 295.03 | N50: 182.06 | Y50: VALOR | AH50: VALOR
T51: TOTAL | U51: =SUM(K50:U50) -> 1020.02 | AD51: TOTAL | AE51: =SUM(Z50:AE50) -> 0 | AM51: TOTAL | AN51: =SUM(AI50:AN50) -> 0
B52: Dezembro | J52: Dezembro | Y52: =J52 -> Dezembro | AH52: =Y52 -> Dezembro
A53: KM (Rodados) | B53: 1ª Leitura | C53: 2ª Leitura | D53: 3ª Leitura | E53: 4ª Leitura | F53: 15 dias Rodados | G53: 30 dias Rodados | H53: Total Mensal | J53: DATA | K53: 45629 | L53: 45630 | M53: 45632 | Y53: DATA | AH53: DATA
B54: 34889 | C54: 36397 | D54: 36397 | E54: 37062 | F54: =SUM(C54-B54) -> 1508 | G54: =SUM(E54-D54) -> 665 | H54: =SUM(F54:G54) -> 2173 | J54: VALOR | K54: 298.09 | L54: 245.04 | M54: 213.89 | Y54: VALOR | AH54: VALOR
T55: TOTAL | U55: =SUM(K54:U54) -> 757.02 | AD55: TOTAL | AE55: =SUM(Z54:AE54) -> 0 | AM55: TOTAL | AN55: =SUM(AI54:AN54) -> 0
B56: Janeiro | J56: Janeiro | Y56: =J56 -> Janeiro | AH56: =Y56 -> Janeiro
A57: KM (Rodados) | B57: 1ª Leitura | C57: 2ª Leitura | D57: 3ª Leitura | E57: 4ª Leitura | F57: 15 dias Rodados | G57: 30 dias Rodados | H57: Total Mensal | J57: DATA | K57: 45664 | L57: 45666 | M57: 45671 | N57: 45678 | O57: 45680 | Y57: DATA | AH57: DATA
B58: 38017 | C58: 38983 | D58: 38983 | E58: 40970 | F58: =SUM(C58-B58) -> 966 | G58: =SUM(E58-D58) -> 1987 | H58: =SUM(F58:G58) -> 2953 | J58: VALOR | K58: 289.38 | L58: 163.02 | M58: 297.13 | N58: 294.01 | O58: 177.67 | Y58: VALOR | AH58: VALOR
T59: TOTAL | U59: =SUM(K58:U58) -> 1221.21 | AD59: TOTAL | AE59: =SUM(Z58:AE58) -> 0 | AM59: TOTAL | AN59: =SUM(AI58:AN58) -> 0
B60: Fevereiro | J60: Fevereiro | Y60: =J60 -> Fevereiro | AH60: =Y60 -> Fevereiro
A61: KM (Rodados) | B61: 1ª Leitura | C61: 2ª Leitura | D61: 3ª Leitura | E61: 4ª Leitura | F61: 15 dias Rodados | G61: 30 dias Rodados | H61: Total Mensal | J61: DATA | K61: 45692 | L61: 45695 | M61: 45699 | N61: 45701 | O61: 45706 | P61: 45708 | Q61: 45713 | R61: 45715 | Y61: DATA | AH61: DATA
B62: 40970 | C62: 42521 | D62: 42521 | E62: 43856 | F62: =SUM(C62-B62) -> 1551 | G62: =SUM(E62-D62) -> 1335 | H62: =SUM(F62:G62) -> 2886 | J62: VALOR | K62: 288.34 | L62: 255.62 | M62: 251.82 | N62: 164.43 | O62: 293.99 | P62: 161.65 | Q62: 291.12 | R62: 197.97 | Y62: VALOR | AH62: VALOR
T63: TOTAL | U63: =SUM(K62:U62) -> 1904.94 | AD63: TOTAL | AE63: =SUM(Z62:AE62) -> 0 | AM63: TOTAL | AN63: =SUM(AI62:AN62) -> 0
B64: Março | J64: Março | Y64: =J64 -> Março | AH64: =Y64 -> Março
A65: KM (Rodados) | B65: 1ª Leitura | C65: 2ª Leitura | D65: 3ª Leitura | E65: 4ª Leitura | F65: 15 dias Rodados | G65: 30 dias Rodados | H65: Total Mensal | J65: DATA | K65: 45727 | L65: 45729 | M65: 45734 | N65: 45736 | O65: 45741 | P65: 45743 | Q65: 45747 | Y65: DATA | Z65: 45729 | AH65: DATA
B66: 43856 | C66: 44882 | D66: 44882 | E66: 46751 | F66: =SUM(C66-B66) -> 1026 | G66: =SUM(E66-D66) -> 1869 | H66: =SUM(F66:G66) -> 2895 | J66: VALOR | K66: 300.22 | L66: 167.68 | M66: 293.05 | N66: 160.71 | O66: 253.49 | P66: 255.54 | Q66: 299.48 | Y66: VALOR | Z66: 50 | AH66: VALOR
T67: TOTAL | U67: =SUM(K66:U66) -> 1730.17 | AD67: TOTAL | AE67: =SUM(Z66:AE66) -> 50 | AM67: TOTAL | AN67: =SUM(AI66:AN66) -> 0
B68: Abril | J68: Abril | Y68: =J68 -> Abril | AH68: =Y68 -> Abril
A69: KM (Rodados) | B69: 1ª Leitura | C69: 2ª Leitura | D69: 3ª Leitura | E69: 4ª Leitura | F69: 15 dias Rodados | G69: 30 dias Rodados | H69: Total Mensal | J69: DATA | K69: 45750 | L69: 45755 | M69: 45757 | N69: 45761 | O69: 45764 | P69: 45768 | Q69: 45771 | R69: 45775 | Y69: DATA | Z69: 45751 | AH69: DATA
B70: 46751 | C70: 48434 | D70: 10171 | E70: 11879 | F70: =SUM(C70-B70) -> 1683 | G70: =SUM(E70-D70) -> 1708 | H70: =SUM(F70:G70) -> 3391 | J70: VALOR | K70: 164 | L70: 292.02 | M70: 177.45 | N70: 257.07 | O70: 202.27 | P70: 255.6 | Q70: 260.09 | R70: 276.24 | Y70: VALOR | Z70: 50 | AH70: VALOR
T71: TOTAL | U71: =SUM(K70:U70) -> 1884.74 | AD71: TOTAL | AE71: =SUM(Z70:AE70) -> 50 | AM71: TOTAL | AN71: =SUM(AI70:AN70) -> 0
B72: Maio | J72: Maio | Y72: =J72 -> Maio | AH72: =Y72 -> Maio
A73: KM (Rodados) | B73: 1ª Leitura | C73: 2ª Leitura | D73: 3ª Leitura | E73: 4ª Leitura | F73: 15 dias Rodados | G73: 30 dias Rodados | H73: Total Mensal | J73: DATA | K73: 45778 | L73: 45790 | M73: 45796 | N73: 45800 | O73: 45803 | P73: 45806 | Y73: DATA | AH73: DATA
B74: 11879 | C74: 12820 | D74: 12820 | E74: 14778 | F74: =SUM(C74-B74) -> 941 | G74: =SUM(E74-D74) -> 1958 | H74: =SUM(F74:G74) -> 2899 | J74: VALOR | K74: 141 | L74: 274.45 | M74: 212.02 | N74: 208.26 | O74: 241.77 | P74: 248.07 | Y74: VALOR | AH74: VALOR
T75: TOTAL | U75: =SUM(K74:U74) -> 1325.57 | AD75: TOTAL | AE75: =SUM(Z74:AE74) -> 0 | AM75: TOTAL | AN75: =SUM(AI74:AN74) -> 0
B76: Junho | J76: Junho | Y76: =J76 -> Junho | AH76: =Y76 -> Junho
A77: KM (Rodados) | B77: 1ª Leitura | C77: 2ª Leitura | D77: 3ª Leitura | E77: 4ª Leitura | F77: 15 dias Rodados | G77: 30 dias Rodados | H77: Total Mensal | J77: DATA | K77: 45811 | L77: 45813 | M77: 45818 | N77: 45820 | O77: 45824 | P77: 45827 | Q77: 45832 | R77: 45835 | Y77: DATA | AH77: DATA
B78: 14778 | C78: 16150 | D78: 16150 | E78: 17314 | F78: =SUM(C78-B78) -> 1372 | G78: =SUM(E78-D78) -> 1164 | H78: =SUM(F78:G78) -> 2536 | J78: VALOR | K78: 272.39 | L78: 151.66 | M78: 202.63 | N78: 139.83 | O78: 233.75 | P78: 217.25 | Q78: 233.86 | R78: 227.78 | Y78: VALOR | AH78: VALOR
T79: TOTAL | U79: =SUM(K78:U78) -> 1679.15 | AD79: TOTAL | AE79: =SUM(Z78:AE78) -> 0 | AM79: TOTAL | AN79: =SUM(AI78:AN78) -> 0
B80: Julho | J80: Julho | Y80: =J80 -> Julho | AH80: =Y80 -> Julho
A81: KM (Rodados) | B81: 1ª Leitura | C81: 2ª Leitura | D81: 3ª Leitura | E81: 4ª Leitura | F81: 15 dias Rodados | G81: 30 dias Rodados | H81: Total Mensal | J81: DATA | K81: 45839 | L81: 45841 | M81: 45846 | N81: 45848 | O81: 45853 | P81: 45855 | Q81: 45860 | R81: 45862 | S81: 45867 | T81: 45869 | Y81: DATA | AH81: DATA
B82: 17314 | C82: 18507 | D82: 18507 | E82: 20442 | F82: =SUM(C82-B82) -> 1193 | G82: =SUM(E82-D82) -> 1935 | H82: =SUM(F82:G82) -> 3128 | J82: VALOR | K82: 260.79 | L82: 146 | M82: 249.84 | N82: 125.75 | O82: 250 | P82: 153.37 | Q82: 280.01 | R82: 286.03 | S82: 296.57 | T82: 153.28 | Y82: VALOR | AH82: VALOR
T83: TOTAL | U83: =SUM(K82:U82) -> 2201.64 | AD83: TOTAL | AE83: =SUM(Z82:AE82) -> 0 | AM83: TOTAL | AN83: =SUM(AI82:AN82) -> 0
B84: Agosto | J84: Agosto | Y84: =J84 -> Agosto | AH84: =Y84 -> Agosto
A85: KM (Rodados) | B85: 1ª Leitura | C85: 2ª Leitura | D85: 3ª Leitura | E85: 4ª Leitura | F85: 15 dias Rodados | G85: 30 dias Rodados | H85: Total Mensal | J85: DATA | K85: 45871 | L85: 45876 | M85: 45883 | N85: 45888 | O85: 45890 | P85: 45895 | Q85: 45897 | R85: 45898 | Y85: DATA | AH85: DATA
B86: 20442 | C86: 22167 | D86: 22167 | E86: 23599 | F86: =SUM(C86-B86) -> 1725 | G86: =SUM(E86-D86) -> 1432 | H86: =SUM(F86:G86) -> 3157 | J86: VALOR | K86: 266.19 | L86: 255.72 | M86: 147 | N86: 287.01 | O86: 81.82 | P86: 283.01 | Q86: 215.88 | R86: 94.27 | Y86: VALOR | AH86: VALOR
T87: TOTAL | U87: =SUM(K86:U86) -> 1630.9 | AD87: TOTAL | AE87: =SUM(Z86:AE86) -> 0 | AM87: TOTAL | AN87: =SUM(AI86:AN86) -> 0
B88: Setembro | J88: Setembro | Y88: =J88 -> Setembro | AH88: =Y88 -> Setembro
A89: KM (Rodados) | B89: 1ª Leitura | C89: 2ª Leitura | D89: 3ª Leitura | E89: 4ª Leitura | F89: 15 dias Rodados | G89: 30 dias Rodados | H89: Total Mensal | J89: DATA | Y89: DATA | AH89: DATA
F90: =SUM(C90-B90) -> 0 | G90: =SUM(E90-D90) -> 0 | H90: =SUM(F90:G90) -> 0 | J90: VALOR | Y90: VALOR | AH90: VALOR
T91: TOTAL | U91: =SUM(K90:U90) -> 0 | AD91: TOTAL | AE91: =SUM(Z90:AE90) -> 0 | AM91: TOTAL | AN91: =SUM(AI90:AN90) -> 0
B92: Outubro | J92: Outubro | Y92: =J92 -> Outubro | AH92: =Y92 -> Outubro
A93: KM (Rodados) | B93: 1ª Leitura | C93: 2ª Leitura | D93: 3ª Leitura | E93: 4ª Leitura | F93: 15 dias Rodados | G93: 30 dias Rodados | H93: Total Mensal | J93: DATA | Y93: DATA | AH93: DATA
F94: =SUM(C94-B94) -> 0 | G94: =SUM(E94-D94) -> 0 | H94: =SUM(F94:G94) -> 0 | J94: VALOR | Y94: VALOR | AH94: VALOR
T95: TOTAL | U95: =SUM(K94:U94) -> 0 | AD95: TOTAL | AE95: =SUM(Z94:AE94) -> 0 | AM95: TOTAL | AN95: =SUM(AI94:AN94) -> 0
B96: Novembro | J96: Novembro | Y96: =J96 -> Novembro | AH96: =Y96 -> Novembro
A97: KM (Rodados) | B97: 1ª Leitura | C97: 2ª Leitura | D97: 3ª Leitura | E97: 4ª Leitura | F97: 15 dias Rodados | G97: 30 dias Rodados | H97: Total Mensal | J97: DATA | Y97: DATA | AH97: DATA
F98: =SUM(C98-B98) -> 0 | G98: =SUM(E98-D98) -> 0 | H98: =SUM(F98:G98) -> 0 | J98: VALOR | Y98: VALOR | AH98: VALOR
T99: TOTAL | U99: =SUM(K98:U98) -> 0 | AD99: TOTAL | AE99: =SUM(Z98:AE98) -> 0 | AM99: TOTAL | AN99: =SUM(AI98:AN98) -> 0

Sheet Rogerio - Devol
A2: Veiculo | B2: ONIX - TCROSS | D2: Placa: | E2: TCE6I05 - GEQ0G23 | H2: Data mob. | I2: 45422
A4: Contrato de Locação | B4: 3455.99 | D4: Rastreador | E4: 50 | H4: Desmobilização | I4: 45844
A7: REGISTRO DE KM | J7: ABASTECIMENTO | W7: LAVA_RAPIDO | AE7: BORRACHARIA
B9: Fevereiro | J9: Fevereiro | W9: Fevereiro | AE9: Fevereiro
A10: KM (Rodados) | B10: 1ª Leitura | C10: 2ª Leitura | D10: 3ª Leitura | E10: 4ª Leitura | F10: 15 dias Rodados | G10: 30 dias Rodados | H10: Total Mensal | J10: DATA | W10: DATA | AE10: DATA
F11: =SUM(C11-B11) -> 0 | G11: =SUM(E11-D11) -> 0 | H11: =SUM(F11:G11) -> 0 | J11: VALOR | W11: VALOR | AE11: VALOR
T12: TOTAL | U12: =SUM(K11:U11) -> 0 | AB12: TOTAL | AC12: =SUM(X11:AC11) -> 0 | AJ12: TOTAL | AK12: =SUM(AF11:AK11) -> 0
B13: Março | J13: Março | W13: =J13 -> Março | AE13: =W13 -> Março
A14: KM (Rodados) | B14: 1ª Leitura | C14: 2ª Leitura | D14: 3ª Leitura | E14: 4ª Leitura | F14: 15 dias Rodados | G14: 30 dias Rodados | H14: Total Mensal | J14: DATA | W14: DATA | AE14: DATA
F15: =SUM(C15-B15) -> 0 | G15: =SUM(E15-D15) -> 0 | H15: =SUM(F15:G15) -> 0 | J15: VALOR | W15: VALOR | AE15: VALOR
T16: TOTAL | U16: =SUM(K15:U15) -> 0 | AB16: TOTAL | AC16: =SUM(X15:AC15) -> 0 | AJ16: TOTAL | AK16: =SUM(AF15:AK15) -> 0
B17: Abril | J17: Abril | W17: =J17 -> Abril | AE17: =W17 -> Abril
A18: KM (Rodados) | B18: 1ª Leitura | C18: 2ª Leitura | D18: 3ª Leitura | E18: 4ª Leitura | F18: 15 dias Rodados | G18: 30 dias Rodados | H18: Total Mensal | J18: DATA | W18: DATA | AE18: DATA
F19: =SUM(C19-B19) -> 0 | G19: =SUM(E19-D19) -> 0 | H19: =SUM(F19:G19) -> 0 | J19: VALOR | W19: VALOR | AE19: VALOR
T20: TOTAL | U20: =SUM(K19:U19) -> 0 | AB20: TOTAL | AC20: =SUM(X19:AC19) -> 0 | AJ20: TOTAL | AK20: =SUM(AF19:AK19) -> 0
B21: Maio | J21: Maio | W21: =J21 -> Maio | AE21: =W21 -> Maio
A22: KM (Rodados) | B22: 1ª Leitura | C22: 2ª Leitura | D22: 3ª Leitura | E22: 4ª Leitura | F22: 15 dias Rodados | G22: 30 dias Rodados | H22: Total Mensal | J22: DATA | K22: 45426 | L22: 45430 | M22: 45442 | W22: DATA | AE22: DATA
B23: 17196 | E23: 20665 | F23: =SUM(C23-B23) -> -17196 | G23: =SUM(E23-D23) -> 20665 | H23: =SUM(F23:G23) -> 3469 | J23: VALOR | K23: 330.48 | L23: 189.72 | M23: 205.02 | W23: VALOR | AE23: VALOR
T24: TOTAL | U24: =SUM(K23:U23) -> 725.22 | AB24: TOTAL | AC24: =SUM(X23:AC23) -> 0 | AJ24: TOTAL | AK24: =SUM(AF23:AK23) -> 0
B25: Junho | J25: Junho | W25: =J25 -> Junho | AE25: =W25 -> Junho
A26: KM (Rodados) | B26: 1ª Leitura | C26: 2ª Leitura | D26: 3ª Leitura | E26: 4ª Leitura | F26: 15 dias Rodados | G26: 30 dias Rodados | H26: Total Mensal | J26: DATA | K26: 45449 | L26: 45454 | M26: 45461 | W26: DATA | X26: 45446 | AE26: DATA
B27: 20665 | E27: 21695 | F27: =SUM(C27-B27) -> -20665 | G27: =SUM(E27-D27) -> 21695 | H27: =SUM(F27:G27) -> 1030 | J27: VALOR | K27: 238.01 | L27: 315 | M27: 250.06 | W27: VALOR | X27: 50 | AE27: VALOR
T28: TOTAL | U28: =SUM(K27:U27) -> 803.07 | AB28: TOTAL | AC28: =SUM(X27:AC27) -> 50 | AJ28: TOTAL | AK28: =SUM(AF27:AK27) -> 0
B29: Julho | J29: Julho | W29: =J29 -> Julho | AE29: =W29 -> Julho
A30: KM (Rodados) | B30: 1ª Leitura | C30: 2ª Leitura | D30: 3ª Leitura | E30: 4ª Leitura | F30: 15 dias Rodados | G30: 30 dias Rodados | H30: Total Mensal | J30: DATA | K30: 45475 | L30: 45484 | M30: 45495 | W30: DATA | X30: 45507 | Y30: 45521 | AE30: DATA
B31: 21695 | E31: 23214 | F31: =SUM(C31-B31) -> -21695 | G31: =SUM(E31-D31) -> 23214 | H31: =SUM(F31:G31) -> 1519 | J31: VALOR | K31: 330.48 | L31: 283.52 | M31: 313.36 | W31: VALOR | X31: 50 | Y31: 50 | AE31: VALOR
T32: TOTAL | U32: =SUM(K31:U31) -> 927.36 | AB32: TOTAL | AC32: =SUM(X31:AC31) -> 100 | AJ32: TOTAL | AK32: =SUM(AF31:AK31) -> 0
B33: Agosto | J33: Agosto | W33: =J33 -> Agosto | AE33: =W33 -> Agosto
A34: KM (Rodados) | B34: 1ª Leitura | C34: 2ª Leitura | D34: 3ª Leitura | E34: 4ª Leitura | F34: 15 dias Rodados | G34: 30 dias Rodados | H34: Total Mensal | J34: DATA | K34: 45505 | L34: 45512 | M34: 45521 | W34: DATA | AE34: DATA
F35: =SUM(C35-B35) -> 0 | G35: =SUM(E35-D35) -> 0 | H35: =SUM(F35:G35) -> 0 | J35: VALOR | K35: 262.61 | L35: 214.78 | M35: 277.17 | W35: VALOR | AE35: VALOR
T36: TOTAL | U36: =SUM(K35:U35) -> 754.56 | AB36: TOTAL | AC36: =SUM(X35:AC35) -> 0 | AJ36: TOTAL | AK36: =SUM(AF35:AK35) -> 0
B37: Setembro | J37: Setembro | W37: =J37 -> Setembro | AE37: =W37 -> Setembro
A38: KM (Rodados) | B38: 1ª Leitura | C38: 2ª Leitura | D38: 3ª Leitura | E38: 4ª Leitura | F38: 15 dias Rodados | G38: 30 dias Rodados | H38: Total Mensal | J38: DATA | K38: 45537 | L38: 45548 | M38: 45559 | N38: 45561 | W38: DATA | X38: 45555 | Y38: 45559 | AE38: DATA
B39: 296 | E39: 877 | F39: =SUM(C39-B39) -> -296 | G39: =SUM(E39-D39) -> 877 | H39: =SUM(F39:G39) -> 581 | J39: VALOR | K39: 217.01 | L39: 220 | M39: 115.06 | N39: 195.67 | W39: VALOR | X39: 50 | Y39: 50 | AE39: VALOR
A40: tcross | B40: 17651 | E40: 18829 | H40: 1178 | T40: TOTAL | U40: =SUM(K39:U39) -> 747.74 | AB40: TOTAL | AC40: =SUM(X39:AC39) -> 100 | AJ40: TOTAL | AK40: =SUM(AF39:AK39) -> 0
B41: Outubro | J41: Outubro | W41: =J41 -> Outubro | AE41: =W41 -> Outubro
A42: KM (Rodados) | B42: 1ª Leitura | C42: 2ª Leitura | D42: 3ª Leitura | E42: 4ª Leitura | F42: 15 dias Rodados | G42: 30 dias Rodados | H42: Total Mensal | J42: DATA | K42: 45566 | L42: 45573 | M42: 45577 | N42: 45582 | O42: 45589 | P42: 45594 | W42: DATA | AE42: DATA
B43: 17651 | E43: 20492 | F43: =SUM(C43-B43) -> -17651 | G43: =SUM(E43-D43) -> 20492 | H43: =SUM(F43:G43) -> 2841 | J43: VALOR | K43: 248.45 | L43: 273.46 | M43: 276.02 | N43: 241.04 | O43: 248.84 | P43: 278.04 | W43: VALOR | AE43: VALOR
T44: TOTAL | U44: =SUM(K43:U43) -> 1565.85 | AB44: TOTAL | AC44: =SUM(X43:AC43) -> 0 | AJ44: TOTAL | AK44: =SUM(AF43:AK43) -> 0
B45: Novembro | J45: Novembro | W45: =J45 -> Novembro | AE45: =W45 -> Novembro
A46: KM (Rodados) | B46: 1ª Leitura | C46: 2ª Leitura | D46: 3ª Leitura | E46: 4ª Leitura | F46: 15 dias Rodados | G46: 30 dias Rodados | H46: Total Mensal | J46: DATA | K46: 45601 | W46: DATA | AE46: DATA
D47: 21410 | E47: 22450 | F47: =SUM(C47-B47) -> 0 | G47: =SUM(E47-D47) -> 1040 | H47: =SUM(F47:G47) -> 1040 | J47: VALOR | K47: 245.01 | W47: VALOR | AE47: VALOR
T48: TOTAL | U48: =SUM(K47:U47) -> 245.01 | AB48: TOTAL | AC48: =SUM(X47:AC47) -> 0 | AJ48: TOTAL | AK48: =SUM(AF47:AK47) -> 0
B49: Dezembro | J49: Dezembro | W49: =J49 -> Dezembro | AE49: =W49 -> Dezembro
A50: KM (Rodados) | B50: 1ª Leitura | C50: 2ª Leitura | D50: 3ª Leitura | E50: 4ª Leitura | F50: 15 dias Rodados | G50: 30 dias Rodados | H50: Total Mensal | J50: DATA | K50: 45629 | L50: 45635 | W50: DATA | AE50: DATA
B51: 22528 | C51: 23522 | D51: 23522 | E51: 23901 | F51: =SUM(C51-B51) -> 994 | G51: =SUM(E51-D51) -> 379 | H51: =SUM(F51:G51) -> 1373 | J51: VALOR | K51: 233.04 | L51: 275 | W51: VALOR | AE51: VALOR
T52: TOTAL | U52: =SUM(K51:U51) -> 508.04 | AB52: TOTAL | AC52: =SUM(X51:AC51) -> 0 | AJ52: TOTAL | AK52: =SUM(AF51:AK51) -> 0
B53: Janeiro | J53: Janeiro | W53: =J53 -> Janeiro | AE53: =W53 -> Janeiro
A54: KM (Rodados) | B54: 1ª Leitura | C54: 2ª Leitura | D54: 3ª Leitura | E54: 4ª Leitura | F54: 15 dias Rodados | G54: 30 dias Rodados | H54: Total Mensal | J54: DATA | K54: 45666 | L54: 45671 | M54: 45678 | N54: 45680 | W54: DATA | AE54: DATA
B55: 23901 | C55: 24840 | D55: 24840 | E55: 25993 | F55: =SUM(C55-B55) -> 939 | G55: =SUM(E55-D55) -> 1153 | H55: =SUM(F55:G55) -> 2092 | J55: VALOR | K55: 240.05 | L55: 279.45 | M55: 303.34 | N55: 123.01 | W55: VALOR | AE55: VALOR
T56: TOTAL | U56: =SUM(K55:U55) -> 945.85 | AB56: TOTAL | AC56: =SUM(X55:AC55) -> 0 | AJ56: TOTAL | AK56: =SUM(AF55:AK55) -> 0
B57: Fevereiro | J57: Fevereiro | W57: =J57 -> Fevereiro | AE57: =W57 -> Fevereiro
A58: KM (Rodados) | B58: 1ª Leitura | C58: 2ª Leitura | D58: 3ª Leitura | E58: 4ª Leitura | F58: 15 dias Rodados | G58: 30 dias Rodados | H58: Total Mensal | J58: DATA | K58: 45692 | L58: 45694 | M58: 45699 | N58: 45701 | O58: 45706 | P58: 45708 | Q58: 45713 | R58: 45715 | W58: DATA | AE58: DATA
B59: 25993 | C59: 26990 | D59: 26990 | E59: 27222 | F59: =SUM(C59-B59) -> 997 | G59: =SUM(E59-D59) -> 232 | H59: =SUM(F59:G59) -> 1229 | J59: VALOR | K59: 291.54 | L59: 159.81 | M59: 175.52 | N59: 158.07 | O59: 264 | P59: 126 | Q59: 128.77 | R59: 102.28 | W59: VALOR | AE59: VALOR
T60: TOTAL | U60: =SUM(K59:U59) -> 1405.99 | AB60: TOTAL | AC60: =SUM(X59:AC59) -> 0 | AJ60: TOTAL | AK60: =SUM(AF59:AK59) -> 0
B61: Março | J61: Março | Y61: =J61 -> Março | AH61: =Y61 -> Março
A62: KM (Rodados) | B62: 1ª Leitura | C62: 2ª Leitura | D62: 3ª Leitura | E62: 4ª Leitura | F62: 15 dias Rodados | G62: 30 dias Rodados | H62: Total Mensal | J62: DATA | K62: 45722 | L62: 45727 | M62: 45729 | N62: 45734 | Y62: DATA | Z62: 45739 | AA62: 45746 | AH62: DATA
B63: 27222 | C63: 28200 | D63: 28200 | E63: 29320 | F63: =SUM(C63-B63) -> 978 | G63: =SUM(E63-D63) -> 1120 | H63: =SUM(F63:G63) -> 2098 | J63: VALOR | K63: 145.21 | L63: 208.28 | M63: 115.01 | N63: 219.06 | Y63: VALOR | Z63: 50 | AA63: 50 | AH63: VALOR
T64: TOTAL | U64: =SUM(K63:U63) -> 687.56 | AD64: TOTAL | AE64: =SUM(Z63:AE63) -> 100 | AM64: TOTAL | AN64: =SUM(AI63:AN63) -> 0
B65: Abril | J65: Abril | Y65: =J65 -> Abril | AH65: =Y65 -> Abril
A66: KM (Rodados) | B66: 1ª Leitura | C66: 2ª Leitura | D66: 3ª Leitura | E66: 4ª Leitura | F66: 15 dias Rodados | G66: 30 dias Rodados | H66: Total Mensal | J66: DATA | K66: 45748 | L66: 45750 | Y66: DATA | AH66: DATA
B67: 29320 | C67: 30265 | D67: 30265 | E67: 31240 | F67: =SUM(C67-B67) -> 945 | G67: =SUM(E67-D67) -> 975 | H67: =SUM(F67:G67) -> 1920 | J67: VALOR | K67: 252.15 | L67: 163.23 | Y67: VALOR | AH67: VALOR
T68: TOTAL | U68: =SUM(K67:U67) -> 415.38 | AD68: TOTAL | AE68: =SUM(Z67:AE67) -> 0 | AM68: TOTAL | AN68: =SUM(AI67:AN67) -> 0
B69: Maio | J69: Maio | Y69: =J69 -> Maio | AH69: =Y69 -> Maio
A70: KM (Rodados) | B70: 1ª Leitura | C70: 2ª Leitura | D70: 3ª Leitura | E70: 4ª Leitura | F70: 15 dias Rodados | G70: 30 dias Rodados | H70: Total Mensal | J70: DATA | Y70: DATA | AH70: DATA
B71: 31240 | C71: 32268 | D71: 32268 | E71: 33670 | F71: =SUM(C71-B71) -> 1028 | G71: =SUM(E71-D71) -> 1402 | H71: =SUM(F71:G71) -> 2430 | J71: VALOR | Y71: VALOR | AH71: VALOR
T72: TOTAL | U72: =SUM(K71:U71) -> 0 | AD72: TOTAL | AE72: =SUM(Z71:AE71) -> 0 | AM72: TOTAL | AN72: =SUM(AI71:AN71) -> 0
B73: Junho | J73: Junho | Y73: =J73 -> Junho | AH73: =Y73 -> Junho
A74: KM (Rodados) | B74: 1ª Leitura | C74: 2ª Leitura | D74: 3ª Leitura | E74: 4ª Leitura | F74: 15 dias Rodados | G74: 30 dias Rodados | H74: Total Mensal | J74: DATA | Y74: DATA | AH74: DATA
B75: 33670 | C75: 34425 | D75: 34425 | E75: 36649 | F75: =SUM(C75-B75) -> 755 | G75: =SUM(E75-D75) -> 2224 | H75: =SUM(F75:G75) -> 2979 | J75: VALOR | Y75: VALOR | AH75: VALOR
T76: TOTAL | U76: =SUM(K75:U75) -> 0 | AD76: TOTAL | AE76: =SUM(Z75:AE75) -> 0 | AM76: TOTAL | AN76: =SUM(AI75:AN75) -> 0
B77: Julho | J77: Julho | Y77: =J77 -> Julho | AH77: =Y77 -> Julho
A78: KM (Rodados) | B78: 1ª Leitura | C78: 2ª Leitura | D78: 3ª Leitura | E78: 4ª Leitura | F78: 15 dias Rodados | G78: 30 dias Rodados | H78: Total Mensal | J78: DATA | K78: 45844 | Y78: DATA | AH78: DATA
B79: 36649 | C79: 37160 | F79: =SUM(C79-B79) -> 511 | G79: =SUM(E79-D79) -> 0 | H79: =SUM(F79:G79) -> 511 | J79: VALOR | K79: 150 | Y79: VALOR | AH79: VALOR
T80: TOTAL | U80: =SUM(K79:U79) -> 150 | AD80: TOTAL | AE80: =SUM(Z79:AE79) -> 0 | AM80: TOTAL | AN80: =SUM(AI79:AN79) -> 0

Sheet Jonatas-Devol 
A2: Veiculo | B2: POLO - RENEGADE | D2: Placa: | E2: FMO6F82 - SHW6C94 | H2: Medição
A3: Substituição | B3: 45689 | D3: Placa: | E3: TCROSS SYD7C46 | H3: Devolução | I3: 45703
A4: Contrato de Locação | D4: Rastreador | H4: Data mob. | I4: 45385
A7: REGISTRO DE KM | J7: ABASTECIMENTO | W7: LAVA_RAPIDO | AE7: BORRACHARIA
B9: Fevereiro | J9: Fevereiro | W9: Fevereiro | AE9: Fevereiro
A10: KM (Rodados) | B10: 1ª Leitura | C10: 2ª Leitura | D10: 3ª Leitura | E10: 4ª Leitura | F10: 15 dias Rodados | G10: 30 dias Rodados | H10: Total Mensal | J10: DATA | W10: DATA | AE10: DATA
F11: =SUM(C11-B11) -> 0 | G11: =SUM(E11-D11) -> 0 | H11: =SUM(F11:G11) -> 0 | J11: VALOR | W11: VALOR | AE11: VALOR
T12: TOTAL | U12: =SUM(K11:U11) -> 0 | AB12: TOTAL | AC12: =SUM(X11:AC11) -> 0 | AJ12: TOTAL | AK12: =SUM(AF11:AK11) -> 0
B13: Março | J13: Março | W13: =J13 -> Março | AE13: =W13 -> Março
A14: KM (Rodados) | B14: 1ª Leitura | C14: 2ª Leitura | D14: 3ª Leitura | E14: 4ª Leitura | F14: 15 dias Rodados | G14: 30 dias Rodados | H14: Total Mensal | J14: DATA | W14: DATA | AE14: DATA
F15: =SUM(C15-B15) -> 0 | G15: =SUM(E15-D15) -> 0 | H15: =SUM(F15:G15) -> 0 | J15: VALOR | W15: VALOR | AE15: VALOR
T16: TOTAL | U16: =SUM(K15:U15) -> 0 | AB16: TOTAL | AC16: =SUM(X15:AC15) -> 0 | AJ16: TOTAL | AK16: =SUM(AF15:AK15) -> 0
B17: Abril | J17: Abril | W17: =J17 -> Abril | AE17: =W17 -> Abril
A18: KM (Rodados) | B18: 1ª Leitura | C18: 2ª Leitura | D18: 3ª Leitura | E18: 4ª Leitura | F18: 15 dias Rodados | G18: 30 dias Rodados | H18: Total Mensal | J18: DATA | K18: 45398 | L18: 45407 | W18: DATA | AE18: DATA
B19: 11482 | E19: 12595 | F19: =SUM(C19-B19) -> -11482 | G19: =SUM(E19-D19) -> 12595 | H19: =SUM(F19:G19) -> 1113 | J19: VALOR | K19: 380.65 | L19: 237.05 | W19: VALOR | AE19: VALOR
D20: 45439 | T20: TOTAL | U20: =SUM(K19:U19) -> 617.7 | AB20: TOTAL | AC20: =SUM(X19:AC19) -> 0 | AJ20: TOTAL | AK20: =SUM(AF19:AK19) -> 0
B21: Maio | J21: Maio | W21: =J21 -> Maio | AE21: =W21 -> Maio
A22: KM (Rodados) | B22: 1ª Leitura | C22: 2ª Leitura | D22: 3ª Leitura | E22: 4ª Leitura | F22: 15 dias Rodados | G22: 30 dias Rodados | H22: Total Mensal | J22: DATA | K22: 45433 | L22: 45443 | M22: 45442 | W22: DATA | AE22: DATA
B23: 8322 | E23: 8562 | F23: =SUM(C23-B23) -> -8322 | G23: =SUM(E23-D23) -> 8562 | H23: =SUM(F23:G23) -> 240 | J23: VALOR | K23: 356.04 | L23: 285.01 | M23: 285.01 | W23: VALOR | AE23: VALOR
T24: TOTAL | U24: =SUM(K23:U23) -> 926.06 | AB24: TOTAL | AC24: =SUM(X23:AC23) -> 0 | AJ24: TOTAL | AK24: =SUM(AF23:AK23) -> 0
B25: Junho | J25: Junho | W25: =J25 -> Junho | AE25: =W25 -> Junho
A26: KM (Rodados) | B26: 1ª Leitura | C26: 2ª Leitura | D26: 3ª Leitura | E26: 4ª Leitura | F26: 15 dias Rodados | G26: 30 dias Rodados | H26: Total Mensal | J26: DATA | K26: 45457 | L26: 45461 | W26: DATA | X26: 45461 | AE26: DATA
B27: 8562 | E27: 9665 | F27: =SUM(C27-B27) -> -8562 | G27: =SUM(E27-D27) -> 9665 | H27: =SUM(F27:G27) -> 1103 | J27: VALOR | K27: 285.07 | L27: 116.28 | W27: VALOR | X27: 50 | AE27: VALOR
T28: TOTAL | U28: =SUM(K27:U27) -> 401.35 | AB28: TOTAL | AC28: =SUM(X27:AC27) -> 50 | AJ28: TOTAL | AK28: =SUM(AF27:AK27) -> 0
B29: Julho | J29: Julho | W29: =J29 -> Julho | AE29: =W29 -> Julho
A30: KM (Rodados) | B30: 1ª Leitura | C30: 2ª Leitura | D30: 3ª Leitura | E30: 4ª Leitura | F30: 15 dias Rodados | G30: 30 dias Rodados | H30: Total Mensal | J30: DATA | K30: 45476 | L30: 45489 | M30: 45496 | W30: DATA | X30: 45485 | Y30: 45496 | AE30: DATA
B31: 9665 | E31: 11735 | F31: =SUM(C31-B31) -> -9665 | G31: =SUM(E31-D31) -> 11735 | H31: =SUM(F31:G31) -> 2070 | J31: VALOR | K31: 198.49 | L31: 222.41 | M31: 277.01 | W31: VALOR | X31: 50 | Y31: 50 | AE31: VALOR
T32: TOTAL | U32: =SUM(K31:U31) -> 697.91 | AB32: TOTAL | AC32: =SUM(X31:AC31) -> 100 | AJ32: TOTAL | AK32: =SUM(AF31:AK31) -> 0
B33: Agosto | J33: Agosto | W33: =J33 -> Agosto | AE33: =W33 -> Agosto
A34: KM (Rodados) | B34: 1ª Leitura | C34: 2ª Leitura | D34: 3ª Leitura | E34: 4ª Leitura | F34: 15 dias Rodados | G34: 30 dias Rodados | H34: Total Mensal | J34: DATA | K34: 45512 | L34: 45517 | M34: 45520 | N34: 45524 | O34: 45531 | P34: 45533 | W34: DATA | X34: 45521 | Y34: 45526 | AE34: DATA
B35: 11735 | E35: 13560 | F35: =SUM(C35-B35) -> -11735 | G35: =SUM(E35-D35) -> 13560 | H35: =SUM(F35:G35) -> 1825 | J35: VALOR | K35: 250.07 | L35: 249.44 | M35: 234.03 | N35: 290.3 | O35: 235.46 | P35: 170.18 | W35: VALOR | X35: 50 | Y35: 50 | AE35: VALOR
T36: TOTAL | U36: =SUM(K35:U35) -> 1429.48 | AB36: TOTAL | AC36: =SUM(X35:AC35) -> 100 | AJ36: TOTAL | AK36: =SUM(AF35:AK35) -> 0
B37: Setembro | J37: Setembro | W37: =J37 -> Setembro | AE37: =W37 -> Setembro
A38: KM (Rodados) | B38: 1ª Leitura | C38: 2ª Leitura | D38: 3ª Leitura | E38: 4ª Leitura | F38: 15 dias Rodados | G38: 30 dias Rodados | H38: Total Mensal | J38: DATA | K38: 45537 | L38: 45540 | M38: 45545 | N38: 45547 | O38: 45552 | P38: 45555 | Q38: 45561 | R38: 45563 | W38: DATA | X38: 45542 | Y38: 45555 | AE38: DATA
B39: 3751 | E39: 6291 | F39: =SUM(C39-B39) -> -3751 | G39: =SUM(E39-D39) -> 6291 | H39: =SUM(F39:G39) -> 2540 | J39: VALOR | K39: 176.1 | L39: 220 | M39: 188.02 | N39: 131.22 | O39: 266.54 | P39: 215.02 | Q39: 261.01 | R39: 285.33 | W39: VALOR | X39: 50 | Y39: 50 | AE39: VALOR
T40: TOTAL | U40: =SUM(K39:U39) -> 1743.24 | AB40: TOTAL | AC40: =SUM(X39:AC39) -> 100 | AJ40: TOTAL | AK40: =SUM(AF39:AK39) -> 0
B41: Outubro | J41: Outubro | W41: =J41 -> Outubro | AE41: =W41 -> Outubro
A42: KM (Rodados) | B42: 1ª Leitura | C42: 2ª Leitura | D42: 3ª Leitura | E42: 4ª Leitura | F42: 15 dias Rodados | G42: 30 dias Rodados | H42: Total Mensal | J42: DATA | K42: 45566 | L42: 45568 | M42: 45575 | N42: 45579 | O42: 45582 | P42: 45586 | Q42: 45589 | R42: 45596 | S42: 45593 | W42: DATA | X42: 45567 | AE42: DATA
B43: 51675 | E43: 55444 | F43: =SUM(C43-B43) -> -51675 | G43: =SUM(E43-D43) -> 55444 | H43: =SUM(F43:G43) -> 3769 | J43: VALOR | K43: 283.47 | L43: 262.36 | M43: 160.88 | N43: 300.18 | O43: 244.47 | P43: 326.73 | Q43: 260.52 | R43: 236.65 | S43: 305.03 | W43: VALOR | X43: 50 | AE43: VALOR
T44: TOTAL | U44: =SUM(K43:U43) -> 2380.29 | AB44: TOTAL | AC44: =SUM(X43:AC43) -> 50 | AJ44: TOTAL | AK44: =SUM(AF43:AK43) -> 0
B45: Novembro | J45: Novembro | W45: =J45 -> Novembro | AE45: =W45 -> Novembro
A46: KM (Rodados) | B46: 1ª Leitura | C46: 2ª Leitura | D46: 3ª Leitura | E46: 4ª Leitura | F46: 15 dias Rodados | G46: 30 dias Rodados | H46: Total Mensal | J46: DATA | K46: 45601 | L46: 45603 | M46: 45624 | W46: DATA | AE46: DATA
B47: 55242 | C47: 56662 | D47: 56662 | E47: 58462 | F47: =SUM(C47-B47) -> 1420 | G47: =SUM(E47-D47) -> 1800 | H47: =SUM(F47:G47) -> 3220 | J47: VALOR | K47: 288.7 | L47: 173.67 | M47: 281.47 | W47: VALOR | AE47: VALOR
T48: TOTAL | U48: =SUM(K47:U47) -> 743.84 | AB48: TOTAL | AC48: =SUM(X47:AC47) -> 0 | AJ48: TOTAL | AK48: =SUM(AF47:AK47) -> 0
B49: Dezembro | J49: Dezembro | W49: =J49 -> Dezembro | AE49: =W49 -> Dezembro
A50: KM (Rodados) | B50: 1ª Leitura | C50: 2ª Leitura | D50: 3ª Leitura | E50: 4ª Leitura | F50: 15 dias Rodados | G50: 30 dias Rodados | H50: Total Mensal | J50: DATA | K50: 45629 | L50: 45632 | W50: DATA | AE50: DATA
B51: 58462 | C51: 59891 | D51: 60111 | E51: 61412 | F51: =SUM(C51-B51) -> 1429 | G51: =SUM(E51-D51) -> 1301 | H51: =SUM(F51:G51) -> 2730 | J51: VALOR | K51: 316.43 | L51: 239.03 | W51: VALOR | AE51: VALOR
T52: TOTAL | U52: =SUM(K51:U51) -> 555.46 | AB52: TOTAL | AC52: =SUM(X51:AC51) -> 0 | AJ52: TOTAL | AK52: =SUM(AF51:AK51) -> 0
B53: Janeiro | J53: Janeiro | W53: =J53 -> Janeiro | AE53: =W53 -> Janeiro
A54: KM (Rodados) | B54: 1ª Leitura | C54: 2ª Leitura | D54: 3ª Leitura | E54: 4ª Leitura | F54: 15 dias Rodados | G54: 30 dias Rodados | H54: Total Mensal | J54: DATA | K54: 45664 | L54: 45666 | M54: 45671 | N54: 45673 | O54: 45678 | P54: 45680 | W54: DATA | AE54: DATA
B55: 61412 | C55: 63254 | D55: 63254 | E55: 65261 | F55: =SUM(C55-B55) -> 1842 | G55: =SUM(E55-D55) -> 2007 | H55: =SUM(F55:G55) -> 3849 | J55: VALOR | K55: 326.62 | L55: 220.73 | M55: 295 | N55: 185.7 | O55: 334.29 | P55: 248.38 | W55: VALOR | AE55: VALOR
T56: TOTAL | U56: =SUM(K55:U55) -> 1610.72 | AB56: TOTAL | AC56: =SUM(X55:AC55) -> 0 | AJ56: TOTAL | AK56: =SUM(AF55:AK55) -> 0
A57: Devolução 15/02/2025 | B57: Fevereiro | J57: Fevereiro | W57: =J57 -> Fevereiro | AE57: =W57 -> Fevereiro
A58: KM (Rodados) | B58: 1ª Leitura | C58: 2ª Leitura | D58: 3ª Leitura | E58: 4ª Leitura | F58: 15 dias Rodados | G58: 30 dias Rodados | H58: Total Mensal | J58: DATA | W58: DATA | AE58: DATA
B59: 36664 | C59: 38396 | F59: =SUM(C59-B59) -> 1732 | G59: =SUM(E59-D59) -> 0 | H59: =SUM(F59:G59) -> 1732 | J59: VALOR | W59: VALOR | AE59: VALOR
T60: TOTAL | U60: =SUM(K59:U59) -> 0 | AB60: TOTAL | AC60: =SUM(X59:AC59) -> 0 | AJ60: TOTAL | AK60: =SUM(AF59:AK59) -> 0
B61: Março | J61: Março | Y61: =J61 -> Março | AH61: =Y61 -> Março
A62: KM (Rodados) | B62: 1ª Leitura | C62: 2ª Leitura | D62: 3ª Leitura | E62: 4ª Leitura | F62: 15 dias Rodados | G62: 30 dias Rodados | H62: Total Mensal | J62: DATA | Y62: DATA | AH62: DATA
F63: =SUM(C63-B63) -> 0 | G63: =SUM(E63-D63) -> 0 | H63: =SUM(F63:G63) -> 0 | J63: VALOR | Y63: VALOR | AH63: VALOR
T64: TOTAL | U64: =SUM(K63:U63) -> 0 | AD64: TOTAL | AE64: =SUM(Z63:AE63) -> 0 | AM64: TOTAL | AN64: =SUM(AI63:AN63) -> 0
B65: Abril | J65: Abril | Y65: =J65 -> Abril | AH65: =Y65 -> Abril
A66: KM (Rodados) | B66: 1ª Leitura | C66: 2ª Leitura | D66: 3ª Leitura | E66: 4ª Leitura | F66: 15 dias Rodados | G66: 30 dias Rodados | H66: Total Mensal | J66: DATA | K66: 45748 | L66: 45750 | Y66: DATA | AH66: DATA
F67: =SUM(C67-B67) -> 0 | G67: =SUM(E67-D67) -> 0 | H67: =SUM(F67:G67) -> 0 | J67: VALOR | K67: 294.07 | L67: 242.75 | Y67: VALOR | AH67: VALOR
T68: TOTAL | U68: =SUM(K67:U67) -> 536.82 | AD68: TOTAL | AE68: =SUM(Z67:AE67) -> 0 | AM68: TOTAL | AN68: =SUM(AI67:AN67) -> 0
B69: Maio | J69: Maio | Y69: =J69 -> Maio | AH69: =Y69 -> Maio
A70: KM (Rodados) | B70: 1ª Leitura | C70: 2ª Leitura | D70: 3ª Leitura | E70: 4ª Leitura | F70: 15 dias Rodados | G70: 30 dias Rodados | H70: Total Mensal | J70: DATA | Y70: DATA | AH70: DATA
F71: =SUM(C71-B71) -> 0 | G71: =SUM(E71-D71) -> 0 | H71: =SUM(F71:G71) -> 0 | J71: VALOR | Y71: VALOR | AH71: VALOR
T72: TOTAL | U72: =SUM(K71:U71) -> 0 | AD72: TOTAL | AE72: =SUM(Z71:AE71) -> 0 | AM72: TOTAL | AN72: =SUM(AI71:AN71) -> 0
B73: Junho | J73: Junho | Y73: =J73 -> Junho | AH73: =Y73 -> Junho
A74: KM (Rodados) | B74: 1ª Leitura | C74: 2ª Leitura | D74: 3ª Leitura | E74: 4ª Leitura | F74: 15 dias Rodados | G74: 30 dias Rodados | H74: Total Mensal | J74: DATA | Y74: DATA | AH74: DATA
F75: =SUM(C75-B75) -> 0 | G75: =SUM(E75-D75) -> 0 | H75: =SUM(F75:G75) -> 0 | J75: VALOR | Y75: VALOR | AH75: VALOR
T76: TOTAL | U76: =SUM(K75:U75) -> 0 | AD76: TOTAL | AE76: =SUM(Z75:AE75) -> 0 | AM76: TOTAL | AN76: =SUM(AI75:AN75) -> 0

Sheet Jonatas-Desmob
A2: Veiculo | B2: T Cross | D2: Placa: | E2: ENH4J51 ( desde 21/11/24) | H2: Medição | I2: 5325
A3: Antes Renegade SIN6B75
A4: Contrato de Locação | B4: 3500 | D4: Rastreador | H4: Devolução: | I4: 45796
A7: REGISTRO DE KM | J7: ABASTECIMENTO | Y7: LAVA_RAPIDO | AH7: BORRACHARIA
B9: Fevereiro | J9: Fevereiro | Y9: Fevereiro | AH9: Fevereiro
A10: KM (Rodados) | B10: 1ª Leitura | C10: 2ª Leitura | D10: 3ª Leitura | E10: 4ª Leitura | F10: 15 dias Rodados | G10: 30 dias Rodados | H10: Total Mensal | J10: DATA | Y10: DATA | AH10: DATA
F11: =SUM(C11-B11) -> 0 | G11: =SUM(E11-D11) -> 0 | H11: =SUM(F11:G11) -> 0 | J11: VALOR | Y11: VALOR | AH11: VALOR
T12: TOTAL | U12: =SUM(K11:U11) -> 0 | AD12: TOTAL | AE12: =SUM(Z11:AE11) -> 0 | AM12: TOTAL | AN12: =SUM(AI11:AN11) -> 0
B13: Março | J13: Março | Y13: =J13 -> Março | AH13: =Y13 -> Março
A14: KM (Rodados) | B14: 1ª Leitura | C14: 2ª Leitura | D14: 3ª Leitura | E14: 4ª Leitura | F14: 15 dias Rodados | G14: 30 dias Rodados | H14: Total Mensal | J14: DATA | Y14: DATA | AH14: DATA
F15: =SUM(C15-B15) -> 0 | G15: =SUM(E15-D15) -> 0 | H15: =SUM(F15:G15) -> 0 | J15: VALOR | Y15: VALOR | AH15: VALOR
T16: TOTAL | U16: =SUM(K15:U15) -> 0 | AD16: TOTAL | AE16: =SUM(Z15:AE15) -> 0 | AM16: TOTAL | AN16: =SUM(AI15:AN15) -> 0
B17: Abril | J17: Abril | Y17: =J17 -> Abril | AH17: =Y17 -> Abril
A18: KM (Rodados) | B18: 1ª Leitura | C18: 2ª Leitura | D18: 3ª Leitura | E18: 4ª Leitura | F18: 15 dias Rodados | G18: 30 dias Rodados | H18: Total Mensal | J18: DATA | Y18: DATA | AH18: DATA
F19: =SUM(C19-B19) -> 0 | G19: =SUM(E19-D19) -> 0 | H19: =SUM(F19:G19) -> 0 | J19: VALOR | Y19: VALOR | AH19: VALOR
T20: TOTAL | U20: =SUM(K19:U19) -> 0 | AD20: TOTAL | AE20: =SUM(Z19:AE19) -> 0 | AM20: TOTAL | AN20: =SUM(AI19:AN19) -> 0
B21: Maio | J21: Maio | Y21: =J21 -> Maio | AH21: =Y21 -> Maio
A22: KM (Rodados) | B22: 1ª Leitura | C22: 2ª Leitura | D22: 3ª Leitura | E22: 4ª Leitura | F22: 15 dias Rodados | G22: 30 dias Rodados | H22: Total Mensal | J22: DATA | Y22: DATA | AH22: DATA
F23: =SUM(C23-B23) -> 0 | G23: =SUM(E23-D23) -> 0 | H23: =SUM(F23:G23) -> 0 | J23: VALOR | Y23: VALOR | AH23: VALOR
T24: TOTAL | U24: =SUM(K23:U23) -> 0 | AD24: TOTAL | AE24: =SUM(Z23:AE23) -> 0 | AM24: TOTAL | AN24: =SUM(AI23:AN23) -> 0
B25: Junho | J25: Junho | Y25: =J25 -> Junho | AH25: =Y25 -> Junho
A26: KM (Rodados) | B26: 1ª Leitura | C26: 2ª Leitura | D26: 3ª Leitura | E26: 4ª Leitura | F26: 15 dias Rodados | G26: 30 dias Rodados | H26: Total Mensal | J26: DATA | Y26: DATA | AH26: DATA
F27: =SUM(C27-B27) -> 0 | G27: =SUM(E27-D27) -> 0 | H27: =SUM(F27:G27) -> 0 | J27: VALOR | Y27: VALOR | AH27: VALOR
T28: TOTAL | U28: =SUM(K27:U27) -> 0 | AD28: TOTAL | AE28: =SUM(Z27:AE27) -> 0 | AM28: TOTAL | AN28: =SUM(AI27:AN27) -> 0
B29: Julho | J29: Julho | Y29: =J29 -> Julho | AH29: =Y29 -> Julho
A30: KM (Rodados) | B30: 1ª Leitura | C30: 2ª Leitura | D30: 3ª Leitura | E30: 4ª Leitura | F30: 15 dias Rodados | G30: 30 dias Rodados | H30: Total Mensal | J30: DATA | Y30: DATA | AH30: DATA
F31: =SUM(C31-B31) -> 0 | G31: =SUM(E31-D31) -> 0 | H31: =SUM(F31:G31) -> 0 | J31: VALOR | Y31: VALOR | AH31: VALOR
T32: TOTAL | U32: =SUM(K31:U31) -> 0 | AD32: TOTAL | AE32: =SUM(Z31:AE31) -> 0 | AM32: TOTAL | AN32: =SUM(AI31:AN31) -> 0
B33: Agosto | J33: Agosto | Y33: =J33 -> Agosto | AH33: =Y33 -> Agosto
A34: KM (Rodados) | B34: 1ª Leitura | C34: 2ª Leitura | D34: 3ª Leitura | E34: 4ª Leitura | F34: 15 dias Rodados | G34: 30 dias Rodados | H34: Total Mensal | J34: DATA | Y34: DATA | AH34: DATA
F35: =SUM(C35-B35) -> 0 | G35: =SUM(E35-D35) -> 0 | H35: =SUM(F35:G35) -> 0 | J35: VALOR | Y35: VALOR | AH35: VALOR
T36: TOTAL | U36: =SUM(K35:U35) -> 0 | AD36: TOTAL | AE36: =SUM(Z35:AE35) -> 0 | AM36: TOTAL | AN36: =SUM(AI35:AN35) -> 0
B37: Setembro | J37: Setembro | Y37: =J37 -> Setembro | AH37: =Y37 -> Setembro
A38: KM (Rodados) | B38: 1ª Leitura | C38: 2ª Leitura | D38: 3ª Leitura | E38: 4ª Leitura | F38: 15 dias Rodados | G38: 30 dias Rodados | H38: Total Mensal | J38: DATA | Y38: DATA | AH38: DATA
F39: =SUM(C39-B39) -> 0 | G39: =SUM(E39-D39) -> 0 | H39: =SUM(F39:G39) -> 0 | J39: VALOR | Y39: VALOR | AH39: VALOR
T40: TOTAL | U40: =SUM(K39:U39) -> 0 | AD40: TOTAL | AE40: =SUM(Z39:AE39) -> 0 | AM40: TOTAL | AN40: =SUM(AI39:AN39) -> 0
B41: Outubro | J41: Outubro | Y41: =J41 -> Outubro | AH41: =Y41 -> Outubro
A42: KM (Rodados) | B42: 1ª Leitura | C42: 2ª Leitura | D42: 3ª Leitura | E42: 4ª Leitura | F42: 15 dias Rodados | G42: 30 dias Rodados | H42: Total Mensal | J42: DATA | Y42: DATA | AH42: DATA
F43: =SUM(C43-B43) -> 0 | G43: =SUM(E43-D43) -> 0 | H43: =SUM(F43:G43) -> 0 | J43: VALOR | Y43: VALOR | AH43: VALOR
T44: TOTAL | U44: =SUM(K43:U43) -> 0 | AD44: TOTAL | AE44: =SUM(Z43:AE43) -> 0 | AM44: TOTAL | AN44: =SUM(AI43:AN43) -> 0
B45: Novembro | J45: Novembro | Y45: =J45 -> Novembro | AH45: =Y45 -> Novembro
A46: KM (Rodados) | B46: 1ª Leitura | C46: 2ª Leitura | D46: 3ª Leitura | E46: 4ª Leitura | F46: 15 dias Rodados | G46: 30 dias Rodados | H46: Total Mensal | J46: DATA | Y46: DATA | AH46: DATA
F47: =SUM(C47-B47) -> 0 | G47: =SUM(E47-D47) -> 0 | H47: =SUM(F47:G47) -> 0 | J47: VALOR | Y47: VALOR | AH47: VALOR
T48: TOTAL | U48: =SUM(K47:U47) -> 0 | AD48: TOTAL | AE48: =SUM(Z47:AE47) -> 0 | AM48: TOTAL | AN48: =SUM(AI47:AN47) -> 0
B49: Dezembro | J49: Dezembro | Y49: =J49 -> Dezembro | AH49: =Y49 -> Dezembro
A50: KM (Rodados) | B50: 1ª Leitura | C50: 2ª Leitura | D50: 3ª Leitura | E50: 4ª Leitura | F50: 15 dias Rodados | G50: 30 dias Rodados | H50: Total Mensal | J50: DATA | Y50: DATA | AH50: DATA
B51: 40148 | C51: 41300 | D51: 41364 | E51: 41660 | F51: =SUM(C51-B51) -> 1152 | G51: =SUM(E51-D51) -> 296 | H51: =SUM(F51:G51) -> 1448 | J51: VALOR | Y51: VALOR | AH51: VALOR
T52: TOTAL | U52: =SUM(K51:U51) -> 0 | AD52: TOTAL | AE52: =SUM(Z51:AE51) -> 0 | AM52: TOTAL | AN52: =SUM(AI51:AN51) -> 0
B53: Janeiro | J53: Janeiro | Y53: =J53 -> Janeiro | AH53: =Y53 -> Janeiro
A54: KM (Rodados) | B54: 1ª Leitura | C54: 2ª Leitura | D54: 3ª Leitura | E54: 4ª Leitura | F54: 15 dias Rodados | G54: 30 dias Rodados | H54: Total Mensal | J54: DATA | K54: 45664 | L54: 45670 | M54: 45677 | Y54: DATA | AH54: DATA
B55: 41838 | C55: 42207 | D55: 42207 | E55: 43330 | F55: =SUM(C55-B55) -> 369 | G55: =SUM(E55-D55) -> 1123 | H55: =SUM(F55:G55) -> 1492 | J55: VALOR | K55: 215.24 | L55: 278.58 | M55: 299.41 | Y55: VALOR | AH55: VALOR
T56: TOTAL | U56: =SUM(K55:U55) -> 793.23 | AD56: TOTAL | AE56: =SUM(Z55:AE55) -> 0 | AM56: TOTAL | AN56: =SUM(AI55:AN55) -> 0
B57: Fevereiro | J57: Fevereiro | Y57: =J57 -> Fevereiro | AH57: =Y57 -> Fevereiro
A58: KM (Rodados) | B58: 1ª Leitura | C58: 2ª Leitura | D58: 3ª Leitura | E58: 4ª Leitura | F58: 15 dias Rodados | G58: 30 dias Rodados | H58: Total Mensal | J58: DATA | Y58: DATA | AH58: DATA
B59: 43330 | C59: 45084 | D59: 45090 | E59: 46738 | F59: =SUM(C59-B59) -> 1754 | G59: =SUM(E59-D59) -> 1648 | H59: =SUM(F59:G59) -> 3402 | J59: VALOR | Y59: VALOR | AH59: VALOR
T60: TOTAL | U60: =SUM(K59:U59) -> 0 | AD60: TOTAL | AE60: =SUM(Z59:AE59) -> 0 | AM60: TOTAL | AN60: =SUM(AI59:AN59) -> 0
B61: Março | J61: Março | Y61: =J61 -> Março | AH61: =Y61 -> Março
A62: KM (Rodados) | B62: 1ª Leitura | C62: 2ª Leitura | D62: 3ª Leitura | E62: 4ª Leitura | F62: 15 dias Rodados | G62: 30 dias Rodados | H62: Total Mensal | J62: DATA | Y62: DATA | Z62: 45744 | AH62: DATA
B63: 46738 | C63: 48136 | D63: 48136 | E63: 49839 | F63: =SUM(C63-B63) -> 1398 | G63: =SUM(E63-D63) -> 1703 | H63: =SUM(F63:G63) -> 3101 | J63: VALOR | Y63: VALOR | Z63: 50 | AH63: VALOR
T64: TOTAL | U64: =SUM(K63:U63) -> 0 | AD64: TOTAL | AE64: =SUM(Z63:AE63) -> 50 | AM64: TOTAL | AN64: =SUM(AI63:AN63) -> 0
B65: Abril | J65: Abril | Y65: =J65 -> Abril | AH65: =Y65 -> Abril
A66: KM (Rodados) | B66: 1ª Leitura | C66: 2ª Leitura | D66: 3ª Leitura | E66: 4ª Leitura | F66: 15 dias Rodados | G66: 30 dias Rodados | H66: Total Mensal | J66: DATA | Y66: DATA | AH66: DATA
B67: 49839 | C67: 51849 | D67: 51849 | E67: 53249 | F67: =SUM(C67-B67) -> 2010 | G67: =SUM(E67-D67) -> 1400 | H67: =SUM(F67:G67) -> 3410 | J67: VALOR | Y67: VALOR | AH67: VALOR
T68: TOTAL | U68: =SUM(K67:U67) -> 0 | AD68: TOTAL | AE68: =SUM(Z67:AE67) -> 0 | AM68: TOTAL | AN68: =SUM(AI67:AN67) -> 0
B69: Maio | J69: Maio | Y69: =J69 -> Maio | AH69: =Y69 -> Maio
A70: KM (Rodados) | B70: 1ª Leitura | C70: 2ª Leitura | D70: 3ª Leitura | E70: 4ª Leitura | F70: 15 dias Rodados | G70: 30 dias Rodados | H70: Total Mensal | J70: DATA | Y70: DATA | AH70: DATA
B71: 53249 | C71: 54877 | F71: =SUM(C71-B71) -> 1628 | G71: =SUM(E71-D71) -> 0 | H71: =SUM(F71:G71) -> 1628 | J71: VALOR | Y71: VALOR | AH71: VALOR
T72: TOTAL | U72: =SUM(K71:U71) -> 0 | AD72: TOTAL | AE72: =SUM(Z71:AE71) -> 0 | AM72: TOTAL | AN72: =SUM(AI71:AN71) -> 0
B73: Junho | J73: Junho | Y73: =J73 -> Junho | AH73: =Y73 -> Junho
A74: KM (Rodados) | B74: 1ª Leitura | C74: 2ª Leitura | D74: 3ª Leitura | E74: 4ª Leitura | F74: 15 dias Rodados | G74: 30 dias Rodados | H74: Total Mensal | J74: DATA | Y74: DATA | AH74: DATA
F75: =SUM(C75-B75) -> 0 | G75: =SUM(E75-D75) -> 0 | H75: =SUM(F75:G75) -> 0 | J75: VALOR | Y75: VALOR | AH75: VALOR
T76: TOTAL | U76: =SUM(K75:U75) -> 0 | AD76: TOTAL | AE76: =SUM(Z75:AE75) -> 0 | AM76: TOTAL | AN76: =SUM(AI75:AN75) -> 0

Sheet Filipe - Desmob
A2: Veiculo | B2: TCROSS | D2: Placa: | E2: FIJ6H51 | H2: Medição
A4: Contrato de Locação | D4: Rastreador
A7: REGISTRO DE KM | J7: ABASTECIMENTO | Y7: LAVA_RAPIDO | AH7: BORRACHARIA
B9: Fevereiro | J9: Fevereiro | Y9: Fevereiro | AH9: Fevereiro
A10: KM (Rodados) | B10: 1ª Leitura | C10: 2ª Leitura | D10: 3ª Leitura | E10: 4ª Leitura | F10: 15 dias Rodados | G10: 30 dias Rodados | H10: Total Mensal | J10: DATA | Y10: DATA | AH10: DATA
F11: =SUM(C11-B11) -> 0 | G11: =SUM(E11-D11) -> 0 | H11: =SUM(F11:G11) -> 0 | J11: VALOR | Y11: VALOR | AH11: VALOR
T12: TOTAL | U12: =SUM(K11:U11) -> 0 | AD12: TOTAL | AE12: =SUM(Z11:AE11) -> 0 | AM12: TOTAL | AN12: =SUM(AI11:AN11) -> 0
B13: Março | J13: Março | Y13: =J13 -> Março | AH13: =Y13 -> Março
A14: KM (Rodados) | B14: 1ª Leitura | C14: 2ª Leitura | D14: 3ª Leitura | E14: 4ª Leitura | F14: 15 dias Rodados | G14: 30 dias Rodados | H14: Total Mensal | J14: DATA | Y14: DATA | AH14: DATA
F15: =SUM(C15-B15) -> 0 | G15: =SUM(E15-D15) -> 0 | H15: =SUM(F15:G15) -> 0 | J15: VALOR | Y15: VALOR | AH15: VALOR
T16: TOTAL | U16: =SUM(K15:U15) -> 0 | AD16: TOTAL | AE16: =SUM(Z15:AE15) -> 0 | AM16: TOTAL | AN16: =SUM(AI15:AN15) -> 0
B17: Abril | J17: Abril | Y17: =J17 -> Abril | AH17: =Y17 -> Abril
A18: KM (Rodados) | B18: 1ª Leitura | C18: 2ª Leitura | D18: 3ª Leitura | E18: 4ª Leitura | F18: 15 dias Rodados | G18: 30 dias Rodados | H18: Total Mensal | J18: DATA | Y18: DATA | AH18: DATA
F19: =SUM(C19-B19) -> 0 | G19: =SUM(E19-D19) -> 0 | H19: =SUM(F19:G19) -> 0 | J19: VALOR | Y19: VALOR | AH19: VALOR
T20: TOTAL | U20: =SUM(K19:U19) -> 0 | AD20: TOTAL | AE20: =SUM(Z19:AE19) -> 0 | AM20: TOTAL | AN20: =SUM(AI19:AN19) -> 0
B21: Maio | J21: Maio | Y21: =J21 -> Maio | AH21: =Y21 -> Maio
A22: KM (Rodados) | B22: 1ª Leitura | C22: 2ª Leitura | D22: 3ª Leitura | E22: 4ª Leitura | F22: 15 dias Rodados | G22: 30 dias Rodados | H22: Total Mensal | J22: DATA | Y22: DATA | AH22: DATA
F23: =SUM(C23-B23) -> 0 | G23: =SUM(E23-D23) -> 0 | H23: =SUM(F23:G23) -> 0 | J23: VALOR | Y23: VALOR | AH23: VALOR
T24: TOTAL | U24: =SUM(K23:U23) -> 0 | AD24: TOTAL | AE24: =SUM(Z23:AE23) -> 0 | AM24: TOTAL | AN24: =SUM(AI23:AN23) -> 0
B25: Junho | J25: Junho | Y25: =J25 -> Junho | AH25: =Y25 -> Junho
A26: KM (Rodados) | B26: 1ª Leitura | C26: 2ª Leitura | D26: 3ª Leitura | E26: 4ª Leitura | F26: 15 dias Rodados | G26: 30 dias Rodados | H26: Total Mensal | J26: DATA | Y26: DATA | AH26: DATA
F27: =SUM(C27-B27) -> 0 | G27: =SUM(E27-D27) -> 0 | H27: =SUM(F27:G27) -> 0 | J27: VALOR | Y27: VALOR | AH27: VALOR
T28: TOTAL | U28: =SUM(K27:U27) -> 0 | AD28: TOTAL | AE28: =SUM(Z27:AE27) -> 0 | AM28: TOTAL | AN28: =SUM(AI27:AN27) -> 0
B29: Julho | J29: Julho | Y29: =J29 -> Julho | AH29: =Y29 -> Julho
A30: KM (Rodados) | B30: 1ª Leitura | C30: 2ª Leitura | D30: 3ª Leitura | E30: 4ª Leitura | F30: 15 dias Rodados | G30: 30 dias Rodados | H30: Total Mensal | J30: DATA | Y30: DATA | AH30: DATA
F31: =SUM(C31-B31) -> 0 | G31: =SUM(E31-D31) -> 0 | H31: =SUM(F31:G31) -> 0 | J31: VALOR | Y31: VALOR | AH31: VALOR
T32: TOTAL | U32: =SUM(K31:U31) -> 0 | AD32: TOTAL | AE32: =SUM(Z31:AE31) -> 0 | AM32: TOTAL | AN32: =SUM(AI31:AN31) -> 0
B33: Agosto | J33: Agosto | Y33: =J33 -> Agosto | AH33: =Y33 -> Agosto
A34: KM (Rodados) | B34: 1ª Leitura | C34: 2ª Leitura | D34: 3ª Leitura | E34: 4ª Leitura | F34: 15 dias Rodados | G34: 30 dias Rodados | H34: Total Mensal | J34: DATA | K34: 45517 | L34: 45528 | M34: 45533 | Y34: DATA | Z34: 45526 | AH34: DATA
E35: 28233 | F35: =SUM(C35-B35) -> 0 | G35: =SUM(E35-D35) -> 28233 | H35: =SUM(F35:G35) -> 28233 | J35: VALOR | K35: 253.8 | L35: 243.05 | M35: 215.01 | Y35: VALOR | Z35: 50 | AH35: VALOR
T36: TOTAL | U36: =SUM(K35:U35) -> 711.86 | AD36: TOTAL | AE36: =SUM(Z35:AE35) -> 50 | AM36: TOTAL | AN36: =SUM(AI35:AN35) -> 0
B37: Setembro | J37: Setembro | Y37: =J37 -> Setembro | AH37: =Y37 -> Setembro
A38: KM (Rodados) | B38: 1ª Leitura | C38: 2ª Leitura | D38: 3ª Leitura | E38: 4ª Leitura | F38: 15 dias Rodados | G38: 30 dias Rodados | H38: Total Mensal | J38: DATA | K38: 45538 | Y38: DATA | Z38: 45539 | AH38: DATA
F39: =SUM(C39-B39) -> 0 | G39: =SUM(E39-D39) -> 0 | H39: =SUM(F39:G39) -> 0 | J39: VALOR | K39: 206.3 | Y39: VALOR | Z39: 50 | AH39: VALOR
T40: TOTAL | U40: =SUM(K39:U39) -> 206.3 | AD40: TOTAL | AE40: =SUM(Z39:AE39) -> 50 | AM40: TOTAL | AN40: =SUM(AI39:AN39) -> 0
B41: Outubro | J41: Outubro | Y41: =J41 -> Outubro | AH41: =Y41 -> Outubro
A42: KM (Rodados) | B42: 1ª Leitura | C42: 2ª Leitura | D42: 3ª Leitura | E42: 4ª Leitura | F42: 15 dias Rodados | G42: 30 dias Rodados | H42: Total Mensal | J42: DATA | Y42: DATA | AH42: DATA
F43: =SUM(C43-B43) -> 0 | G43: =SUM(E43-D43) -> 0 | H43: =SUM(F43:G43) -> 0 | J43: VALOR | Y43: VALOR | AH43: VALOR
T44: TOTAL | U44: =SUM(K43:U43) -> 0 | AD44: TOTAL | AE44: =SUM(Z43:AE43) -> 0 | AM44: TOTAL | AN44: =SUM(AI43:AN43) -> 0
B45: Novembro | J45: Novembro | Y45: =J45 -> Novembro | AH45: =Y45 -> Novembro
A46: KM (Rodados) | B46: 1ª Leitura | C46: 2ª Leitura | D46: 3ª Leitura | E46: 4ª Leitura | F46: 15 dias Rodados | G46: 30 dias Rodados | H46: Total Mensal | J46: DATA | Y46: DATA | AH46: DATA
F47: =SUM(C47-B47) -> 0 | G47: =SUM(E47-D47) -> 0 | H47: =SUM(F47:G47) -> 0 | J47: VALOR | Y47: VALOR | AH47: VALOR
T48: TOTAL | U48: =SUM(K47:U47) -> 0 | AD48: TOTAL | AE48: =SUM(Z47:AE47) -> 0 | AM48: TOTAL | AN48: =SUM(AI47:AN47) -> 0
B49: Dezembro | J49: Dezembro | Y49: =J49 -> Dezembro | AH49: =Y49 -> Dezembro
A50: KM (Rodados) | B50: 1ª Leitura | C50: 2ª Leitura | D50: 3ª Leitura | E50: 4ª Leitura | F50: 15 dias Rodados | G50: 30 dias Rodados | H50: Total Mensal | J50: DATA | Y50: DATA | AH50: DATA
F51: =SUM(C51-B51) -> 0 | G51: =SUM(E51-D51) -> 0 | H51: =SUM(F51:G51) -> 0 | J51: VALOR | Y51: VALOR | AH51: VALOR
T52: TOTAL | U52: =SUM(K51:U51) -> 0 | AD52: TOTAL | AE52: =SUM(Z51:AE51) -> 0 | AM52: TOTAL | AN52: =SUM(AI51:AN51) -> 0

Sheet  Eric - Desmob
A2: Veiculo | B2: TCROSS | D2: Placa: | E2: EZP8A71 | H2: Medição
A4: Contrato de Locação | B4: 3455.99 | D4: Rastreador | H4: Data mob. | I4: 45414
A7: REGISTRO DE KM | J7: ABASTECIMENTO | W7: LAVA_RAPIDO | AE7: BORRACHARIA
B9: Fevereiro | J9: Fevereiro | W9: Fevereiro | AE9: Fevereiro
A10: KM (Rodados) | B10: 1ª Leitura | C10: 2ª Leitura | D10: 3ª Leitura | E10: 4ª Leitura | F10: 15 dias Rodados | G10: 30 dias Rodados | H10: Total Mensal | J10: DATA | W10: DATA | AE10: DATA
F11: =SUM(C11-B11) -> 0 | G11: =SUM(E11-D11) -> 0 | H11: =SUM(F11:G11) -> 0 | J11: VALOR | W11: VALOR | AE11: VALOR
T12: TOTAL | U12: =SUM(K11:U11) -> 0 | AB12: TOTAL | AC12: =SUM(X11:AC11) -> 0 | AJ12: TOTAL | AK12: =SUM(AF11:AK11) -> 0
B13: Março | J13: Março | W13: =J13 -> Março | AE13: =W13 -> Março
A14: KM (Rodados) | B14: 1ª Leitura | C14: 2ª Leitura | D14: 3ª Leitura | E14: 4ª Leitura | F14: 15 dias Rodados | G14: 30 dias Rodados | H14: Total Mensal | J14: DATA | W14: DATA | AE14: DATA
F15: =SUM(C15-B15) -> 0 | G15: =SUM(E15-D15) -> 0 | H15: =SUM(F15:G15) -> 0 | J15: VALOR | W15: VALOR | AE15: VALOR
T16: TOTAL | U16: =SUM(K15:U15) -> 0 | AB16: TOTAL | AC16: =SUM(X15:AC15) -> 0 | AJ16: TOTAL | AK16: =SUM(AF15:AK15) -> 0
B17: Abril | J17: Abril | W17: =J17 -> Abril | AE17: =W17 -> Abril
