Workbook

Sheet RESUMO
A1: 25.001 AUREN CAJUÍNAS
B5: JAN | C5: FEV | D5: MAR | E5: ABR | F5: MAI | G5: JUN | H5: JUL | I5: AGO | J5: SET | K5: OUT | L5: NOV | M5: DEZ
A6: ABASTECIMENTO 2025 | B6: =SUM('Controle Central'!D4+'Controle Central'!K4+'Controle Central'!R4+'Controle Central'!Y4+'Controle Central'!D23+'Controle Central'!K23+'Controle Central'!R23+'Controle Central'!Y23+'Controle Central'!D42+'Controle Central'!K42+'Controle Central'!R42+'Controle Central'!Y42+'Controle Central'!D61+'Controle Central'!K61+'Controle Central'!R61+'Controle Central'!Y61+'Controle Central'!D80+'Controle Central'!K80+'Controle Central'!R80+'Controle Central'!Y80+'Controle Central'!D98+'Controle Central'!K98+'Controle Central'!R98+'Controle Central'!Y98+'Controle Central'!D116+'Controle Central'!K116+'Controle Central'!R116+'Controle Central'!Y116+'Controle Central'!D134+'Controle Central'!K134) -> 0 | C6: =SUM('Controle Central'!D5+'Controle Central'!K5+'Controle Central'!R5+'Controle Central'!Y5+'Controle Central'!D24+'Controle Central'!K24+'Controle Central'!R24+'Controle Central'!Y24+'Controle Central'!D43+'Controle Central'!K43+'Controle Central'!R43+'Controle Central'!Y43+'Controle Central'!D62+'Controle Central'!K62+'Controle Central'!R62+'Controle Central'!Y62+'Controle Central'!D81+'Controle Central'!K81+'Controle Central'!R81+'Controle Central'!D99+'Controle Central'!K99+'Controle Central'!R99+'Controle Central'!Y99+'Controle Central'!D117+'Controle Central'!K117+'Controle Central'!R117+'Controle Central'!Y117+'Controle Central'!D135+'Controle Central'!K135) -> 4306.66 | D6: =SUM('Controle Central'!D6+'Controle Central'!K6+'Controle Central'!R6+'Controle Central'!Y6+'Controle Central'!D25+'Controle Central'!K25+'Controle Central'!R25+'Controle Central'!Y25+'Controle Central'!D44+'Controle Central'!K44+'Controle Central'!R44+'Controle Central'!Y44+'Controle Central'!D63+'Controle Central'!K63+'Controle Central'!R63+'Controle Central'!Y63+'Controle Central'!D82+'Controle Central'!K82+'Controle Central'!R82+'Controle Central'!Y82+'Controle Central'!D100+'Controle Central'!K100+'Controle Central'!R100+'Controle Central'!Y100+'Controle Central'!D118+'Controle Central'!K118+'Controle Central'!R118+'Controle Central'!Y118+'Controle Central'!D136+'Controle Central'!K136) -> 5225.42 | E6: ='Controle Central'!D7+'Controle Central'!K7+'Controle Central'!R7+'Controle Central'!Y7+'Controle Central'!D26+'Controle Central'!K26+'Controle Central'!R26+'Controle Central'!Y26+'Controle Central'!D45+'Controle Central'!K45+'Controle Central'!R45+'Controle Central'!Y45+'Controle Central'!D64+'Controle Central'!K64+'Controle Central'!R64+'Controle Central'!D83+'Controle Central'!K83+'Controle Central'!R83+'Controle Central'!Y83+'Controle Central'!D101+'Controle Central'!K101+'Controle Central'!R101+'Controle Central'!Y101+'Controle Central'!D119+'Controle Central'!K119+'Controle Central'!R119+'Controle Central'!Y119+'Controle Central'!D137+'Controle Central'!K137 -> 5544.38 | F6: =SUM('Controle Central'!D8+'Controle Central'!K8+'Controle Central'!R8+'Controle Central'!Y8+'Controle Central'!D27+'Controle Central'!K27+'Controle Central'!R27+'Controle Central'!Y27+'Controle Central'!D46+'Controle Central'!K46+'Controle Central'!R46+'Controle Central'!Y46+'Controle Central'!D65+'Controle Central'!K65+'Controle Central'!R65+'Controle Central'!Y65+'Controle Central'!D84+'Controle Central'!K84+'Controle Central'!R84+'Controle Central'!Y84+'Controle Central'!D102+'Controle Central'!K102+'Controle Central'!R102+'Controle Central'!Y102+'Controle Central'!D120+'Controle Central'!K120+'Controle Central'!R120+'Controle Central'!Y120+'Controle Central'!D138+'Controle Central'!K138) -> 3696.81 | G6: =SUM('Controle Central'!D9+'Controle Central'!K9+'Controle Central'!R9+'Controle Central'!Y9+'Controle Central'!D28+'Controle Central'!K28+'Controle Central'!R28+'Controle Central'!Y28+'Controle Central'!D47+'Controle Central'!K47+'Controle Central'!R47+'Controle Central'!Y47+'Controle Central'!D66+'Controle Central'!K66+'Controle Central'!R66+'Controle Central'!Y66+'Controle Central'!D85+'Controle Central'!K85+'Controle Central'!R85+'Controle Central'!Y85+'Controle Central'!D103+'Controle Central'!K103+'Controle Central'!R103+'Controle Central'!Y103+'Controle Central'!D121+'Controle Central'!K121+'Controle Central'!R121+'Controle Central'!Y121+'Controle Central'!D139+'Controle Central'!K139) -> 3406.54 | H6: =SUM('Controle Central'!D10+'Controle Central'!K10+'Controle Central'!R10+'Controle Central'!Y10+'Controle Central'!D29+'Controle Central'!K29+'Controle Central'!R29+'Controle Central'!D48+'Controle Central'!K48+'Controle Central'!R48+'Controle Central'!Y48+'Controle Central'!D67+'Controle Central'!K67+'Controle Central'!R67+'Controle Central'!Y67+'Controle Central'!D86+'Controle Central'!K86+'Controle Central'!R86+'Controle Central'!Y86+'Controle Central'!D104+'Controle Central'!K104+'Controle Central'!R104+'Controle Central'!Y104+'Controle Central'!D122+'Controle Central'!K122+'Controle Central'!R122+'Controle Central'!Y122+'Controle Central'!D140+'Controle Central'!K140) -> 7216.04 | I6: =SUM('Controle Central'!D11+'Controle Central'!K11+'Controle Central'!R11+'Controle Central'!Y11+'Controle Central'!D30+'Controle Central'!K30+'Controle Central'!R30+'Controle Central'!Y30+'Controle Central'!D49+'Controle Central'!K49+'Controle Central'!R49+'Controle Central'!Y49+'Controle Central'!D68+'Controle Central'!K68+'Controle Central'!R68+'Controle Central'!Y68+'Controle Central'!D87+'Controle Central'!K87+'Controle Central'!R87+'Controle Central'!Y87+'Controle Central'!D105+'Controle Central'!K105+'Controle Central'!R105+'Controle Central'!Y105+'Controle Central'!D123+'Controle Central'!K123+'Controle Central'!R123+'Controle Central'!Y123+'Controle Central'!D141+'Controle Central'!K141) -> 8960.714 | J6: =SUM('Controle Central'!D12+'Controle Central'!K12+'Controle Central'!R12+'Controle Central'!Y12+'Controle Central'!D31+'Controle Central'!K31+'Controle Central'!R31+'Controle Central'!Y31+'Controle Central'!D50+'Controle Central'!K50+'Controle Central'!R50+'Controle Central'!Y50+'Controle Central'!D69+'Controle Central'!K69+'Controle Central'!R69+'Controle Central'!Y69+'Controle Central'!D88+'Controle Central'!K88+'Controle Central'!R88+'Controle Central'!Y88+'Controle Central'!D106+'Controle Central'!K106+'Controle Central'!R106+'Controle Central'!Y106+'Controle Central'!D124+'Controle Central'!K124+'Controle Central'!R124+'Controle Central'!Y124+'Controle Central'!D142+'Controle Central'!K142) -> 8913.73 | K6: =SUM('Controle Central'!D13+'Controle Central'!K13+'Controle Central'!R13+'Controle Central'!Y13+'Controle Central'!D32+'Controle Central'!K32+'Controle Central'!R32+'Controle Central'!Y32+'Controle Central'!D51+'Controle Central'!K51+'Controle Central'!R51+'Controle Central'!Y51+'Controle Central'!D70+'Controle Central'!K70+'Controle Central'!R70+'Controle Central'!Y70+'Controle Central'!D89+'Controle Central'!K89+'Controle Central'!R89+'Controle Central'!Y89+'Controle Central'!D107+'Controle Central'!K107+'Controle Central'!R107+'Controle Central'!Y107+'Controle Central'!D125+'Controle Central'!K125+'Controle Central'!R125+'Controle Central'!Y125+'Controle Central'!D143+'Controle Central'!K143) -> 10065.3 | L6: =SUM('Controle Central'!D14+'Controle Central'!K14+'Controle Central'!R14+'Controle Central'!Y14+'Controle Central'!D33+'Controle Central'!K33+'Controle Central'!R33+'Controle Central'!Y33+'Controle Central'!D52+'Controle Central'!K52+'Controle Central'!R52+'Controle Central'!Y52+'Controle Central'!D71+'Controle Central'!K71+'Controle Central'!R71+'Controle Central'!Y71+'Controle Central'!D90+'Controle Central'!K90+'Controle Central'!R90+'Controle Central'!Y90+'Controle Central'!D108+'Controle Central'!K108+'Controle Central'!R108+'Controle Central'!Y108+'Controle Central'!D126+'Controle Central'!K126+'Controle Central'!R126+'Controle Central'!Y126+'Controle Central'!D144+'Controle Central'!K144) -> 10218.49 | M6: =SUM('Controle Central'!D15+'Controle Central'!K15+'Controle Central'!R15+'Controle Central'!Y15+'Controle Central'!D34+'Controle Central'!K34+'Controle Central'!R34+'Controle Central'!Y34+'Controle Central'!D53+'Controle Central'!K53+'Controle Central'!R53+'Controle Central'!Y53+'Controle Central'!D72+'Controle Central'!K72+'Controle Central'!R72+'Controle Central'!Y72+'Controle Central'!D91+'Controle Central'!K91+'Controle Central'!R91+'Controle Central'!Y91+'Controle Central'!D109+'Controle Central'!K109+'Controle Central'!R109+'Controle Central'!Y109+'Controle Central'!D127+'Controle Central'!K127+'Controle Central'!R127+'Controle Central'!Y127+'Controle Central'!D145+'Controle Central'!K145) -> 10463.92
A7: ABASTECIMENTO 2026
A10: LAVA_RAPIDO | B10: =SUM('Controle Central'!E4+'Controle Central'!L4+'Controle Central'!S4+'Controle Central'!Z4+'Controle Central'!E23+'Controle Central'!L23+'Controle Central'!S23+'Controle Central'!Z23+'Controle Central'!E42+'Controle Central'!L42+'Controle Central'!S42+'Controle Central'!Z42+'Controle Central'!E61+'Controle Central'!L61+'Controle Central'!S61+'Controle Central'!Z61+'Controle Central'!E80+'Controle Central'!L80+'Controle Central'!S80+'Controle Central'!Z80+'Controle Central'!E98+'Controle Central'!L98+'Controle Central'!S98+'Controle Central'!Z98+'Controle Central'!E116+'Controle Central'!L116+'Controle Central'!S116+'Controle Central'!Z116+'Controle Central'!E134+'Controle Central'!L134) -> 0 | C10: =SUM('Controle Central'!E5,'Controle Central'!L5,'Controle Central'!S5,'Controle Central'!Z5,'Controle Central'!E24,'Controle Central'!L24,'Controle Central'!S24,'Controle Central'!Z24,'Controle Central'!E43,'Controle Central'!L43,'Controle Central'!S43,'Controle Central'!Z43,'Controle Central'!E62,'Controle Central'!L62,'Controle Central'!S62,'Controle Central'!Z62,'Controle Central'!E81,'Controle Central'!L81,'Controle Central'!S81,'Controle Central'!Z81,'Controle Central'!E99,'Controle Central'!L99,'Controle Central'!S99,'Controle Central'!Z99,'Controle Central'!E117,'Controle Central'!L117,'Controle Central'!S117,'Controle Central'!Z117,'Controle Central'!E135,'Controle Central'!L135) -> 0 | D10: =SUM('Controle Central'!E6,'Controle Central'!L6,'Controle Central'!S6,'Controle Central'!Z6,'Controle Central'!E25,'Controle Central'!L25,'Controle Central'!S25,'Controle Central'!Z25,'Controle Central'!E44,'Controle Central'!L44,'Controle Central'!S44,'Controle Central'!Z44,'Controle Central'!E63,'Controle Central'!L63,'Controle Central'!S63,'Controle Central'!Z63,'Controle Central'!E82,'Controle Central'!L82,'Controle Central'!S82,'Controle Central'!Z82,'Controle Central'!E100,'Controle Central'!L100,'Controle Central'!S100,'Controle Central'!Z100,'Controle Central'!E118,'Controle Central'!L118,'Controle Central'!S118,'Controle Central'!Z118,'Controle Central'!E136,'Controle Central'!L136) -> 0 | E10: =SUM('Controle Central'!E7,'Controle Central'!L7,'Controle Central'!S7,'Controle Central'!Z7,'Controle Central'!E26,'Controle Central'!L26,'Controle Central'!S26,'Controle Central'!Z26,'Controle Central'!E45,'Controle Central'!L45,'Controle Central'!S45,'Controle Central'!Z45,'Controle Central'!E64,'Controle Central'!L64,'Controle Central'!S64,'Controle Central'!Z64,'Controle Central'!E83,'Controle Central'!L83,'Controle Central'!S83,'Controle Central'!Z83,'Controle Central'!E101,'Controle Central'!L101,'Controle Central'!S101,'Controle Central'!Z101,'Controle Central'!E119,'Controle Central'!L119,'Controle Central'!S119,'Controle Central'!Z119,'Controle Central'!E137,'Controle Central'!L137) -> 0 | F10: =SUM('Controle Central'!E8,'Controle Central'!L8,'Controle Central'!S8,'Controle Central'!Z8,'Controle Central'!E27,'Controle Central'!L27,'Controle Central'!S27,'Controle Central'!Z27,'Controle Central'!E46,'Controle Central'!L46,'Controle Central'!S46,'Controle Central'!Z46,'Controle Central'!E65,'Controle Central'!L65,'Controle Central'!S65,'Controle Central'!Z65,'Controle Central'!E84,'Controle Central'!L84,'Controle Central'!S84,'Controle Central'!Z84,'Controle Central'!E102,'Controle Central'!L102,'Controle Central'!S102,'Controle Central'!Z102,'Controle Central'!E120,'Controle Central'!L120,'Controle Central'!S120,'Controle Central'!Z120,'Controle Central'!E138,'Controle Central'!L138) -> 0 | G10: =SUM('Controle Central'!E9,'Controle Central'!L9,'Controle Central'!S9,'Controle Central'!Z9,'Controle Central'!E28,'Controle Central'!L28,'Controle Central'!S28,'Controle Central'!Z28,'Controle Central'!E47,'Controle Central'!L47,'Controle Central'!S47,'Controle Central'!Z47,'Controle Central'!E66,'Controle Central'!L66,'Controle Central'!S66,'Controle Central'!Z66,'Controle Central'!E85,'Controle Central'!L85,'Controle Central'!S85,'Controle Central'!Z85,'Controle Central'!E103,'Controle Central'!L103,'Controle Central'!S103,'Controle Central'!Z103,'Controle Central'!E121,'Controle Central'!L121,'Controle Central'!S121,'Controle Central'!Z121,'Controle Central'!E139+'Controle Central'!L139) -> 0 | H10: =SUM('Controle Central'!E10,'Controle Central'!L10,'Controle Central'!S10,'Controle Central'!Z10,'Controle Central'!E29,'Controle Central'!L29,'Controle Central'!S29,'Controle Central'!Z29,'Controle Central'!E48,'Controle Central'!L48,'Controle Central'!S48,'Controle Central'!Z48,'Controle Central'!E67,'Controle Central'!L67,'Controle Central'!S67,'Controle Central'!Z67,'Controle Central'!E86,'Controle Central'!L86,'Controle Central'!S86,'Controle Central'!Z86,'Controle Central'!E104,'Controle Central'!L104,'Controle Central'!S104,'Controle Central'!Z104,'Controle Central'!E122,'Controle Central'!L122,'Controle Central'!S122,'Controle Central'!Z122,'Controle Central'!E140,'Controle Central'!L140) -> 0 | I10: =SUM('Controle Central'!L11,'Controle Central'!S11,'Controle Central'!E11,'Controle Central'!Z11,'Controle Central'!Z30,'Controle Central'!S30,'Controle Central'!L30,'Controle Central'!E30,'Controle Central'!E49,'Controle Central'!L49,'Controle Central'!S49,'Controle Central'!Z49,'Controle Central'!Z68,'Controle Central'!S68,'Controle Central'!L68,'Controle Central'!E68,'Controle Central'!E87,'Controle Central'!L87,'Controle Central'!S87,'Controle Central'!Z87,'Controle Central'!Z105,'Controle Central'!Z123,'Controle Central'!S105,'Controle Central'!S123,'Controle Central'!L123,'Controle Central'!L105,'Controle Central'!E123,'Controle Central'!E105,'Controle Central'!E141,'Controle Central'!L141) -> 40 | J10: =SUM('Controle Central'!E12,'Controle Central'!E31,'Controle Central'!L12,'Controle Central'!L31,'Controle Central'!S12,'Controle Central'!S31,'Controle Central'!Z12,'Controle Central'!Z31,'Controle Central'!Z50,'Controle Central'!Z69,'Controle Central'!S50,'Controle Central'!S69,'Controle Central'!L50,'Controle Central'!L69,'Controle Central'!E50,'Controle Central'!E69,'Controle Central'!E88,'Controle Central'!E106,'Controle Central'!L88,'Controle Central'!L106,'Controle Central'!S88,'Controle Central'!S106,'Controle Central'!Z88,'Controle Central'!Z106,'Controle Central'!Z124,'Controle Central'!S124,'Controle Central'!L124,'Controle Central'!E124,'Controle Central'!E142,'Controle Central'!L142) -> 200 | K10: =SUM('Controle Central'!E13,'Controle Central'!L13,'Controle Central'!E32,'Controle Central'!L32,'Controle Central'!S13,'Controle Central'!S32,'Controle Central'!Z13,'Controle Central'!Z32,'Controle Central'!Z51,'Controle Central'!Z70,'Controle Central'!S51,'Controle Central'!S70,'Controle Central'!L51,'Controle Central'!L70,'Controle Central'!E51,'Controle Central'!E70,'Controle Central'!E89,'Controle Central'!E107,'Controle Central'!L89,'Controle Central'!L107,'Controle Central'!S89,'Controle Central'!S107,'Controle Central'!Z107,'Controle Central'!Z89,'Controle Central'!Z125,'Controle Central'!S125,'Controle Central'!L143,'Controle Central'!L125,'Controle Central'!E125,'Controle Central'!E143) -> 0 | L10: =SUM('Controle Central'!E14,'Controle Central'!E33,'Controle Central'!L14,'Controle Central'!L33,'Controle Central'!S14,'Controle Central'!S33,'Controle Central'!Z14,'Controle Central'!Z33,'Controle Central'!Z52,'Controle Central'!Z71,'Controle Central'!S52,'Controle Central'!S71,'Controle Central'!L52,'Controle Central'!L71,'Controle Central'!E52,'Controle Central'!E71,'Controle Central'!E90,'Controle Central'!E108,'Controle Central'!L90,'Controle Central'!L108,'Controle Central'!S90,'Controle Central'!S108,'Controle Central'!Z90,'Controle Central'!Z108,'Controle Central'!Z126,'Controle Central'!S126,'Controle Central'!L126,'Controle Central'!L144,'Controle Central'!E126,'Controle Central'!E144) -> 0 | M10: =SUM('Controle Central'!E15,'Controle Central'!E34,'Controle Central'!L15,'Controle Central'!L34,'Controle Central'!S15,'Controle Central'!S34,'Controle Central'!Z15,'Controle Central'!Z34,'Controle Central'!Z53,'Controle Central'!Z72,'Controle Central'!S53,'Controle Central'!S72,'Controle Central'!L53,'Controle Central'!L72,'Controle Central'!E53,'Controle Central'!E72,'Controle Central'!E91,'Controle Central'!E109,'Controle Central'!L91,'Controle Central'!L109,'Controle Central'!S91,'Controle Central'!S109,'Controle Central'!Z91,'Controle Central'!Z109,'Controle Central'!Z127,'Controle Central'!S127,'Controle Central'!L127,'Controle Central'!E127,'Controle Central'!E145,'Controle Central'!L145) -> 0
A12: BORRACHARIA | B12: =SUM('Controle Central'!F4,'Controle Central'!M4,'Controle Central'!M23,'Controle Central'!F23,'Controle Central'!T4,'Controle Central'!T23,'Controle Central'!AA4,'Controle Central'!AA23,'Controle Central'!AA61,'Controle Central'!AA42,'Controle Central'!T42,'Controle Central'!M42,'Controle Central'!M61,'Controle Central'!F61,'Controle Central'!F42,'Controle Central'!F98,'Controle Central'!F80,'Controle Central'!M80,'Controle Central'!M98,'Controle Central'!T80,'Controle Central'!T98,'Controle Central'!AA80,'Controle Central'!AA98,'Controle Central'!AA116,'Controle Central'!T116,'Controle Central'!M116,'Controle Central'!F116,'Controle Central'!F134,'Controle Central'!M134) -> 0 | C12: =SUM('Controle Central'!F5,'Controle Central'!F24,'Controle Central'!M5,'Controle Central'!M24,'Controle Central'!T24,'Controle Central'!T5,'Controle Central'!AA5,'Controle Central'!AA24,'Controle Central'!AA43,'Controle Central'!AA62,'Controle Central'!T43,'Controle Central'!T62,'Controle Central'!M43,'Controle Central'!M62,'Controle Central'!F43,'Controle Central'!F62,'Controle Central'!F81,'Controle Central'!F99,'Controle Central'!M99,'Controle Central'!M81,'Controle Central'!T99,'Controle Central'!T81,'Controle Central'!AA81,'Controle Central'!AA99,'Controle Central'!AA117,'Controle Central'!T117,'Controle Central'!M117,'Controle Central'!F117,'Controle Central'!F135,'Controle Central'!M135) -> 0 | D12: =SUM('Controle Central'!F6,'Controle Central'!F25,'Controle Central'!M6,'Controle Central'!M25,'Controle Central'!T6,'Controle Central'!T25,'Controle Central'!AA25,'Controle Central'!AA6,'Controle Central'!AA44,'Controle Central'!AA63,'Controle Central'!T63,'Controle Central'!T44,'Controle Central'!M44,'Controle Central'!M63,'Controle Central'!F63,'Controle Central'!F44,'Controle Central'!F82,'Controle Central'!F100,'Controle Central'!M100,'Controle Central'!M82,'Controle Central'!T82,'Controle Central'!T100,'Controle Central'!AA100,'Controle Central'!AA82,'Controle Central'!AA118,'Controle Central'!T118,'Controle Central'!M118,'Controle Central'!M136,'Controle Central'!F118,'Controle Central'!F136) -> 0 | E12: =SUM('Controle Central'!F7,'Controle Central'!F26,'Controle Central'!M26,'Controle Central'!M7,'Controle Central'!T7,'Controle Central'!T26,'Controle Central'!AA7,'Controle Central'!AA26,'Controle Central'!AA45,'Controle Central'!T45,'Controle Central'!AA64,'Controle Central'!T64,'Controle Central'!M45,'Controle Central'!M64,'Controle Central'!F45,'Controle Central'!F64,'Controle Central'!F83,'Controle Central'!F101,'Controle Central'!M83,'Controle Central'!M101,'Controle Central'!T83,'Controle Central'!T101,'Controle Central'!AA83,'Controle Central'!AA101,'Controle Central'!AA119,'Controle Central'!T119,'Controle Central'!M119,'Controle Central'!M137,'Controle Central'!F137,'Controle Central'!F119) -> 0 | F12: =SUM('Controle Central'!F8,'Controle Central'!F27,'Controle Central'!M8,'Controle Central'!M27,'Controle Central'!T8,'Controle Central'!T27,'Controle Central'!AA27,'Controle Central'!AA8,'Controle Central'!AA46,'Controle Central'!AA65,'Controle Central'!T46,'Controle Central'!T65,'Controle Central'!M65,'Controle Central'!M46,'Controle Central'!F46,'Controle Central'!F65,'Controle Central'!F84,'Controle Central'!F102,'Controle Central'!M84,'Controle Central'!M102,'Controle Central'!T84,'Controle Central'!T102,'Controle Central'!AA84,'Controle Central'!AA102,'Controle Central'!AA120,'Controle Central'!T120,'Controle Central'!M120,'Controle Central'!M138,'Controle Central'!F120,'Controle Central'!F138) -> 40 | G12: =SUM('Controle Central'!F9,'Controle Central'!F28,'Controle Central'!M9,'Controle Central'!M28,'Controle Central'!T9,'Controle Central'!T28,'Controle Central'!AA9,'Controle Central'!AA28,'Controle Central'!AA47,'Controle Central'!AA66,'Controle Central'!T47,'Controle Central'!T66,'Controle Central'!M47,'Controle Central'!M66,'Controle Central'!F47,'Controle Central'!F66,'Controle Central'!F85,'Controle Central'!F103,'Controle Central'!M85,'Controle Central'!M103,'Controle Central'!T85,'Controle Central'!T103,'Controle Central'!AA85,'Controle Central'!AA103,'Controle Central'!AA121,'Controle Central'!T121,'Controle Central'!M121,'Controle Central'!M139,'Controle Central'!F139) -> 0 | H12: =SUM('Controle Central'!F10,'Controle Central'!F29,'Controle Central'!M10,'Controle Central'!M29,'Controle Central'!T10,'Controle Central'!T29,'Controle Central'!AA10,'Controle Central'!AA29,'Controle Central'!AA48,'Controle Central'!T48,'Controle Central'!AA67,'Controle Central'!T67,'Controle Central'!M48,'Controle Central'!M67,'Controle Central'!F48,'Controle Central'!F67,'Controle Central'!F86,'Controle Central'!F104,'Controle Central'!M104,'Controle Central'!M86,'Controle Central'!T86,'Controle Central'!T104,'Controle Central'!AA86,'Controle Central'!AA104,'Controle Central'!AA122,'Controle Central'!T122,'Controle Central'!M122,'Controle Central'!M140,'Controle Central'!F122,'Controle Central'!F140) -> 0 | I12: =SUM('Controle Central'!F11,'Controle Central'!F30,'Controle Central'!M11,'Controle Central'!M30,'Controle Central'!T11,'Controle Central'!T30,'Controle Central'!AA11,'Controle Central'!AA30,'Controle Central'!AA49,'Controle Central'!AA68,'Controle Central'!T49,'Controle Central'!T68,'Controle Central'!M49,'Controle Central'!M68,'Controle Central'!F68,'Controle Central'!F49,'Controle Central'!F87,'Controle Central'!F105,'Controle Central'!M87,'Controle Central'!M105,'Controle Central'!T87,'Controle Central'!T105,'Controle Central'!AA87,'Controle Central'!AA105,'Controle Central'!AA123,'Controle Central'!T123,'Controle Central'!M123,'Controle Central'!M141,'Controle Central'!F123,'Controle Central'!F141) -> 0 | J12: =SUM('Controle Central'!F12,'Controle Central'!F31,'Controle Central'!M12,'Controle Central'!M31,'Controle Central'!T12,'Controle Central'!T31,'Controle Central'!AA12,'Controle Central'!AA31,'Controle Central'!AA50,'Controle Central'!T50,'Controle Central'!T69,'Controle Central'!AA69,'Controle Central'!M50,'Controle Central'!M69,'Controle Central'!F69,'Controle Central'!F50,'Controle Central'!F88,'Controle Central'!F106,'Controle Central'!M88,'Controle Central'!M106,'Controle Central'!T88,'Controle Central'!T106,'Controle Central'!AA88,'Controle Central'!AA106,'Controle Central'!AA124,'Controle Central'!T124,'Controle Central'!M124,'Controle Central'!F124,'Controle Central'!F142,'Controle Central'!M142) -> 0 | K12: =SUM('Controle Central'!F13,'Controle Central'!F32,'Controle Central'!M13,'Controle Central'!M32,'Controle Central'!T13,'Controle Central'!T32,'Controle Central'!AA13,'Controle Central'!AA32,'Controle Central'!AA51,'Controle Central'!T51,'Controle Central'!T70,'Controle Central'!AA70,'Controle Central'!M51,'Controle Central'!M70,'Controle Central'!F70,'Controle Central'!F51,'Controle Central'!F89,'Controle Central'!F107,'Controle Central'!M89,'Controle Central'!M107,'Controle Central'!T89,'Controle Central'!T107,'Controle Central'!AA107,'Controle Central'!AA89,'Controle Central'!AA125,'Controle Central'!T125,'Controle Central'!M125,'Controle Central'!F125,'Controle Central'!F143,'Controle Central'!M143) -> 0 | L12: =SUM('Controle Central'!F14,'Controle Central'!M14,'Controle Central'!F33,'Controle Central'!M33,'Controle Central'!T14,'Controle Central'!T33,'Controle Central'!AA33,'Controle Central'!AA14,'Controle Central'!AA52,'Controle Central'!T52,'Controle Central'!M52,'Controle Central'!M71,'Controle Central'!T71,'Controle Central'!AA71,'Controle Central'!AA90,'Controle Central'!T90,'Controle Central'!M90,'Controle Central'!F90,'Controle Central'!F108,'Controle Central'!F126,'Controle Central'!M108,'Controle Central'!M126,'Controle Central'!T108,'Controle Central'!T126,'Controle Central'!AA108,'Controle Central'!AA126,'Controle Central'!M144,'Controle Central'!F144) -> 0 | M12: =SUM('Controle Central'!F15,'Controle Central'!F34,'Controle Central'!M15,'Controle Central'!M34,'Controle Central'!T15,'Controle Central'!T34,'Controle Central'!AA15,'Controle Central'!AA34,'Controle Central'!AA53,'Controle Central'!T53,'Controle Central'!AA72,'Controle Central'!T72,'Controle Central'!M53,'Controle Central'!F53,'Controle Central'!F72,'Controle Central'!M72,'Controle Central'!F91,'Controle Central'!F109,'Controle Central'!M91,'Controle Central'!M109,'Controle Central'!T91,'Controle Central'!T109,'Controle Central'!AA91,'Controle Central'!AA109,'Controle Central'!AA127,'Controle Central'!T127,'Controle Central'!M127,'Controle Central'!M145,'Controle Central'!F127,'Controle Central'!F145) -> 0
B16: JAN | C16: FEV | D16: MAR | E16: ABR | F16: MAI | G16: JUN | H16: JUL | I16: AGO | J16: SET | K16: OUT | L16: NOV | M16: DEZ
A17: Medição
A19: Contrato de Locação
A21: Lucro Car's | B21: =B17-B19 -> 0 | C21: =C17-C19 -> 0 | D21: =D17-D19 -> 0 | E21: =E17-E19 -> 0 | F21: =F17-F19 -> 0 | G21: =G17-G19 -> 0 | H21: =H17-H19 -> 0 | I21: =I17-I19 -> 0 | ... M21: =M17-M19 -> 0

Sheet Controle Central
B2: ERIKA | I2: JOSEANE | P2: ALIRE | W2: LUCIANE
B3: KM RODADO | C3: KM MENSAL | D3: ABASTECIMENTO | E3: LAVA_RAPIDO | F3: BORRACHARIA | I3: KM RODADO | J3: KM MENSAL | K3: ABASTECIMENTO | L3: LAVA_RAPIDO | M3: BORRACHARIA | P3: KM RODADO | Q3: KM MENSAL | R3: ABASTECIMENTO | S3: LAVA_RAPIDO | T3: BORRACHARIA | W3: KM RODADO | X3: KM MENSAL | Y3: ABASTECIMENTO | Z3: LAVA_RAPIDO | AA3: BORRACHARIA
A4: JAN | C4: 0 | D4: 0 | E4: 0 | F4: 0 | H4: JAN | J4: 0 | K4: 0 | L4: 0 | M4: 0 | O4: JAN | Q4: 0 | R4: 0 | S4: 0 | T4: 0 | V4: JAN | X4: 0 | Y4: 0 | Z4: 0 | AA4: 0
A5: FEV | B5: ='Roberto- Devolv'!H11 -> 0 | C5: =SUM(5000-B5) -> 5000 | D5: ='Roberto- Devolv'!U12 -> 0 | E5: ='Roberto- Devolv'!AC12 -> 0 | F5: ='Roberto- Devolv'!AK12 -> 0 | H5: FEV | I5: ='Chris-Desmob'!H11 -> 323 | J5: =SUM(5000-I5) -> 4677 | K5: ='Chris-Desmob'!U12 -> 0 | L5: ='Chris-Desmob'!AC12 -> 0 | M5: ='Chris-Desmob'!AK12 -> 0 | O5: FEV | P5: ='Alain-Desmob'!H12 -> 326 | Q5: =SUM(5000-P5) -> 4674 | R5: ='Alain-Desmob'!U13 -> 0 | S5: ='Alain-Desmob'!AI13 -> 0 | T5: ='Alain-Desmob'!AR13 -> 0 | V5: FEV | W5: ='Marcilio-Desmob'!H13 -> 0 | X5: =SUM(5000-W5) -> 5000 | Y5: ='Marcilio-Desmob'!U14 -> 0 | Z5: ='Marcilio-Desmob'!AK14 -> 0 | AA5: ='Marcilio-Desmob'!AT14 -> 0
A6: MAR | B6: ='Roberto- Devolv'!H15 -> 1257 | C6: =SUM(5000-B6) -> 3743 | D6: ='Roberto- Devolv'!U16 -> 743.17 | E6: ='Roberto- Devolv'!AC16 -> 0 | F6: ='Roberto- Devolv'!AK16 -> 0 | H6: MAR | I6: ='Chris-Desmob'!H15 -> 1735 | J6: =SUM(5000-I6) -> 3265 | K6: ='Chris-Desmob'!U16 -> 1005.98 | L6: ='Chris-Desmob'!AC16 -> 0 | M6: ='Chris-Desmob'!AK16 -> 0 | O6: MAR | P6: ='Alain-Desmob'!H16 -> 3483 | Q6: =SUM(5000-P6) -> 1517 | R6: ='Alain-Desmob'!U17 -> 1804.05 | S6: ='Alain-Desmob'!AI17 -> 0 | T6: ='Alain-Desmob'!AR17 -> 0 | V6: MAR | W6: ='Marcilio-Desmob'!H17 -> 657 | X6: =SUM(5000-W6) -> 4343 | Y6: ='Marcilio-Desmob'!U18 -> 346 | Z6: ='Marcilio-Desmob'!AK18 -> 0 | AA6: ='Marcilio-Desmob'!AT18 -> 0
A7: ABR | B7: ='Roberto- Devolv'!H19 -> 4081 | C7: =SUM(5000-B7) -> 919 | D7: ='Roberto- Devolv'!U20 -> 2058.4 | E7: ='Roberto- Devolv'!AC20 -> 0 | F7: ='Roberto- Devolv'!AK20 -> 0 | H7: ABR | I7: ='Chris-Desmob'!H19 -> 1881 | J7: =SUM(5000-I7) -> 3119 | K7: ='Chris-Desmob'!U20 -> 953.58 | L7: ='Chris-Desmob'!AC20 -> 0 | M7: ='Chris-Desmob'!AK20 -> 0 | O7: ABR | P7: ='Alain-Desmob'!H20 -> 3268 | Q7: =SUM(5000-P7) -> 1732 | R7: ='Alain-Desmob'!Z21 -> 0 | S7: ='Alain-Desmob'!AI21 -> 0 | T7: ='Alain-Desmob'!AR21 -> 0 | V7: ABR | W7: ='Marcilio-Desmob'!H21 -> 2902 | X7: =SUM(5000-W7) -> 2098 | Y7: ='Marcilio-Desmob'!AB22 -> 0 | Z7: ='Marcilio-Desmob'!AK22 -> 0 | AA7: ='Marcilio-Desmob'!AT22 -> 0
A8: MAI | B8: ='Roberto- Devolv'!H23 -> 3287 | C8: =SUM(5000-B8) -> 1713 | D8: ='Roberto- Devolv'!U24 -> 2289.44 | E8: ='Roberto- Devolv'!AC24 -> 0 | F8: ='Roberto- Devolv'!AK24 -> 40 | H8: MAI | I8: ='Chris-Desmob'!H23 -> 2424 | J8: =SUM(5000-I8) -> 2576 | K8: ='Chris-Desmob'!U24 -> 1407.37 | L8: ='Chris-Desmob'!AC24 -> 0 | M8: ='Chris-Desmob'!AK24 -> 0 | O8: MAI | P8: ='Alain-Desmob'!H24 -> 4177 | Q8: =SUM(5000-P8) -> 823 | R8: ='Alain-Desmob'!Z25 -> 0 | S8: ='Alain-Desmob'!AI25 -> 0 | T8: ='Alain-Desmob'!AR25 -> 0 | V8: MAI | W8: ='Marcilio-Desmob'!H25 -> 3743 | X8: =SUM(5000-W8) -> 1257 | Y8: ='Marcilio-Desmob'!AB26 -> 0 | Z8: ='Marcilio-Desmob'!AK26 -> 0 | AA8: ='Marcilio-Desmob'!AT26 -> 0
A9: JUN | B9: ='Roberto- Devolv'!H27 -> 3480 | C9: =SUM(5000-B9) -> 1520 | D9: ='Roberto- Devolv'!U28 -> 1793.83 | E9: ='Roberto- Devolv'!AC28 -> 0 | F9: ='Roberto- Devolv'!AK28 -> 0 | H9: JUN | I9: ='Chris-Desmob'!H27 -> 2657 | J9: =SUM(5000-I9) -> 2343 | K9: ='Chris-Desmob'!U28 -> 763.62 | L9: ='Chris-Desmob'!AC28 -> 0 | M9: ='Roberto- Devolv'!AK28 -> 0 | O9: JUN | P9: ='Alain-Desmob'!H28 -> 4171 | Q9: =SUM(5000-P9) -> 829 | R9: ='Alain-Desmob'!Z29 -> 0 | S9: ='Alain-Desmob'!AI29 -> 0 | T9: ='Alain-Desmob'!AR29 -> 0 | V9: JUN | W9: ='Marcilio-Desmob'!H29 -> 3153 | X9: =SUM(5000-W9) -> 1847 | Y9: ='Marcilio-Desmob'!AB30 -> 0 | Z9: ='Marcilio-Desmob'!AK30 -> 0 | AA9: ='Marcilio-Desmob'!AT30 -> 0
A10: JUL | B10: ='Roberto- Devolv'!H31 -> 2925 | C10: =SUM(5000-B10) -> 2075 | D10: ='Roberto- Devolv'!U32 -> 1924.17 | E10: ='Roberto- Devolv'!AC32 -> 0 | F10: ='Roberto- Devolv'!AK32 -> 0 | H10: JUL | I10: ='Chris-Desmob'!H31 -> 2884 | J10: =SUM(5000-I10) -> 2116 | K10: ='Chris-Desmob'!U32 -> 1535.47 | L10: ='Chris-Desmob'!AC32 -> 0 | M10: ='Chris-Desmob'!AK32 -> 0 | O10: JUL | P10: ='Alain-Desmob'!H32 -> 3138 | Q10: =SUM(5000-P10) -> 1862 | R10: ='Alain-Desmob'!Z33 -> 0 | S10: ='Alain-Desmob'!AI33 -> 0 | T10: ='Alain-Desmob'!AR33 -> 0 | V10: JUL | W10: ='Marcilio-Desmob'!H33 -> 2966 | X10: =SUM(5000-W10) -> 2034 | Y10: ='Marcilio-Desmob'!AB34 -> 0 | Z10: ='Marcilio-Desmob'!AK34 -> 0 | AA10: ='Marcilio-Desmob'!AT34 -> 0
A11: AGO | B11: ='Roberto- Devolv'!H35 -> 2937 | C11: =SUM(5000-B11) -> 2063 | D11: ='Roberto- Devolv'!U36 -> 2154.074 | E11: ='Roberto- Devolv'!AC36 -> 0 | F11: ='Roberto- Devolv'!AK36 -> 0 | H11: AGO | I11: ='Chris-Desmob'!H35 -> 2292 | J11: =SUM(5000-I11) -> 2708 | K11: ='Chris-Desmob'!U36 -> 1581.46 | L11: ='Chris-Desmob'!AC36 -> 0 | M11: ='Chris-Desmob'!AK36 -> 0 | O11: AGO | P11: ='Alain-Desmob'!H36 -> 3784 | Q11: =SUM(5000-P11) -> 1216 | R11: ='Alain-Desmob'!Z37 -> 0 | S11: ='Alain-Desmob'!AI37 -> 0 | T11: ='Alain-Desmob'!AR37 -> 0 | V11: AGO | W11: ='Marcilio-Desmob'!H37 -> 2566 | X11: =SUM(5000-W11) -> 2434 | Y11: ='Marcilio-Desmob'!AB38 -> 0 | Z11: ='Marcilio-Desmob'!AK38 -> 0 | AA11: ='Marcilio-Desmob'!AT38 -> 0
A12: SET | B12: ='Roberto- Devolv'!H39 -> 2938 | C12: =SUM(5000-B12) -> 2062 | D12: ='Roberto- Devolv'!U40 -> 1606.49 | E12: ='Roberto- Devolv'!AC40 -> 0 | F12: ='Roberto- Devolv'!AK40 -> 0 | H12: SET | I12: ='Chris-Desmob'!H39 -> 2440 | J12: =SUM(5000-I12) -> 2560 | K12: ='Chris-Desmob'!U40 -> 1316.07 | L12: ='Chris-Desmob'!AC40 -> 0 | M12: ='Chris-Desmob'!AK40 -> 0 | O12: SET | P12: ='Alain-Desmob'!H36 -> 3784 | Q12: =SUM(5000-P12) -> 1216 | R12: ='Alain-Desmob'!Z41 -> 0 | S12: ='Alain-Desmob'!AI41 -> 0 | T12: ='Alain-Desmob'!AR41 -> 0 | V12: SET | W12: ='Marcilio-Desmob'!H41 -> 2482 | X12: =SUM(5000-W12) -> 2518 | Y12: ='Marcilio-Desmob'!AB42 -> 0 | Z12: ='Marcilio-Desmob'!AK42 -> 0 | AA12: ='Marcilio-Desmob'!AT42 -> 0
A13: OUT | B13: ='Roberto- Devolv'!H43 -> 2470 | C13: =SUM(5000-B13) -> 2530 | D13: ='Roberto- Devolv'!U44 -> 1308.7 | E13: ='Roberto- Devolv'!AC44 -> 0 | F13: ='Roberto- Devolv'!AK44 -> 0 | H13: OUT | I13: ='Chris-Desmob'!H43 -> 1979 | J13: =SUM(5000-I13) -> 3021 | K13: ='Chris-Desmob'!U44 -> 964.64 | L13: ='Chris-Desmob'!AC44 -> 0 | M13: ='Chris-Desmob'!AK44 -> 0 | O13: OUT | P13: ='Alain-Desmob'!H40 -> 2735 | Q13: =SUM(5000-P13) -> 2265 | R13: ='Alain-Desmob'!Z45 -> 0 | S13: ='Alain-Desmob'!AI45 -> 0 | T13: ='Alain-Desmob'!AR45 -> 0 | V13: OUT | W13: ='Marcilio-Desmob'!H45 -> 2278 | X13: =SUM(5000-W13) -> 2722 | Y13: ='Marcilio-Desmob'!AB46 -> 0 | Z13: ='Marcilio-Desmob'!AK46 -> 0 | AA13: ='Marcilio-Desmob'!AT46 -> 0
A14: NOV | B14: ='Roberto- Devolv'!H47 -> 1403 | C14: =SUM(5000-B14) -> 3597 | D14: ='Roberto- Devolv'!U48 -> 854.63 | E14: ='Roberto- Devolv'!AC48 -> 0 | F14: ='Roberto- Devolv'!AK48 -> 0 | H14: NOV | I14: ='Chris-Desmob'!H47 -> 0 | J14: =SUM(5000-I14) -> 5000 | K14: ='Chris-Desmob'!U48 -> 0 | L14: ='Chris-Desmob'!AC48 -> 0 | M14: ='Chris-Desmob'!AK48 -> 0 | O14: NOV | P14: ='Alain-Desmob'!H44 -> 4344 | Q14: =SUM(5000-P14) -> 656 | R14: ='Alain-Desmob'!Z49 -> 0 | S14: ='Alain-Desmob'!AI49 -> 0 | T14: ='Alain-Desmob'!AR49 -> 0 | V14: NOV | W14: ='Marcilio-Desmob'!H49 -> 1329 | X14: =SUM(5000-W14) -> 3671 | Y14: ='Marcilio-Desmob'!AB50 -> 0 | Z14: ='Marcilio-Desmob'!AK50 -> 0 | AA14: ='Marcilio-Desmob'!AT50 -> 0
A15: DEZ | B15: ='Roberto- Devolv'!H51 -> 0 | C15: =SUM(5000-B15) -> 5000 | D15: ='Roberto- Devolv'!U52 -> 0 | E15: ='Roberto- Devolv'!AC52 -> 0 | F15: ='Roberto- Devolv'!AK52 -> 0 | H15: DEZ | I15: ='Chris-Desmob'!H51 -> 0 | J15: =SUM(5000-I15) -> 5000 | K15: ='Chris-Desmob'!U52 -> 0 | L15: ='Chris-Desmob'!AC48 -> 0 | M15: ='Chris-Desmob'!AK48 -> 0 | O15: DEZ | P15: ='Alain-Desmob'!H48 -> 2478 | Q15: =SUM(5000-P15) -> 2522 | R15: ='Alain-Desmob'!Z53 -> 0 | S15: ='Alain-Desmob'!AI49 -> 0 | T15: ='Alain-Desmob'!AR53 -> 0 | V15: DEZ | W15: ='Marcilio-Desmob'!H53 -> 2541 | X15: =SUM(5000-W15) -> 2459 | Y15: ='Marcilio-Desmob'!AB54 -> 0 | Z15: ='Marcilio-Desmob'!AK54 -> 0 | AA15: ='Marcilio-Desmob'!AT54 -> 0
A17: TOTAL | B17: =SUM(B4:B15) -> 24778 | D17: =SUM(D4:D15) -> 14732.904 | E17: =SUM(E4:E15) -> 0 | F17: =SUM(F4:F15) -> 40 | H17: TOTAL | I17: =SUM(I4:I15) -> 18615 | K17: =SUM(K4:K15) -> 9528.19 | L17: =SUM(L4:L15) -> 0 | M17: =SUM(M4:M15) -> 0 | O17: TOTAL | P17: =SUM(P4:P15) -> 35688 | R17: =SUM(R4:R15) -> 1804.05 | S17: =SUM(S4:S15) -> 0 | T17: =SUM(T4:T15) -> 0 | V17: TOTAL | W17: =SUM(W4:W15) -> 24617 | Y17: =SUM(Y4:Y15) -> 346 | Z17: =SUM(Z4:Z15) -> 0 | AA17: =SUM(AA4:AA15) -> 0
A18: SALDO KM | B18: =SUM(60000-B17) -> 35222 | H18: SALDO KM | I18: =SUM(60000-I17) -> 41385 | O18: SALDO KM | P18: =SUM(60000-P17) -> 24312 | V18: SALDO KM | W18: =SUM(60000-W17) -> 35383
B21: CAR_05 | I21: CAR_06 | P21: CAR_07 | W21: CAR_08
B22: KM RODADO | C22: KM MENSAL | D22: ABASTECIMENTO | E22: LAVA_RAPIDO | F22: BORRACHARIA | I22: KM RODADO | J22: KM MENSAL | K22: ABASTECIMENTO | L22: LAVA_RAPIDO | M22: BORRACHARIA | P22: KM RODADO | Q22: KM MENSAL | R22: ABASTECIMENTO | S22: LAVA_RAPIDO | T22: BORRACHARIA | W22: KM RODADO | X22: KM MENSAL | Y22: ABASTECIMENTO | Z22: LAVA_RAPIDO | AA22: BORRACHARIA
A23: JAN | C23: 0 | D23: 0 | E23: 0 | F23: 0 | H23: JAN | J23: 0 | K23: 0 | L23: 0 | M23: 0 | O23: JAN | Q23: 0 | R23: 0 | S23: 0 | T23: 0 | V23: JAN | X23: 0 | Y23: 0 | Z23: 0 | AA23: 0
A24: FEV | B24: =Yanca!H14 -> 0 | C24: =SUM(5000-B24) -> 5000 | D24: =Yanca!U15 -> 0 | E24: =Yanca!AC15 -> 0 | F24: =Yanca!AK15 -> 0 | H24: FEV | I24: =Elisson!H13 -> 0 | J24: =SUM(5000-I24) -> 5000 | K24: =Elisson!U14 -> 0 | L24: =Elisson!AC14 -> 0 | M24: =Elisson!AK14 -> 0 | O24: FEV | P24: ='Geovani-Desmob'!H11 -> 0 | Q24: =SUM(5000-P24) -> 5000 | R24: ='Geovani-Desmob'!U12 -> 0 | S24: ='Geovani-Desmob'!AC12 -> 0 | T24: ='Geovani-Desmob'!AK12 -> 0 | V24: FEV | W24: ='Eider Breno-Desmob'!H12 -> 0 | X24: =SUM(5000-W24) -> 5000 | Y24: ='Eider Breno-Desmob'!U13 -> 0 | Z24: ='Eider Breno-Desmob'!AE13 -> 0 | AA24: ='Eider Breno-Desmob'!AN13 -> 0
A25: MAR | B25: =Yanca!H18 -> 0 | C25: =SUM(5000-B25) -> 5000 | D25: =Yanca!U19 -> 0 | E25: =Yanca!AC19 -> 0 | F25: =Yanca!AK19 -> 0 | H25: MAR | I25: =Elisson!H17 -> 0 | J25: =SUM(5000-I25) -> 5000 | K25: =Elisson!U18 -> 0 | L25: =Elisson!AC18 -> 0 | M25: =Elisson!AK18 -> 0 | O25: MAR | P25: ='Geovani-Desmob'!H15 -> 0 | Q25: =SUM(5000-P25) -> 5000 | R25: ='Geovani-Desmob'!U16 -> 0 | S25: ='Geovani-Desmob'!AC16 -> 0 | T25: ='Geovani-Desmob'!AK16 -> 0 | V25: MAR | W25: ='Eider Breno-Desmob'!H16 -> 0 | X25: =SUM(5000-W25) -> 5000 | Y25: ='Eider Breno-Desmob'!U17 -> 0 | Z25: ='Eider Breno-Desmob'!AE17 -> 0 | AA25: ='Eider Breno-Desmob'!AN17 -> 0
A26: ABR | B26: =Yanca!H22 -> 0 | C26: =SUM(5000-B26) -> 5000 | D26: =Yanca!U23 -> 0 | E26: =Yanca!AC23 -> 0 | F26: =Yanca!AK23 -> 0 | H26: ABR | I26: =Elisson!H21 -> 0 | J26: =SUM(5000-I26) -> 5000 | K26: =Elisson!U22 -> 0 | L26: =Elisson!AC22 -> 0 | M26: =Elisson!AK22 -> 0 | O26: ABR | P26: ='Geovani-Desmob'!H19 -> 0 | Q26: =SUM(5000-P26) -> 5000 | R26: ='Geovani-Desmob'!U20 -> 0 | S26: ='Geovani-Desmob'!AC20 -> 0 | T26: ='Geovani-Desmob'!AK20 -> 0 | V26: ABR | W26: ='Eider Breno-Desmob'!H20 -> 0 | X26: =SUM(5000-W26) -> 5000 | Y26: ='Eider Breno-Desmob'!U201 -> 0 | Z26: ='Eider Breno-Desmob'!AE21 -> 0 | AA26: ='Eider Breno-Desmob'!AN201 -> 0
A27: MAI | B27: =Yanca!H26 -> 0 | C27: =SUM(5000-B27) -> 5000 | D27: =Yanca!U27 -> 0 | E27: =Yanca!AC27 -> 0 | F27: =Yanca!AK27 -> 0 | H27: MAI | I27: =Elisson!H25 -> 0 | J27: =SUM(5000-I27) -> 5000 | K27: =Elisson!U26 -> 0 | L27: =Elisson!AC26 -> 0 | M27: =Elisson!AK26 -> 0 | O27: MAI | P27: ='Geovani-Desmob'!H23 -> 0 | Q27: =SUM(5000-P27) -> 5000 | R27: ='Geovani-Desmob'!U24 -> 0 | S27: ='Geovani-Desmob'!AC24 -> 0 | T27: ='Geovani-Desmob'!AK24 -> 0 | V27: MAI | W27: ='Eider Breno-Desmob'!H24 -> 0 | X27: =SUM(5000-W27) -> 5000 | Y27: ='Eider Breno-Desmob'!U25 -> 0 | Z27: ='Eider Breno-Desmob'!AE25 -> 0 | AA27: ='Eider Breno-Desmob'!AN25 -> 0
A28: JUN | B28: =Yanca!H30 -> 3261 | C28: =SUM(5000-B28) -> 1739 | D28: =Yanca!U31 -> 849.09 | E28: =Yanca!AC31 -> 0 | F28: =Yanca!AK31 -> 0 | H28: JUN | I28: =Elisson!H29 -> 0 | J28: =SUM(5000-I28) -> 5000 | K28: =Elisson!U30 -> 0 | L28: =Elisson!AC30 -> 0 | M28: =Elisson!AK30 -> 0 | O28: JUN | P28: ='Geovani-Desmob'!H27 -> 0 | Q28: =SUM(5000-P28) -> 5000 | R28: ='Geovani-Desmob'!U28 -> 0 | S28: ='Geovani-Desmob'!AC28 -> 0 | T28: ='Geovani-Desmob'!AK28 -> 0 | V28: JUN | W28: ='Eider Breno-Desmob'!H28 -> 0 | X28: =SUM(5000-W28) -> 5000 | Y28: ='Eider Breno-Desmob'!U29 -> 0 | Z28: ='Eider Breno-Desmob'!AE29 -> 0 | AA28: ='Eider Breno-Desmob'!AN29 -> 0
A29: JUL | B29: =Yanca!H34 -> 2509 | C29: =SUM(5000-B29) -> 2491 | D29: =Yanca!U35 -> 1401.77 | E29: =Yanca!AC35 -> 0 | F29: =Yanca!AK35 -> 0 | H29: JUL | I29: =Elisson!H33 -> 1760 | J29: =SUM(5000-I29) -> 3240 | K29: =Elisson!U34 -> 790.6 | L29: =Elisson!AC34 -> 0 | M29: =Elisson!AK34 -> 0 | O29: JUL | P29: ='Geovani-Desmob'!H31 -> 2511 | Q29: =SUM(5000-P29) -> 2489 | R29: ='Geovani-Desmob'!U32 -> 1564.03 | S29: ='Geovani-Desmob'!AC32 -> 0 | T29: ='Geovani-Desmob'!AK32 -> 0 | V29: JUL | W29: ='Eider Breno-Desmob'!H32 -> 672 | X29: =SUM(5000-W29) -> 4328 | Y29: ='Eider Breno-Desmob'!U33 -> 274.09 | Z29: ='Eider Breno-Desmob'!AE33 -> 0 | AA29: ='Eider Breno-Desmob'!AN33 -> 0
A30: AGO | B30: =Yanca!H38 -> 2496 | C30: =SUM(5000-B30) -> 2504 | D30: =Yanca!U39 -> 1445.53 | E30: =Yanca!AC39 -> 0 | F30: =Yanca!AK39 -> 0 | H30: AGO | I30: =Elisson!H37 -> 2237 | J30: =SUM(5000-I30) -> 2763 | K30: =Elisson!U38 -> 1039.7 | L30: =Elisson!AC38 -> 40 | M30: =Elisson!AK38 -> 0 | O30: AGO | P30: ='Geovani-Desmob'!H35 -> 2513 | Q30: =SUM(5000-P30) -> 2487 | R30: ='Geovani-Desmob'!U36 -> 1286.47 | S30: ='Geovani-Desmob'!AC36 -> 0 | T30: ='Geovani-Desmob'!AK36 -> 0 | V30: AGO | W30: ='Eider Breno-Desmob'!H36 -> 3020 | X30: =SUM(5000-W30) -> 1980 | Y30: ='Eider Breno-Desmob'!U37 -> 1453.48 | Z30: ='Eider Breno-Desmob'!AE37 -> 0 | AA30: ='Eider Breno-Desmob'!AN37 -> 0
A31: SET | B31: =Yanca!H42 -> 2430 | C31: =SUM(5000-B31) -> 2570 | D31: =Yanca!U43 -> 1347.08 | E31: =Yanca!AC43 -> 80 | F31: =Yanca!AK7 -> 0 | H31: SET | I31: =Elisson!H45 -> 3447 | J31: =SUM(5000-I31) -> 1553 | K31: =Elisson!U46 -> 1534.59 | L31: =Elisson!AC46 -> 120 | M31: =Elisson!AK46 -> 0 | O31: SET | P31: ='Geovani-Desmob'!H39 -> 2099 | Q31: =SUM(5000-P31) -> 2901 | R31: ='Geovani-Desmob'!U40 -> 1333.14 | S31: ='Geovani-Desmob'!AC40 -> 0 | T31: ='Geovani-Desmob'!AK40 -> 0 | V31: SET | W31: ='Eider Breno-Desmob'!H40 -> 1844 | X31: =SUM(5000-W31) -> 3156 | Y31: ='Eider Breno-Desmob'!U41 -> 688.1 | Z31: ='Eider Breno-Desmob'!AE41 -> 0 | AA31: ='Eider Breno-Desmob'!AN41 -> 0
A32: OUT | B32: =Yanca!H46 -> 1811 | C32: =SUM(5000-B32) -> 3189 | D32: =Yanca!U47 -> 1126.64 | E32: =Yanca!AC47 -> 0 | F32: =Yanca!AK47 -> 0 | H32: OUT | I32: =Elisson!H49 -> 3116 | J32: =SUM(5000-I32) -> 1884 | K32: =Elisson!U50 -> 1675.32 | L32: =Elisson!AC50 -> 0 | M32: =Elisson!AK50 -> 0 | O32: OUT | P32: ='Geovani-Desmob'!H43 -> 347 | Q32: =SUM(5000-P32) -> 4653 | R32: ='Geovani-Desmob'!U44 -> 159.79 | S32: ='Geovani-Desmob'!AC44 -> 0 | T32: ='Geovani-Desmob'!AK44 -> 0 | V32: OUT | W32: ='Eider Breno-Desmob'!H44 -> 2526 | X32: =SUM(5000-W32) -> 2474 | Y32: ='Eider Breno-Desmob'!U45 -> 1168.78 | Z32: ='Eider Breno-Desmob'!AE45 -> 0 | AA32: ='Eider Breno-Desmob'!AN45 -> 0
A33: NOV | B33: =Yanca!H50 -> 1343 | C33: =SUM(5000-B33) -> 3657 | D33: =Yanca!U51 -> 742.3 | E33: =Yanca!AC51 -> 0 | F33: =Yanca!AK51 -> 0 | H33: NOV | I33: =Elisson!H53 -> 2083 | J33: =SUM(5000-I33) -> 2917 | K33: =Elisson!U54 -> 480.01 | L33: =Elisson!AC54 -> 0 | M33: =Elisson!AK54 -> 0 | O33: NOV | P33: ='Geovani-Desmob'!H47 -> 0 | Q33: =SUM(5000-P33) -> 5000 | R33: ='Geovani-Desmob'!U48 -> 0 | S33: ='Geovani-Desmob'!AC48 -> 0 | T33: ='Geovani-Desmob'!AK48 -> 0 | V33: NOV | W33: ='Eider Breno-Desmob'!H48 -> 2215 | X33: =SUM(5000-W33) -> 2785 | Y33: ='Eider Breno-Desmob'!U49 -> 930.37 | Z33: ='Eider Breno-Desmob'!AE49 -> 0 | AA33: ='Eider Breno-Desmob'!AN49 -> 0
A34: DEZ | B34: =Yanca!H54 -> 1656 | C34: =SUM(5000-B34) -> 3344 | D34: =Yanca!U55 -> 1033.84 | E34: =Yanca!AC55 -> 0 | F34: =Yanca!AK55 -> 0 | H34: DEZ | I34: =Elisson!H57 -> 2820 | J34: =SUM(5000-I34) -> 2180 | K34: =Elisson!U58 -> 1278.86 | L34: =Elisson!AC58 -> 0 | M34: =Elisson!AK58 -> 0 | O34: DEZ | P34: ='Geovani-Desmob'!H51 -> 0 | Q34: =SUM(5000-P34) -> 5000 | R34: ='Geovani-Desmob'!U52 -> 0 | S34: ='Geovani-Desmob'!AC52 -> 0 | T34: ='Geovani-Desmob'!AK52 -> 0 | V34: DEZ | W34: ='Eider Breno-Desmob'!H52 -> 1892 | X34: =SUM(5000-W34) -> 3108 | Y34: ='Eider Breno-Desmob'!U53 -> 473.88 | Z34: ='Eider Breno-Desmob'!AE53 -> 0 | AA34: ='Eider Breno-Desmob'!AN53 -> 0
A36: TOTAL | B36: =SUM(B23:B34) -> 15506 | D36: =SUM(D23:D34) -> 7946.25 | E36: =SUM(E23:E34) -> 80 | F36: =SUM(F23:F34) -> 0 | H36: TOTAL | I36: =SUM(I23:I34) -> 15463 | K36: =SUM(K23:K34) -> 6799.08 | L36: =SUM(L23:L34) -> 160 | M36: =SUM(M23:M34) -> 0 | O36: TOTAL | P36: =SUM(P23:P34) -> 7470 | R36: =SUM(R23:R34) -> 4343.43 | S36: =SUM(S23:S34) -> 0 | T36: =SUM(T23:T34) -> 0 | V36: TOTAL | W36: =SUM(W23:W34) -> 12169 | Y36: =SUM(Y23:Y34) -> 4988.7 | Z36: =SUM(Z23:Z34) -> 0 | AA36: =SUM(AA23:AA34) -> 0
A37: SALDO KM | B37: =SUM(60000-B36) -> 44494 | H37: SALDO KM | I37: =SUM(60000-I36) -> 44537 | O37: SALDO KM | P37: =SUM(60000-P36) -> 52530 | V37: SALDO KM | W37: =SUM(60000-W36) -> 47831
B40: CAR_09 | I40: CAR_10 | P40: CAR_11 | W40: CAR_12
B41: KM | C41: KM MENSAL | D41: ABASTECIMENTO | E41: LAVA_RAPIDO | F41: BORRACHARIA | I41: KM | J41: KM MENSAL | K41: ABASTECIMENTO | L41: LAVA_RAPIDO | M41: BORRACHARIA | P41: KM | Q41: KM MENSAL | R41: ABASTECIMENTO | S41: LAVA_RAPIDO | T41: BORRACHARIA | W41: KM | X41: KM MENSAL | Y41: ABASTECIMENTO | Z41: LAVA_RAPIDO | AA41: BORRACHARIA
A42: JAN | H42: JAN | O42: JAN | V42: JAN
A43: FEV | B43: ='Tiago Gonçalves - Desmob.'!H11 -> 0 | C43: =SUM(5000-B43) -> 5000 | D43: ='Tiago Gonçalves - Desmob.'!U12 -> 0 | E43: ='Tiago Gonçalves - Desmob.'!AE12 -> 0 | F43: ='Tiago Gonçalves - Desmob.'!AN12 -> 0 | H43: FEV | I43: ='Ilo Hilton'!H13 -> 0 | J43: =SUM(5000-I43) -> 5000 | K43: ='Ilo Hilton'!U14 -> 0 | L43: ='Ilo Hilton'!AE14 -> 0 | M43: ='Ilo Hilton'!AN14 -> 0 | O43: FEV | P43: ='Ubiratan-Desmob'!H11 -> 0 | Q43: =SUM(5000-P43) -> 5000 | R43: ='Ubiratan-Desmob'!U12 -> 0 | S43: ='Ubiratan-Desmob'!AE12 -> 0 | T43: ='Ubiratan-Desmob'!AN12 -> 0 | V43: FEV | W43: ='Ilo Hilton-Desmob'!H11 -> 0 | X43: =SUM(5000-W43) -> 5000 | Y43: ='Ilo Hilton-Desmob'!U12 -> 0 | Z43: ='Ilo Hilton-Desmob'!AE12 -> 0 | AA43: ='Ilo Hilton-Desmob'!AN12 -> 0
A44: MAR | B44: ='Tiago Gonçalves - Desmob.'!H15 -> 0 | C44: =SUM(5000-B44) -> 5000 | D44: ='Tiago Gonçalves - Desmob.'!U16 -> 0 | E44: ='Tiago Gonçalves - Desmob.'!AE16 -> 0 | F44: ='Tiago Gonçalves - Desmob.'!AN16 -> 0 | H44: MAR | I44: ='Ilo Hilton'!H17 -> 0 | J44: =SUM(5000-I44) -> 5000 | K44: ='Ilo Hilton'!U18 -> 0 | L44: ='Ilo Hilton'!AE18 -> 0 | M44: ='Ilo Hilton'!AN18 -> 0 | O44: MAR | P44: ='Ubiratan-Desmob'!H15 -> 0 | Q44: =SUM(5000-P44) -> 5000 | R44: ='Ubiratan-Desmob'!U16 -> 0 | S44: ='Ubiratan-Desmob'!AE16 -> 0 | T44: ='Ubiratan-Desmob'!AN16 -> 0 | V44: MAR | W44: ='Ilo Hilton-Desmob'!H15 -> 0 | X44: =SUM(5000-W44) -> 5000 | Y44: ='Ilo Hilton-Desmob'!U16 -> 0 | Z44: ='Ilo Hilton-Desmob'!AE16 -> 0 | AA44: ='Ilo Hilton-Desmob'!AN16 -> 0
A45: ABR | B45: ='Tiago Gonçalves - Desmob.'!H19 -> 0 | C45: =SUM(5000-B45) -> 5000 | D45: ='Tiago Gonçalves - Desmob.'!U20 -> 0 | E45: ='Tiago Gonçalves - Desmob.'!AE20 -> 0 | F45: ='Tiago Gonçalves - Desmob.'!AN20 -> 0 | H45: ABR | I45: ='Ilo Hilton'!H21 -> 0 | J45: =SUM(5000-I45) -> 5000 | K45: ='Ilo Hilton'!U22 -> 0 | L45: ='Ilo Hilton'!AE22 -> 0 | M45: ='Ilo Hilton'!AN22 -> 0 | O45: ABR | P45: ='Ubiratan-Desmob'!H19 -> 0 | Q45: =SUM(5000-P45) -> 5000 | R45: ='Ubiratan-Desmob'!U20 -> 0 | S45: ='Ubiratan-Desmob'!AE20 -> 0 | T45: ='Ubiratan-Desmob'!AN20 -> 0 | V45: ABR | W45: ='Ilo Hilton-Desmob'!H19 -> 0 | X45: =SUM(5000-W45) -> 5000 | Y45: ='Ilo Hilton-Desmob'!U20 -> 0 | Z45: ='Ilo Hilton-Desmob'!AE20 -> 0 | AA45: ='Ilo Hilton-Desmob'!AN20 -> 0
A46: MAI | B46: ='Tiago Gonçalves - Desmob.'!H23 -> 0 | C46: =SUM(5000-B46) -> 5000 | D46: ='Tiago Gonçalves - Desmob.'!U24 -> 0 | E46: ='Tiago Gonçalves - Desmob.'!AE24 -> 0 | F46: ='Tiago Gonçalves - Desmob.'!AN24 -> 0 | H46: MAI | I46: ='Ilo Hilton'!H25 -> 0 | J46: =SUM(5000-I46) -> 5000 | K46: ='Ilo Hilton'!U26 -> 0 | L46: ='Ilo Hilton'!AE26 -> 0 | M46: ='Ilo Hilton'!AN26 -> 0 | O46: MAI | P46: ='Ubiratan-Desmob'!H23 -> 0 | Q46: =SUM(5000-P46) -> 5000 | R46: ='Ubiratan-Desmob'!U24 -> 0 | S46: ='Ubiratan-Desmob'!AE24 -> 0 | T46: ='Ubiratan-Desmob'!AN24 -> 0 | V46: MAI | W46: ='Ilo Hilton-Desmob'!H23 -> 0 | X46: =SUM(5000-W46) -> 5000 | Y46: ='Ilo Hilton-Desmob'!U24 -> 0 | Z46: ='Ilo Hilton-Desmob'!AE24 -> 0 | AA46: ='Ilo Hilton-Desmob'!AN24 -> 0
A47: JUN | B47: ='Tiago Gonçalves - Desmob.'!H27 -> 0 | C47: =SUM(5000-B47) -> 5000 | D47: ='Tiago Gonçalves - Desmob.'!U28 -> 0 | E47: ='Tiago Gonçalves - Desmob.'!AE28 -> 0 | F47: ='Tiago Gonçalves - Desmob.'!AN28 -> 0 | H47: JUN | I47: ='Ilo Hilton'!H29 -> 0 | J47: =SUM(5000-I47) -> 5000 | K47: ='Ilo Hilton'!U30 -> 0 | L47: ='Ilo Hilton'!AE30 -> 0 | M47: ='Ilo Hilton'!AN30 -> 0 | O47: JUN | P47: ='Ubiratan-Desmob'!H27 -> 0 | Q47: =SUM(5000-P47) -> 5000 | R47: ='Ubiratan-Desmob'!U28 -> 0 | S47: ='Ubiratan-Desmob'!AE28 -> 0 | T47: ='Ubiratan-Desmob'!AN28 -> 0 | V47: JUN | W47: ='Ilo Hilton-Desmob'!H27 -> 0 | X47: =SUM(5000-W47) -> 5000 | Y47: ='Ilo Hilton-Desmob'!U28 -> 0 | Z47: ='Ilo Hilton-Desmob'!AE28 -> 0 | AA47: ='Ilo Hilton-Desmob'!AN28 -> 0
A48: JUL | B48: ='Tiago Gonçalves - Desmob.'!H31 -> 0 | C48: =SUM(5000-B48) -> 5000 | D48: ='Tiago Gonçalves - Desmob.'!U32 -> 0 | E48: ='Tiago Gonçalves - Desmob.'!AE32 -> 0 | F48: ='Tiago Gonçalves - Desmob.'!AN32 -> 0 | H48: JUL | I48: ='Ilo Hilton'!H33 -> 0 | J48: =SUM(5000-I48) -> 5000 | K48: ='Ilo Hilton'!U34 -> 0 | L48: ='Ilo Hilton'!AE34 -> 0 | M48: ='Ilo Hilton'!AN34 -> 0 | O48: JUL | P48: ='Ubiratan-Desmob'!H31 -> 0 | Q48: =SUM(5000-P48) -> 5000 | R48: ='Ubiratan-Desmob'!U32 -> 0 | S48: ='Ubiratan-Desmob'!AE32 -> 0 | T48: ='Ubiratan-Desmob'!AN32 -> 0 | V48: JUL | W48: ='Ilo Hilton-Desmob'!H31 -> 0 | X48: =SUM(5000-W48) -> 5000 | Y48: ='Ilo Hilton-Desmob'!U32 -> 0 | Z48: ='Ilo Hilton-Desmob'!AE32 -> 0 | AA48: ='Ilo Hilton-Desmob'!AN32 -> 0
A49: AGO | B49: ='Tiago Gonçalves - Desmob.'!H35 -> 0 | C49: =SUM(5000-B49) -> 5000 | D49: ='Tiago Gonçalves - Desmob.'!U36 -> 0 | E49: ='Tiago Gonçalves - Desmob.'!AE36 -> 0 | F49: ='Tiago Gonçalves - Desmob.'!AN36 -> 0 | H49: AGO | I49: ='Ilo Hilton'!H37 -> 0 | J49: =SUM(5000-I49) -> 5000 | K49: ='Ilo Hilton'!U38 -> 0 | L49: ='Ilo Hilton'!AE38 -> 0 | M49: ='Ilo Hilton'!AN38 -> 0 | O49: AGO | P49: ='Ubiratan-Desmob'!H35 -> 0 | Q49: =SUM(5000-P49) -> 5000 | R49: ='Ubiratan-Desmob'!U36 -> 0 | S49: ='Ubiratan-Desmob'!AE36 -> 0 | T49: ='Ubiratan-Desmob'!AN36 -> 0 | V49: AGO | W49: ='Ilo Hilton-Desmob'!H35 -> 0 | X49: =SUM(5000-W49) -> 5000 | Y49: ='Ilo Hilton-Desmob'!U36 -> 0 | Z49: ='Ilo Hilton-Desmob'!AE36 -> 0 | AA49: ='Ilo Hilton-Desmob'!AN36 -> 0
A50: SET | B50: ='Tiago Gonçalves - Desmob.'!H39 -> 794 | C50: =SUM(5000-B50) -> 4206 | D50: ='Tiago Gonçalves - Desmob.'!U40 -> 0 | E50: ='Tiago Gonçalves - Desmob.'!AE40 -> 0 | F50: ='Tiago Gonçalves - Desmob.'!AN40 -> 0 | H50: SET | I50: ='Ilo Hilton'!H41 -> 1235 | J50: =SUM(5000-I50) -> 3765 | K50: ='Ilo Hilton'!U42 -> 755.19 | L50: ='Ilo Hilton'!AE42 -> 0 | M50: ='Ilo Hilton'!AN42 -> 0 | O50: SET | P50: ='Ubiratan-Desmob'!H39 -> 749 | Q50: =SUM(5000-P50) -> 4251 | R50: ='Ubiratan-Desmob'!U40 -> 333.07 | S50: ='Ubiratan-Desmob'!AE40 -> 0 | T50: ='Ubiratan-Desmob'!AN40 -> 0 | V50: SET | W50: ='Ilo Hilton-Desmob'!H39 -> 0 | X50: =SUM(5000-W50) -> 5000 | Y50: ='Ilo Hilton-Desmob'!U40 -> 0 | Z50: ='Ilo Hilton-Desmob'!AE40 -> 0 | AA50: ='Ilo Hilton-Desmob'!AN40 -> 0
A51: OUT | B51: ='Tiago Gonçalves - Desmob.'!H43 -> 1048 | C51: =SUM(5000-B51) -> 3952 | D51: ='Tiago Gonçalves - Desmob.'!U44 -> 0 | E51: ='Tiago Gonçalves - Desmob.'!AE44 -> 0 | F51: ='Tiago Gonçalves - Desmob.'!AN44 -> 0 | H51: OUT | I51: ='Ilo Hilton'!H45 -> 1635 | J51: =SUM(5000-I51) -> 3365 | K51: ='Ilo Hilton'!U46 -> 1152.93 | L51: ='Ilo Hilton'!AE46 -> 0 | M51: ='Ilo Hilton'!AN46 -> 0 | O51: OUT | P51: ='Ubiratan-Desmob'!H43 -> 2133 | Q51: =SUM(5000-P51) -> 2867 | R51: ='Ubiratan-Desmob'!U44 -> 1163.48 | S51: ='Ubiratan-Desmob'!AE44 -> 0 | T51: ='Ubiratan-Desmob'!AN44 -> 0 | V51: OUT | W51: ='Ilo Hilton-Desmob'!H43 -> 1581 | X51: =SUM(5000-W51) -> 3419 | Y51: ='Ilo Hilton-Desmob'!U44 -> 967.24 | Z51: ='Ilo Hilton-Desmob'!AE44 -> 0 | AA51: ='Ilo Hilton-Desmob'!AN44 -> 0
A52: NOV | B52: ='Tiago Gonçalves - Desmob.'!H47 -> 2988 | C52: =SUM(5000-B52) -> 2012 | D52: ='Tiago Gonçalves - Desmob.'!U48 -> 1469.33 | E52: ='Tiago Gonçalves - Desmob.'!AE48 -> 0 | F52: ='Tiago Gonçalves - Desmob.'!AN48 -> 0 | H52: NOV | I52: ='Ilo Hilton'!H49 -> 1849 | J52: =SUM(5000-I52) -> 3151 | K52: ='Ilo Hilton'!U50 -> 1329.19 | L52: ='Ilo Hilton'!AE50 -> 0 | M52: ='Ilo Hilton'!AN50 -> 0 | O52: NOV | P52: ='Ubiratan-Desmob'!H47 -> 1851 | Q52: =SUM(5000-P52) -> 3149 | R52: ='Ubiratan-Desmob'!U48 -> 943.37 | S52: ='Ubiratan-Desmob'!AE48 -> 0 | T52: ='Ubiratan-Desmob'!AN48 -> 0 | V52: NOV | W52: ='Ilo Hilton-Desmob'!H47 -> 2295 | X52: =SUM(5000-W52) -> 2705 | Y52: ='Ilo Hilton-Desmob'!U48 -> 652.54 | Z52: ='Ilo Hilton-Desmob'!AE48 -> 0 | AA52: ='Ilo Hilton-Desmob'!AN48 -> 0
A53: DEZ | B53: ='Tiago Gonçalves - Desmob.'!H51 -> 2843 | C53: =SUM(5000-B53) -> 2157 | D53: ='Tiago Gonçalves - Desmob.'!U52 -> 1782.36 | E53: ='Tiago Gonçalves - Desmob.'!AE52 -> 0 | F53: ='Tiago Gonçalves - Desmob.'!AN52 -> 0 | H53: DEZ | I53: ='Ilo Hilton'!H53 -> 1731 | J53: =SUM(5000-I53) -> 3269 | K53: ='Ilo Hilton'!U54 -> 1386.1 | L53: ='Ilo Hilton'!AE54 -> 0 | M53: ='Ilo Hilton'!AN54 -> 0 | O53: DEZ | P53: ='Ubiratan-Desmob'!H51 -> 2428 | Q53: =SUM(5000-P53) -> 2572 | R53: ='Ubiratan-Desmob'!U52 -> 1152.88 | S53: ='Ubiratan-Desmob'!AE52 -> 0 | T53: ='Ubiratan-Desmob'!AN52 -> 0 | V53: DEZ | W53: ='Ilo Hilton-Desmob'!H51 -> 2053 | X53: =SUM(5000-W53) -> 2947 | Y53: ='Ilo Hilton-Desmob'!U52 -> 1650.82 | Z53: ='Ilo Hilton-Desmob'!AE52 -> 0 | AA53: ='Ilo Hilton-Desmob'!AN52 -> 0
A55: TOTAL | B55: =SUM(B42:B53) -> 7673 | D55: =SUM(D42:D53) -> 3251.69 | E55: =SUM(E42:E53) -> 0 | F55: =SUM(F42:F53) -> 0 | H55: TOTAL | I55: =SUM(I42:I53) -> 6450 | K55: =SUM(K42:K53) -> 4623.41 | L55: =SUM(L42:L53) -> 0 | M55: =SUM(M42:M53) -> 0 | O55: TOTAL | P55: =SUM(P42:P53) -> 7161 | R55: =SUM(R42:R53) -> 3592.8 | S55: =SUM(S42:S53) -> 0 | T55: =SUM(T42:T53) -> 0 | V55: TOTAL | W55: =SUM(W42:W53) -> 5929 | Y55: =SUM(Y42:Y53) -> 3270.6 | Z55: =SUM(Z42:Z53) -> 0 | AA55: =SUM(AA42:AA53) -> 0
A56: SALDO KM | B56: =SUM(60000-B55) -> 52327 | H56: SALDO KM | I56: =SUM(60000-I55) -> 53550 | O56: SALDO KM | P56: =SUM(60000-P55) -> 52839 | V56: SALDO KM | W56: =SUM(60000-W55) -> 54071
B59: CAR_13 | I59: CAR_14 | P59: CAR_15 | W59: CAR_16
B60: KM | C60: KM MENSAL | D60: ABASTECIMENTO | E60: LAVA_RAPIDO | F60: BORRACHARIA | I60: KM | J60: KM MENSAL | K60: ABASTECIMENTO | L60: LAVA_RAPIDO | M60: BORRACHARIA | P60: KM | Q60: KM MENSAL | R60: ABASTECIMENTO | S60: LAVA_RAPIDO | T60: BORRACHARIA | W60: KM | X60: KM MENSAL | Y60: ABASTECIMENTO | Z60: LAVA_RAPIDO | AA60: BORRACHARIA
A61: JAN | H61: JAN | O61: JAN | V61: JAN
A62: FEV | B62: =Chris!H11 -> 0 | C62: =SUM(5000-B62) -> 5000 | D62: =Chris!U12 -> 0 | E62: =Chris!AE12 -> 0 | F62: =Chris!AN12 -> 0 | H62: FEV | I62: ='Roberto-Desmob'!H11 -> 0 | J62: =SUM(5000-I62) -> 5000 | K62: ='Roberto-Desmob'!U12 -> 0 | L62: ='Roberto-Desmob'!AE12 -> 0 | M62: ='Roberto-Desmob'!AN12 -> 0 | O62: FEV | P62: =Wildson!H16 -> 1718 | Q62: =SUM(5000-P62) -> 3282 | R62: =Wildson!U17 -> 1280.82 | S62: =Wildson!AE17 -> 0 | T62: =Wildson!AN17 -> 0 | V62: FEV | W62: =Mizael!H12 -> 3093 | X62: =SUM(5000-W62) -> 1907 | Y62: =Mizael!U13 -> 1497.57 | Z62: =Mizael!AE13 -> 0 | AA62: =Mizael!AN13 -> 0
A63: MAR | B63: =Chris!H15 -> 0 | C63: =SUM(5000-B63) -> 5000 | D63: =Chris!U16 -> 0 | E63: =Chris!AE16 -> 0 | F63: =Chris!AN16 -> 0 | H63: MAR | I63: ='Roberto-Desmob'!H15 -> 0 | J63: =SUM(5000-I63) -> 5000 | K63: ='Roberto-Desmob'!U16 -> 0 | L63: ='Roberto-Desmob'!AE16 -> 0 | M63: ='Roberto-Desmob'!AN16 -> 0 | O63: MAR | P63: =Wildson!H20 -> 2148 | Q63: =SUM(5000-P63) -> 2852 | R63: =Wildson!U21 -> 0 | S63: =Wildson!AE21 -> 0 | T63: =Wildson!AN21 -> 0 | V63: MAR | W63: =Mizael!H16 -> 2463 | X63: =SUM(5000-W63) -> 2537 | Y63: =Mizael!U17 -> 1179.02 | Z63: =Mizael!AE17 -> 0 | AA63: =Mizael!AN17 -> 0
A64: ABR | B64: =Chris!H19 -> 0 | C64: =SUM(5000-B64) -> 5000 | D64: =Chris!U20 -> 0 | E64: =Chris!AE20 -> 0 | F64: =Chris!AN20 -> 0 | H64: ABR | I64: ='Roberto-Desmob'!H19 -> 0 | J64: =SUM(5000-I64) -> 5000 | K64: ='Roberto-Desmob'!U20 -> 0 | L64: ='Roberto-Desmob'!AE20 -> 0 | M64: ='Roberto-Desmob'!AN20 -> 0 | O64: ABR | P64: =Wildson!H24 -> 1800 | Q64: =SUM(5000-P64) -> 3200 | R64: =Wildson!U25 -> 418.9 | S64: =Wildson!AE25 -> 0 | T64: =Wildson!AN25 -> 0 | V64: ABR | W64: =Mizael!H20 -> 2515 | X64: =SUM(5000-W64) -> 2485 | Y64: =Mizael!U21 -> 487.2 | Z64: =Mizael!AE21 -> 0 | AA64: =Mizael!AN21 -> 0
A65: MAI | B65: =Chris!H23 -> 0 | C65: =SUM(5000-B65) -> 5000 | D65: =Chris!U24 -> 0 | E65: =Chris!AE224 -> 0 | F65: =Chris!AN24 -> 0 | H65: MAI | I65: ='Roberto-Desmob'!H23 -> 0 | J65: =SUM(5000-I65) -> 5000 | K65: ='Roberto-Desmob'!U24 -> 0 | L65: ='Roberto-Desmob'!AE24 -> 0 | M65: ='Roberto-Desmob'!AN24 -> 0 | O65: MAI | P65: =Wildson!H28 -> 1872 | Q65: =SUM(5000-P65) -> 3128 | R65: =Wildson!U29 -> 0 | S65: =Wildson!AE29 -> 0 | T65: =Wildson!AN29 -> 0 | V65: MAI | W65: =Mizael!H24 -> 2706 | X65: =SUM(5000-W65) -> 2294 | Y65: =Mizael!U25 -> 0 | Z65: =Mizael!AE25 -> 0 | AA65: =Mizael!AN25 -> 0
A66: JUN | B66: =Chris!H27 -> 0 | C66: =SUM(5000-B66) -> 5000 | D66: =Chris!U28 -> 0 | E66: =Chris!AE28 -> 0 | F66: =Chris!AN28 -> 0 | H66: JUN | I66: ='Roberto-Desmob'!H27 -> 0 | J66: =SUM(5000-I66) -> 5000 | K66: ='Roberto-Desmob'!U28 -> 0 | L66: ='Roberto-Desmob'!AE28 -> 0 | M66: ='Roberto-Desmob'!AN28 -> 0 | O66: JUN | P66: =Wildson!H32 -> 0 | Q66: =SUM(5000-P66) -> 5000 | R66: =Wildson!U33 -> 0 | S66: =Wildson!AE33 -> 0 | T66: =Wildson!AN33 -> 0 | V66: JUN | W66: =Mizael!H28 -> 0 | X66: =SUM(5000-W66) -> 5000 | Y66: =Mizael!U29 -> 0 | Z66: =Mizael!AE29 -> 0 | AA66: =Mizael!AN29 -> 0
A67: JUL | B67: =Chris!H31 -> 0 | C67: =SUM(5000-B67) -> 5000 | D67: =Chris!U32 -> 0 | E67: =Chris!AE32 -> 0 | F67: =Chris!AN32 -> 0 | H67: JUL | I67: ='Roberto-Desmob'!H31 -> 0 | J67: =SUM(5000-I67) -> 5000 | K67: ='Roberto-Desmob'!U32 -> 0 | L67: ='Roberto-Desmob'!AE32 -> 0 | M67: ='Roberto-Desmob'!AN32 -> 0 | O67: JUL | P67: =Wildson!H36 -> 0 | Q67: =SUM(5000-P67) -> 5000 | R67: =Wildson!U37 -> 0 | S67: =Wildson!AE37 -> 0 | T67: =Wildson!AN37 -> 0 | V67: JUL | W67: =Mizael!H32 -> 0 | X67: =SUM(5000-W67) -> 5000 | Y67: =Mizael!U33 -> 0 | Z67: =Mizael!AE33 -> 0 | AA67: =Mizael!AN33 -> 0
A68: AGO | B68: =Chris!H35 -> 0 | C68: =SUM(5000-B68) -> 5000 | D68: =Chris!U36 -> 0 | E68: =Chris!AE36 -> 0 | F68: =Chris!AN36 -> 0 | H68: AGO | I68: ='Roberto-Desmob'!H35 -> 0 | J68: =SUM(5000-I68) -> 5000 | K68: ='Roberto-Desmob'!U36 -> 0 | L68: ='Roberto-Desmob'!AE36 -> 0 | M68: ='Roberto-Desmob'!AN36 -> 0 | O68: AGO | P68: =Wildson!H40 -> 0 | Q68: =SUM(5000-P68) -> 5000 | R68: =Wildson!U41 -> 0 | S68: =Wildson!AE41 -> 0 | T68: =Wildson!AN41 -> 0 | V68: AGO | W68: =Mizael!H36 -> 0 | X68: =SUM(5000-W68) -> 5000 | Y68: =Mizael!U37 -> 0 | Z68: =Mizael!AE37 -> 0 | AA68: =Mizael!AN37 -> 0
A69: SET | B69: =Chris!H39 -> 0 | C69: =SUM(5000-B69) -> 5000 | D69: =Chris!U40 -> 0 | E69: =Chris!AE40 -> 0 | F69: =Chris!AN400 -> 0 | H69: SET | I69: ='Roberto-Desmob'!H39 -> 0 | J69: =SUM(5000-I69) -> 5000 | K69: ='Roberto-Desmob'!U40 -> 0 | L69: ='Roberto-Desmob'!AE40 -> 0 | M69: ='Roberto-Desmob'!AN40 -> 0 | O69: SET | P69: =Wildson!H44 -> 0 | Q69: =SUM(5000-P69) -> 5000 | R69: =Wildson!U45 -> 0 | S69: =Wildson!AE45 -> 0 | T69: =Wildson!AN45 -> 0 | V69: SET | W69: =Mizael!H40 -> 0 | X69: =SUM(5000-W69) -> 5000 | Y69: =Mizael!U41 -> 0 | Z69: =Mizael!AE41 -> 0 | AA69: =Mizael!AN41 -> 0
A70: OUT | B70: =Chris!H43 -> 708 | C70: =SUM(5000-B70) -> 4292 | D70: =Chris!U44 -> 377.78 | E70: =Chris!AE44 -> 0 | F70: =Chris!AN44 -> 0 | H70: OUT | I70: ='Roberto-Desmob'!H43 -> 0 | J70: =SUM(5000-I70) -> 5000 | K70: ='Roberto-Desmob'!U44 -> 0 | L70: ='Roberto-Desmob'!AE44 -> 0 | M70: ='Roberto-Desmob'!AN44 -> 0 | O70: OUT | P70: =Wildson!H48 -> 0 | Q70: =SUM(5000-P70) -> 5000 | R70: =Wildson!U49 -> 0 | S70: =Wildson!AE49 -> 0 | T70: =Wildson!AN49 -> 0 | V70: OUT | W70: =Mizael!H44 -> 0 | X70: =SUM(5000-W70) -> 5000 | Y70: =Mizael!U45 -> 0 | Z70: =Mizael!AE45 -> 0 | AA70: =Mizael!AN45 -> 0
A71: NOV | B71: =Chris!H47 -> 2062 | C71: =SUM(5000-B71) -> 2938 | D71: =Chris!U48 -> 1165.47 | E71: =Chris!AE48 -> 0 | F71: =Chris!AN48 -> 0 | H71: NOV | I71: ='Roberto-Desmob'!H47 -> 2543 | J71: =SUM(5000-I71) -> 2457 | K71: ='Roberto-Desmob'!U48 -> 1651.28 | L71: ='Roberto-Desmob'!AE48 -> 0 | M71: ='Roberto-Desmob'!AN48 -> 0 | O71: NOV | P71: =Wildson!H52 -> 0 | Q71: =SUM(5000-P71) -> 5000 | R71: =Wildson!U53 -> 0 | S71: =Wildson!AE53 -> 0 | T71: =Wildson!AN53 -> 0 | V71: NOV | W71: =Mizael!H48 -> 0 | X71: =SUM(5000-W71) -> 5000 | Y71: =Mizael!U49 -> 0 | Z71: =Mizael!AE49 -> 0 | AA71: =Mizael!AN49 -> 0
A72: DEZ | B72: =Chris!H51 -> 2349 | C72: =SUM(5000-B72) -> 2651 | D72: =Chris!U52 -> 1072.65 | E72: =Chris!AE52 -> 0 | F72: =Chris!AN52 -> 0 | H72: DEZ | I72: ='Roberto-Desmob'!H51 -> 2819 | J72: =SUM(5000-I72) -> 2181 | K72: ='Roberto-Desmob'!U52 -> 632.53 | L72: ='Roberto-Desmob'!AE52 -> 0 | M72: ='Roberto-Desmob'!AN52 -> 0 | O72: DEZ | P72: =Wildson!H56 -> 0 | Q72: =SUM(5000-P72) -> 5000 | R72: =Wildson!U57 -> 0 | S72: =Wildson!AE57 -> 0 | T72: =Wildson!AN57 -> 0 | V72: DEZ | W72: =Mizael!H52 -> 0 | X72: =SUM(5000-W72) -> 5000 | Y72: =Mizael!U53 -> 0 | Z72: =Mizael!AE53 -> 0 | AA72: =Mizael!AN53 -> 0
A74: TOTAL | B74: =SUM(B61:B72) -> 5119 | D74: =SUM(D61:D72) -> 2615.9 | E74: =SUM(E61:E72) -> 0 | F74: =SUM(F61:F72) -> 0 | H74: TOTAL | I74: =SUM(I61:I72) -> 5362 | K74: =SUM(K61:K72) -> 2283.81 | L74: =SUM(L61:L72) -> 0 | M74: =SUM(M61:M72) -> 0 | O74: TOTAL | P74: =SUM(P61:P72) -> 7538 | R74: =SUM(R61:R72) -> 1699.72 | S74: =SUM(S61:S72) -> 0 | T74: =SUM(T61:T72) -> 0 | V74: TOTAL | W74: =SUM(W61:W72) -> 10777 | Y74: =SUM(Y61:Y72) -> 3163.79 | Z74: =SUM(Z61:Z72) -> 0 | AA74: =SUM(AA61:AA72) -> 0
A75: SALDO KM | B75: =SUM(60000-B74) -> 54881 | H75: SALDO KM | I75: =SUM(60000-I74) -> 54638 | O75: SALDO KM | P75: =SUM(60000-P74) -> 52462 | V75: SALDO KM | W75: =SUM(60000-W74) -> 49223
B78: CAR_17 | I78: CAR_18 | P78: CAR_19 | W78: CAR_20
B79: KM | C79: KM MENSAL | D79: ABASTECIMENTO | E79: LAVA_RAPIDO | F79: BORRACHARIA | I79: KM | J79: KM MENSAL | K79: ABASTECIMENTO | L79: LAVA_RAPIDO | M79: BORRACHARIA | P79: KM | Q79: KM MENSAL | R79: ABASTECIMENTO | S79: LAVA_RAPIDO | T79: BORRACHARIA | W79: KM | X79: KM MENSAL | Y79: ABASTECIMENTO | Z79: LAVA_RAPIDO | AA79: BORRACHARIA
A80: JAN | H80: JAN | O80: JAN | V80: JAN
A81: FEV | B81: =Rigoberto!H15 -> 2279 | C81: =SUM(5000-B81) -> 2721 | D81: =Rigoberto!U16 -> 1160.59 | E81: =Rigoberto!AE16 -> 0 | F81: =Rigoberto!AN16 -> 0 | H81: FEV | I81: ='Sávio-Desmob'!H11 -> 1779 | J81: =SUM(5000-I81) -> 3221 | K81: ='Sávio-Desmob'!U12 -> 367.68 | L81: ='Sávio-Desmob'!AE12 -> 0 | M81: ='Sávio-Desmob'!AE12 -> 0 | O81: FEV | P81: =Eduardo!H11 -> 0 | Q81: =SUM(5000-P81) -> 5000 | R81: =Eduardo!U12 -> 0 | S81: =Eduardo!AE12 -> 0 | T81: =Eduardo!AE12 -> 0 | V81: FEV | W81: =Ademir!H11 -> 0 | X81: =SUM(5000-W81) -> 5000 | Y81: =Ademir!U12 -> 0 | Z81: =Ademir!AE12 -> 0 | AA81: =Ademir!AE12 -> 0
A82: MAR | B82: =Rigoberto!H19 -> 3076 | C82: =SUM(5000-B82) -> 1924 | D82: =Rigoberto!U20 -> 147.2 | E82: =Rigoberto!AE20 -> 0 | F82: =Rigoberto!AN20 -> 0 | H82: MAR | I82: ='Sávio-Desmob'!H15 -> 3802 | J82: =SUM(5000-I82) -> 1198 | K82: ='Sávio-Desmob'!U16 -> 0 | L82: ='Sávio-Desmob'!AE16 -> 0 | M82: ='Sávio-Desmob'!AE16 -> 0 | O82: MAR | P82: =Eduardo!H15 -> 0 | Q82: =SUM(5000-P82) -> 5000 | R82: =Eduardo!U16 -> 0 | S82: =Eduardo!AE16 -> 0 | T82: =Eduardo!AE16 -> 0 | V82: MAR | W82: =Ademir!H15 -> 0 | X82: =SUM(5000-W82) -> 5000 | Y82: =Ademir!U16 -> 0 | Z82: =Ademir!AE16 -> 0 | AA82: =Ademir!AE16 -> 0
A83: ABR | B83: =Rigoberto!H23 -> 2608 | C83: =SUM(5000-B83) -> 2392 | D83: =Rigoberto!U24 -> 501.85 | E83: =Rigoberto!AE24 -> 0 | F83: =Rigoberto!AN24 -> 0 | H83: ABR | I83: ='Sávio-Desmob'!H19 -> 2990 | J83: =SUM(5000-I83) -> 2010 | K83: ='Sávio-Desmob'!U20 -> 968.27 | L83: ='Sávio-Desmob'!AE120 -> 0 | M83: ='Sávio-Desmob'!AE20 -> 0 | O83: ABR | P83: =Eduardo!H19 -> 46732 | Q83: =SUM(5000-P83) -> -41732 | R83: =Eduardo!U20 -> 239 | S83: =Eduardo!AE20 -> 0 | T83: =Eduardo!AE20 -> 0 | V83: ABR | W83: =Ademir!H19 -> 346 | X83: =SUM(5000-W83) -> 4654 | Y83: =Ademir!U20 -> 404.38 | Z83: =Ademir!AE20 -> 0 | AA83: =Ademir!AE20 -> 0
A84: MAI | B84: =Rigoberto!H27 -> 1645 | C84: =SUM(5000-B84) -> 3355 | D84: =Rigoberto!U28 -> 0 | E84: =Rigoberto!AE28 -> 0 | F84: =Rigoberto!AN28 -> 0 | H84: MAI | I84: ='Sávio-Desmob'!H23 -> 3453 | J84: =SUM(5000-I84) -> 1547 | K84: ='Sávio-Desmob'!U24 -> 0 | L84: ='Sávio-Desmob'!AE24 -> 0 | M84: ='Sávio-Desmob'!AE24 -> 0 | O84: MAI | P84: =Eduardo!H23 -> 2144 | Q84: =SUM(5000-P84) -> 2856 | R84: =Eduardo!U24 -> 0 | S84: =Eduardo!AE24 -> 0 | T84: =Eduardo!AE24 -> 0 | V84: MAI | W84: =Ademir!H27 -> 2320 | X84: =SUM(5000-W84) -> 2680 | Y84: =Ademir!U28 -> 0 | Z84: =Ademir!AE28 -> 0 | AA84: =Ademir!AE28 -> 0
A85: JUN | B85: =Rigoberto!H31 -> 0 | C85: =SUM(5000-B85) -> 5000 | D85: =Rigoberto!U32 -> 0 | E85: =Rigoberto!AE32 -> 0 | F85: =Rigoberto!AN32 -> 0 | H85: JUN | I85: ='Sávio-Desmob'!H27 -> 0 | J85: =SUM(5000-I85) -> 5000 | K85: ='Sávio-Desmob'!U28 -> 0 | L85: ='Sávio-Desmob'!AE28 -> 0 | M85: ='Sávio-Desmob'!AE28 -> 0 | O85: JUN | P85: =Eduardo!H27 -> 0 | Q85: =SUM(5000-P85) -> 5000 | R85: =Eduardo!U28 -> 0 | S85: =Eduardo!AE28 -> 0 | T85: =Eduardo!AE28 -> 0 | V85: JUN | W85: =Ademir!H31 -> 0 | X85: =SUM(5000-W85) -> 5000 | Y85: =Ademir!U32 -> 0 | Z85: =Ademir!AE32 -> 0 | AA85: =Ademir!AE32 -> 0
A86: JUL | B86: =Rigoberto!H35 -> 0 | C86: =SUM(5000-B86) -> 5000 | D86: =Rigoberto!U36 -> 0 | E86: =Rigoberto!AE36 -> 0 | F86: =Rigoberto!AN36 -> 0 | H86: JUL | I86: ='Sávio-Desmob'!H31 -> 0 | J86: =SUM(5000-I86) -> 5000 | K86: ='Sávio-Desmob'!U32 -> 0 | L86: ='Sávio-Desmob'!AE32 -> 0 | M86: ='Sávio-Desmob'!AE32 -> 0 | O86: JUL | P86: =Eduardo!H31 -> 0 | Q86: =SUM(5000-P86) -> 5000 | R86: =Eduardo!U32 -> 0 | S86: =Eduardo!AE32 -> 0 | T86: =Eduardo!AE32 -> 0 | V86: JUL | W86: =Ademir!H35 -> 0 | X86: =SUM(5000-W86) -> 5000 | Y86: =Ademir!U36 -> 0 | Z86: =Ademir!AE36 -> 0 | AA86: =Ademir!AE36 -> 0
A87: AGO | B87: =Rigoberto!H39 -> 0 | C87: =SUM(5000-B87) -> 5000 | D87: =Rigoberto!U40 -> 0 | E87: =Rigoberto!AE40 -> 0 | F87: =Rigoberto!AN40 -> 0 | H87: AGO | I87: ='Sávio-Desmob'!H35 -> 0 | J87: =SUM(5000-I87) -> 5000 | K87: ='Sávio-Desmob'!U36 -> 0 | L87: ='Sávio-Desmob'!AE36 -> 0 | M87: ='Sávio-Desmob'!AE36 -> 0 | O87: AGO | P87: =Eduardo!H35 -> 0 | Q87: =SUM(5000-P87) -> 5000 | R87: =Eduardo!U36 -> 0 | S87: =Eduardo!AE36 -> 0 | T87: =Eduardo!AE36 -> 0 | V87: AGO | W87: =Ademir!H39 -> 0 | X87: =SUM(5000-W87) -> 5000 | Y87: =Ademir!U40 -> 0 | Z87: =Ademir!AE40 -> 0 | AA87: =Ademir!AE40 -> 0
A88: SET | B88: =Rigoberto!H43 -> 0 | C88: =SUM(5000-B88) -> 5000 | D88: =Rigoberto!U44 -> 0 | E88: =Rigoberto!AE44 -> 0 | F88: =Rigoberto!AN44 -> 0 | H88: SET | I88: ='Sávio-Desmob'!H39 -> 0 | J88: =SUM(5000-I88) -> 5000 | K88: ='Sávio-Desmob'!U40 -> 0 | L88: ='Sávio-Desmob'!AE40 -> 0 | M88: ='Sávio-Desmob'!AE40 -> 0 | O88: SET | P88: =Eduardo!H39 -> 0 | Q88: =SUM(5000-P88) -> 5000 | R88: =Eduardo!U40 -> 0 | S88: =Eduardo!AE40 -> 0 | T88: =Eduardo!AE40 -> 0 | V88: SET | W88: =Ademir!H43 -> 0 | X88: =SUM(5000-W88) -> 5000 | Y88: =Ademir!U44 -> 0 | Z88: =Ademir!AE44 -> 0 | AA88: =Ademir!AE44 -> 0
A89: OUT | B89: =Rigoberto!H47 -> 0 | C89: =SUM(5000-B89) -> 5000 | D89: =Rigoberto!U48 -> 0 | E89: =Rigoberto!AE48 -> 0 | F89: =Rigoberto!AN48 -> 0 | H89: OUT | I89: ='Sávio-Desmob'!H43 -> 0 | J89: =SUM(5000-I89) -> 5000 | K89: ='Sávio-Desmob'!U44 -> 0 | L89: ='Sávio-Desmob'!AE44 -> 0 | M89: ='Sávio-Desmob'!AE44 -> 0 | O89: OUT | P89: =Eduardo!H43 -> 0 | Q89: =SUM(5000-P89) -> 5000 | R89: =Eduardo!U44 -> 0 | S89: =Eduardo!AE44 -> 0 | T89: =Eduardo!AE44 -> 0 | V89: OUT | W89: =Ademir!H47 -> 0 | X89: =SUM(5000-W89) -> 5000 | Y89: =Ademir!U48 -> 0 | Z89: =Ademir!AE48 -> 0 | AA89: =Ademir!AE48 -> 0
A90: NOV | B90: =Rigoberto!H51 -> 0 | C90: =SUM(5000-B90) -> 5000 | D90: =Rigoberto!U52 -> 0 | E90: =Rigoberto!AE52 -> 0 | F90: =Rigoberto!AN52 -> 0 | H90: NOV | I90: ='Sávio-Desmob'!H47 -> 0 | J90: =SUM(5000-I90) -> 5000 | K90: ='Sávio-Desmob'!U48 -> 0 | L90: ='Sávio-Desmob'!AE48 -> 0 | M90: ='Sávio-Desmob'!AE48 -> 0 | O90: NOV | P90: =Eduardo!H47 -> 0 | Q90: =SUM(5000-P90) -> 5000 | R90: =Eduardo!U48 -> 0 | S90: =Eduardo!AE48 -> 0 | T90: =Eduardo!AE48 -> 0 | V90: NOV | W90: =Ademir!H51 -> 0 | X90: =SUM(5000-W90) -> 5000 | Y90: =Ademir!U52 -> 0 | Z90: =Ademir!AE52 -> 0 | AA90: =Ademir!AE52 -> 0
A91: DEZ | B91: =Rigoberto!H55 -> 0 | C91: =SUM(5000-B91) -> 5000 | D91: =Rigoberto!U56 -> 0 | E91: =Rigoberto!AE56 -> 0 | F91: =Rigoberto!AN56 -> 0 | H91: DEZ | I91: ='Sávio-Desmob'!H51 -> 0 | J91: =SUM(5000-I91) -> 5000 | K91: ='Sávio-Desmob'!U52 -> 0 | L91: ='Sávio-Desmob'!AE52 -> 0 | M91: ='Sávio-Desmob'!AE52 -> 0 | O91: DEZ | P91: =Eduardo!H51 -> 0 | Q91: =SUM(5000-P91) -> 5000 | R91: =Eduardo!U52 -> 0 | S91: =Eduardo!AE52 -> 0 | T91: =Eduardo!AE52 -> 0 | V91: DEZ | W91: =Ademir!H55 -> 0 | X91: =SUM(5000-W91) -> 5000 | Y91: =Ademir!U56 -> 0 | Z91: =Ademir!AE56 -> 0 | AA91: =Ademir!AE56 -> 0
A93: TOTAL | B93: =SUM(B80:B91) -> 9608 | D93: =SUM(D80:D91) -> 1809.64 | E93: =SUM(E80:E91) -> 0 | F93: =SUM(F80:F91) -> 0 | H93: TOTAL | I93: =SUM(I80:I91) -> 12024 | K93: =SUM(K80:K91) -> 1335.95 | L93: =SUM(L80:L91) -> 0 | M93: =SUM(M80:M91) -> 0 | O93: TOTAL | P93: =SUM(P80:P91) -> 48876 | R93: =SUM(R80:R91) -> 239 | S93: =SUM(S80:S91) -> 0 | T93: =SUM(T80:T91) -> 0 | V93: TOTAL | W93: =SUM(W80:W91) -> 2666 | Y93: =SUM(Y80:Y91) -> 404.38 | Z93: =SUM(Z80:Z91) -> 0 | AA93: =SUM(AA80:AA91) -> 0
A94: SALDO KM | B94: =SUM(60000-B93) -> 50392 | H94: SALDO KM | I94: =SUM(60000-I93) -> 47976 | O94: SALDO KM | P94: =SUM(60000-P93) -> 11124 | V94: SALDO KM | W94: =SUM(60000-W93) -> 57334
B96: CAR_21 | I96: CAR_22 | P96: CAR_23 | W96: CAR_24
B97: KM | C97: KM MENSAL | D97: ABASTECIMENTO | E97: LAVA_RAPIDO | F97: BORRACHARIA | I97: KM | J97: KM MENSAL | K97: ABASTECIMENTO | L97: LAVA_RAPIDO | M97: BORRACHARIA | P97: KM | Q97: KM MENSAL | R97: ABASTECIMENTO | S97: LAVA_RAPIDO | T97: BORRACHARIA | W97: KM | X97: KM MENSAL | Y97: ABASTECIMENTO | Z97: LAVA_RAPIDO | AA97: BORRACHARIA
A98: JAN | H98: JAN | O98: JAN | V98: JAN
A99: FEV | B99: =CAR_21!H11 -> 0 | C99: =SUM(5000-B99) -> 5000 | D99: =CAR_21!U12 -> 0 | E99: =CAR_21!AE12 -> 0 | F99: =CAR_21!AN12 -> 0 | H99: FEV | I99: =CAR_22!H11 -> 0 | J99: =SUM(5000-I99) -> 5000 | K99: =CAR_22!U12 -> 0 | L99: =CAR_22!AE12 -> 0 | M99: =CAR_22!AN12 -> 0 | O99: FEV | P99: =CAR_23!H11 -> 0 | Q99: =SUM(5000-P99) -> 5000 | R99: =CAR_23!U12 -> 0 | S99: =CAR_23!AE12 -> 0 | T99: =CAR_23!AN12 -> 0 | V99: FEV | W99: =CAR_24!H11 -> 0 | X99: =SUM(5000-W99) -> 5000 | Y99: =CAR_24!U12 -> 0 | Z99: =CAR_24!AE12 -> 0 | AA99: =CAR_24!AN12 -> 0
A100: MAR | B100: =CAR_21!H15 -> 0 | C100: =SUM(5000-B100) -> 5000 | D100: =CAR_21!U16 -> 0 | E100: =CAR_21!AE16 -> 0 | F100: =CAR_21!AN16 -> 0 | H100: MAR | I100: =CAR_22!H15 -> 0 | J100: =SUM(5000-I100) -> 5000 | K100: =CAR_22!U16 -> 0 | L100: =CAR_22!AE16 -> 0 | M100: =CAR_22!AN16 -> 0 | O100: MAR | P100: =CAR_23!H19 -> 0 | Q100: =SUM(5000-P100) -> 5000 | R100: =CAR_23!U16 -> 0 | S100: =CAR_23!AE16 -> 0 | T100: =CAR_23!AN16 -> 0 | V100: MAR | W100: =CAR_24!H15 -> 0 | X100: =SUM(5000-W100) -> 5000 | Y100: =CAR_24!U16 -> 0 | Z100: =CAR_24!AE16 -> 0 | AA100: =CAR_24!AN16 -> 0
A101: ABR | B101: =CAR_21!H19 -> 0 | C101: =SUM(5000-B101) -> 5000 | D101: =CAR_21!U20 -> 0 | E101: =CAR_21!AE20 -> 0 | F101: =CAR_21!AN220 -> 0 | H101: ABR | I101: =CAR_22!H19 -> 0 | J101: =SUM(5000-I101) -> 5000 | K101: =CAR_22!U20 -> 0 | L101: =CAR_22!AE20 -> 0 | M101: =CAR_22!AN20 -> 0 | O101: ABR | P101: =CAR_23!H19 -> 0 | Q101: =SUM(5000-P101) -> 5000 | R101: =CAR_23!U20 -> 0 | S101: =CAR_23!AE20 -> 0 | T101: =CAR_23!AN20 -> 0 | V101: ABR | W101: =CAR_24!H19 -> 0 | X101: =SUM(5000-W101) -> 5000 | Y101: =CAR_24!U20 -> 0 | Z101: =CAR_24!AE20 -> 0 | AA101: =CAR_24!AN20 -> 0
A102: MAI | B102: =CAR_21!H23 -> 0 | C102: =SUM(5000-B102) -> 5000 | D102: =CAR_21!U24 -> 0 | E102: =CAR_21!AE24 -> 0 | F102: =CAR_21!AN24 -> 0 | H102: MAI | I102: =CAR_22!H23 -> 0 | J102: =SUM(5000-I102) -> 5000 | K102: =CAR_22!U24 -> 0 | L102: =CAR_22!AE24 -> 0 | M102: =CAR_22!AN24 -> 0 | O102: MAI | P102: =CAR_23!H23 -> 0 | Q102: =SUM(5000-P102) -> 5000 | R102: =CAR_23!U24 -> 0 | S102: =CAR_23!AE24 -> 0 | T102: =CAR_23!AN24 -> 0 | V102: MAI | W102: =CAR_24!H23 -> 0 | X102: =SUM(5000-W102) -> 5000 | Y102: =CAR_24!U24 -> 0 | Z102: =CAR_24!AE24 -> 0 | AA102: =CAR_24!AN24 -> 0
A103: JUN | B103: =CAR_21!H27 -> 0 | C103: =SUM(5000-B103) -> 5000 | D103: =CAR_21!U28 -> 0 | E103: =CAR_21!AE28 -> 0 | F103: =CAR_21!AN28 -> 0 | H103: JUN | I103: =CAR_22!H27 -> 0 | J103: =SUM(5000-I103) -> 5000 | K103: =CAR_22!U28 -> 0 | L103: =CAR_22!AE28 -> 0 | M103: =CAR_22!AN28 -> 0 | O103: JUN | P103: =CAR_23!H27 -> 0 | Q103: =SUM(5000-P103) -> 5000 | R103: =CAR_23!U28 -> 0 | S103: =CAR_23!AE28 -> 0 | T103: =CAR_23!AN28 -> 0 | V103: JUN | W103: =CAR_24!H27 -> 0 | X103: =SUM(5000-W103) -> 5000 | Y103: =CAR_24!U28 -> 0 | Z103: =CAR_24!AE28 -> 0 | AA103: =CAR_24!AN28 -> 0
A104: JUL | B104: =CAR_21!H31 -> 0 | C104: =SUM(5000-B104) -> 5000 | D104: =CAR_21!U32 -> 0 | E104: =CAR_21!AE32 -> 0 | F104: =CAR_21!AN32 -> 0 | H104: JUL | I104: =CAR_22!H31 -> 0 | J104: =SUM(5000-I104) -> 5000 | K104: =CAR_22!U32 -> 0 | L104: =CAR_22!AE32 -> 0 | M104: =CAR_22!AN32 -> 0 | O104: JUL | P104: =CAR_23!H27 -> 0 | Q104: =SUM(5000-P104) -> 5000 | R104: =CAR_23!U32 -> 0 | S104: =CAR_23!AE32 -> 0 | T104: =CAR_23!AN32 -> 0 | V104: JUL | W104: =CAR_24!H31 -> 0 | X104: =SUM(5000-W104) -> 5000 | Y104: =CAR_24!U32 -> 0 | Z104: =CAR_24!AE32 -> 0 | AA104: =CAR_24!AN32 -> 0
A105: AGO | B105: =CAR_21!H35 -> 0 | C105: =SUM(5000-B105) -> 5000 | D105: =CAR_21!U36 -> 0 | E105: =CAR_21!AE36 -> 0 | F105: =CAR_21!AN36 -> 0 | H105: AGO | I105: =CAR_22!H35 -> 0 | J105: =SUM(5000-I105) -> 5000 | K105: =CAR_22!U36 -> 0 | L105: =CAR_22!AE36 -> 0 | M105: =CAR_22!AN36 -> 0 | O105: AGO | P105: =CAR_23!H35 -> 0 | Q105: =SUM(5000-P105) -> 5000 | R105: =CAR_23!U36 -> 0 | S105: =CAR_23!AE36 -> 0 | T105: =CAR_23!AN36 -> 0 | V105: AGO | W105: =CAR_24!H35 -> 0 | X105: =SUM(5000-W105) -> 5000 | Y105: =CAR_24!U36 -> 0 | Z105: =CAR_24!AE36 -> 0 | AA105: =CAR_24!AN36 -> 0
A106: SET | B106: =CAR_21!H39 -> 0 | C106: =SUM(5000-B106) -> 5000 | D106: =CAR_21!U40 -> 0 | E106: =CAR_21!AE40 -> 0 | F106: =CAR_21!AN40 -> 0 | H106: SET | I106: =CAR_22!H39 -> 0 | J106: =SUM(5000-I106) -> 5000 | K106: =CAR_22!U40 -> 0 | L106: =CAR_22!AE40 -> 0 | M106: =CAR_22!AN40 -> 0 | O106: SET | P106: =CAR_23!H39 -> 0 | Q106: =SUM(5000-P106) -> 5000 | R106: =CAR_23!U40 -> 0 | S106: =CAR_23!AE40 -> 0 | T106: =CAR_23!AN40 -> 0 | V106: SET | W106: =CAR_24!H39 -> 0 | X106: =SUM(5000-W106) -> 5000 | Y106: =CAR_24!U40 -> 0 | Z106: =CAR_24!AE40 -> 0 | AA106: =CAR_24!AN40 -> 0
A107: OUT | B107: =CAR_21!H43 -> 0 | C107: =SUM(5000-B107) -> 5000 | D107: =CAR_21!U44 -> 0 | E107: =CAR_21!AE44 -> 0 | F107: =CAR_21!AN44 -> 0 | H107: OUT | I107: =CAR_22!H43 -> 0 | J107: =SUM(5000-I107) -> 5000 | K107: =CAR_22!U44 -> 0 | L107: =CAR_22!AE44 -> 0 | M107: =CAR_22!AN44 -> 0 | O107: OUT | P107: =CAR_23!H43 -> 0 | Q107: =SUM(5000-P107) -> 5000 | R107: =CAR_23!U44 -> 0 | S107: =CAR_23!AE44 -> 0 | T107: =CAR_23!AN44 -> 0 | V107: OUT | W107: =CAR_24!H43 -> 0 | X107: =SUM(5000-W107) -> 5000 | Y107: =CAR_24!U44 -> 0 | Z107: =CAR_24!AE44 -> 0 | AA107: =CAR_24!AN44 -> 0
A108: NOV | B108: =CAR_21!H47 -> 0 | C108: =SUM(5000-B108) -> 5000 | D108: =CAR_21!U48 -> 0 | E108: =CAR_21!AE48 -> 0 | F108: =CAR_21!AN48 -> 0 | H108: NOV | I108: =CAR_22!H47 -> 0 | J108: =SUM(5000-I108) -> 5000 | K108: =CAR_22!U48 -> 0 | L108: =CAR_22!AE48 -> 0 | M108: =CAR_22!AN48 -> 0 | O108: NOV | P108: =CAR_23!H47 -> 0 | Q108: =SUM(5000-P108) -> 5000 | R108: =CAR_23!U48 -> 0 | S108: =CAR_23!AE48 -> 0 | T108: =CAR_23!AN48 -> 0 | V108: NOV | W108: =CAR_24!H47 -> 0 | X108: =SUM(5000-W108) -> 5000 | Y108: =CAR_24!U48 -> 0 | Z108: =CAR_24!AE48 -> 0 | AA108: =CAR_24!AN48 -> 0
A109: DEZ | B109: =CAR_21!H51 -> 0 | C109: =SUM(5000-B109) -> 5000 | D109: =CAR_21!U52 -> 0 | E109: =CAR_21!AE52 -> 0 | F109: =CAR_21!AN52 -> 0 | H109: DEZ | I109: =CAR_22!H51 -> 0 | J109: =SUM(5000-I109) -> 5000 | K109: =CAR_22!U52 -> 0 | L109: =CAR_22!AE52 -> 0 | M109: =CAR_22!AN52 -> 0 | O109: DEZ | P109: =CAR_23!H51 -> 0 | Q109: =SUM(5000-P109) -> 5000 | R109: =CAR_23!U52 -> 0 | S109: =CAR_23!AE52 -> 0 | T109: =CAR_23!AN52 -> 0 | V109: DEZ | W109: =CAR_24!H51 -> 0 | X109: =SUM(5000-W109) -> 5000 | Y109: =CAR_24!U52 -> 0 | Z109: =CAR_24!AE52 -> 0 | AA109: =CAR_24!AN52 -> 0
A111: TOTAL | B111: =SUM(B98:B109) -> 0 | D111: =SUM(D98:D109) -> 0 | E111: =SUM(E98:E109) -> 0 | F111: =SUM(F98:F109) -> 0 | H111: TOTAL | I111: =SUM(I98:I109) -> 0 | K111: =SUM(K98:K109) -> 0 | L111: =SUM(L98:L109) -> 0 | M111: =SUM(M98:M109) -> 0 | O111: TOTAL | P111: =SUM(P98:P109) -> 0 | R111: =SUM(R98:R109) -> 0 | S111: =SUM(S98:S109) -> 0 | T111: =SUM(T98:T109) -> 0 | V111: TOTAL | W111: =SUM(W98:W109) -> 0 | Y111: =SUM(Y98:Y109) -> 0 | Z111: =SUM(Z98:Z109) -> 0 | AA111: =SUM(AA98:AA109) -> 0
A112: SALDO KM | B112: =SUM(60000-B111) -> 60000 | H112: SALDO KM | I112: =SUM(60000-I111) -> 60000 | O112: SALDO KM | P112: =SUM(60000-P111) -> 60000 | V112: SALDO KM | W112: =SUM(60000-W111) -> 60000
B114: CAR_25 | I114: CAR_26 | P114: CAR_27 | W114: CAR_28
B115: KM | C115: KM MENSAL | D115: ABASTECIMENTO | E115: LAVA_RAPIDO | F115: BORRACHARIA | I115: KM | J115: KM MENSAL | K115: ABASTECIMENTO | L115: LAVA_RAPIDO | M115: BORRACHARIA | P115: KM | Q115: KM MENSAL | R115: ABASTECIMENTO | S115: LAVA_RAPIDO | T115: BORRACHARIA | W115: KM | X115: KM MENSAL | Y115: ABASTECIMENTO | Z115: LAVA_RAPIDO | AA115: BORRACHARIA
A116: JAN | H116: JAN | O116: JAN | V116: JAN
A117: FEV | B117: =CAR_25!H11 -> 0 | C117: =SUM(5000-B117) -> 5000 | D117: =CAR_25!U12 -> 0 | E117: =CAR_25!AE12 -> 0 | F117: =CAR_25!AN12 -> 0 | H117: FEV | I117: =CAR_26!H11 -> 0 | J117: =SUM(5000-I117) -> 5000 | K117: =CAR_26!U12 -> 0 | L117: =CAR_26!AE12 -> 0 | M117: =CAR_26!AN12 -> 0 | O117: FEV | P117: =CAR_27!H11 -> 0 | Q117: =SUM(5000-P117) -> 5000 | R117: =CAR_27!U12 -> 0 | S117: =CAR_27!AE12 -> 0 | T117: =CAR_27!AN12 -> 0 | V117: FEV | W117: =CAR_28!H11 -> 0 | X117: =SUM(5000-W117) -> 5000 | Y117: =CAR_28!U12 -> 0 | Z117: =CAR_28!AE12 -> 0 | AA117: =CAR_28!AN12 -> 0
...

Sheet Ademir
A2: Veiculo | B2: Toro | D2: Placa: | E2: TEBIJ42 | H2: km | I2: 3000
A3: Substituição (data) | B3: 46123 | D3: Placa: | E3: PVR4B99 | H3: Modelo | I3: S10
A4: Contrato de Locação | B4: 7553 | D4: Rastreador | E4: Unidas - 3s | H4: Data Mob | I4: 46116
A7: REGISTRO DE KM | J7: ABASTECIMENTO | Y7: LAVA_RAPIDO | AH7: BORRACHARIA
B9: Fevereiro | J9: Fevereiro | Y9: Fevereiro | AH9: Fevereiro
A10: KM (Rodados) | B10: 1ª Leitura | C10: 2ª Leitura | D10: 3ª Leitura | E10: 4ª Leitura | F10: 15 dias Rodados | G10: 30 dias Rodados | H10: Total Mensal | J10: DATA | Y10: DATA | AH10: DATA
F11: =SUM(C11-B11) -> 0 | G11: =SUM(E11-D11) -> 0 | H11: =SUM(F11:G11) -> 0 | J11: VALOR | Y11: VALOR | AH11: VALOR
T12: TOTAL | U12: =SUM(K11:U11) -> 0 | AD12: TOTAL | AE12: =SUM(Z11:AE11) -> 0 | AM12: TOTAL | AN12: =SUM(AI11:AN11) -> 0
B13: Março | J13: Março | Y13: =J13 -> Março | AH13: =Y13 -> Março
A14: KM (Rodados) | B14: 1ª Leitura | C14: 2ª Leitura | D14: 3ª Leitura | E14: 4ª Leitura | F14: 15 dias Rodados | G14: 30 dias Rodados | H14: Total Mensal | J14: DATA | Y14: DATA | AH14: DATA
F15: =SUM(C15-B15) -> 0 | G15: =SUM(E15-D15) -> 0 | H15: =SUM(F15:G15) -> 0 | J15: VALOR | Y15: VALOR | AH15: VALOR
T16: TOTAL | U16: =SUM(K15:U15) -> 0 | AD16: TOTAL | AE16: =SUM(Z15:AE15) -> 0 | AM16: TOTAL | AN16: =SUM(AI15:AN15) -> 0
A17: TEBIJ42 | B17: Abril | J17: Abril | Y17: =J17 -> Abril | AH17: =Y17 -> Abril
A18: KM (Rodados) | B18: 1ª Leitura | C18: 2ª Leitura | D18: 3ª Leitura | E18: 4ª Leitura | F18: 15 dias Rodados | G18: 30 dias Rodados | H18: Total Mensal | J18: DATA | K18: 46121 | L18: 46123 | Y18: DATA | AH18: DATA
B19: 32598 | C19: 32944 | F19: =SUM(C19-B19) -> 346 | G19: =SUM(E19-D19) -> 0 | H19: =SUM(F19:G19) -> 346 | J19: VALOR | K19: 342.64 | L19: 61.74 | Y19: VALOR | AH19: VALOR
T20: TOTAL | U20: =SUM(K19:U19) -> 404.38 | AD20: TOTAL | AE20: =SUM(Z19:AE19) -> 0 | AM20: TOTAL | AN20: =SUM(AI19:AN19) -> 0
A21: PVR4B99 | B21: Abril | J21: Abril | Y21: =J21 -> Abril | AH21: =Y21 -> Abril
A22: KM (Rodados) | B22: 1ª Leitura | C22: 2ª Leitura | D22: 3ª Leitura | E22: 4ª Leitura | F22: 15 dias Rodados | G22: 30 dias Rodados | H22: Total Mensal | J22: DATA | Y22: DATA | AH22: DATA
B23: 48016 | E23: 49352 | F23: =SUM(C23-B23) -> -48016 | G23: =SUM(E23-D23) -> 49352 | H23: =SUM(F23:G23) -> 1336 | J23: VALOR | Y23: VALOR | AH23: VALOR
T24: TOTAL | U24: =SUM(K23:U23) -> 0 | AD24: TOTAL | AE24: =SUM(Z23:AE23) -> 0 | AM24: TOTAL | AN24: =SUM(AI23:AN23) -> 0
B25: Maio | J25: Maio | Y25: =J25 -> Maio | AH25: =Y25 -> Maio
A26: KM (Rodados) | B26: 1ª Leitura | C26: 2ª Leitura | D26: 3ª Leitura | E26: 4ª Leitura | F26: 15 dias Rodados | G26: 30 dias Rodados | H26: Total Mensal | J26: DATA | Y26: DATA | AH26: DATA
B27: 49352 | E27: 51672 | F27: =SUM(C27-B27) -> -49352 | G27: =SUM(E27-D27) -> 51672 | H27: =SUM(F27:G27) -> 2320 | J27: VALOR | Y27: VALOR | AH27: VALOR
T28: TOTAL | U28: =SUM(K27:U27) -> 0 | AD28: TOTAL | AE28: =SUM(Z27:AE27) -> 0 | AM28: TOTAL | AN28: =SUM(AI27:AN27) -> 0
B29: Junho | J29: Junho | Y29: =J29 -> Junho | AH29: =Y29 -> Junho
A30: KM (Rodados) | B30: 1ª Leitura | C30: 2ª Leitura | D30: 3ª Leitura | E30: 4ª Leitura | F30: 15 dias Rodados | G30: 30 dias Rodados | H30: Total Mensal | J30: DATA | Y30: DATA | AH30: DATA
F31: =SUM(C31-B31) -> 0 | G31: =SUM(E31-D31) -> 0 | H31: =SUM(F31:G31) -> 0 | J31: VALOR | Y31: VALOR | AH31: VALOR
T32: TOTAL | U32: =SUM(K31:U31) -> 0 | AD32: TOTAL | AE32: =SUM(Z31:AE31) -> 0 | AM32: TOTAL | AN32: =SUM(AI31:AN31) -> 0
B33: Julho | J33: Julho | Y33: =J33 -> Julho | AH33: =Y33 -> Julho
A34: KM (Rodados) | B34: 1ª Leitura | C34: 2ª Leitura | D34: 3ª Leitura | E34: 4ª Leitura | F34: 15 dias Rodados | G34: 30 dias Rodados | H34: Total Mensal | J34: DATA | Y34: DATA | AH34: DATA
F35: =SUM(C35-B35) -> 0 | G35: =SUM(E35-D35) -> 0 | H35: =SUM(F35:G35) -> 0 | J35: VALOR | Y35: VALOR | AH35: VALOR
T36: TOTAL | U36: =SUM(K35:U35) -> 0 | AD36: TOTAL | AE36: =SUM(Z35:AE35) -> 0 | AM36: TOTAL | AN36: =SUM(AI35:AN35) -> 0
B37: Agosto | J37: Agosto | Y37: =J37 -> Agosto | AH37: =Y37 -> Agosto
A38: KM (Rodados) | B38: 1ª Leitura | C38: 2ª Leitura | D38: 3ª Leitura | E38: 4ª Leitura | F38: 15 dias Rodados | G38: 30 dias Rodados | H38: Total Mensal | J38: DATA | Y38: DATA | AH38: DATA
F39: =SUM(C39-B39) -> 0 | G39: =SUM(E39-D39) -> 0 | H39: =SUM(F39:G39) -> 0 | J39: VALOR | Y39: VALOR | AH39: VALOR
T40: TOTAL | U40: =SUM(K39:U39) -> 0 | AD40: TOTAL | AE40: =SUM(Z39:AE39) -> 0 | AM40: TOTAL | AN40: =SUM(AI39:AN39) -> 0
B41: Setembro | J41: Setembro | Y41: =J41 -> Setembro | AH41: =Y41 -> Setembro
A42: KM (Rodados) | B42: 1ª Leitura | C42: 2ª Leitura | D42: 3ª Leitura | E42: 4ª Leitura | F42: 15 dias Rodados | G42: 30 dias Rodados | H42: Total Mensal | J42: DATA | Y42: DATA | AH42: DATA
F43: =SUM(C43-B43) -> 0 | G43: =SUM(E43-D43) -> 0 | H43: =SUM(F43:G43) -> 0 | J43: VALOR | Y43: VALOR | AH43: VALOR
T44: TOTAL | U44: =SUM(K43:U43) -> 0 | AD44: TOTAL | AE44: =SUM(Z43:AE43) -> 0 | AM44: TOTAL | AN44: =SUM(AI43:AN43) -> 0
B45: Outubro | J45: Outubro | Y45: =J45 -> Outubro | AH45: =Y45 -> Outubro
A46: KM (Rodados) | B46: 1ª Leitura | C46: 2ª Leitura | D46: 3ª Leitura | E46: 4ª Leitura | F46: 15 dias Rodados | G46: 30 dias Rodados | H46: Total Mensal | J46: DATA | Y46: DATA | AH46: DATA
F47: =SUM(C47-B47) -> 0 | G47: =SUM(E47-D47) -> 0 | H47: =SUM(F47:G47) -> 0 | J47: VALOR | Y47: VALOR | AH47: VALOR
T48: TOTAL | U48: =SUM(K47:U47) -> 0 | AD48: TOTAL | AE48: =SUM(Z47:AE47) -> 0 | AM48: TOTAL | AN48: =SUM(AI47:AN47) -> 0
B49: Novembro | J49: Novembro | Y49: =J49 -> Novembro | AH49: =Y49 -> Novembro
A50: KM (Rodados) | B50: 1ª Leitura | C50: 2ª Leitura | D50: 3ª Leitura | E50: 4ª Leitura | F50: 15 dias Rodados | G50: 30 dias Rodados | H50: Total Mensal | J50: DATA | Y50: DATA | AH50: DATA
F51: =SUM(C51-B51) -> 0 | G51: =SUM(E51-D51) -> 0 | H51: =SUM(F51:G51) -> 0 | J51: VALOR | Y51: VALOR | AH51: VALOR
T52: TOTAL | U52: =SUM(K51:U51) -> 0 | AD52: TOTAL | AE52: =SUM(Z51:AE51) -> 0 | AM52: TOTAL | AN52: =SUM(AI51:AN51) -> 0
B53: Dezembro | J53: Dezembro | Y53: =J53 -> Dezembro | AH53: =Y53 -> Dezembro
A54: KM (Rodados) | B54: 1ª Leitura | C54: 2ª Leitura | D54: 3ª Leitura | E54: 4ª Leitura | F54: 15 dias Rodados | G54: 30 dias Rodados | H54: Total Mensal | J54: DATA | Y54: DATA | AH54: DATA
F55: =SUM(C55-B55) -> 0 | G55: =SUM(E55-D55) -> 0 | H55: =SUM(F55:G55) -> 0 | J55: VALOR | Y55: VALOR | AH55: VALOR
T56: TOTAL | U56: =SUM(K55:U55) -> 0 | AD56: TOTAL | AE56: =SUM(Z55:AE55) -> 0 | AM56: TOTAL | AN56: =SUM(AI55:AN55) -> 0

Sheet Chris
A2: Veiculo | B2: Argo | D2: Placa: | E2: TDQ6I22 | H2: KM | I2: 3000
A3: Substituição (data) | D3: Placa: | H3: Modelo
A4: Contrato de Locação | B4: 2484 | D4: Rastreador | E4: 45 | H4: Data Mob. | I4: 45955
A7: REGISTRO DE KM | J7: ABASTECIMENTO | Y7: LAVA_RAPIDO | AH7: BORRACHARIA
B9: Fevereiro | J9: Fevereiro | Y9: Fevereiro | AH9: Fevereiro
A10: KM (Rodados) | B10: 1ª Leitura | C10: 2ª Leitura | D10: 3ª Leitura | E10: 4ª Leitura | F10: 15 dias Rodados | G10: 30 dias Rodados | H10: Total Mensal | J10: DATA | Y10: DATA | AH10: DATA
F11: =SUM(C11-B11) -> 0 | G11: =SUM(E11-D11) -> 0 | H11: =SUM(F11:G11) -> 0 | J11: VALOR | Y11: VALOR | AH11: VALOR
T12: TOTAL | U12: =SUM(K11:U11) -> 0 | AD12: TOTAL | AE12: =SUM(Z11:AE11) -> 0 | AM12: TOTAL | AN12: =SUM(AI11:AN11) -> 0
B13: Março | J13: Março | Y13: =J13 -> Março | AH13: =Y13 -> Março
A14: KM (Rodados) | B14: 1ª Leitura | C14: 2ª Leitura | D14: 3ª Leitura | E14: 4ª Leitura | F14: 15 dias Rodados | G14: 30 dias Rodados | H14: Total Mensal | J14: DATA | Y14: DATA | AH14: DATA
F15: =SUM(C15-B15) -> 0 | G15: =SUM(E15-D15) -> 0 | H15: =SUM(F15:G15) -> 0 | J15: VALOR | Y15: VALOR | AH15: VALOR
T16: TOTAL | U16: =SUM(K15:U15) -> 0 | AD16: TOTAL | AE16: =SUM(Z15:AE15) -> 0 | AM16: TOTAL | AN16: =SUM(AI15:AN15) -> 0
B17: Abril | J17: Abril | Y17: =J17 -> Abril | AH17: =Y17 -> Abril
A18: KM (Rodados) | B18: 1ª Leitura | C18: 2ª Leitura | D18: 3ª Leitura | E18: 4ª Leitura | F18: 15 dias Rodados | G18: 30 dias Rodados | H18: Total Mensal | J18: DATA | Y18: DATA | AH18: DATA
F19: =SUM(C19-B19) -> 0 | G19: =SUM(E19-D19) -> 0 | H19: =SUM(F19:G19) -> 0 | J19: VALOR | Y19: VALOR | AH19: VALOR
T20: TOTAL | U20: =SUM(K19:U19) -> 0 | AD20: TOTAL | AE20: =SUM(Z19:AE19) -> 0 | AM20: TOTAL | AN20: =SUM(AI19:AN19) -> 0
B21: Maio | J21: Maio | Y21: =J21 -> Maio | AH21: =Y21 -> Maio
A22: KM (Rodados) | B22: 1ª Leitura | C22: 2ª Leitura | D22: 3ª Leitura | E22: 4ª Leitura | F22: 15 dias Rodados | G22: 30 dias Rodados | H22: Total Mensal | J22: DATA | Y22: DATA | AH22: DATA
F23: =SUM(C23-B23) -> 0 | G23: =SUM(E23-D23) -> 0 | H23: =SUM(F23:G23) -> 0 | J23: VALOR | Y23: VALOR | AH23: VALOR
T24: TOTAL | U24: =SUM(K23:U23) -> 0 | AD24: TOTAL | AE24: =SUM(Z23:AE23) -> 0 | AM24: TOTAL | AN24: =SUM(AI23:AN23) -> 0
B25: Junho | J25: Junho | Y25: =J25 -> Junho | AH25: =Y25 -> Junho
A26: KM (Rodados) | B26: 1ª Leitura | C26: 2ª Leitura | D26: 3ª Leitura | E26: 4ª Leitura | F26: 15 dias Rodados | G26: 30 dias Rodados | H26: Total Mensal | J26: DATA | Y26: DATA | AH26: DATA
F27: =SUM(C27-B27) -> 0 | G27: =SUM(E27-D27) -> 0 | H27: =SUM(F27:G27) -> 0 | J27: VALOR | Y27: VALOR | AH27: VALOR
T28: TOTAL | U28: =SUM(K27:U27) -> 0 | AD28: TOTAL | AE28: =SUM(Z27:AE27) -> 0 | AM28: TOTAL | AN28: =SUM(AI27:AN27) -> 0
B29: Julho | J29: Julho | Y29: =J29 -> Julho | AH29: =Y29 -> Julho
A30: KM (Rodados) | B30: 1ª Leitura | C30: 2ª Leitura | D30: 3ª Leitura | E30: 4ª Leitura | F30: 15 dias Rodados | G30: 30 dias Rodados | H30: Total Mensal | J30: DATA | Y30: DATA | AH30: DATA
F31: =SUM(C31-B31) -> 0 | G31: =SUM(E31-D31) -> 0 | H31: =SUM(F31:G31) -> 0 | J31: VALOR | Y31: VALOR | AH31: VALOR
T32: TOTAL | U32: =SUM(K31:U31) -> 0 | AD32: TOTAL | AE32: =SUM(Z31:AE31) -> 0 | AM32: TOTAL | AN32: =SUM(AI31:AN31) -> 0
B33: Agosto | J33: Agosto | Y33: =J33 -> Agosto | AH33: =Y33 -> Agosto
A34: KM (Rodados) | B34: 1ª Leitura | C34: 2ª Leitura | D34: 3ª Leitura | E34: 4ª Leitura | F34: 15 dias Rodados | G34: 30 dias Rodados | H34: Total Mensal | J34: DATA | Y34: DATA | AH34: DATA
F35: =SUM(C35-B35) -> 0 | G35: =SUM(E35-D35) -> 0 | H35: =SUM(F35:G35) -> 0 | J35: VALOR | Y35: VALOR | AH35: VALOR
T36: TOTAL | U36: =SUM(K35:U35) -> 0 | AD36: TOTAL | AE36: =SUM(Z35:AE35) -> 0 | AM36: TOTAL | AN36: =SUM(AI35:AN35) -> 0
B37: Setembro | J37: Setembro | Y37: =J37 -> Setembro | AH37: =Y37 -> Setembro
A38: KM (Rodados) | B38: 1ª Leitura | C38: 2ª Leitura | D38: 3ª Leitura | E38: 4ª Leitura | F38: 15 dias Rodados | G38: 30 dias Rodados | H38: Total Mensal | J38: DATA | Y38: DATA | AH38: DATA
F39: =SUM(C39-B39) -> 0 | G39: =SUM(E39-D39) -> 0 | H39: =SUM(F39:G39) -> 0 | J39: VALOR | Y39: VALOR | AH39: VALOR
T40: TOTAL | U40: =SUM(K39:U39) -> 0 | AD40: TOTAL | AE40: =SUM(Z39:AE39) -> 0 | AM40: TOTAL | AN40: =SUM(AI39:AN39) -> 0
B41: Outubro | J41: Outubro | Y41: =J41 -> Outubro | AH41: =Y41 -> Outubro
A42: KM (Rodados) | B42: 1ª Leitura | C42: 2ª Leitura | D42: 3ª Leitura | E42: 4ª Leitura | F42: 15 dias Rodados | G42: 30 dias Rodados | H42: Total Mensal | J42: DATA | K42: 45958 | L42: 45960 | Y42: DATA | AH42: DATA
D43: 18091 | E43: 18799 | F43: =SUM(C43-B43) -> 0 | G43: =SUM(E43-D43) -> 708 | H43: =SUM(F43:G43) -> 708 | J43: VALOR | K43: 201.9 | L43: 175.88 | Y43: VALOR | AH43: VALOR
T44: TOTAL | U44: =SUM(K43:U43) -> 377.78 | AD44: TOTAL | AE44: =SUM(Z43:AE43) -> 0 | AM44: TOTAL | AN44: =SUM(AI43:AN43) -> 0
B45: Novembro | J45: Novembro | Y45: =J45 -> Novembro | AH45: =Y45 -> Novembro
A46: KM (Rodados) | B46: 1ª Leitura | C46: 2ª Leitura | D46: 3ª Leitura | E46: 4ª Leitura | F46: 15 dias Rodados | G46: 30 dias Rodados | H46: Total Mensal | J46: DATA | K46: 45965 | L46: 45967 | M46: 45972 | N46: 45974 | O46: 45979 | P46: 45983 | Q46: 45986 | R46: 45988 | Y46: DATA | AH46: DATA
B47: 18799 | C47: 19914 | D47: 19914 | E47: 20861 | F47: =SUM(C47-B47) -> 1115 | G47: =SUM(E47-D47) -> 947 | H47: =SUM(F47:G47) -> 2062 | J47: VALOR | K47: 183.33 | L47: 120.86 | M47: 149.59 | N47: 165.59 | O47: 147.65 | P47: 145.03 | Q47: 143.29 | R47: 110.13 | Y47: VALOR | AH47: VALOR
T48: TOTAL | U48: =SUM(K47:U47) -> 1165.47 | AD48: TOTAL | AE48: =SUM(Z47:AE47) -> 0 | AM48: TOTAL | AN48: =SUM(AI47:AN47) -> 0
B49: Dezembro | J49: Dezembro | Y49: =J49 -> Dezembro | AH49: =Y49 -> Dezembro
A50: KM (Rodados) | B50: 1ª Leitura | C50: 2ª Leitura | D50: 3ª Leitura | E50: 4ª Leitura | F50: 15 dias Rodados | G50: 30 dias Rodados | H50: Total Mensal | J50: DATA | K50: 45993 | L50: 45995 | M50: 46000 | N50: 46002 | O50: 46004 | P50: 46007 | Q50: 46009 | R50: 46014 | Y50: DATA | AH50: DATA
B51: 20861 | C51: 22053 | D51: 22053 | E51: 23210 | F51: =SUM(C51-B51) -> 1192 | G51: =SUM(E51-D51) -> 1157 | H51: =SUM(F51:G51) -> 2349 | J51: VALOR | K51: 164.43 | L51: 149.5 | M51: 124.77 | N51: 176.56 | O51: 94.62 | P51: 147.33 | Q51: 110.31 | R51: 105.13 | Y51: VALOR | AH51: VALOR
T52: TOTAL | U52: =SUM(K51:U51) -> 1072.65 | AD52: TOTAL | AE52: =SUM(Z51:AE51) -> 0 | AM52: TOTAL | AN52: =SUM(AI51:AN51) -> 0
A53: 2026 | B53: Janeiro | J53: Janeiro | Y53: Janeiro | AH53: Janeiro
A54: KM (Rodados) | B54: 1ª Leitura | C54: 2ª Leitura | D54: 3ª Leitura | E54: 4ª Leitura | F54: 15 dias Rodados | G54: 30 dias Rodados | H54: Total Mensal | J54: DATA | Y54: DATA | AH54: DATA
B55: 23210 | E55: 25305 | F55: =SUM(C55-B55) -> -23210 | G55: =SUM(E55-D55) -> 25305 | H55: =SUM(F55:G55) -> 2095 | J55: VALOR | Y55: VALOR | AH55: VALOR
T56: TOTAL | U56: =SUM(K55:U55) -> 0 | AD56: TOTAL | AE56: =SUM(Z55:AE55) -> 0 | AM56: TOTAL | AN56: =SUM(AI55:AN55) -> 0
B57: Fevereiro | J57: Fevereiro | Y57: Fevereiro | AH57: Fevereiro
A58: KM (Rodados) | B58: 1ª Leitura | C58: 2ª Leitura | D58: 3ª Leitura | E58: 4ª Leitura | F58: 15 dias Rodados | G58: 30 dias Rodados | H58: Total Mensal | J58: DATA | K58: 46056 | L58: 46058 | M58: 46060 | N58: 46063 | O58: 46065 | P58: 46067 | Q58: 46072 | R58: 46077 | S58: 46079 | Y58: DATA | AH58: DATA
B59: 25305 | E59: 27577 | F59: =SUM(C59-B59) -> -25305 | G59: =SUM(E59-D59) -> 27577 | H59: =SUM(F59:G59) -> 2272 | J59: VALOR | K59: 187.27 | L59: 110.06 | M59: 112.71 | N59: 82.75 | O59: 167.96 | P59: 160.31 | Q59: 167.44 | R59: 110.32 | S59: 139.24 | Y59: VALOR | AH59: VALOR
T60: TOTAL | U60: =SUM(K59:U59) -> 1238.06 | AD60: TOTAL | AE60: =SUM(Z59:AE59) -> 0 | AM60: TOTAL | AN60: =SUM(AI59:AN59) -> 0
B61: Março | J61: Março | Y61: =J61 -> Março | AH61: =Y61 -> Março
A62: KM (Rodados) | B62: 1ª Leitura | C62: 2ª Leitura | D62: 3ª Leitura | E62: 4ª Leitura | F62: 15 dias Rodados | G62: 30 dias Rodados | H62: Total Mensal | J62: DATA | Y62: DATA | AH62: DATA
B63: 27577 | E63: 30028 | F63: =SUM(C63-B63) -> -27577 | G63: =SUM(E63-D63) -> 30028 | H63: =SUM(F63:G63) -> 2451 | J63: VALOR | Y63: VALOR | AH63: VALOR
T64: TOTAL | U64: =SUM(K63:U63) -> 0 | AD64: TOTAL | AE64: =SUM(Z63:AE63) -> 0 | AM64: TOTAL | AN64: =SUM(AI63:AN63) -> 0
B65: Abril | J65: Abril | Y65: =J65 -> Abril | AH65: =Y65 -> Abril
A66: KM (Rodados) | B66: 1ª Leitura | C66: 2ª Leitura | D66: 3ª Leitura | E66: 4ª Leitura | F66: 15 dias Rodados | G66: 30 dias Rodados | H66: Total Mensal | J66: DATA | Y66: DATA | AH66: DATA
B67: 30028 | E67: 32524 | F67: =SUM(C67-B67) -> -30028 | G67: =SUM(E67-D67) -> 32524 | H67: =SUM(F67:G67) -> 2496 | J67: VALOR | Y67: VALOR | AH67: VALOR
T68: TOTAL | U68: =SUM(K67:U67) -> 0 | AD68: TOTAL | AE68: =SUM(Z67:AE67) -> 0 | AM68: TOTAL | AN68: =SUM(AI67:AN67) -> 0
B69: Maio | J69: Maio | Y69: =J69 -> Maio | AH69: =Y69 -> Maio
A70: KM (Rodados) | B70: 1ª Leitura | C70: 2ª Leitura | D70: 3ª Leitura | E70: 4ª Leitura | F70: 15 dias Rodados | G70: 30 dias Rodados | H70: Total Mensal | J70: DATA | Y70: DATA | AH70: DATA
B71: 32524 | E71: 35049 | F71: =SUM(C71-B71) -> -32524 | G71: =SUM(E71-D71) -> 35049 | H71: =SUM(F71:G71) -> 2525 | J71: VALOR | Y71: VALOR | AH71: VALOR
T72: TOTAL | U72: =SUM(K71:U71) -> 0 | AD72: TOTAL | AE72: =SUM(Z71:AE71) -> 0 | AM72: TOTAL | AN72: =SUM(AI71:AN71) -> 0
B73: Junho | J73: Junho | Y73: =J73 -> Junho | AH73: =Y73 -> Junho
A74: KM (Rodados) | B74: 1ª Leitura | C74: 2ª Leitura | D74: 3ª Leitura | E74: 4ª Leitura | F74: 15 dias Rodados | G74: 30 dias Rodados | H74: Total Mensal | J74: DATA | Y74: DATA | AH74: DATA
F75: =SUM(C75-B75) -> 0 | G75: =SUM(E75-D75) -> 0 | H75: =SUM(F75:G75) -> 0 | J75: VALOR | Y75: VALOR | AH75: VALOR
T76: TOTAL | U76: =SUM(K75:U75) -> 0 | AD76: TOTAL | AE76: =SUM(Z75:AE75) -> 0 | AM76: TOTAL | AN76: =SUM(AI75:AN75) -> 0
B77: Julho | J77: Julho | Y77: =J77 -> Julho | AH77: =Y77 -> Julho
A78: KM (Rodados) | B78: 1ª Leitura | C78: 2ª Leitura | D78: 3ª Leitura | E78: 4ª Leitura | F78: 15 dias Rodados | G78: 30 dias Rodados | H78: Total Mensal | J78: DATA | Y78: DATA | AH78: DATA
F79: =SUM(C79-B79) -> 0 | G79: =SUM(E79-D79) -> 0 | H79: =SUM(F79:G79) -> 0 | J79: VALOR | Y79: VALOR | AH79: VALOR
T80: TOTAL | U80: =SUM(K79:U79) -> 0 | AD80: TOTAL | AE80: =SUM(Z79:AE79) -> 0 | AM80: TOTAL | AN80: =SUM(AI79:AN79) -> 0
B81: Agosto | J81: Agosto | Y81: =J81 -> Agosto | AH81: =Y81 -> Agosto
A82: KM (Rodados) | B82: 1ª Leitura | C82: 2ª Leitura | D82: 3ª Leitura | E82: 4ª Leitura | F82: 15 dias Rodados | G82: 30 dias Rodados | H82: Total Mensal | J82: DATA | Y82: DATA | AH82: DATA
F83: =SUM(C83-B83) -> 0 | G83: =SUM(E83-D83) -> 0 | H83: =SUM(F83:G83) -> 0 | J83: VALOR | Y83: VALOR | AH83: VALOR
T84: TOTAL | U84: =SUM(K83:U83) -> 0 | AD84: TOTAL | AE84: =SUM(Z83:AE83) -> 0 | AM84: TOTAL | AN84: =SUM(AI83:AN83) -> 0
B85: Setembro | J85: Setembro | Y85: =J85 -> Setembro | AH85: =Y85 -> Setembro
A86: KM (Rodados) | B86: 1ª Leitura | C86: 2ª Leitura | D86: 3ª Leitura | E86: 4ª Leitura | F86: 15 dias Rodados | G86: 30 dias Rodados | H86: Total Mensal | J86: DATA | Y86: DATA | AH86: DATA
F87: =SUM(C87-B87) -> 0 | G87: =SUM(E87-D87) -> 0 | H87: =SUM(F87:G87) -> 0 | J87: VALOR | Y87: VALOR | AH87: VALOR
T88: TOTAL | U88: =SUM(K87:U87) -> 0 | AD88: TOTAL | AE88: =SUM(Z87:AE87) -> 0 | AM88: TOTAL | AN88: =SUM(AI87:AN87) -> 0

Sheet Eduardo
A2: Veiculo | B2: Polo | D2: Placa: | E2: EWF6F13 | H2: km | I2: 3000
A3: Substituição (data) | D3: Placa: | H3: Modelo
A4: Contrato de Locação | B4: 2484 | D4: Rastreador | E4: Unidas | H4: Data Mob. | I4: 46112
A7: REGISTRO DE KM | J7: ABASTECIMENTO | Y7: LAVA_RAPIDO | AH7: BORRACHARIA
B9: Fevereiro | J9: Fevereiro | Y9: Fevereiro | AH9: Fevereiro
A10: KM (Rodados) | B10: 1ª Leitura | C10: 2ª Leitura | D10: 3ª Leitura | E10: 4ª Leitura | F10: 15 dias Rodados | G10: 30 dias Rodados | H10: Total Mensal | J10: DATA | Y10: DATA | AH10: DATA
F11: =SUM(C11-B11) -> 0 | G11: =SUM(E11-D11) -> 0 | H11: =SUM(F11:G11) -> 0 | J11: VALOR | Y11: VALOR | AH11: VALOR
T12: TOTAL | U12: =SUM(K11:U11) -> 0 | AD12: TOTAL | AE12: =SUM(Z11:AE11) -> 0 | AM12: TOTAL | AN12: =SUM(AI11:AN11) -> 0
B13: Março | J13: Março | Y13: =J13 -> Março | AH13: =Y13 -> Março
A14: KM (Rodados) | B14: 1ª Leitura | C14: 2ª Leitura | D14: 3ª Leitura | E14: 4ª Leitura | F14: 15 dias Rodados | G14: 30 dias Rodados | H14: Total Mensal | J14: DATA | Y14: DATA | AH14: DATA
F15: =SUM(C15-B15) -> 0 | G15: =SUM(E15-D15) -> 0 | H15: =SUM(F15:G15) -> 0 | J15: VALOR | Y15: VALOR | AH15: VALOR
T16: TOTAL | U16: =SUM(K15:U15) -> 0 | AD16: TOTAL | AE16: =SUM(Z15:AE15) -> 0 | AM16: TOTAL | AN16: =SUM(AI15:AN15) -> 0
B17: Março/Abril | J17: Abril | Y17: =J17 -> Abril | AH17: =Y17 -> Abril
A18: KM (Rodados) | B18: 1ª Leitura | C18: 2ª Leitura | D18: 3ª Leitura | E18: 4ª Leitura | F18: 15 dias Rodados | G18: 30 dias Rodados | H18: Total Mensal | J18: DATA | K18: 46114 | Y18: DATA | AH18: DATA
B19: 1100 | E19: 47832 | F19: =SUM(C19-B19) -> -1100 | G19: =SUM(E19-D19) -> 47832 | H19: =SUM(F19:G19) -> 46732 | J19: VALOR | K19: 239 | Y19: VALOR | AH19: VALOR
T20: TOTAL | U20: =SUM(K19:U19) -> 239 | AD20: TOTAL | AE20: =SUM(Z19:AE19) -> 0 | AM20: TOTAL | AN20: =SUM(AI19:AN19) -> 0
B21: Maio | J21: Maio | Y21: =J21 -> Maio | AH21: =Y21 -> Maio
A22: KM (Rodados) | B22: 1ª Leitura | C22: 2ª Leitura | D22: 3ª Leitura | E22: 4ª Leitura | F22: 15 dias Rodados | G22: 30 dias Rodados | H22: Total Mensal | J22: DATA | Y22: DATA | AH22: DATA
B23: 47832 | E23: 49976 | F23: =SUM(C23-B23) -> -47832 | G23: =SUM(E23-D23) -> 49976 | H23: =SUM(F23:G23) -> 2144 | J23: VALOR | Y23: VALOR | AH23: VALOR
T24: TOTAL | U24: =SUM(K23:U23) -> 0 | AD24: TOTAL | AE24: =SUM(Z23:AE23) -> 0 | AM24: TOTAL | AN24: =SUM(AI23:AN23) -> 0
B25: Junho | J25: Junho | Y25: =J25 -> Junho | AH25: =Y25 -> Junho
A26: KM (Rodados) | B26: 1ª Leitura | C26: 2ª Leitura | D26: 3ª Leitura | E26: 4ª Leitura | F26: 15 dias Rodados | G26: 30 dias Rodados | H26: Total Mensal | J26: DATA | Y26: DATA | AH26: DATA
F27: =SUM(C27-B27) -> 0 | G27: =SUM(E27-D27) -> 0 | H27: =SUM(F27:G27) -> 0 | J27: VALOR | Y27: VALOR | AH27: VALOR
T28: TOTAL | U28: =SUM(K27:U27) -> 0 | AD28: TOTAL | AE28: =SUM(Z27:AE27) -> 0 | AM28: TOTAL | AN28: =SUM(AI27:AN27) -> 0
B29: Julho | J29: Julho | Y29: =J29 -> Julho | AH29: =Y29 -> Julho
A30: KM (Rodados) | B30: 1ª Leitura | C30: 2ª Leitura | D30: 3ª Leitura | E30: 4ª Leitura | F30: 15 dias Rodados | G30: 30 dias Rodados | H30: Total Mensal | J30: DATA | Y30: DATA | AH30: DATA
F31: =SUM(C31-B31) -> 0 | G31: =SUM(E31-D31) -> 0 | H31: =SUM(F31:G31) -> 0 | J31: VALOR | Y31: VALOR | AH31: VALOR
T32: TOTAL | U32: =SUM(K31:U31) -> 0 | AD32: TOTAL | AE32: =SUM(Z31:AE31) -> 0 | AM32: TOTAL | AN32: =SUM(AI31:AN31) -> 0
B33: Agosto | J33: Agosto | Y33: =J33 -> Agosto | AH33: =Y33 -> Agosto
A34: KM (Rodados) | B34: 1ª Leitura | C34: 2ª Leitura | D34: 3ª Leitura | E34: 4ª Leitura | F34: 15 dias Rodados | G34: 30 dias Rodados | H34: Total Mensal | J34: DATA | Y34: DATA | AH34: DATA
F35: =SUM(C35-B35) -> 0 | G35: =SUM(E35-D35) -> 0 | H35: =SUM(F35:G35) -> 0 | J35: VALOR | Y35: VALOR | AH35: VALOR
T36: TOTAL | U36: =SUM(K35:U35) -> 0 | AD36: TOTAL | AE36: =SUM(Z35:AE35) -> 0 | AM36: TOTAL | AN36: =SUM(AI35:AN35) -> 0
B37: Setembro | J37: Setembro | Y37: =J37 -> Setembro | AH37: =Y37 -> Setembro
A38: KM (Rodados) | B38: 1ª Leitura | C38: 2ª Leitura | D38: 3ª Leitura | E38: 4ª Leitura | F38: 15 dias Rodados | G38: 30 dias Rodados | H38: Total Mensal | J38: DATA | Y38: DATA | AH38: DATA
F39: =SUM(C39-B39) -> 0 | G39: =SUM(E39-D39) -> 0 | H39: =SUM(F39:G39) -> 0 | J39: VALOR | Y39: VALOR | AH39: VALOR
T40: TOTAL | U40: =SUM(K39:U39) -> 0 | AD40: TOTAL | AE40: =SUM(Z39:AE39) -> 0 | AM40: TOTAL | AN40: =SUM(AI39:AN39) -> 0
B41: Outubro | J41: Outubro | Y41: =J41 -> Outubro | AH41: =Y41 -> Outubro
A42: KM (Rodados) | B42: 1ª Leitura | C42: 2ª Leitura | D42: 3ª Leitura | E42: 4ª Leitura | F42: 15 dias Rodados | G42: 30 dias Rodados | H42: Total Mensal | J42: DATA | Y42: DATA | AH42: DATA
F43: =SUM(C43-B43) -> 0 | G43: =SUM(E43-D43) -> 0 | H43: =SUM(F43:G43) -> 0 | J43: VALOR | Y43: VALOR | AH43: VALOR
T44: TOTAL | U44: =SUM(K43:U43) -> 0 | AD44: TOTAL | AE44: =SUM(Z43:AE43) -> 0 | AM44: TOTAL | AN44: =SUM(AI43:AN43) -> 0
B45: Novembro | J45: Novembro | Y45: =J45 -> Novembro | AH45: =Y45 -> Novembro
A46: KM (Rodados) | B46: 1ª Leitura | C46: 2ª Leitura | D46: 3ª Leitura | E46: 4ª Leitura | F46: 15 dias Rodados | G46: 30 dias Rodados | H46: Total Mensal | J46: DATA | Y46: DATA | AH46: DATA
F47: =SUM(C47-B47) -> 0 | G47: =SUM(E47-D47) -> 0 | H47: =SUM(F47:G47) -> 0 | J47: VALOR | Y47: VALOR | AH47: VALOR
T48: TOTAL | U48: =SUM(K47:U47) -> 0 | AD48: TOTAL | AE48: =SUM(Z47:AE47) -> 0 | AM48: TOTAL | AN48: =SUM(AI47:AN47) -> 0
B49: Dezembro | J49: Dezembro | Y49: =J49 -> Dezembro | AH49: =Y49 -> Dezembro
A50: KM (Rodados) | B50: 1ª Leitura | C50: 2ª Leitura | D50: 3ª Leitura | E50: 4ª Leitura | F50: 15 dias Rodados | G50: 30 dias Rodados | H50: Total Mensal | J50: DATA | Y50: DATA | AH50: DATA
F51: =SUM(C51-B51) -> 0 | G51: =SUM(E51-D51) -> 0 | H51: =SUM(F51:G51) -> 0 | J51: VALOR | Y51: VALOR | AH51: VALOR
T52: TOTAL | U52: =SUM(K51:U51) -> 0 | AD52: TOTAL | AE52: =SUM(Z51:AE51) -> 0 | AM52: TOTAL | AN52: =SUM(AI51:AN51) -> 0

Sheet Yanca
A2: Veiculo | B2: Polo Track | D2: Placa: | E2: STZ7D92 | H2: KM | I2: 3000
A3: Troca de Condutor | B3: 45819 | D3: Placa: | E3: STZ7D92 | H3: Condutores: | I3: Alain para Alverson
A4: Troca de Condutor | B4: 45881 | D4: Placa: | E4: STZ7D92 | H4: Condutores: | I4: Alverson para Idalecio
A5: Troca de Condutor | B5: 45996 | D5: Placa: | E5: STZ7D92 | H5: Condutores: | I5: Idalecio para Yanca
A6: Substituição (data) | B6: 46137 | D6: Placa: | E6: TYX9I38 | H6: Modelo | I6: C3
A7: Contrato de Locação | B7: 2484 | D7: Rastreador | E7: 45 | H7: Data mob. | I7: 45810
A10: REGISTRO DE KM | J10: ABASTECIMENTO | W10: LAVA_RAPIDO | AE10: BORRACHARIA
B12: Fevereiro | J12: Fevereiro | W12: Fevereiro | AE12: Fevereiro
A13: KM (Rodados) | B13: 1ª Leitura | C13: 2ª Leitura | D13: 3ª Leitura | E13: 4ª Leitura | F13: 15 dias Rodados | G13: 30 dias Rodados | H13: Total Mensal | J13: DATA | W13: DATA | AE13: DATA
F14: =SUM(C14-B14) -> 0 | G14: =SUM(E14-D14) -> 0 | H14: =SUM(F14:G14) -> 0 | J14: VALOR | W14: VALOR | AE14: VALOR
T15: TOTAL | U15: =SUM(K14:U14) -> 0 | AB15: TOTAL | AC15: =SUM(X14:AC14) -> 0 | AJ15: TOTAL | AK15: =SUM(AF14:AK14) -> 0
B16: Março | J16: Março | W16: =J16 -> Março | AE16: =W16 -> Março
A17: KM (Rodados) | B17: 1ª Leitura | C17: 2ª Leitura | D17: 3ª Leitura | E17: 4ª Leitura | F17: 15 dias Rodados | G17: 30 dias Rodados | H17: Total Mensal | J17: DATA | W17: DATA | AE17: DATA
F18: =SUM(C18-B18) -> 0 | G18: =SUM(E18-D18) -> 0 | H18: =SUM(F18:G18) -> 0 | J18: VALOR | W18: VALOR | AE18: VALOR
T19: TOTAL | U19: =SUM(K18:U18) -> 0 | AB19: TOTAL | AC19: =SUM(X18:AC18) -> 0 | AJ19: TOTAL | AK19: =SUM(AF18:AK18) -> 0
B20: Abril | J20: Abril | W20: =J20 -> Abril | AE20: =W20 -> Abril
A21: KM (Rodados) | B21: 1ª Leitura | C21: 2ª Leitura | D21: 3ª Leitura | E21: 4ª Leitura | F21: 15 dias Rodados | G21: 30 dias Rodados | H21: Total Mensal | J21: DATA | W21: DATA | AE21: DATA
F22: =SUM(C22-B22) -> 0 | G22: =SUM(E22-D22) -> 0 | H22: =SUM(F22:G22) -> 0 | J22: VALOR | W22: VALOR | AE22: VALOR
T23: TOTAL | U23: =SUM(K22:U22) -> 0 | AB23: TOTAL | AC23: =SUM(X22:AC22) -> 0 | AJ23: TOTAL | AK23: =SUM(AF22:AK22) -> 0
B24: Maio | J24: Maio | W24: =J24 -> Maio | AE24: =W24 -> Maio
A25: KM (Rodados) | B25: 1ª Leitura | C25: 2ª Leitura | D25: 3ª Leitura | E25: 4ª Leitura | F25: 15 dias Rodados | G25: 30 dias Rodados | H25: Total Mensal | J25: DATA | W25: DATA | AE25: DATA
F26: =SUM(C26-B26) -> 0 | G26: =SUM(E26-D26) -> 0 | H26: =SUM(F26:G26) -> 0 | J26: VALOR | W26: VALOR | AE26: VALOR
T27: TOTAL | U27: =SUM(K26:U26) -> 0 | AB27: TOTAL | AC27: =SUM(X26:AC26) -> 0 | AJ27: TOTAL | AK27: =SUM(AF26:AK26) -> 0
B28: Junho | J28: Junho | W28: =J28 -> Junho | AE28: =W28 -> Junho
A29: KM (Rodados) | B29: 1ª Leitura | C29: 2ª Leitura | D29: 3ª Leitura | E29: 4ª Leitura | F29: 15 dias Rodados | G29: 30 dias Rodados | H29: Total Mensal | J29: DATA | K29: 45824 | L29: 45825 | M29: 45827 | N29: 45832 | O29: 45834 | W29: DATA | AE29: DATA
B30: 32024 | C30: 33847 | D30: 33847 | E30: 35285 | F30: =SUM(C30-B30) -> 1823 | G30: =SUM(E30-D30) -> 1438 | H30: =SUM(F30:G30) -> 3261 | J30: VALOR | K30: 196.51 | L30: 194.92 | M30: 136.13 | N30: 188.78 | O30: 132.75 | W30: VALOR | AE30: VALOR
T31: TOTAL | U31: =SUM(K30:U30) -> 849.09 | AB31: TOTAL | AC31: =SUM(X30:AC30) -> 0 | AJ31: TOTAL | AK31: =SUM(AF30:AK30) -> 0
B32: Julho | J32: Julho | W32: =J32 -> Julho | AE32: =W32 -> Julho
A33: KM (Rodados) | B33: 1ª Leitura | C33: 2ª Leitura | D33: 3ª Leitura | E33: 4ª Leitura | F33: 15 dias Rodados | G33: 30 dias Rodados | H33: Total Mensal | J33: DATA | K33: 45839 | L33: 45841 | M33: 45846 | N33: 45848 | O33: 45853 | P33: 45855 | Q33: 45860 | R33: 45862 | S33: 45867 | T33: 45869 | W33: DATA | AE33: DATA
B34: 35285 | C34: 36382 | D34: 36382 | E34: 37794 | F34: =SUM(C34-B34) -> 1097 | G34: =SUM(E34-D34) -> 1412 | H34: =SUM(F34:G34) -> 2509 | J34: VALOR | K34: 235.19 | L34: 48.03 | M34: 191.82 | N34: 107.42 | O34: 129.42 | P34: 47.07 | Q34: 229.05 | R34: 112.62 | S34: 193.14 | T34: 108.01 | W34: VALOR | AE34: VALOR
T35: TOTAL | U35: =SUM(K34:U34) -> 1401.77 | AB35: TOTAL | AC35: =SUM(X34:AC34) -> 0 | AJ35: TOTAL | AK35: =SUM(AF34:AK34) -> 0
B36: Agosto | J36: Agosto | W36: =J36 -> Agosto | AE36: =W36 -> Agosto
A37: KM (Rodados) | B37: 1ª Leitura | C37: 2ª Leitura | D37: 3ª Leitura | E37: 4ª Leitura | F37: 15 dias Rodados | G37: 30 dias Rodados | H37: Total Mensal | J37: DATA | K37: 45874 | L37: 45876 | M37: 45881 | N37: 45883 | O37: 45888 | P37: 45890 | Q37: 45892 | R37: 45895 | W37: DATA | AE37: DATA
B38: 37794 | C38: 39044 | D38: 39044 | E38: 40290 | F38: =SUM(C38-B38) -> 1250 | G38: =SUM(E38-D38) -> 1246 | H38: =SUM(F38:G38) -> 2496 | J38: VALOR | K38: 180.54 | L38: 42.01 | M38: 197.4 | N38: 143.04 | O38: 247.06 | P38: 221.03 | Q38: 250.63 | R38: 163.82 | W38: VALOR | AE38: VALOR
T39: TOTAL | U39: =SUM(K38:U38) -> 1445.53 | AB39: TOTAL | AC39: =SUM(X38:AC38) -> 0 | AJ39: TOTAL | AK39: =SUM(AF38:AK38) -> 0
B40: Setembro | J40: Setembro | W40: =J40 -> Setembro | AE40: =W40 -> Setembro
A41: KM (Rodados) | B41: 1ª Leitura | C41: 2ª Leitura | D41: 3ª Leitura | E41: 4ª Leitura | F41: 15 dias Rodados | G41: 30 dias Rodados | H41: Total Mensal | J41: DATA | K41: 45901 | L41: 45904 | M41: 45906 | N41: 45911 | O41: 45918 | P41: 45920 | Q41: 45925 | R41: 45930 | W41: DATA | X41: 45904 | Y41: 45924 | AE41: DATA
B42: 40290 | C42: 41500 | D42: 41500 | E42: 42720 | F42: =SUM(C42-B42) -> 1210 | G42: =SUM(E42-D42) -> 1220 | H42: =SUM(F42:G42) -> 2430 | J42: VALOR | K42: 178.07 | L42: 127.04 | M42: 180.27 | N42: 167.44 | O42: 186.77 | P42: 242.43 | Q42: 84.03 | R42: 181.03 | W42: VALOR | X42: 40 | Y42: 40 | AE42: VALOR
T43: TOTAL | U43: =SUM(K42:U42) -> 1347.08 | AB43: TOTAL | AC43: =SUM(X42:AC42) -> 80 | AJ43: TOTAL | AK43: =SUM(AF42:AK42) -> 0
B44: Outubro | J44: Outubro | W44: =J44 -> Outubro | AE44: =W44 -> Outubro
A45: KM (Rodados) | B45: 1ª Leitura | C45: 2ª Leitura | D45: 3ª Leitura | E45: 4ª Leitura | F45: 15 dias Rodados | G45: 30 dias Rodados | H45: Total Mensal | J45: DATA | K45: 45932 | L45: 45937 | M45: 45944 | N45: 45946 | O45: 45951 | P45: 45953 | Q45: 45958 | W45: DATA | AE45: DATA
B46: 42720 | C46: 43507 | D46: 43507 | E46: 44531 | F46: =SUM(C46-B46) -> 787 | G46: =SUM(E46-D46) -> 1024 | H46: =SUM(F46:G46) -> 1811 | J46: VALOR | K46: 158.67 | L46: 58.07 | M46: 220.84 | N46: 140.96 | O46: 215.02 | P46: 120 | Q46: 213.08 | W46: VALOR | AE46: VALOR
T47: TOTAL | U47: =SUM(K46:U46) -> 1126.64 | AB47: TOTAL | AC47: =SUM(X46:AC46) -> 0 | AJ47: TOTAL | AK47: =SUM(AF46:AK46) -> 0
B48: Novembro | J48: Novembro | W48: =J48 -> Novembro | AE48: =W48 -> Novembro
A49: KM (Rodados) | B49: 1ª Leitura | C49: 2ª Leitura | D49: 3ª Leitura | E49: 4ª Leitura | F49: 15 dias Rodados | G49: 30 dias Rodados | H49: Total Mensal | J49: DATA | K49: 45965 | L49: 45972 | M49: 45979 | N49: 45981 | O49: 45988 | W49: DATA | AE49: DATA
B50: 44531 | C50: 45232 | D50: 45232 | E50: 45874 | F50: =SUM(C50-B50) -> 701 | G50: =SUM(E50-D50) -> 642 | H50: =SUM(F50:G50) -> 1343 | J50: VALOR | K50: 92.05 | L50: 175.01 | M50: 253.07 | N50: 154.07 | O50: 68.1 | W50: VALOR | AE50: VALOR
T51: TOTAL | U51: =SUM(K50:U50) -> 742.3 | AB51: TOTAL | AC51: =SUM(X50:AC50) -> 0 | AJ51: TOTAL | AK51: =SUM(AF50:AK50) -> 0
B52: Dezembro | J52: Dezembro | W52: =J52 -> Dezembro | AE52: =W52 -> Dezembro
A53: KM (Rodados) | B53: 1ª Leitura | C53: 2ª Leitura | D53: 3ª Leitura | E53: 4ª Leitura | F53: 15 dias Rodados | G53: 30 dias Rodados | H53: Total Mensal | J53: DATA | K53: 45995 | L53: 46000 | M53: 46004 | N53: 46009 | O53: 46014 | W53: DATA | AE53: DATA
B54: 45874 | C54: 46912 | D54: 46912 | E54: 47530 | F54: =SUM(C54-B54) -> 1038 | G54: =SUM(E54-D54) -> 618 | H54: =SUM(F54:G54) -> 1656 | J54: VALOR | K54: 260.04 | L54: 167.89 | M54: 214.95 | N54: 180.64 | O54: 210.32 | W54: VALOR | AE54: VALOR
T55: TOTAL | U55: =SUM(K54:U54) -> 1033.84 | AB55: TOTAL | AC55: =SUM(X54:AC54) -> 0 | AJ55: TOTAL | AK55: =SUM(AF54:AK54) -> 0
A56: 2026 | B56: Janeiro | J56: Janeiro | Y56: Janeiro | AH56: Janeiro
A57: KM (Rodados) | B57: 1ª Leitura | C57: 2ª Leitura | D57: 3ª Leitura | E57: 4ª Leitura | F57: 15 dias Rodados | G57: 30 dias Rodados | H57: Total Mensal | J57: DATA | Y57: DATA | AH57: DATA
B58: 47530 | E58: 49451 | F58: =SUM(C58-B58) -> -47530 | G58: =SUM(E58-D58) -> 49451 | H58: =SUM(F58:G58) -> 1921 | J58: VALOR | Y58: VALOR | AH58: VALOR
T59: TOTAL | U59: =SUM(K58:U58) -> 0 | AD59: TOTAL | AE59: =SUM(Z58:AE58) -> 0 | AM59: TOTAL | AN59: =SUM(AI58:AN58) -> 0
B60: Fevereiro | J60: Fevereiro | Y60: Fevereiro | AH60: Fevereiro
A61: KM (Rodados) | B61: 1ª Leitura | C61: 2ª Leitura | D61: 3ª Leitura | E61: 4ª Leitura | F61: 15 dias Rodados | G61: 30 dias Rodados | H61: Total Mensal | J61: DATA | K61: 46058 | L61: 46065 | M61: 46074 | N61: 46079 | O61: 46081 | Y61: DATA | AH61: DATA
B62: 49451 | E62: 51166 | F62: =SUM(C62-B62) -> -49451 | G62: =SUM(E62-D62) -> 51166 | H62: =SUM(F62:G62) -> 1715 | J62: VALOR | K62: 225.1 | L62: 222.68 | M62: 242.01 | N62: 185.7 | O62: 156.39 | Y62: VALOR | AH62: VALOR
T63: TOTAL | U63: =SUM(K62:U62) -> 1031.88 | AD63: TOTAL | AE63: =SUM(Z62:AE62) -> 0 | AM63: TOTAL | AN63: =SUM(AI62:AN62) -> 0
B64: Março | J64: Março | Y64: =J64 -> Março | AH64: =Y64 -> Março
A65: KM (Rodados) | B65: 1ª Leitura | C65: 2ª Leitura | D65: 3ª Leitura | E65: 4ª Leitura | F65: 15 dias Rodados | G65: 30 dias Rodados | H65: Total Mensal | J65: DATA | K65: 46086 | Y65: DATA | AH65: DATA
B66: 51166 | E66: 53504 | F66: =SUM(C66-B66) -> -51166 | G66: =SUM(E66-D66) -> 53504 | H66: =SUM(F66:G66) -> 2338 | J66: VALOR | K66: 217.03 | Y66: VALOR | AH66: VALOR
T67: TOTAL | U67: =SUM(K66:U66) -> 217.03 | AD67: TOTAL | AE67: =SUM(Z66:AE66) -> 0 | AM67: TOTAL | AN67: =SUM(AI66:AN66) -> 0
A68: STZ7D92 | B68: Abril | J68: Abril | Y68: =J68 -> Abril | AH68: =Y68 -> Abril
A69: KM (Rodados) | B69: 1ª Leitura | C69: 2ª Leitura | D69: 3ª Leitura | E69: 4ª Leitura | F69: 15 dias Rodados | G69: 30 dias Rodados | H69: Total Mensal | J69: DATA | K69: 46114 | L69: 46119 | Y69: DATA | AH69: DATA
B70: 53504 | E70: 54721 | F70: =SUM(C70-B70) -> -53504 | G70: =SUM(E70-D70) -> 54721 | H70: =SUM(F70:G70) -> 1217 | J70: VALOR | K70: 223.6 | L70: 248.49 | Y70: VALOR | AH70: VALOR
T71: TOTAL | U71: =SUM(K70:U70) -> 472.09 | AD71: TOTAL | AE71: =SUM(Z70:AE70) -> 0 | AM71: TOTAL | AN71: =SUM(AI70:AN70) -> 0
A72: TYX9I38 | B72: Abril | J72: Abril | Y72: =J72 -> Abril | AH72: =Y72 -> Abril
A73: KM (Rodados) | B73: 1ª Leitura | C73: 2ª Leitura | D73: 3ª Leitura | E73: 4ª Leitura | F73: 15 dias Rodados | G73: 30 dias Rodados | H73: Total Mensal | J73: DATA | Y73: DATA | AH73: DATA
D74: 20 | E74: 603 | F74: =SUM(C74-B74) -> 0 | G74: =SUM(E74-D74) -> 583 | H74: =SUM(F74:G74) -> 583 | J74: VALOR | Y74: VALOR | AH74: VALOR
T75: TOTAL | U75: =SUM(K74:U74) -> 0 | AD75: TOTAL | AE75: =SUM(Z74:AE74) -> 0 | AM75: TOTAL | AN75: =SUM(AI74:AN74) -> 0
B76: Maio | J76: Maio | Y76: =J76 -> Maio | AH76: =Y76 -> Maio
A77: KM (Rodados) | B77: 1ª Leitura | C77: 2ª Leitura | D77: 3ª Leitura | E77: 4ª Leitura | F77: 15 dias Rodados | G77: 30 dias Rodados | H77: Total Mensal | J77: DATA | Y77: DATA | AH77: DATA
B78: 603 | E78: 2525 | F78: =SUM(C78-B78) -> -603 | G78: =SUM(E78-D78) -> 2525 | H78: =SUM(F78:G78) -> 1922 | J78: VALOR | Y78: VALOR | AH78: VALOR
T79: TOTAL | U79: =SUM(K78:U78) -> 0 | AD79: TOTAL | AE79: =SUM(Z78:AE78) -> 0 | AM79: TOTAL | AN79: =SUM(AI78:AN78) -> 0
B80: Junho | J80: Junho | Y80: =J80 -> Junho | AH80: =Y80 -> Junho
A81: KM (Rodados) | B81: 1ª Leitura | C81: 2ª Leitura | D81: 3ª Leitura | E81: 4ª Leitura | F81: 15 dias Rodados | G81: 30 dias Rodados | H81: Total Mensal | J81: DATA | Y81: DATA | AH81: DATA
F82: =SUM(C82-B82) -> 0 | G82: =SUM(E82-D82) -> 0 | H82: =SUM(F82:G82) -> 0 | J82: VALOR | Y82: VALOR | AH82: VALOR
T83: TOTAL | U83: =SUM(K82:U82) -> 0 | AD83: TOTAL | AE83: =SUM(Z82:AE82) -> 0 | AM83: TOTAL | AN83: =SUM(AI82:AN82) -> 0
B84: Julho | J84: Julho | Y84: =J84 -> Julho | AH84: =Y84 -> Julho
A85: KM (Rodados) | B85: 1ª Leitura | C85: 2ª Leitura | D85: 3ª Leitura | E85: 4ª Leitura | F85: 15 dias Rodados | G85: 30 dias Rodados | H85: Total Mensal | J85: DATA | Y85: DATA | AH85: DATA
F86: =SUM(C86-B86) -> 0 | G86: =SUM(E86-D86) -> 0 | H86: =SUM(F86:G86) -> 0 | J86: VALOR | Y86: VALOR | AH86: VALOR
T87: TOTAL | U87: =SUM(K86:U86) -> 0 | AD87: TOTAL | AE87: =SUM(Z86:AE86) -> 0 | AM87: TOTAL | AN87: =SUM(AI86:AN86) -> 0
B88: Agosto | J88: Agosto | Y88: =J88 -> Agosto | AH88: =Y88 -> Agosto
A89: KM (Rodados) | B89: 1ª Leitura | C89: 2ª Leitura | D89: 3ª Leitura | E89: 4ª Leitura | F89: 15 dias Rodados | G89: 30 dias Rodados | H89: Total Mensal | J89: DATA | Y89: DATA | AH89: DATA
F90: =SUM(C90-B90) -> 0 | G90: =SUM(E90-D90) -> 0 | H90: =SUM(F90:G90) -> 0 | J90: VALOR | Y90: VALOR | AH90: VALOR
T91: TOTAL | U91: =SUM(K90:U90) -> 0 | AD91: TOTAL | AE91: =SUM(Z90:AE90) -> 0 | AM91: TOTAL | AN91: =SUM(AI90:AN90) -> 0
B92: Setembro | J92: Setembro | Y92: =J92 -> Setembro | AH92: =Y92 -> Setembro
A93: KM (Rodados) | B93: 1ª Leitura | C93: 2ª Leitura | D93: 3ª Leitura | E93: 4ª Leitura | F93: 15 dias Rodados | G93: 30 dias Rodados | H93: Total Mensal | J93: DATA | Y93: DATA | AH93: DATA
F94: =SUM(C94-B94) -> 0 | G94: =SUM(E94-D94) -> 0 | H94: =SUM(F94:G94) -> 0 | J94: VALOR | Y94: VALOR | AH94: VALOR
T95: TOTAL | U95: =SUM(K94:U94) -> 0 | AD95: TOTAL | AE95: =SUM(Z94:AE94) -> 0 | AM95: TOTAL | AN95: =SUM(AI94:AN94) -> 0

Sheet Elisson
A2: Veiculo | B2: Onix | D2: Placa: | E2: PVR3B92 | H2: KM | I2: 3000
A3: Troca de Condutor: | B3: 45881 | D3: Placa: | E3: PVR3B92 | H3: Condutores: | I3: Idalecio para Alverson
A4: Substituição: | B4: 45892 | D4: Placa: | E4: TJL7E95 | H4: Modelo | I4: Polo
A5: Troca de Condutor: | B5: 46077 | D5: Placa: | E5: TJL7E95 | H5: Condutores: | I5: Alverson para Elisson
A6: Contrato de Locação | B6: 2484 | D6: Rastreador | E6: 45 | H6: Data mob. | I6: 45840
A9: REGISTRO DE KM | J9: ABASTECIMENTO | W9: LAVA_RAPIDO | AE9: BORRACHARIA
B11: Fevereiro | J11: Fevereiro | W11: Fevereiro | AE11: Fevereiro
A12: KM (Rodados) | B12: 1ª Leitura | C12: 2ª Leitura | D12: 3ª Leitura | E12: 4ª Leitura | F12: 15 dias Rodados | G12: 30 dias Rodados | H12: Total Mensal | J12: DATA | W12: DATA | AE12: DATA
F13: =SUM(C13-B13) -> 0 | G13: =SUM(E13-D13) -> 0 | H13: =SUM(F13:G13) -> 0 | J13: VALOR | W13: VALOR | AE13: VALOR
T14: TOTAL | U14: =SUM(K13:U13) -> 0 | AB14: TOTAL | AC14: =SUM(X13:AC13) -> 0 | AJ14: TOTAL | AK14: =SUM(AF13:AK13) -> 0
B15: Março | J15: Março | W15: =J15 -> Março | AE15: =W15 -> Março
A16: KM (Rodados) | B16: 1ª Leitura | C16: 2ª Leitura | D16: 3ª Leitura | E16: 4ª Leitura | F16: 15 dias Rodados | G16: 30 dias Rodados | H16: Total Mensal | J16: DATA | W16: DATA | AE16: DATA
F17: =SUM(C17-B17) -> 0 | G17: =SUM(E17-D17) -> 0 | H17: =SUM(F17:G17) -> 0 | J17: VALOR | W17: VALOR | AE17: VALOR
T18: TOTAL | U18: =SUM(K17:U17) -> 0 | AB18: TOTAL | AC18: =SUM(X17:AC17) -> 0 | AJ18: TOTAL | AK18: =SUM(AF17:AK17) -> 0
B19: Abril | J19: Abril | W19: =J19 -> Abril | AE19: =W19 -> Abril
A20: KM (Rodados) | B20: 1ª Leitura | C20: 2ª Leitura | D20: 3ª Leitura | E20: 4ª Leitura | F20: 15 dias Rodados | G20: 30 dias Rodados | H20: Total Mensal | J20: DATA | W20: DATA | AE20: DATA
F21: =SUM(C21-B21) -> 0 | G21: =SUM(E21-D21) -> 0 | H21: =SUM(F21:G21) -> 0 | J21: VALOR | W21: VALOR | AE21: VALOR
T22: TOTAL | U22: =SUM(K21:U21) -> 0 | AB22: TOTAL | AC22: =SUM(X21:AC21) -> 0 | AJ22: TOTAL | AK22: =SUM(AF21:AK21) -> 0
B23: Maio | J23: Maio | W23: =J23 -> Maio | AE23: =W23 -> Maio
A24: KM (Rodados) | B24: 1ª Leitura | C24: 2ª Leitura | D24: 3ª Leitura | E24: 4ª Leitura | F24: 15 dias Rodados | G24: 30 dias Rodados | H24: Total Mensal | J24: DATA | W24: DATA | AE24: DATA
F25: =SUM(C25-B25) -> 0 | G25: =SUM(E25-D25) -> 0 | H25: =SUM(F25:G25) -> 0 | J25: VALOR | W25: VALOR | AE25: VALOR
T26: TOTAL | U26: =SUM(K25:U25) -> 0 | AB26: TOTAL | AC26: =SUM(X25:AC25) -> 0 | AJ26: TOTAL | AK26: =SUM(AF25:AK25) -> 0
B27: Junho | J27: Junho | W27: =J27 -> Junho | AE27: =W27 -> Junho
A28: KM (Rodados) | B28: 1ª Leitura | C28: 2ª Leitura | D28: 3ª Leitura | E28: 4ª Leitura | F28: 15 dias Rodados | G28: 30 dias Rodados | H28: Total Mensal | J28: DATA | W28: DATA | AE28: DATA
F29: =SUM(C29-B29) -> 0 | G29: =SUM(E29-D29) -> 0 | H29: =SUM(F29:G29) -> 0 | J29: VALOR | W29: VALOR | AE29: VALOR
T30: TOTAL | U30: =SUM(K29:U29) -> 0 | AB30: TOTAL | AC30: =SUM(X29:AC29) -> 0 | AJ30: TOTAL | AK30: =SUM(AF29:AK29) -> 0
B31: Julho | J31: Julho | W31: =J31 -> Julho | AE31: =W31 -> Julho
A32: KM (Rodados) | B32: 1ª Leitura | C32: 2ª Leitura | D32: 3ª Leitura | E32: 4ª Leitura | F32: 15 dias Rodados | G32: 30 dias Rodados | H32: Total Mensal | J32: DATA | K32: 45841 | L32: 45853 | M32: 45855 | N32: 45860 | O32: 45862 | P32: 45869 | W32: DATA | AE32: DATA
B33: 26496 | C33: 27202 | D33: 27202 | E33: 28256 | F33: =SUM(C33-B33) -> 706 | G33: =SUM(E33-D33) -> 1054 | H33: =SUM(F33:G33) -> 1760 | J33: VALOR | K33: 169.98 | L33: 158.26 | M33: 135.71 | N33: 162.81 | O33: 104 | P33: 59.84 | W33: VALOR | AE33: VALOR
T34: TOTAL | U34: =SUM(K33:U33) -> 790.6 | AB34: TOTAL | AC34: =SUM(X33:AC33) -> 0 | AJ34: TOTAL | AK34: =SUM(AF33:AK33) -> 0
A35: Onix PVR3B92 | B35: Agosto | J35: Agosto | W35: =J35 -> Agosto | AE35: =W35 -> Agosto
A36: KM (Rodados) | B36: 1ª Leitura | C36: 2ª Leitura | D36: 3ª Leitura | E36: 4ª Leitura | F36: 15 dias Rodados | G36: 30 dias Rodados | H36: Total Mensal | J36: DATA | K36: 45874 | L36: 45881 | M36: 45883 | N36: 45888 | O36: 45890 | P36: 45892 | W36: DATA | Y36: 45887 | AE36: DATA
B37: 28256 | C37: 29483 | D37: 29483 | E37: 30493 | F37: =SUM(C37-B37) -> 1227 | G37: =SUM(E37-D37) -> 1010 | H37: =SUM(F37:G37) -> 2237 | J37: VALOR | K37: 164.66 | L37: 184.96 | M37: 179.02 | N37: 236.04 | O37: 113.74 | P37: 161.28 | W37: VALOR | Y37: 40 | AE37: VALOR
T38: TOTAL | U38: =SUM(K37:U37) -> 1039.7 | AB38: TOTAL | AC38: =SUM(X37:AC37) -> 40 | AJ38: TOTAL | AK38: =SUM(AF37:AK37) -> 0
A39: Polo TJL7E95 | B39: Agosto | J39: Agosto | W39: =J39 -> Agosto | AE39: =W39 -> Agosto
A40: KM (Rodados) | B40: 1ª Leitura | C40: 2ª Leitura | D40: 3ª Leitura | E40: 4ª Leitura | F40: 15 dias Rodados | G40: 30 dias Rodados | H40: Total Mensal | J40: DATA | K40: 45895 | L40: 45898 | W40: DATA | Y40: 45887 | AE40: DATA
D41: 11 | E41: 763 | F41: =SUM(C41-B41) -> 0 | G41: =SUM(E41-D41) -> 752 | H41: =SUM(F41:G41) -> 752 | J41: VALOR | K41: 202.35 | L41: 219 | W41: VALOR | Y41: 40 | AE41: VALOR
T42: TOTAL | U42: =SUM(K41:U41) -> 421.35 | AB42: TOTAL | AC42: =SUM(X41:AC41) -> 40 | AJ42: TOTAL | AK42: =SUM(AF41:AK41) -> 0
B43: Setembro | J43: Setembro | W43: =J43 -> Setembro | AE43: =W43 -> Setembro
A44: KM (Rodados) | B44: 1ª Leitura | C44: 2ª Leitura | D44: 3ª Leitura | E44: 4ª Leitura | F44: 15 dias Rodados | G44: 30 dias Rodados | H44: Total Mensal | J44: DATA | K44: 45902 | L44: 45909 | M44: 45912 | N44: 45916 | O44: 45918 | P44: 45923 | Q44: 45925 | R44: 45930 | W44: DATA | X44: 45903 | Y44: 45918 | Z44: 45925 | AE44: DATA
B45: 763 | C45: 2854 | D45: 2854 | E45: 4210 | F45: =SUM(C45-B45) -> 2091 | G45: =SUM(E45-D45) -> 1356 | H45: =SUM(F45:G45) -> 3447 | J45: VALOR | K45: 200.1 | L45: 234.48 | M45: 177.25 | N45: 267.6 | O45: 106.04 | P45: 243.05 | Q45: 44.02 | R45: 262.05 | W45: VALOR | X45: 40 | Y45: 40 | Z45: 40 | AE45: VALOR
T46: TOTAL | U46: =SUM(K45:U45) -> 1534.59 | AB46: TOTAL | AC46: =SUM(X45:AC45) -> 120 | AJ46: TOTAL | AK46: =SUM(AF45:AK45) -> 0
B47: Outubro | J47: Outubro | W47: =J47 -> Outubro | AE47: =W47 -> Outubro
A48: KM (Rodados) | B48: 1ª Leitura | C48: 2ª Leitura | D48: 3ª Leitura | E48: 4ª Leitura | F48: 15 dias Rodados | G48: 30 dias Rodados | H48: Total Mensal | J48: DATA | K48: 45932 | L48: 45937 | M48: 45939 | N48: 45944 | O48: 45946 | P48: 45951 | Q48: 45953 | R48: 45958 | S48: 45960 | W48: DATA | AE48: DATA
B49: 4210 | C49: 5617 | D49: 5617 | E49: 7326 | F49: =SUM(C49-B49) -> 1407 | G49: =SUM(E49-D49) -> 1709 | H49: =SUM(F49:G49) -> 3116 | J49: VALOR | K49: 118.82 | L49: 215.25 | M49: 228.7 | N49: 223.57 | O49: 78.01 | P49: 290.01 | Q49: 119.6 | R49: 259.98 | S49: 141.38 | W49: VALOR | AE49: VALOR
T50: TOTAL | U50: =SUM(K49:U49) -> 1675.32 | AB50: TOTAL | AC50: =SUM(X49:AC49) -> 0 | AJ50: TOTAL | AK50: =SUM(AF49:AK49) -> 0
B51: Novembro | J51: Novembro | W51: =J51 -> Novembro | AE51: =W51 -> Novembro
A52: KM (Rodados) | B52: 1ª Leitura | C52: 2ª Leitura | D52: 3ª Leitura | E52: 4ª Leitura | F52: 15 dias Rodados | G52: 30 dias Rodados | H52: Total Mensal | J52: DATA | K52: 45967 | L52: 45972 | W52: DATA | AE52: DATA
B53: 7326 | C53: 8478 | D53: 8478 | E53: 9409 | F53: =SUM(C53-B53) -> 1152 | G53: =SUM(E53-D53) -> 931 | H53: =SUM(F53:G53) -> 2083 | J53: VALOR | K53: 230 | L53: 250.01 | W53: VALOR | AE53: VALOR
T54: TOTAL | U54: =SUM(K53:U53) -> 480.01 | AB54: TOTAL | AC54: =SUM(X53:AC53) -> 0 | AJ54: TOTAL | AK54: =SUM(AF53:AK53) -> 0
B55: Dezembro | J55: Dezembro | W55: =J55 -> Dezembro | AE55: =W55 -> Dezembro
A56: KM (Rodados) | B56: 1ª Leitura | C56: 2ª Leitura | D56: 3ª Leitura | E56: 4ª Leitura | F56: 15 dias Rodados | G56: 30 dias Rodados | H56: Total Mensal | J56: DATA | K56: 45993 | L56: 45995 | M56: 46000 | N56: 46002 | O56: 46372 | P56: 46374 | Q56: 46379 | W56: DATA | AE56: DATA
B57: 9409 | C57: 10961 | D57: 10961 | E57: 12229 | F57: =SUM(C57-B57) -> 1552 | G57: =SUM(E57-D57) -> 1268 | H57: =SUM(F57:G57) -> 2820 | J57: VALOR | K57: 254.46 | L57: 167.45 | M57: 275.03 | N57: 46.7 | O57: 158.03 | P57: 82.09 | Q57: 295.1 | W57: VALOR | AE57: VALOR
T58: TOTAL | U58: =SUM(K57:U57) -> 1278.86 | AB58: TOTAL | AC58: =SUM(X57:AC57) -> 0 | AJ58: TOTAL | AK58: =SUM(AF57:AK57) -> 0
A59: 2026 | B59: Janeiro | J59: Janeiro | Y59: Janeiro | AH59: Janeiro
A60: KM (Rodados) | B60: 1ª Leitura | C60: 2ª Leitura | D60: 3ª Leitura | E60: 4ª Leitura | F60: 15 dias Rodados | G60: 30 dias Rodados | H60: Total Mensal | J60: DATA | K60: 46028 | L60: 46030 | M60: 46035 | N60: 46037 | O60: 46042 | P60: 46044 | Q60: 46049 | R60: 46051 | Y60: DATA | AH60: DATA
B61: 12229 | C61: 13611 | D61: 13611 | E61: 15671 | F61: =SUM(C61-B61) -> 1382 | G61: =SUM(E61-D61) -> 2060 | H61: =SUM(F61:G61) -> 3442 | J61: VALOR | K61: 250.51 | L61: 75.06 | M61: 265.06 | N61: 217.01 | O61: 292.09 | P61: 234.15 | Q61: 286 | R61: 260.04 | Y61: VALOR | AH61: VALOR
T62: TOTAL | U62: =SUM(K61:U61) -> 1879.92 | AD62: TOTAL | AE62: =SUM(Z61:AE61) -> 0 | AM62: TOTAL | AN62: =SUM(AI61:AN61) -> 0
B63: Fevereiro | J63: Fevereiro | Y63: Fevereiro | AH63: Fevereiro
A64: KM (Rodados) | B64: 1ª Leitura | C64: 2ª Leitura | D64: 3ª Leitura | E64: 4ª Leitura | F64: 15 dias Rodados | G64: 30 dias Rodados | H64: Total Mensal | J64: DATA | K64: 46056 | L64: 46058 | M64: 46063 | N64: 46065 | O64: 46072 | P64: 46077 | Q64: 46079 | R64: 46081 | Y64: DATA | AH64: DATA
B65: 15671 | E65: 18601 | F65: =SUM(C65-B65) -> -15671 | G65: =SUM(E65-D65) -> 18601 | H65: =SUM(F65:G65) -> 2930 | J65: VALOR | K65: 295.03 | L65: 210.07 | M65: 261.67 | N65: 211.84 | O65: 264.98 | P65: 122.3 | Q65: 107.04 | R65: 221.24 | Y65: VALOR | AH65: VALOR
T66: TOTAL | U66: =SUM(K65:U65) -> 1694.17 | AD66: TOTAL | AE66: =SUM(Z65:AE65) -> 0 | AM66: TOTAL | AN66: =SUM(AI65:AN65) -> 0
B67: Março | J67: Março | Y67: =J67 -> Março | AH67: =Y67 -> Março
A68: KM (Rodados) | B68: 1ª Leitura | C68: 2ª Leitura | D68: 3ª Leitura | E68: 4ª Leitura | F68: 15 dias Rodados | G68: 30 dias Rodados | H68: Total Mensal | J68: DATA | K68: 46088 | L68: 46098 | M68: 46100 | N68: 46105 | O68: 46107 | P68: 46112 | Y68: DATA | AH68: DATA
B69: 18601 | E69: 20727 | F69: =SUM(C69-B69) -> -18601 | G69: =SUM(E69-D69) -> 20727 | H69: =SUM(F69:G69) -> 2126 | J69: VALOR | K69: 193.92 | L69: 247.8 | M69: 187.26 | N69: 252.48 | O69: 186.03 | P69: 204.3 | Y69: VALOR | AH69: VALOR
T70: TOTAL | U70: =SUM(K69:U69) -> 1271.79 | AD70: TOTAL | AE70: =SUM(Z69:AE69) -> 0 | AM70: TOTAL | AN70: =SUM(AI69:AN69) -> 0
B71: Abril | J71: Abril | Y71: =J71 -> Abril | AH71: =Y71 -> Abril
A72: KM (Rodados) | B72: 1ª Leitura | C72: 2ª Leitura | D72: 3ª Leitura | E72: 4ª Leitura | F72: 15 dias Rodados | G72: 30 dias Rodados | H72: Total Mensal | J72: DATA | K72: 46119 | L72: 46121 | M72: 46123 | Y72: DATA | AH72: DATA
B73: 20727 | E73: 23537 | F73: =SUM(C73-B73) -> -20727 | G73: =SUM(E73-D73) -> 23537 | H73: =SUM(F73:G73) -> 2810 | J73: VALOR | K73: 189.01 | L73: 204.25 | M73: 265.62 | Y73: VALOR | AH73: VALOR
T74: TOTAL | U74: =SUM(K73:U73) -> 658.88 | AD74: TOTAL | AE74: =SUM(Z73:AE73) -> 0 | AM74: TOTAL | AN74: =SUM(AI73:AN73) -> 0
B75: Maio | J75: Maio | Y75: =J75 -> Maio | AH75: =Y75 -> Maio
A76: KM (Rodados) | B76: 1ª Leitura | C76: 2ª Leitura | D76: 3ª Leitura | E76: 4ª Leitura | F76: 15 dias Rodados | G76: 30 dias Rodados | H76: Total Mensal | J76: DATA | Y76: DATA | AH76: DATA
B77: 23537 | E77: 26437 | F77: =SUM(C77-B77) -> -23537 | G77: =SUM(E77-D77) -> 26437 | H77: =SUM(F77:G77) -> 2900 | J77: VALOR | Y77: VALOR | AH77: VALOR
T78: TOTAL | U78: =SUM(K77:U77) -> 0 | AD78: TOTAL | AE78: =SUM(Z77:AE77) -> 0 | AM78: TOTAL | AN78: =SUM(AI77:AN77) -> 0
B79: Junho | J79: Junho | Y79: =J79 -> Junho | AH79: =Y79 -> Junho
A80: KM (Rodados) | B80: 1ª Leitura | C80: 2ª Leitura | D80: 3ª Leitura | E80: 4ª Leitura | F80: 15 dias Rodados | G80: 30 dias Rodados | H80: Total Mensal | J80: DATA | Y80: DATA | AH80: DATA
F81: =SUM(C81-B81) -> 0 | G81: =SUM(E81-D81) -> 0 | H81: =SUM(F81:G81) -> 0 | J81: VALOR | Y81: VALOR | AH81: VALOR
T82: TOTAL | U82: =SUM(K81:U81) -> 0 | AD82: TOTAL | AE82: =SUM(Z81:AE81) -> 0 | AM82: TOTAL | AN82: =SUM(AI81:AN81) -> 0
B83: Julho | J83: Julho | Y83: =J83 -> Julho | AH83: =Y83 -> Julho
A84: KM (Rodados) | B84: 1ª Leitura | C84: 2ª Leitura | D84: 3ª Leitura | E84: 4ª Leitura | F84: 15 dias Rodados | G84: 30 dias Rodados | H84: Total Mensal | J84: DATA | Y84: DATA | AH84: DATA
F85: =SUM(C85-B85) -> 0 | G85: =SUM(E85-D85) -> 0 | H85: =SUM(F85:G85) -> 0 | J85: VALOR | Y85: VALOR | AH85: VALOR
T86: TOTAL | U86: =SUM(K85:U85) -> 0 | AD86: TOTAL | AE86: =SUM(Z85:AE85) -> 0 | AM86: TOTAL | AN86: =SUM(AI85:AN85) -> 0
B87: Agosto | J87: Agosto | Y87: =J87 -> Agosto | AH87: =Y87 -> Agosto
A88: KM (Rodados) | B88: 1ª Leitura | C88: 2ª Leitura | D88: 3ª Leitura | E88: 4ª Leitura | F88: 15 dias Rodados | G88: 30 dias Rodados | H88: Total Mensal | J88: DATA | Y88: DATA | AH88: DATA
F89: =SUM(C89-B89) -> 0 | G89: =SUM(E89-D89) -> 0 | H89: =SUM(F89:G89) -> 0 | J89: VALOR | Y89: VALOR | AH89: VALOR
T90: TOTAL | U90: =SUM(K89:U89) -> 0 | AD90: TOTAL | AE90: =SUM(Z89:AE89) -> 0 | AM90: TOTAL | AN90: =SUM(AI89:AN89) -> 0
B91: Setembro | J91: Setembro | Y91: =J91 -> Setembro | AH91: =Y91 -> Setembro
A92: KM (Rodados) | B92: 1ª Leitura | C92: 2ª Leitura | D92: 3ª Leitura | E92: 4ª Leitura | F92: 15 dias Rodados | G92: 30 dias Rodados | H92: Total Mensal | J92: DATA | Y92: DATA | AH92: DATA
F93: =SUM(C93-B93) -> 0 | G93: =SUM(E93-D93) -> 0 | H93: =SUM(F93:G93) -> 0 | J93: VALOR | Y93: VALOR | AH93: VALOR
T94: TOTAL | U94: =SUM(K93:U93) -> 0 | AD94: TOTAL | AE94: =SUM(Z93:AE93) -> 0 | AM94: TOTAL | AN94: =SUM(AI93:AN93) -> 0

Sheet Ilo Hilton
A2: Veiculo | B2: Polo | D2: Placa: | E2: TJF8C34 | H2: KM | I2: 3000
A3: Troca de Condutor | B3: 46032 | D3: Placa: | E3: TJF8C34 | H3: Condutores: | I3: Wildson para Ubiratan
A4: Troca de Condutor | B4: 46150 | D4: Placa: | E4: TJF8C34 | H4: Condutores: | I4: Ubiratan para Ilo Hilton
A5: Substituição (data) | D5: Placa: | H5: Modelo
A6: Contrato de Locação | B6: 2484 | D6: Rastreador | E6: 45 | H6: Data Mob | I6: 45911
A9: REGISTRO DE KM | J9: ABASTECIMENTO | Y9: LAVA_RAPIDO | AH9: BORRACHARIA
B11: Fevereiro | J11: Fevereiro | Y11: Fevereiro | AH11: Fevereiro
A12: KM (Rodados) | B12: 1ª Leitura | C12: 2ª Leitura | D12: 3ª Leitura | E12: 4ª Leitura | F12: 15 dias Rodados | G12: 30 dias Rodados | H12: Total Mensal | J12: DATA | Y12: DATA | AH12: DATA
F13: =SUM(C13-B13) -> 0 | G13: =SUM(E13-D13) -> 0 | H13: =SUM(F13:G13) -> 0 | J13: VALOR | Y13: VALOR | AH13: VALOR
T14: TOTAL | U14: =SUM(K13:U13) -> 0 | AD14: TOTAL | AE14: =SUM(Z13:AE13) -> 0 | AM14: TOTAL | AN14: =SUM(AI13:AN13) -> 0
B15: Março | J15: Março | Y15: =J15 -> Março | AH15: =Y15 -> Março
A16: KM (Rodados) | B16: 1ª Leitura | C16: 2ª Leitura | D16: 3ª Leitura | E16: 4ª Leitura | F16: 15 dias Rodados | G16: 30 dias Rodados | H16: Total Mensal | J16: DATA | Y16: DATA | AH16: DATA
F17: =SUM(C17-B17) -> 0 | G17: =SUM(E17-D17) -> 0 | H17: =SUM(F17:G17) -> 0 | J17: VALOR | Y17: VALOR | AH17: VALOR
T18: TOTAL | U18: =SUM(K17:U17) -> 0 | AD18: TOTAL | AE18: =SUM(Z17:AE17) -> 0 | AM18: TOTAL | AN18: =SUM(AI17:AN17) -> 0
B19: Abril | J19: Abril | Y19: =J19 -> Abril | AH19: =Y19 -> Abril
A20: KM (Rodados) | B20: 1ª Leitura | C20: 2ª Leitura | D20: 3ª Leitura | E20: 4ª Leitura | F20: 15 dias Rodados | G20: 30 dias Rodados | H20: Total Mensal | J20: DATA | Y20: DATA | AH20: DATA
F21: =SUM(C21-B21) -> 0 | G21: =SUM(E21-D21) -> 0 | H21: =SUM(F21:G21) -> 0 | J21: VALOR | Y21: VALOR | AH21: VALOR
T22: TOTAL | U22: =SUM(K21:U21) -> 0 | AD22: TOTAL | AE22: =SUM(Z21:AE21) -> 0 | AM22: TOTAL | AN22: =SUM(AI21:AN21) -> 0
B23: Maio | J23: Maio | Y23: =J23 -> Maio | AH23: =Y23 -> Maio
A24: KM (Rodados) | B24: 1ª Leitura | C24: 2ª Leitura | D24: 3ª Leitura | E24: 4ª Leitura | F24: 15 dias Rodados | G24: 30 dias Rodados | H24: Total Mensal | J24: DATA | Y24: DATA | AH24: DATA
F25: =SUM(C25-B25) -> 0 | G25: =SUM(E25-D25) -> 0 | H25: =SUM(F25:G25) -> 0 | J25: VALOR | Y25: VALOR | AH25: VALOR
T26: TOTAL | U26: =SUM(K25:U25) -> 0 | AD26: TOTAL | AE26: =SUM(Z25:AE25) -> 0 | AM26: TOTAL | AN26: =SUM(AI25:AN25) -> 0
B27: Junho | J27: Junho | Y27: =J27 -> Junho | AH27: =Y27 -> Junho
A28: KM (Rodados) | B28: 1ª Leitura | C28: 2ª Leitura | D28: 3ª Leitura | E28: 4ª Leitura | F28: 15 dias Rodados | G28: 30 dias Rodados | H28: Total Mensal | J28: DATA | Y28: DATA | AH28: DATA
F29: =SUM(C29-B29) -> 0 | G29: =SUM(E29-D29) -> 0 | H29: =SUM(F29:G29) -> 0 | J29: VALOR | Y29: VALOR | AH29: VALOR
T30: TOTAL | U30: =SUM(K29:U29) -> 0 | AD30: TOTAL | AE30: =SUM(Z29:AE29) -> 0 | AM30: TOTAL | AN30: =SUM(AI29:AN29) -> 0
B31: Julho | J31: Julho | Y31: =J31 -> Julho | AH31: =Y31 -> Julho
A32: KM (Rodados) | B32: 1ª Leitura | C32: 2ª Leitura | D32: 3ª Leitura | E32: 4ª Leitura | F32: 15 dias Rodados | G32: 30 dias Rodados | H32: Total Mensal | J32: DATA | Y32: DATA | AH32: DATA
F33: =SUM(C33-B33) -> 0 | G33: =SUM(E33-D33) -> 0 | H33: =SUM(F33:G33) -> 0 | J33: VALOR | Y33: VALOR | AH33: VALOR
T34: TOTAL | U34: =SUM(K33:U33) -> 0 | AD34: TOTAL | AE34: =SUM(Z33:AE33) -> 0 | AM34: TOTAL | AN34: =SUM(AI33:AN33) -> 0
B35: Agosto | J35: Agosto | Y35: =J35 -> Agosto | AH35: =Y35 -> Agosto
A36: KM (Rodados) | B36: 1ª Leitura | C36: 2ª Leitura | D36: 3ª Leitura | E36: 4ª Leitura | F36: 15 dias Rodados | G36: 30 dias Rodados | H36: Total Mensal | J36: DATA | Y36: DATA | AH36: DATA
F37: =SUM(C37-B37) -> 0 | G37: =SUM(E37-D37) -> 0 | H37: =SUM(F37:G37) -> 0 | J37: VALOR | Y37: VALOR | AH37: VALOR
T38: TOTAL | U38: =SUM(K37:U37) -> 0 | AD38: TOTAL | AE38: =SUM(Z37:AE37) -> 0 | AM38: TOTAL | AN38: =SUM(AI37:AN37) -> 0
B39: Setembro | J39: Setembro | Y39: =J39 -> Setembro | AH39: =Y39 -> Setembro
A40: KM (Rodados) | B40: 1ª Leitura | C40: 2ª Leitura | D40: 3ª Leitura | E40: 4ª Leitura | F40: 15 dias Rodados | G40: 30 dias Rodados | H40: Total Mensal | J40: DATA | K40: 45912 | L40: 45916 | M40: 45923 | N40: 45925 | O40: 45927 | Y40: DATA | AH40: DATA
B41: 1808 | C41: 2125 | D41: 2125 | E41: 3043 | F41: =SUM(C41-B41) -> 317 | G41: =SUM(E41-D41) -> 918 | H41: =SUM(F41:G41) -> 1235 | J41: VALOR | K41: 130.5 | L41: 182.84 | M41: 163.87 | N41: 127.34 | O41: 150.64 | Y41: VALOR | AH41: VALOR
T42: TOTAL | U42: =SUM(K41:U41) -> 755.19 | AD42: TOTAL | AE42: =SUM(Z41:AE41) -> 0 | AM42: TOTAL | AN42: =SUM(AI41:AN41) -> 0
B43: Outubro | J43: Outubro | Y43: =J43 -> Outubro | AH43: =Y43 -> Outubro
A44: KM (Rodados) | B44: 1ª Leitura | C44: 2ª Leitura | D44: 3ª Leitura | E44: 4ª Leitura | F44: 15 dias Rodados | G44: 30 dias Rodados | H44: Total Mensal | J44: DATA | K44: 45932 | L44: 45937 | M44: 45939 | N44: 45944 | O44: 45951 | P44: 45953 | Q44: 45958 | R44: 45960 | Y44: DATA | AH44: DATA
B45: 3043 | C45: 3802 | D45: 3802 | E45: 4678 | F45: =SUM(C45-B45) -> 759 | G45: =SUM(E45-D45) -> 876 | H45: =SUM(F45:G45) -> 1635 | J45: VALOR | K45: 133.87 | L45: 155.84 | M45: 165.09 | N45: 116.88 | O45: 197.61 | P45: 111.21 | Q45: 155.52 | R45: 116.91 | Y45: VALOR | AH45: VALOR
T46: TOTAL | U46: =SUM(K45:U45) -> 1152.93 | AD46: TOTAL | AE46: =SUM(Z45:AE45) -> 0 | AM46: TOTAL | AN46: =SUM(AI45:AN45) -> 0
B47: Novembro | J47: Novembro | Y47: =J47 -> Novembro | AH47: =Y47 -> Novembro
A48: KM (Rodados) | B48: 1ª Leitura | C48: 2ª Leitura | D48: 3ª Leitura | E48: 4ª Leitura | F48: 15 dias Rodados | G48: 30 dias Rodados | H48: Total Mensal | J48: DATA | K48: 45965 | L48: 45969 | M48: 45972 | N48: 45979 | O48: 45981 | P48: 45986 | Q48: 45988 | Y48: DATA | AH48: DATA
B49: 4678 | C49: 5597 | D49: 5597 | E49: 6527 | F49: =SUM(C49-B49) -> 919 | G49: =SUM(E49-D49) -> 930 | H49: =SUM(F49:G49) -> 1849 | J49: VALOR | K49: 227.69 | L49: 214.14 | M49: 110.06 | N49: 197.34 | O49: 188.32 | P49: 205.81 | Q49: 185.83 | Y49: VALOR | AH49: VALOR
T50: TOTAL | U50: =SUM(K49:U49) -> 1329.19 | AD50: TOTAL | AE50: =SUM(Z49:AE49) -> 0 | AM50: TOTAL | AN50: =SUM(AI49:AN49) -> 0
B51: Dezembro | J51: Dezembro | Y51: =J51 -> Dezembro | AH51: =Y51 -> Dezembro
A52: KM (Rodados) | B52: 1ª Leitura | C52: 2ª Leitura | D52: 3ª Leitura | E52: 4ª Leitura | F52: 15 dias Rodados | G52: 30 dias Rodados | H52: Total Mensal | J52: DATA | K52: 45993 | L52: 45995 | M52: 46000 | N52: 46002 | O52: 46007 | P52: 46009 | Q52: 46011 | R52: 46014 | Y52: DATA | AH52: DATA
B53: 6527 | C53: 7627 | D53: 7627 | E53: 8258 | F53: =SUM(C53-B53) -> 1100 | G53: =SUM(E53-D53) -> 631 | H53: =SUM(F53:G53) -> 1731 | J53: VALOR | K53: 210.27 | L53: 137.54 | M53: 173.07 | N53: 119.6 | O53: 261.18 | P53: 140.02 | Q53: 137.36 | R53: 207.06 | Y53: VALOR | AH53: VALOR
T54: TOTAL | U54: =SUM(K53:U53) -> 1386.1 | AD54: TOTAL | AE54: =SUM(Z53:AE53) -> 0 | AM54: TOTAL | AN54: =SUM(AI53:AN53) -> 0
A55: 2026 | B55: Janeiro | J55: Janeiro | Y55: Janeiro | AH55: Janeiro
A56: KM (Rodados) | B56: 1ª Leitura | C56: 2ª Leitura | D56: 3ª Leitura | E56: 4ª Leitura | F56: 15 dias Rodados | G56: 30 dias Rodados | H56: Total Mensal | J56: DATA | Y56: DATA | AH56: DATA
B57: 8258 | E57: 10399 | F57: =SUM(C57-B57) -> -8258 | G57: =SUM(E57-D57) -> 10399 | H57: =SUM(F57:G57) -> 2141 | J57: VALOR | Y57: VALOR | AH57: VALOR
T58: TOTAL | U58: =SUM(K57:U57) -> 0 | AD58: TOTAL | AE58: =SUM(Z57:AE57) -> 0 | AM58: TOTAL | AN58: =SUM(AI57:AN57) -> 0
B59: Fevereiro | J59: Fevereiro | Y59: Fevereiro | AH59: Fevereiro
A60: KM (Rodados) | B60: 1ª Leitura | C60: 2ª Leitura | D60: 3ª Leitura | E60: 4ª Leitura | F60: 15 dias Rodados | G60: 30 dias Rodados | H60: Total Mensal | J60: DATA | K60: 46056 | L60: 46060 | M60: 46067 | N60: 46072 | O60: 46081 | Y60: DATA | AH60: DATA
B61: 10399 | E61: 12508 | F61: =SUM(C61-B61) -> -10399 | G61: =SUM(E61-D61) -> 12508 | H61: =SUM(F61:G61) -> 2109 | J61: VALOR | K61: 222.53 | L61: 205.34 | M61: 204.28 | N61: 254.2 | O61: 262.64 | Y61: VALOR | AH61: VALOR
T62: TOTAL | U62: =SUM(K61:U61) -> 1148.99 | AD62: TOTAL | AE62: =SUM(Z61:AE61) -> 0 | AM62: TOTAL | AN62: =SUM(AI61:AN61) -> 0
B63: Março | J63: Março | Y63: =J63 -> Março | AH63: =Y63 -> Março
A64: KM (Rodados) | B64: 1ª Leitura | C64: 2ª Leitura | D64: 3ª Leitura | E64: 4ª Leitura | F64: 15 dias Rodados | G64: 30 dias Rodados | H64: Total Mensal | J64: DATA | Y64: DATA | AH64: DATA
B65: 12508 | E65: 14383 | F65: =SUM(C65-B65) -> -12508 | G65: =SUM(E65-D65) -> 14383 | H65: =SUM(F65:G65) -> 1875 | J65: VALOR | Y65: VALOR | AH65: VALOR
T66: TOTAL | U66: =SUM(K65:U65) -> 0 | AD66: TOTAL | AE66: =SUM(Z65:AE65) -> 0 | AM66: TOTAL | AN66: =SUM(AI65:AN65) -> 0
B67: Abril | J67: Abril | Y67: =J67 -> Abril | AH67: =Y67 -> Abril
A68: KM (Rodados) | B68: 1ª Leitura | C68: 2ª Leitura | D68: 3ª Leitura | E68: 4ª Leitura | F68: 15 dias Rodados | G68: 30 dias Rodados | H68: Total Mensal | J68: DATA | K68: 46119 | Y68: DATA | AH68: DATA
B69: 14383 | E69: 16052 | F69: =SUM(C69-B69) -> -14383 | G69: =SUM(E69-D69) -> 16052 | H69: =SUM(F69:G69) -> 1669 | J69: VALOR | K69: 198.35 | Y69: VALOR | AH69: VALOR
T70: TOTAL | U70: =SUM(K69:U69) -> 198.35 | AD70: TOTAL | AE70: =SUM(Z69:AE69) -> 0 | AM70: TOTAL | AN70: =SUM(AI69:AN69) -> 0
B71: Maio | J71: Maio | Y71: =J71 -> Maio | AH71: =Y71 -> Maio
A72: KM (Rodados) | B72: 1ª Leitura | C72: 2ª Leitura | D72: 3ª Leitura | E72: 4ª Leitura | F72: 15 dias Rodados | G72: 30 dias Rodados | H72: Total Mensal | J72: DATA | Y72: DATA | AH72: DATA
B73: 16052 | C73: 16714 | D73: 16714 | E73: 18784 | F73: =SUM(C73-B73) -> 662 | G73: =SUM(E73-D73) -> 2070 | H73: =SUM(F73:G73) -> 2732 | J73: VALOR | Y73: VALOR | AH73: VALOR
T74: TOTAL | U74: =SUM(K73:U73) -> 0 | AD74: TOTAL | AE74: =SUM(Z73:AE73) -> 0 | AM74: TOTAL | AN74: =SUM(AI73:AN73) -> 0
B75: Junho | J75: Junho | Y75: =J75 -> Junho | AH75: =Y75 -> Junho
A76: KM (Rodados) | B76: 1ª Leitura | C76: 2ª Leitura | D76: 3ª Leitura | E76: 4ª Leitura | F76: 15 dias Rodados | G76: 30 dias Rodados | H76: Total Mensal | J76: DATA | Y76: DATA | AH76: DATA
F77: =SUM(C77-B77) -> 0 | G77: =SUM(E77-D77) -> 0 | H77: =SUM(F77:G77) -> 0 | J77: VALOR | Y77: VALOR | AH77: VALOR
T78: TOTAL | U78: =SUM(K77:U77) -> 0 | AD78: TOTAL | AE78: =SUM(Z77:AE77) -> 0 | AM78: TOTAL | AN78: =SUM(AI77:AN77) -> 0
B79: Julho | J79: Julho | Y79: =J79 -> Julho | AH79: =Y79 -> Julho
A80: KM (Rodados) | B80: 1ª Leitura | C80: 2ª Leitura | D80: 3ª Leitura | E80: 4ª Leitura | F80: 15 dias Rodados | G80: 30 dias Rodados | H80: Total Mensal | J80: DATA | Y80: DATA | AH80: DATA
F81: =SUM(C81-B81) -> 0 | G81: =SUM(E81-D81) -> 0 | H81: =SUM(F81:G81) -> 0 | J81: VALOR | Y81: VALOR | AH81: VALOR
T82: TOTAL | U82: =SUM(K81:U81) -> 0 | AD82: TOTAL | AE82: =SUM(Z81:AE81) -> 0 | AM82: TOTAL | AN82: =SUM(AI81:AN81) -> 0
B83: Agosto | J83: Agosto | Y83: =J83 -> Agosto | AH83: =Y83 -> Agosto
A84: KM (Rodados) | B84: 1ª Leitura | C84: 2ª Leitura | D84: 3ª Leitura | E84: 4ª Leitura | F84: 15 dias Rodados | G84: 30 dias Rodados | H84: Total Mensal | J84: DATA | Y84: DATA | AH84: DATA
F85: =SUM(C85-B85) -> 0 | G85: =SUM(E85-D85) -> 0 | H85: =SUM(F85:G85) -> 0 | J85: VALOR | Y85: VALOR | AH85: VALOR
T86: TOTAL | U86: =SUM(K85:U85) -> 0 | AD86: TOTAL | AE86: =SUM(Z85:AE85) -> 0 | AM86: TOTAL | AN86: =SUM(AI85:AN85) -> 0
B87: Setembro | J87: Setembro | Y87: =J87 -> Setembro | AH87: =Y87 -> Setembro
A88: KM (Rodados) | B88: 1ª Leitura | C88: 2ª Leitura | D88: 3ª Leitura | E88: 4ª Leitura | F88: 15 dias Rodados | G88: 30 dias Rodados | H88: Total Mensal | J88: DATA | Y88: DATA | AH88: DATA
F89: =SUM(C89-B89) -> 0 | G89: =SUM(E89-D89) -> 0 | H89: =SUM(F89:G89) -> 0 | J89: VALOR | Y89: VALOR | AH89: VALOR
T90: TOTAL | U90: =SUM(K89:U89) -> 0 | AD90: TOTAL | AE90: =SUM(Z89:AE89) -> 0 | AM90: TOTAL | AN90: =SUM(AI89:AN89) -> 0

Sheet Wildson
A2: Veiculo | B2: Argo | D2: Placa: | E2: TCT9C97 | H2: km | I2: 3000
A3: Troca de Condutor | B3: 46044 | D3: Placa: | E3: TCT9C97 | H3: Condutores: | I3: Tiago Gonçalves para Wildson
A4: Substituição (data) | D4: Placa: | H4: Modelo
A5: Contrato de Locação | B5: 2484 | D5: Rastreador | E5: 45 | H5: Data Mob | I5: 46031
A8: REGISTRO DE KM | J8: ABASTECIMENTO | Y8: LAVA_RAPIDO | AH8: BORRACHARIA
B10: Janeiro | J10: Janeiro | Y10: Janeiro | AH10: Fevereiro
A11: KM (Rodados) | B11: 1ª Leitura | C11: 2ª Leitura | D11: 3ª Leitura | E11: 4ª Leitura | F11: 15 dias Rodados | G11: 30 dias Rodados | H11: Total Mensal | J11: DATA | Y11: DATA | AH11: DATA
B12: 18650 | E12: 20350 | F12: =SUM(C12-B12) -> -18650 | G12: =SUM(E12-D12) -> 20350 | H12: =SUM(F12:G12) -> 1700 | J12: VALOR | Y12: VALOR | AH12: VALOR
T13: TOTAL | U13: =SUM(K12:U12) -> 0 | AD13: TOTAL | AE13: =SUM(Z12:AE12) -> 0 | AM13: TOTAL | AN13: =SUM(AI12:AN12) -> 0
B14: Fevereiro | J14: Fevereiro | Y14: Fevereiro | AH14: Fevereiro
A15: KM (Rodados) | B15: 1ª Leitura | C15: 2ª Leitura | D15: 3ª Leitura | E15: 4ª Leitura | F15: 15 dias Rodados | G15: 30 dias Rodados | H15: Total Mensal | J15: DATA | K15: 46056 | L15: 46058 | M15: 46065 | N15: 46072 | O15: 46077 | P15: 46079 | Q15: 46081 | Y15: DATA | AH15: DATA
B16: 20350 | E16: 22068 | F16: =SUM(C16-B16) -> -20350 | G16: =SUM(E16-D16) -> 22068 | H16: =SUM(F16:G16) -> 1718 | J16: VALOR | K16: 159.87 | L16: 202.17 | M16: 153.53 | N16: 227.95 | O16: 264 | P16: 118.02 | Q16: 155.28 | Y16: VALOR | AH16: VALOR
T17: TOTAL | U17: =SUM(K16:U16) -> 1280.82 | AD17: TOTAL | AE17: =SUM(Z16:AE16) -> 0 | AM17: TOTAL | AN17: =SUM(AI16:AN16) -> 0
B18: Março | J18: Março | Y18: =J18 -> Março | AH18: =Y18 -> Março
A19: KM (Rodados) | B19: 1ª Leitura | C19: 2ª Leitura | D19: 3ª Leitura | E19: 4ª Leitura | F19: 15 dias Rodados | G19: 30 dias Rodados | H19: Total Mensal | J19: DATA | Y19: DATA | AH19: DATA
B20: 22068 | E20: 24216 | F20: =SUM(C20-B20) -> -22068 | G20: =SUM(E20-D20) -> 24216 | H20: =SUM(F20:G20) -> 2148 | J20: VALOR | Y20: VALOR | AH20: VALOR
T21: TOTAL | U21: =SUM(K20:U20) -> 0 | AD21: TOTAL | AE21: =SUM(Z20:AE20) -> 0 | AM21: TOTAL | AN21: =SUM(AI20:AN20) -> 0
B22: Abril | J22: Abril | Y22: =J22 -> Abril | AH22: =Y22 -> Abril
A23: KM (Rodados) | B23: 1ª Leitura | C23: 2ª Leitura | D23: 3ª Leitura | E23: 4ª Leitura | F23: 15 dias Rodados | G23: 30 dias Rodados | H23: Total Mensal | J23: DATA | K23: 46114 | L23: 46119 | M23: 46123 | Y23: DATA | AH23: DATA
B24: 24216 | E24: 26016 | F24: =SUM(C24-B24) -> -24216 | G24: =SUM(E24-D24) -> 26016 | H24: =SUM(F24:G24) -> 1800 | J24: VALOR | K24: 121.88 | L24: 132.76 | M24: 164.26 | Y24: VALOR | AH24: VALOR
T25: TOTAL | U25: =SUM(K24:U24) -> 418.9 | AD25: TOTAL | AE25: =SUM(Z24:AE24) -> 0 | AM25: TOTAL | AN25: =SUM(AI24:AN24) -> 0
B26: Maio | J26: Maio | Y26: =J26 -> Maio | AH26: =Y26 -> Maio
A27: KM (Rodados) | B27: 1ª Leitura | C27: 2ª Leitura | D27: 3ª Leitura | E27: 4ª Leitura | F27: 15 dias Rodados | G27: 30 dias Rodados | H27: Total Mensal | J27: DATA | Y27: DATA | AH27: DATA
B28: 26016 | E28: 27888 | F28: =SUM(C28-B28) -> -26016 | G28: =SUM(E28-D28) -> 27888 | H28: =SUM(F28:G28) -> 1872 | J28: VALOR | Y28: VALOR | AH28: VALOR
T29: TOTAL | U29: =SUM(K28:U28) -> 0 | AD29: TOTAL | AE29: =SUM(Z28:AE28) -> 0 | AM29: TOTAL | AN29: =SUM(AI28:AN28) -> 0
B30: Junho | J30: Junho | Y30: =J30 -> Junho | AH30: =Y30 -> Junho
A31: KM (Rodados) | B31: 1ª Leitura | C31: 2ª Leitura | D31: 3ª Leitura | E31: 4ª Leitura | F31: 15 dias Rodados | G31: 30 dias Rodados | H31: Total Mensal | J31: DATA | Y31: DATA | AH31: DATA
F32: =SUM(C32-B32) -> 0 | G32: =SUM(E32-D32) -> 0 | H32: =SUM(F32:G32) -> 0 | J32: VALOR | Y32: VALOR | AH32: VALOR
T33: TOTAL | U33: =SUM(K32:U32) -> 0 | AD33: TOTAL | AE33: =SUM(Z32:AE32) -> 0 | AM33: TOTAL | AN33: =SUM(AI32:AN32) -> 0
B34: Julho | J34: Julho | Y34: =J34 -> Julho | AH34: =Y34 -> Julho
A35: KM (Rodados) | B35: 1ª Leitura | C35: 2ª Leitura | D35: 3ª Leitura | E35: 4ª Leitura | F35: 15 dias Rodados | G35: 30 dias Rodados | H35: Total Mensal | J35: DATA | Y35: DATA | AH35: DATA
F36: =SUM(C36-B36) -> 0 | G36: =SUM(E36-D36) -> 0 | H36: =SUM(F36:G36) -> 0 | J36: VALOR | Y36: VALOR | AH36: VALOR
T37: TOTAL | U37: =SUM(K36:U36) -> 0 | AD37: TOTAL | AE37: =SUM(Z36:AE36) -> 0 | AM37: TOTAL | AN37: =SUM(AI36:AN36) -> 0
B38: Agosto | J38: Agosto | Y38: =J38 -> Agosto | AH38: =Y38 -> Agosto
A39: KM (Rodados) | B39: 1ª Leitura | C39: 2ª Leitura | D39: 3ª Leitura | E39: 4ª Leitura | F39: 15 dias Rodados | G39: 30 dias Rodados | H39: Total Mensal | J39: DATA | Y39: DATA | AH39: DATA
F40: =SUM(C40-B40) -> 0 | G40: =SUM(E40-D40) -> 0 | H40: =SUM(F40:G40) -> 0 | J40: VALOR | Y40: VALOR | AH40: VALOR
T41: TOTAL | U41: =SUM(K40:U40) -> 0 | AD41: TOTAL | AE41: =SUM(Z40:AE40) -> 0 | AM41: TOTAL | AN41: =SUM(AI40:AN40) -> 0
B42: Setembro | J42: Setembro | Y42: =J42 -> Setembro | AH42: =Y42 -> Setembro
A43: KM (Rodados) | B43: 1ª Leitura | C43: 2ª Leitura | D43: 3ª Leitura | E43: 4ª Leitura | F43: 15 dias Rodados | G43: 30 dias Rodados | H43: Total Mensal | J43: DATA | Y43: DATA | AH43: DATA
F44: =SUM(C44-B44) -> 0 | G44: =SUM(E44-D44) -> 0 | H44: =SUM(F44:G44) -> 0 | J44: VALOR | Y44: VALOR | AH44: VALOR
T45: TOTAL | U45: =SUM(K44:U44) -> 0 | AD45: TOTAL | AE45: =SUM(Z44:AE44) -> 0 | AM45: TOTAL | AN45: =SUM(AI44:AN44) -> 0
B46: Outubro | J46: Outubro | Y46: =J46 -> Outubro | AH46: =Y46 -> Outubro
A47: KM (Rodados) | B47: 1ª Leitura | C47: 2ª Leitura | D47: 3ª Leitura | E47: 4ª Leitura | F47: 15 dias Rodados | G47: 30 dias Rodados | H47: Total Mensal | J47: DATA | Y47: DATA | AH47: DATA
F48: =SUM(C48-B48) -> 0 | G48: =SUM(E48-D48) -> 0 | H48: =SUM(F48:G48) -> 0 | J48: VALOR | Y48: VALOR | AH48: VALOR
T49: TOTAL | U49: =SUM(K48:U48) -> 0 | AD49: TOTAL | AE49: =SUM(Z48:AE48) -> 0 | AM49: TOTAL | AN49: =SUM(AI48:AN48) -> 0
B50: Novembro | J50: Novembro | Y50: =J50 -> Novembro | AH50: =Y50 -> Novembro
A51: KM (Rodados) | B51: 1ª Leitura | C51: 2ª Leitura | D51: 3ª Leitura | E51: 4ª Leitura | F51: 15 dias Rodados | G51: 30 dias Rodados | H51: Total Mensal | J51: DATA | Y51: DATA | AH51: DATA
F52: =SUM(C52-B52) -> 0 | G52: =SUM(E52-D52) -> 0 | H52: =SUM(F52:G52) -> 0 | J52: VALOR | Y52: VALOR | AH52: VALOR
T53: TOTAL | U53: =SUM(K52:U52) -> 0 | AD53: TOTAL | AE53: =SUM(Z52:AE52) -> 0 | AM53: TOTAL | AN53: =SUM(AI52:AN52) -> 0
B54: Dezembro | J54: Dezembro | Y54: =J54 -> Dezembro | AH54: =Y54 -> Dezembro
A55: KM (Rodados) | B55: 1ª Leitura | C55: 2ª Leitura | D55: 3ª Leitura | E55: 4ª Leitura | F55: 15 dias Rodados | G55: 30 dias Rodados | H55: Total Mensal | J55: DATA | Y55: DATA | AH55: DATA
F56: =SUM(C56-B56) -> 0 | G56: =SUM(E56-D56) -> 0 | H56: =SUM(F56:G56) -> 0 | J56: VALOR | Y56: VALOR | AH56: VALOR
T57: TOTAL | U57: =SUM(K56:U56) -> 0 | AD57: TOTAL | AE57: =SUM(Z56:AE56) -> 0 | AM57: TOTAL | AN57: =SUM(AI56:AN56) -> 0

Sheet Mizael
A2: Veiculo | B2: Argo | D2: Placa: | E2: TWZ9A06 | H2: km | I2: 3000
A3: Troca de Condutor | B3: 46061 | D3: Placa: | E3: TWZ9A06 | H3: Condutores | I3: De Marcilio para Mizael
A4: Substituição (data) | D4: Placa: | H4: Modelo
A5: Contrato de Locação | B5: 2484 | D5: Rastreador | E5: 45 | H5: Data Mob | I5: 46053
A8: REGISTRO DE KM | J8: ABASTECIMENTO | Y8: LAVA_RAPIDO | AH8: BORRACHARIA
B10: Fevereiro | J10: Fevereiro | Y10: Fevereiro | AH10: Fevereiro
A11: KM (Rodados) | B11: 1ª Leitura | C11: 2ª Leitura | D11: 3ª Leitura | E11: 4ª Leitura | F11: 15 dias Rodados | G11: 30 dias Rodados | H11: Total Mensal | J11: DATA | K11: 46063 | L11: 46065 | M11: 46070 | N11: 46072 | O11: 46074 | P11: 46077 | Q11: 46079 | R11: 46081 | Y11: DATA | AH11: DATA
B12: 10858 | E12: 13951 | F12: =SUM(C12-B12) -> -10858 | G12: =SUM(E12-D12) -> 13951 | H12: =SUM(F12:G12) -> 3093 | J12: VALOR | K12: 185.52 | L12: 167.11 | M12: 181.09 | N12: 179.96 | O12: 219.54 | P12: 186.01 | Q12: 190.94 | R12: 187.4 | Y12: VALOR | AH12: VALOR
T13: TOTAL | U13: =SUM(K12:U12) -> 1497.57 | AD13: TOTAL | AE13: =SUM(Z12:AE12) -> 0 | AM13: TOTAL | AN13: =SUM(AI12:AN12) -> 0
B14: Março | J14: Março | Y14: =J14 -> Março | AH14: =Y14 -> Março
A15: KM (Rodados) | B15: 1ª Leitura | C15: 2ª Leitura | D15: 3ª Leitura | E15: 4ª Leitura | F15: 15 dias Rodados | G15: 30 dias Rodados | H15: Total Mensal | J15: DATA | K15: 46086 | L15: 46088 | M15: 46091 | N15: 46093 | O15: 46095 | P15: 46100 | Q15: 46105 | Y15: DATA | AH15: DATA
B16: 13951 | E16: 16414 | F16: =SUM(C16-B16) -> -13951 | G16: =SUM(E16-D16) -> 16414 | H16: =SUM(F16:G16) -> 2463 | J16: VALOR | K16: 130.16 | L16: 114.5 | M16: 130.75 | N16: 144.48 | O16: 182.87 | P16: 220.53 | Q16: 255.73 | Y16: VALOR | AH16: VALOR
T17: TOTAL | U17: =SUM(K16:U16) -> 1179.02 | AD17: TOTAL | AE17: =SUM(Z16:AE16) -> 0 | AM17: TOTAL | AN17: =SUM(AI16:AN16) -> 0
B18: Abril | J18: Abril | Y18: =J18 -> Abril | AH18: =Y18 -> Abril
A19: KM (Rodados) | B19: 1ª Leitura | C19: 2ª Leitura | D19: 3ª Leitura | E19: 4ª Leitura | F19: 15 dias Rodados | G19: 30 dias Rodados | H19: Total Mensal | J19: DATA | K19: 46119 | L19: 46123 | Y19: DATA | AH19: DATA
B20: 16414 | E20: 18929 | F20: =SUM(C20-B20) -> -16414 | G20: =SUM(E20-D20) -> 18929 | H20: =SUM(F20:G20) -> 2515 | J20: VALOR | K20: 243.07 | L20: 244.13 | Y20: VALOR | AH20: VALOR
T21: TOTAL | U21: =SUM(K20:U20) -> 487.2 | AD21: TOTAL | AE21: =SUM(Z20:AE20) -> 0 | AM21: TOTAL | AN21: =SUM(AI20:AN20) -> 0
B22: Maio | J22: Maio | Y22: =J22 -> Maio | AH22: =Y22 -> Maio
A23: KM (Rodados) | B23: 1ª Leitura | C23: 2ª Leitura | D23: 3ª Leitura | E23: 4ª Leitura | F23: 15 dias Rodados | G23: 30 dias Rodados | H23: Total Mensal | J23: DATA | Y23: DATA | AH23: DATA
B24: 18929 | E24: 21635 | F24: =SUM(C24-B24) -> -18929 | G24: =SUM(E24-D24) -> 21635 | H24: =SUM(F24:G24) -> 2706 | J24: VALOR | Y24: VALOR | AH24: VALOR
T25: TOTAL | U25: =SUM(K24:U24) -> 0 | AD25: TOTAL | AE25: =SUM(Z24:AE24) -> 0 | AM25: TOTAL | AN25: =SUM(AI24:AN24) -> 0
B26: Junho | J26: Junho | Y26: =J26 -> Junho | AH26: =Y26 -> Junho
A27: KM (Rodados) | B27: 1ª Leitura | C27: 2ª Leitura | D27: 3ª Leitura | E27: 4ª Leitura | F27: 15 dias Rodados | G27: 30 dias Rodados | H27: Total Mensal | J27: DATA | Y27: DATA | AH27: DATA
F28: =SUM(C28-B28) -> 0 | G28: =SUM(E28-D28) -> 0 | H28: =SUM(F28:G28) -> 0 | J28: VALOR | Y28: VALOR | AH28: VALOR
T29: TOTAL | U29: =SUM(K28:U28) -> 0 | AD29: TOTAL | AE29: =SUM(Z28:AE28) -> 0 | AM29: TOTAL | AN29: =SUM(AI28:AN28) -> 0
B30: Julho | J30: Julho | Y30: =J30 -> Julho | AH30: =Y30 -> Julho
A31: KM (Rodados) | B31: 1ª Leitura | C31: 2ª Leitura | D31: 3ª Leitura | E31: 4ª Leitura | F31: 15 dias Rodados | G31: 30 dias Rodados | H31: Total Mensal | J31: DATA | Y31: DATA | AH31: DATA
F32: =SUM(C32-B32) -> 0 | G32: =SUM(E32-D32) -> 0 | H32: =SUM(F32:G32) -> 0 | J32: VALOR | Y32: VALOR | AH32: VALOR
T33: TOTAL | U33: =SUM(K32:U32) -> 0 | AD33: TOTAL | AE33: =SUM(Z32:AE32) -> 0 | AM33: TOTAL | AN33: =SUM(AI32:AN32) -> 0
B34: Agosto | J34: Agosto | Y34: =J34 -> Agosto | AH34: =Y34 -> Agosto
A35: KM (Rodados) | B35: 1ª Leitura | C35: 2ª Leitura | D35: 3ª Leitura | E35: 4ª Leitura | F35: 15 dias Rodados | G35: 30 dias Rodados | H35: Total Mensal | J35: DATA | Y35: DATA | AH35: DATA
F36: =SUM(C36-B36) -> 0 | G36: =SUM(E36-D36) -> 0 | H36: =SUM(F36:G36) -> 0 | J36: VALOR | Y36: VALOR | AH36: VALOR
T37: TOTAL | U37: =SUM(K36:U36) -> 0 | AD37: TOTAL | AE37: =SUM(Z36:AE36) -> 0 | AM37: TOTAL | AN37: =SUM(AI36:AN36) -> 0
B38: Setembro | J38: Setembro | Y38: =J38 -> Setembro | AH38: =Y38 -> Setembro
A39: KM (Rodados) | B39: 1ª Leitura | C39: 2ª Leitura | D39: 3ª Leitura | E39: 4ª Leitura | F39: 15 dias Rodados | G39: 30 dias Rodados | H39: Total Mensal | J39: DATA | Y39: DATA | AH39: DATA
F40: =SUM(C40-B40) -> 0 | G40: =SUM(E40-D40) -> 0 | H40: =SUM(F40:G40) -> 0 | J40: VALOR | Y40: VALOR | AH40: VALOR
T41: TOTAL | U41: =SUM(K40:U40) -> 0 | AD41: TOTAL | AE41: =SUM(Z40:AE40) -> 0 | AM41: TOTAL | AN41: =SUM(AI40:AN40) -> 0
B42: Outubro | J42: Outubro | Y42: =J42 -> Outubro | AH42: =Y42 -> Outubro
A43: KM (Rodados) | B43: 1ª Leitura | C43: 2ª Leitura | D43: 3ª Leitura | E43: 4ª Leitura | F43: 15 dias Rodados | G43: 30 dias Rodados | H43: Total Mensal | J43: DATA | Y43: DATA | AH43: DATA
F44: =SUM(C44-B44) -> 0 | G44: =SUM(E44-D44) -> 0 | H44: =SUM(F44:G44) -> 0 | J44: VALOR | Y44: VALOR | AH44: VALOR
T45: TOTAL | U45: =SUM(K44:U44) -> 0 | AD45: TOTAL | AE45: =SUM(Z44:AE44) -> 0 | AM45: TOTAL | AN45: =SUM(AI44:AN44) -> 0
B46: Novembro | J46: Novembro | Y46: =J46 -> Novembro | AH46: =Y46 -> Novembro
A47: KM (Rodados) | B47: 1ª Leitura | C47: 2ª Leitura | D47: 3ª Leitura | E47: 4ª Leitura | F47: 15 dias Rodados | G47: 30 dias Rodados | H47: Total Mensal | J47: DATA | Y47: DATA | AH47: DATA
F48: =SUM(C48-B48) -> 0 | G48: =SUM(E48-D48) -> 0 | H48: =SUM(F48:G48) -> 0 | J48: VALOR | Y48: VALOR | AH48: VALOR
T49: TOTAL | U49: =SUM(K48:U48) -> 0 | AD49: TOTAL | AE49: =SUM(Z48:AE48) -> 0 | AM49: TOTAL | AN49: =SUM(AI48:AN48) -> 0
B50: Dezembro | J50: Dezembro | Y50: =J50 -> Dezembro | AH50: =Y50 -> Dezembro
A51: KM (Rodados) | B51: 1ª Leitura | C51: 2ª Leitura | D51: 3ª Leitura | E51: 4ª Leitura | F51: 15 dias Rodados | G51: 30 dias Rodados | H51: Total Mensal | J51: DATA | Y51: DATA | AH51: DATA
F52: =SUM(C52-B52) -> 0 | G52: =SUM(E52-D52) -> 0 | H52: =SUM(F52:G52) -> 0 | J52: VALOR | Y52: VALOR | AH52: VALOR
T53: TOTAL | U53: =SUM(K52:U52) -> 0 | AD53: TOTAL | AE53: =SUM(Z52:AE52) -> 0 | AM53: TOTAL | AN53: =SUM(AI52:AN52) -> 0

Sheet Rigoberto
A2: Veiculo | B2: Polo | D2: Placa: | E2: SUI9F93 | H2: km | I2: 3000
A3: Troca de Condutor | B3: 46034 | D3: Placa: | E3: SUI9F93 | H3: Condutores | I3: Marcilio para Rigoberto
A4: Contrato de Locação | B4: 2484 | D4: Rastreador | E4: 45 | H4: Data Mob | I4: 46032
A7: REGISTRO DE KM | J7: ABASTECIMENTO | Y7: LAVA_RAPIDO | AH7: BORRACHARIA
B9: Janeiro | J9: Janeiro | Y9: Janeiro | AH9: Janeiro
A10: KM (Rodados) | B10: 1ª Leitura | C10: 2ª Leitura | D10: 3ª Leitura | E10: 4ª Leitura | F10: 15 dias Rodados | G10: 30 dias Rodados | H10: Total Mensal | J10: DATA | Y10: DATA | AH10: DATA
B11: 49083 | E11: 50864 | F11: =SUM(C11-B11) -> -49083 | G11: =SUM(E11-D11) -> 50864 | H11: =SUM(F11:G11) -> 1781 | J11: VALOR | Y11: VALOR | AH11: VALOR
T12: TOTAL | U12: =SUM(K11:U11) -> 0 | AD12: TOTAL | AE12: =SUM(Z11:AE11) -> 0 | AM12: TOTAL | AN12: =SUM(AI11:AN11) -> 0
B13: Fevereiro | J13: Fevereiro | Y13: Fevereiro | AH13: Fevereiro
A14: KM (Rodados) | B14: 1ª Leitura | C14: 2ª Leitura | D14: 3ª Leitura | E14: 4ª Leitura | F14: 15 dias Rodados | G14: 30 dias Rodados | H14: Total Mensal | J14: DATA | K14: 46056 | L14: 46060 | M14: 46063 | N14: 46067 | O14: 46070 | P14: 46072 | Y14: DATA | AH14: DATA
B15: 50864 | E15: 53143 | F15: =SUM(C15-B15) -> -50864 | G15: =SUM(E15-D15) -> 53143 | H15: =SUM(F15:G15) -> 2279 | J15: VALOR | K15: 224.64 | L15: 206.29 | M15: 172.99 | N15: 221.11 | O15: 130.05 | P15: 205.51 | Y15: VALOR | AH15: VALOR
T16: TOTAL | U16: =SUM(K15:U15) -> 1160.59 | AD16: TOTAL | AE16: =SUM(Z15:AE15) -> 0 | AM16: TOTAL | AN16: =SUM(AI15:AN15) -> 0
B17: Março | J17: Março | Y17: =J17 -> Março | AH17: =Y17 -> Março
A18: KM (Rodados) | B18: 1ª Leitura | C18: 2ª Leitura | D18: 3ª Leitura | E18: 4ª Leitura | F18: 15 dias Rodados | G18: 30 dias Rodados | H18: Total Mensal | J18: DATA | K18: 46084 | Y18: DATA | AH18: DATA
B19: 53143 | E19: 56219 | F19: =SUM(C19-B19) -> -53143 | G19: =SUM(E19-D19) -> 56219 | H19: =SUM(F19:G19) -> 3076 | J19: VALOR | K19: 147.2 | Y19: VALOR | AH19: VALOR
T20: TOTAL | U20: =SUM(K19:U19) -> 147.2 | AD20: TOTAL | AE20: =SUM(Z19:AE19) -> 0 | AM20: TOTAL | AN20: =SUM(AI19:AN19) -> 0
B21: Abril | J21: Abril | Y21: =J21 -> Abril | AH21: =Y21 -> Abril
A22: KM (Rodados) | B22: 1ª Leitura | C22: 2ª Leitura | D22: 3ª Leitura | E22: 4ª Leitura | F22: 15 dias Rodados | G22: 30 dias Rodados | H22: Total Mensal | J22: DATA | K22: 46116 | L22: 46119 | M22: 46126 | Y22: DATA | AH22: DATA
B23: 56219 | E23: 58827 | F23: =SUM(C23-B23) -> -56219 | G23: =SUM(E23-D23) -> 58827 | H23: =SUM(F23:G23) -> 2608 | J23: VALOR | K23: 196.21 | L23: 115.85 | M23: 189.79 | Y23: VALOR | AH23: VALOR
T24: TOTAL | U24: =SUM(K23:U23) -> 501.85 | AD24: TOTAL | AE24: =SUM(Z23:AE23) -> 0 | AM24: TOTAL | AN24: =SUM(AI23:AN23) -> 0
B25: Maio | J25: Maio | Y25: =J25 -> Maio | AH25: =Y25 -> Maio
A26: KM (Rodados) | B26: 1ª Leitura | C26: 2ª Leitura | D26: 3ª Leitura | E26: 4ª Leitura | F26: 15 dias Rodados | G26: 30 dias Rodados | H26: Total Mensal | J26: DATA | Y26: DATA | AH26: DATA
B27: 58827 | E27: 60472 | F27: =SUM(C27-B27) -> -58827 | G27: =SUM(E27-D27) -> 60472 | H27: =SUM(F27:G27) -> 1645 | J27: VALOR | Y27: VALOR | AH27: VALOR
T28: TOTAL | U28: =SUM(K27:U27) -> 0 | AD28: TOTAL | AE28: =SUM(Z27:AE27) -> 0 | AM28: TOTAL | AN28: =SUM(AI27:AN27) -> 0
B29: Junho | J29: Junho | Y29: =J29 -> Junho | AH29: =Y29 -> Junho
A30: KM (Rodados) | B30: 1ª Leitura | C30: 2ª Leitura | D30: 3ª Leitura | E30: 4ª Leitura | F30: 15 dias Rodados | G30: 30 dias Rodados | H30: Total Mensal | J30: DATA | Y30: DATA | AH30: DATA
F31: =SUM(C31-B31) -> 0 | G31: =SUM(E31-D31) -> 0 | H31: =SUM(F31:G31) -> 0 | J31: VALOR | Y31: VALOR | AH31: VALOR
T32: TOTAL | U32: =SUM(K31:U31) -> 0 | AD32: TOTAL | AE32: =SUM(Z31:AE31) -> 0 | AM32: TOTAL | AN32: =SUM(AI31:AN31) -> 0
B33: Julho | J33: Julho | Y33: =J33 -> Julho | AH33: =Y33 -> Julho
A34: KM (Rodados) | B34: 1ª Leitura | C34: 2ª Leitura | D34: 3ª Leitura | E34: 4ª Leitura | F34: 15 dias Rodados | G34: 30 dias Rodados | H34: Total Mensal | J34: DATA | Y34: DATA | AH34: DATA
F35: =SUM(C35-B35) -> 0 | G35: =SUM(E35-D35) -> 0 | H35: =SUM(F35:G35) -> 0 | J35: VALOR | Y35: VALOR | AH35: VALOR
T36: TOTAL | U36: =SUM(K35:U35) -> 0 | AD36: TOTAL | AE36: =SUM(Z35:AE35) -> 0 | AM36: TOTAL | AN36: =SUM(AI35:AN35) -> 0
B37: Agosto | J37: Agosto | Y37: =J37 -> Agosto | AH37: =Y37 -> Agosto
A38: KM (Rodados) | B38: 1ª Leitura | C38: 2ª Leitura | D38: 3ª Leitura | E38: 4ª Leitura | F38: 15 dias Rodados | G38: 30 dias Rodados | H38: Total Mensal | J38: DATA | Y38: DATA | AH38: DATA
F39: =SUM(C39-B39) -> 0 | G39: =SUM(E39-D39) -> 0 | H39: =SUM(F39:G39) -> 0 | J39: VALOR | Y39: VALOR | AH39: VALOR
T40: TOTAL | U40: =SUM(K39:U39) -> 0 | AD40: TOTAL | AE40: =SUM(Z39:AE39) -> 0 | AM40: TOTAL | AN40: =SUM(AI39:AN39) -> 0
B41: Setembro | J41: Setembro | Y41: =J41 -> Setembro | AH41: =Y41 -> Setembro
A42: KM (Rodados) | B42: 1ª Leitura | C42: 2ª Leitura | D42: 3ª Leitura | E42: 4ª Leitura | F42: 15 dias Rodados | G42: 30 dias Rodados | H42: Total Mensal | J42: DATA | Y42: DATA | AH42: DATA
F43: =SUM(C43-B43) -> 0 | G43: =SUM(E43-D43) -> 0 | H43: =SUM(F43:G43) -> 0 | J43: VALOR | Y43: VALOR | AH43: VALOR
T44: TOTAL | U44: =SUM(K43:U43) -> 0 | AD44: TOTAL | AE44: =SUM(Z43:AE43) -> 0 | AM44: TOTAL | AN44: =SUM(AI43:AN43) -> 0
B45: Outubro | J45: Outubro | Y45: =J45 -> Outubro | AH45: =Y45 -> Outubro
A46: KM (Rodados) | B46: 1ª Leitura | C46: 2ª Leitura | D46: 3ª Leitura | E46: 4ª Leitura | F46: 15 dias Rodados | G46: 30 dias Rodados | H46: Total Mensal | J46: DATA | Y46: DATA | AH46: DATA
F47: =SUM(C47-B47) -> 0 | G47: =SUM(E47-D47) -> 0 | H47: =SUM(F47:G47) -> 0 | J47: VALOR | Y47: VALOR | AH47: VALOR
T48: TOTAL | U48: =SUM(K47:U47) -> 0 | AD48: TOTAL | AE48: =SUM(Z47:AE47) -> 0 | AM48: TOTAL | AN48: =SUM(AI47:AN47) -> 0
B49: Novembro | J49: Novembro | Y49: =J49 -> Novembro | AH49: =Y49 -> Novembro
A50: KM (Rodados) | B50: 1ª Leitura | C50: 2ª Leitura | D50: 3ª Leitura | E50: 4ª Leitura | F50: 15 dias Rodados | G50: 30 dias Rodados | H50: Total Mensal | J50: DATA | Y50: DATA | AH50: DATA
F51: =SUM(C51-B51) -> 0 | G51: =SUM(E51-D51) -> 0 | H51: =SUM(F51:G51) -> 0 | J51: VALOR | Y51: VALOR | AH51: VALOR
T52: TOTAL | U52: =SUM(K51:U51) -> 0 | AD52: TOTAL | AE52: =SUM(Z51:AE51) -> 0 | AM52: TOTAL | AN52: =SUM(AI51:AN51) -> 0
B53: Dezembro | J53: Dezembro | Y53: =J53 -> Dezembro | AH53: =Y53 -> Dezembro
A54: KM (Rodados) | B54: 1ª Leitura | C54: 2ª Leitura | D54: 3ª Leitura | E54: 4ª Leitura | F54: 15 dias Rodados | G54: 30 dias Rodados | H54: Total Mensal | J54: DATA | Y54: DATA | AH54: DATA
F55: =SUM(C55-B55) -> 0 | G55: =SUM(E55-D55) -> 0 | H55: =SUM(F55:G55) -> 0 | J55: VALOR | Y55: VALOR | AH55: VALOR
T56: TOTAL | U56: =SUM(K55:U55) -> 0 | AD56: TOTAL | AE56: =SUM(Z55:AE55) -> 0 | AM56: TOTAL | AN56: =SUM(AI55:AN55) -> 0

Sheet Sávio-Desmob
A2: Veiculo | B2: S10 | D2: Placa: | E2: TEZ7A32 | H2: km | I2: 3000
A3: Substituição (data) | D3: Placa: | H3: Modelo
A4: Contrato de Locação | B4: 7553 | D4: Rastreador | E4: Unidas | H4: Data Mob | I4: 46062 | J4: Data Desmob | K4: 46171
A7: REGISTRO DE KM | J7: ABASTECIMENTO | Y7: LAVA_RAPIDO | AH7: BORRACHARIA
B9: Fevereiro | J9: Fevereiro | Y9: Fevereiro | AH9: Fevereiro
A10: KM (Rodados) | B10: 1ª Leitura | C10: 2ª Leitura | D10: 3ª Leitura | E10: 4ª Leitura | F10: 15 dias Rodados | G10: 30 dias Rodados | H10: Total Mensal | J10: DATA | K10: 46063 | Y10: DATA | AH10: DATA
B11: 17321 | E11: 19100 | F11: =SUM(C11-B11) -> -17321 | G11: =SUM(E11-D11) -> 19100 | H11: =SUM(F11:G11) -> 1779 | J11: VALOR | K11: 367.68 | Y11: VALOR | AH11: VALOR
T12: TOTAL | U12: =SUM(K11:U11) -> 367.68 | AD12: TOTAL | AE12: =SUM(Z11:AE11) -> 0 | AM12: TOTAL | AN12: =SUM(AI11:AN11) -> 0
B13: Março | J13: Março | Y13: =J13 -> Março | AH13: =Y13 -> Março
A14: KM (Rodados) | B14: 1ª Leitura | C14: 2ª Leitura | D14: 3ª Leitura | E14: 4ª Leitura | F14: 15 dias Rodados | G14: 30 dias Rodados | H14: Total Mensal | J14: DATA | Y14: DATA | AH14: DATA
B15: 19100 | E15: 22902 | F15: =SUM(C15-B15) -> -19100 | G15: =SUM(E15-D15) -> 22902 | H15: =SUM(F15:G15) -> 3802 | J15: VALOR | Y15: VALOR | AH15: VALOR
T16: TOTAL | U16: =SUM(K15:U15) -> 0 | AD16: TOTAL | AE16: =SUM(Z15:AE15) -> 0 | AM16: TOTAL | AN16: =SUM(AI15:AN15) -> 0
B17: Abril | J17: Abril | Y17: =J17 -> Abril | AH17: =Y17 -> Abril
A18: KM (Rodados) | B18: 1ª Leitura | C18: 2ª Leitura | D18: 3ª Leitura | E18: 4ª Leitura | F18: 15 dias Rodados | G18: 30 dias Rodados | H18: Total Mensal | J18: DATA | K18: 46119 | L18: 46126 | Y18: DATA | AH18: DATA
B19: 22902 | E19: 25892 | F19: =SUM(C19-B19) -> -22902 | G19: =SUM(E19-D19) -> 25892 | H19: =SUM(F19:G19) -> 2990 | J19: VALOR | K19: 513.73 | L19: 454.54 | Y19: VALOR | AH19: VALOR
T20: TOTAL | U20: =SUM(K19:U19) -> 968.27 | AD20: TOTAL | AE20: =SUM(Z19:AE19) -> 0 | AM20: TOTAL | AN20: =SUM(AI19:AN19) -> 0
B21: Maio | J21: Maio | Y21: =J21 -> Maio | AH21: =Y21 -> Maio
A22: KM (Rodados) | B22: 1ª Leitura | C22: 2ª Leitura | D22: 3ª Leitura | E22: 4ª Leitura | F22: 15 dias Rodados | G22: 30 dias Rodados | H22: Total Mensal | J22: DATA | Y22: DATA | AH22: DATA
B23: 25892 | E23: 29345 | F23: =SUM(C23-B23) -> -25892 | G23: =SUM(E23-D23) -> 29345 | H23: =SUM(F23:G23) -> 3453 | J23: VALOR | Y23: VALOR | AH23: VALOR
T24: TOTAL | U24: =SUM(K23:U23) -> 0 | AD24: TOTAL | AE24: =SUM(Z23:AE23) -> 0 | AM24: TOTAL | AN24: =SUM(AI23:AN23) -> 0
B25: Junho | J25: Junho | Y25: =J25 -> Junho | AH25: =Y25 -> Junho
A26: KM (Rodados) | B26: 1ª Leitura | C26: 2ª Leitura | D26: 3ª Leitura | E26: 4ª Leitura | F26: 15 dias Rodados | G26: 30 dias Rodados | H26: Total Mensal | J26: DATA | Y26: DATA | AH26: DATA
F27: =SUM(C27-B27) -> 0 | G27: =SUM(E27-D27) -> 0 | H27: =SUM(F27:G27) -> 0 | J27: VALOR | Y27: VALOR | AH27: VALOR
T28: TOTAL | U28: =SUM(K27:U27) -> 0 | AD28: TOTAL | AE28: =SUM(Z27:AE27) -> 0 | AM28: TOTAL | AN28: =SUM(AI27:AN27) -> 0
B29: Julho | J29: Julho | Y29: =J29 -> Julho | AH29: =Y29 -> Julho
A30: KM (Rodados) | B30: 1ª Leitura | C30: 2ª Leitura | D30: 3ª Leitura | E30: 4ª Leitura | F30: 15 dias Rodados | G30: 30 dias Rodados | H30: Total Mensal | J30: DATA | Y30: DATA | AH30: DATA
F31: =SUM(C31-B31) -> 0 | G31: =SUM(E31-D31) -> 0 | H31: =SUM(F31:G31) -> 0 | J31: VALOR | Y31: VALOR | AH31: VALOR
T32: TOTAL | U32: =SUM(K31:U31) -> 0 | AD32: TOTAL | AE32: =SUM(Z31:AE31) -> 0 | AM32: TOTAL | AN32: =SUM(AI31:AN31) -> 0
B33: Agosto | J33: Agosto | Y33: =J33 -> Agosto | AH33: =Y33 -> Agosto
A34: KM (Rodados) | B34: 1ª Leitura | C34: 2ª Leitura | D34: 3ª Leitura | E34: 4ª Leitura | F34: 15 dias Rodados | G34: 30 dias Rodados | H34: Total Mensal | J34: DATA | Y34: DATA | AH34: DATA
F35: =SUM(C35-B35) -> 0 | G35: =SUM(E35-D35) -> 0 | H35: =SUM(F35:G35) -> 0 | J35: VALOR | Y35: VALOR | AH35: VALOR
T36: TOTAL | U36: =SUM(K35:U35) -> 0 | AD36: TOTAL | AE36: =SUM(Z35:AE35) -> 0 | AM36: TOTAL | AN36: =SUM(AI35:AN35) -> 0
B37: Setembro | J37: Setembro | Y37: =J37 -> Setembro | AH37: =Y37 -> Setembro
A38: KM (Rodados) | B38: 1ª Leitura | C38: 2ª Leitura | D38: 3ª Leitura | E38: 4ª Leitura | F38: 15 dias Rodados | G38: 30 dias Rodados | H38: Total Mensal | J38: DATA | Y38: DATA | AH38: DATA
F39: =SUM(C39-B39) -> 0 | G39: =SUM(E39-D39) -> 0 | H39: =SUM(F39:G39) -> 0 | J39: VALOR | Y39: VALOR | AH39: VALOR
T40: TOTAL | U40: =SUM(K39:U39) -> 0 | AD40: TOTAL | AE40: =SUM(Z39:AE39) -> 0 | AM40: TOTAL | AN40: =SUM(AI39:AN39) -> 0
B41: Outubro | J41: Outubro | Y41: =J41 -> Outubro | AH41: =Y41 -> Outubro
A42: KM (Rodados) | B42: 1ª Leitura | C42: 2ª Leitura | D42: 3ª Leitura | E42: 4ª Leitura | F42: 15 dias Rodados | G42: 30 dias Rodados | H42: Total Mensal | J42: DATA | Y42: DATA | AH42: DATA
F43: =SUM(C43-B43) -> 0 | G43: =SUM(E43-D43) -> 0 | H43: =SUM(F43:G43) -> 0 | J43: VALOR | Y43: VALOR | AH43: VALOR
T44: TOTAL | U44: =SUM(K43:U43) -> 0 | AD44: TOTAL | AE44: =SUM(Z43:AE43) -> 0 | AM44: TOTAL | AN44: =SUM(AI43:AN43) -> 0
B45: Novembro | J45: Novembro | Y45: =J45 -> Novembro | AH45: =Y45 -> Novembro
A46: KM (Rodados) | B46: 1ª Leitura | C46: 2ª Leitura | D46: 3ª Leitura | E46: 4ª Leitura | F46: 15 dias Rodados | G46: 30 dias Rodados | H46: Total Mensal | J46: DATA | Y46: DATA | AH46: DATA
F47: =SUM(C47-B47) -> 0 | G47: =SUM(E47-D47) -> 0 | H47: =SUM(F47:G47) -> 0 | J47: VALOR | Y47: VALOR | AH47: VALOR
T48: TOTAL | U48: =SUM(K47:U47) -> 0 | AD48: TOTAL | AE48: =SUM(Z47:AE47) -> 0 | AM48: TOTAL | AN48: =SUM(AI47:AN47) -> 0
B49: Dezembro | J49: Dezembro | Y49: =J49 -> Dezembro | AH49: =Y49 -> Dezembro
A50: KM (Rodados) | B50: 1ª Leitura | C50: 2ª Leitura | D50: 3ª Leitura | E50: 4ª Leitura | F50: 15 dias Rodados | G50: 30 dias Rodados | H50: Total Mensal | J50: DATA | Y50: DATA | AH50: DATA
F51: =SUM(C51-B51) -> 0 | G51: =SUM(E51-D51) -> 0 | H51: =SUM(F51:G51) -> 0 | J51: VALOR | Y51: VALOR | AH51: VALOR
T52: TOTAL | U52: =SUM(K51:U51) -> 0 | AD52: TOTAL | AE52: =SUM(Z51:AE51) -> 0 | AM52: TOTAL | AN52: =SUM(AI51:AN51) -> 0

Sheet Ilo Hilton-Desmob
A2: Veiculo | B2: Polo | D2: Placa: | E2: DHQ9H62 | H2: KM | I2: 3000
A3: Substituição (data) | D3: Placa: | H3: Modelo
A4: Contrato de Locação | B4: 2484 | D4: Rastreador | E4: 45 | H4: Data Mob. | I4: 45941 | J4: Data Desmob. | K4: 46150
A7: REGISTRO DE KM | J7: ABASTECIMENTO | Y7: LAVA_RAPIDO | AH7: BORRACHARIA
A9: {=A9:AE12} -> 0 | B9: Fevereiro | J9: Fevereiro | Y9: Fevereiro | AH9: Fevereiro
A10: KM (Rodados) | B10: 1ª Leitura | C10: 2ª Leitura | D10: 3ª Leitura | E10: 4ª Leitura | F10: 15 dias Rodados | G10: 30 dias Rodados | H10: Total Mensal | J10: DATA | Y10: DATA | AH10: DATA
F11: =SUM(C11-B11) -> 0 | G11: =SUM(E11-D11) -> 0 | H11: =SUM(F11:G11) -> 0 | J11: VALOR | Y11: VALOR | AH11: VALOR
T12: TOTAL | U12: =SUM(K11:U11) -> 0 | AD12: TOTAL | AE12: =SUM(Z11:AE11) -> 0 | AM12: TOTAL | AN12: =SUM(AI11:AN11) -> 0
B13: Março | J13: Março | Y13: =J13 -> Março | AH13: =Y13 -> Março
A14: KM (Rodados) | B14: 1ª Leitura | C14: 2ª Leitura | D14: 3ª Leitura | E14: 4ª Leitura | F14: 15 dias Rodados | G14: 30 dias Rodados | H14: Total Mensal | J14: DATA | Y14: DATA | AH14: DATA
F15: =SUM(C15-B15) -> 0 | G15: =SUM(E15-D15) -> 0 | H15: =SUM(F15:G15) -> 0 | J15: VALOR | Y15: VALOR | AH15: VALOR
T16: TOTAL | U16: =SUM(K15:U15) -> 0 | AD16: TOTAL | AE16: =SUM(Z15:AE15) -> 0 | AM16: TOTAL | AN16: =SUM(AI15:AN15) -> 0
B17: Abril | J17: Abril | Y17: =J17 -> Abril | AH17: =Y17 -> Abril
A18: KM (Rodados) | B18: 1ª Leitura | C18: 2ª Leitura | D18: 3ª Leitura | E18: 4ª Leitura | F18: 15 dias Rodados | G18: 30 dias Rodados | H18: Total Mensal | J18: DATA | Y18: DATA | AH18: DATA
F19: =SUM(C19-B19) -> 0 | G19: =SUM(E19-D19) -> 0 | H19: =SUM(F19:G19) -> 0 | J19: VALOR | Y19: VALOR | AH19: VALOR
T20: TOTAL | U20: =SUM(K19:U19) -> 0 | AD20: TOTAL | AE20: =SUM(Z19:AE19) -> 0 | AM20: TOTAL | AN20: =SUM(AI19:AN19) -> 0
B21: Maio | J21: Maio | Y21: =J21 -> Maio | AH21: =Y21 -> Maio
A22: KM (Rodados) | B22: 1ª Leitura | C22: 2ª Leitura | D22: 3ª Leitura | E22: 4ª Leitura | F22: 15 dias Rodados | G22: 30 dias Rodados | H22: Total Mensal | J22: DATA | Y22: DATA | AH22: DATA
F23: =SUM(C23-B23) -> 0 | G23: =SUM(E23-D23) -> 0 | H23: =SUM(F23:G23) -> 0 | J23: VALOR | Y23: VALOR | AH23: VALOR
T24: TOTAL | U24: =SUM(K23:U23) -> 0 | AD24: TOTAL | AE24: =SUM(Z23:AE23) -> 0 | AM24: TOTAL | AN24: =SUM(AI23:AN23) -> 0
B25: Junho | J25: Junho | Y25: =J25 -> Junho | AH25: =Y25 -> Junho
A26: KM (Rodados) | B26: 1ª Leitura | C26: 2ª Leitura | D26: 3ª Leitura | E26: 4ª Leitura | F26: 15 dias Rodados | G26: 30 dias Rodados | H26: Total Mensal | J26: DATA | Y26: DATA | AH26: DATA
F27: =SUM(C27-B27) -> 0 | G27: =SUM(E27-D27) -> 0 | H27: =SUM(F27:G27) -> 0 | J27: VALOR | Y27: VALOR | AH27: VALOR
T28: TOTAL | U28: =SUM(K27:U27) -> 0 | AD28: TOTAL | AE28: =SUM(Z27:AE27) -> 0 | AM28: TOTAL | AN28: =SUM(AI27:AN27) -> 0
B29: Julho | J29: Julho | Y29: =J29 -> Julho | AH29: =Y29 -> Julho
A30: KM (Rodados) | B30: 1ª Leitura | C30: 2ª Leitura | D30: 3ª Leitura | E30: 4ª Leitura | F30: 15 dias Rodados | G30: 30 dias Rodados | H30: Total Mensal | J30: DATA | Y30: DATA | AH30: DATA
F31: =SUM(C31-B31) -> 0 | G31: =SUM(E31-D31) -> 0 | H31: =SUM(F31:G31) -> 0 | J31: VALOR | Y31: VALOR | AH31: VALOR
T32: TOTAL | U32: =SUM(K31:U31) -> 0 | AD32: TOTAL | AE32: =SUM(Z31:AE31) -> 0 | AM32: TOTAL | AN32: =SUM(AI31:AN31) -> 0
B33: Agosto | J33: Agosto | Y33: =J33 -> Agosto | AH33: =Y33 -> Agosto
A34: KM (Rodados) | B34: 1ª Leitura | C34: 2ª Leitura | D34: 3ª Leitura | E34: 4ª Leitura | F34: 15 dias Rodados | G34: 30 dias Rodados | H34: Total Mensal | J34: DATA | Y34: DATA | AH34: DATA
F35: =SUM(C35-B35) -> 0 | G35: =SUM(E35-D35) -> 0 | H35: =SUM(F35:G35) -> 0 | J35: VALOR | Y35: VALOR | AH35: VALOR
T36: TOTAL | U36: =SUM(K35:U35) -> 0 | AD36: TOTAL | AE36: =SUM(Z35:AE35) -> 0 | AM36: TOTAL | AN36: =SUM(AI35:AN35) -> 0
B37: Setembro | J37: Setembro | Y37: =J37 -> Setembro | AH37: =Y37 -> Setembro
A38: KM (Rodados) | B38: 1ª Leitura | C38: 2ª Leitura | D38: 3ª Leitura | E38: 4ª Leitura | F38: 15 dias Rodados | G38: 30 dias Rodados | H38: Total Mensal | J38: DATA | Y38: DATA | AH38: DATA
F39: =SUM(C39-B39) -> 0 | G39: =SUM(E39-D39) -> 0 | H39: =SUM(F39:G39) -> 0 | J39: VALOR | Y39: VALOR | AH39: VALOR
T40: TOTAL | U40: =SUM(K39:U39) -> 0 | AD40: TOTAL | AE40: =SUM(Z39:AE39) -> 0 | AM40: TOTAL | AN40: =SUM(AI39:AN39) -> 0
B41: Outubro | J41: Outubro | Y41: =J41 -> Outubro | AH41: =Y41 -> Outubro
A42: KM (Rodados) | B42: 1ª Leitura | C42: 2ª Leitura | D42: 3ª Leitura | E42: 4ª Leitura | F42: 15 dias Rodados | G42: 30 dias Rodados | H42: Total Mensal | J42: DATA | K42: 45944 | L42: 45946 | M42: 45953 | N42: 45958 | Y42: DATA | AH42: DATA
B43: 44397 | C43: 44865 | D43: 44865 | E43: 45978 | F43: =SUM(C43-B43) -> 468 | G43: =SUM(E43-D43) -> 1113 | H43: =SUM(F43:G43) -> 1581 | J43: VALOR | K43: 265.12 | L43: 188.06 | M43: 259.04 | N43: 255.02 | Y43: VALOR | AH43: VALOR
T44: TOTAL | U44: =SUM(K43:U43) -> 967.24 | AD44: TOTAL | AE44: =SUM(Z43:AE43) -> 0 | AM44: TOTAL | AN44: =SUM(AI43:AN43) -> 0
B45: Novembro | J45: Novembro | Y45: =J45 -> Novembro | AH45: =Y45 -> Novembro
A46: KM (Rodados) | B46: 1ª Leitura | C46: 2ª Leitura | D46: 3ª Leitura | E46: 4ª Leitura | F46: 15 dias Rodados | G46: 30 dias Rodados | H46: Total Mensal | J46: DATA | K46: 45967 | L46: 45972 | M46: 45974 | Y46: DATA | AH46: DATA
B47: 45978 | C47: 46946 | D47: 46946 | E47: 48273 | F47: =SUM(C47-B47) -> 968 | G47: =SUM(E47-D47) -> 1327 | H47: =SUM(F47:G47) -> 2295 | J47: VALOR | K47: 205.05 | L47: 207.39 | M47: 240.1 | Y47: VALOR | AH47: VALOR
T48: TOTAL | U48: =SUM(K47:U47) -> 652.54 | AD48: TOTAL | AE48: =SUM(Z47:AE47) -> 0 | AM48: TOTAL | AN48: =SUM(AI47:AN47) -> 0
B49: Dezembro | J49: Dezembro | Y49: =J49 -> Dezembro | AH49: =Y49 -> Dezembro
A50: KM (Rodados) | B50: 1ª Leitura | C50: 2ª Leitura | D50: 3ª Leitura | E50: 4ª Leitura | F50: 15 dias Rodados | G50: 30 dias Rodados | H50: Total Mensal | J50: DATA | K50: 45993 | L50: 45995 | M50: 46000 | N50: 46003 | O50: 46007 | P50: 46009 | Q50: 46014 | Y50: DATA | AH50: DATA
B51: 48273 | C51: 49616 | D51: 49616 | E51: 50326 | F51: =SUM(C51-B51) -> 1343 | G51: =SUM(E51-D51) -> 710 | H51: =SUM(F51:G51) -> 2053 | J51: VALOR | K51: 213.01 | L51: 280.04 | M51: 285.13 | N51: 178.02 | O51: 205.05 | P51: 242.04 | Q51: 247.53 | Y51: VALOR | AH51: VALOR
T52: TOTAL | U52: =SUM(K51:U51) -> 1650.82 | AD52: TOTAL | AE52: =SUM(Z51:AE51) -> 0 | AM52: TOTAL | AN52: =SUM(AI51:AN51) -> 0
A53: 2026 | B53: Janeiro | J53: Janeiro | Y53: Janeiro | AH53: Janeiro
A54: KM (Rodados) | B54: 1ª Leitura | C54: 2ª Leitura | D54: 3ª Leitura | E54: 4ª Leitura | F54: 15 dias Rodados | G54: 30 dias Rodados | H54: Total Mensal | J54: DATA | K54: 46028 | L54: 46030 | M54: 46035 | N54: 46039 | O54: 46042 | P54: 46044 | Q54: 46049 | R54: 46051 | S54: 46053 | Y54: DATA | AH54: DATA
B55: 50326 | C55: 51154 | D55: 51154 | E55: 52747 | F55: =SUM(C55-B55) -> 828 | G55: =SUM(E55-D55) -> 1593 | H55: =SUM(F55:G55) -> 2421 | J55: VALOR | K55: 186.05 | L55: 224.78 | M55: 261.84 | N55: 200.03 | O55: 277.03 | P55: 177.75 | Q55: 171.06 | R55: 220.03 | S55: 200.1 | Y55: VALOR | AH55: VALOR
T56: TOTAL | U56: =SUM(K55:U55) -> 1918.67 | AD56: TOTAL | AE56: =SUM(Z55:AE55) -> 0 | AM56: TOTAL | AN56: =SUM(AI55:AN55) -> 0
B57: Fevereiro | J57: Fevereiro | Y57: Fevereiro | AH57: Fevereiro
A58: KM (Rodados) | B58: 1ª Leitura | C58: 2ª Leitura | D58: 3ª Leitura | E58: 4ª Leitura | F58: 15 dias Rodados | G58: 30 dias Rodados | H58: Total Mensal | J58: DATA | K58: 46056 | L58: 46058 | M58: 46063 | N58: 46065 | O58: 46067 | P58: 46070 | Q58: 46072 | R58: 46074 | S58: 46077 | T58: 46079 | Y58: DATA | AH58: DATA
B59: 52747 | E59: 54985 | F59: =SUM(C59-B59) -> -52747 | G59: =SUM(E59-D59) -> 54985 | H59: =SUM(F59:G59) -> 2238 | J59: VALOR | K59: 295.03 | L59: 145.04 | M59: 273.22 | N59: 130.05 | O59: 155.02 | P59: 206.05 | Q59: 132.51 | R59: 83.36 | S59: 93.66 | T59: 155.01 | Y59: VALOR | AH59: VALOR
T60: TOTAL | U60: =SUM(K59:U59) -> 1668.95 | AD60: TOTAL | AE60: =SUM(Z59:AE59) -> 0 | AM60: TOTAL | AN60: =SUM(AI59:AN59) -> 0
B61: Março | J61: Março | Y61: =J61 -> Março | AH61: =Y61 -> Março
A62: KM (Rodados) | B62: 1ª Leitura | C62: 2ª Leitura | D62: 3ª Leitura | E62: 4ª Leitura | F62: 15 dias Rodados | G62: 30 dias Rodados | H62: Total Mensal | J62: DATA | Y62: DATA | AH62: DATA
B63: 54985 | E63: 58013 | F63: =SUM(C63-B63) -> -54985 | G63: =SUM(E63-D63) -> 58013 | H63: =SUM(F63:G63) -> 3028 | J63: VALOR | Y63: VALOR | AH63: VALOR
T64: TOTAL | U64: =SUM(K63:U63) -> 0 | AD64: TOTAL | AE64: =SUM(Z63:AE63) -> 0 | AM64: TOTAL | AN64: =SUM(AI63:AN63) -> 0
B65: Abril | J65: Abril | Y65: =J65 -> Abril | AH65: =Y65 -> Abril
A66: KM (Rodados) | B66: 1ª Leitura | C66: 2ª Leitura | D66: 3ª Leitura | E66: 4ª Leitura | F66: 15 dias Rodados | G66: 30 dias Rodados | H66: Total Mensal | J66: DATA | K66: 46116 | L66: 46126 | Y66: DATA | AH66: DATA
B67: 58013 | E67: 60655 | F67: =SUM(C67-B67) -> -58013 | G67: =SUM(E67-D67) -> 60655 | H67: =SUM(F67:G67) -> 2642 | J67: VALOR | K67: 217.81 | L67: 159.38 | Y67: VALOR | AH67: VALOR
T68: TOTAL | U68: =SUM(K67:U67) -> 377.19 | AD68: TOTAL | AE68: =SUM(Z67:AE67) -> 0 | AM68: TOTAL | AN68: =SUM(AI67:AN67) -> 0
B69: Maio | J69: Maio | Y69: =J69 -> Maio | AH69: =Y69 -> Maio
A70: KM (Rodados) | B70: 1ª Leitura | C70: 2ª Leitura | D70: 3ª Leitura | E70: 4ª Leitura | F70: 15 dias Rodados | G70: 30 dias Rodados | H70: Total Mensal | J70: DATA | Y70: DATA | AH70: DATA
B71: 60655 | C71: 61516 | F71: =SUM(C71-B71) -> 861 | G71: =SUM(E71-D71) -> 0 | H71: =SUM(F71:G71) -> 861 | J71: VALOR | Y71: VALOR | AH71: VALOR
T72: TOTAL | U72: =SUM(K71:U71) -> 0 | AD72: TOTAL | AE72: =SUM(Z71:AE71) -> 0 | AM72: TOTAL | AN72: =SUM(AI71:AN71) -> 0
B73: Junho | J73: Junho | Y73: =J73 -> Junho | AH73: =Y73 -> Junho
A74: KM (Rodados) | B74: 1ª Leitura | C74: 2ª Leitura | D74: 3ª Leitura | E74: 4ª Leitura | F74: 15 dias Rodados | G74: 30 dias Rodados | H74: Total Mensal | J74: DATA | Y74: DATA | AH74: DATA
F75: =SUM(C75-B75) -> 0 | G75: =SUM(E75-D75) -> 0 | H75: =SUM(F75:G75) -> 0 | J75: VALOR | Y75: VALOR | AH75: VALOR
T76: TOTAL | U76: =SUM(K75:U75) -> 0 | AD76: TOTAL | AE76: =SUM(Z75:AE75) -> 0 | AM76: TOTAL | AN76: =SUM(AI75:AN75) -> 0
B77: Julho | J77: Julho | Y77: =J77 -> Julho | AH77: =Y77 -> Julho
A78: KM (Rodados) | B78: 1ª Leitura | C78: 2ª Leitura | D78: 3ª Leitura | E78: 4ª Leitura | F78: 15 dias Rodados | G78: 30 dias Rodados | H78: Total Mensal | J78: DATA | Y78: DATA | AH78: DATA
F79: =SUM(C79-B79) -> 0 | G79: =SUM(E79-D79) -> 0 | H79: =SUM(F79:G79) -> 0 | J79: VALOR | Y79: VALOR | AH79: VALOR
T80: TOTAL | U80: =SUM(K79:U79) -> 0 | AD80: TOTAL | AE80: =SUM(Z79:AE79) -> 0 | AM80: TOTAL | AN80: =SUM(AI79:AN79) -> 0
B81: Agosto | J81: Agosto | Y81: =J81 -> Agosto | AH81: =Y81 -> Agosto
A82: KM (Rodados) | B82: 1ª Leitura | C82: 2ª Leitura | D82: 3ª Leitura | E82: 4ª Leitura | F82: 15 dias Rodados | G82: 30 dias Rodados | H82: Total Mensal | J82: DATA | Y82: DATA | AH82: DATA
F83: =SUM(C83-B83) -> 0 | G83: =SUM(E83-D83) -> 0 | H83: =SUM(F83:G83) -> 0 | J83: VALOR | Y83: VALOR | AH83: VALOR
T84: TOTAL | U84: =SUM(K83:U83) -> 0 | AD84: TOTAL | AE84: =SUM(Z83:AE83) -> 0 | AM84: TOTAL | AN84: =SUM(AI83:AN83) -> 0
B85: Setembro | J85: Setembro | Y85: =J85 -> Setembro | AH85: =Y85 -> Setembro
A86: KM (Rodados) | B86: 1ª Leitura | C86: 2ª Leitura | D86: 3ª Leitura | E86: 4ª Leitura | F86: 15 dias Rodados | G86: 30 dias Rodados | H86: Total Mensal | J86: DATA | Y86: DATA | AH86: DATA
F87: =SUM(C87-B87) -> 0 | G87: =SUM(E87-D87) -> 0 | H87: =SUM(F87:G87) -> 0 | J87: VALOR | Y87: VALOR | AH87: VALOR
T88: TOTAL | U88: =SUM(K87:U87) -> 0 | AD88: TOTAL | AE88: =SUM(Z87:AE87) -> 0 | AM88: TOTAL | AN88: =SUM(AI87:AN87) -> 0

Sheet Alain-Desmob
A2: Veiculo | B2: S10 | D2: Placa: | E2: TDP1E16 | H2: KM | I2: 3000
A3: Troca de Condutor | B3: 45819 | D3: Placa: | E3: TDP1E16 | H3: Condutores: | I3: Eider Breno para Alain
A4: Substituição (data) | D4: Placa: | H4: Modelo
A5: Contrato de Locação | B5: 7553 | D5: Rastreador | E5: 45 | H5: Data mob. | I5: 45714 | J5: Data Desmob. | K5: 46112
A8: REGISTRO DE KM | J8: ABASTECIMENTO | W8: LAVA_RAPIDO | AE8: BORRACHARIA
B10: Fevereiro | J10: Fevereiro | W10: Fevereiro | AE10: Fevereiro
A11: KM (Rodados) | B11: 1ª Leitura | C11: 2ª Leitura | D11: 3ª Leitura | E11: 4ª Leitura | F11: 15 dias Rodados | G11: 30 dias Rodados | H11: Total Mensal | J11: DATA | W11: DATA | AE11: DATA
D12: 79 | E12: 405 | F12: =SUM(C12-B12) -> 0 | G12: =SUM(E12-D12) -> 326 | H12: =SUM(F12:G12) -> 326 | J12: VALOR | W12: VALOR | AE12: VALOR
T13: TOTAL | U13: =SUM(K12:U12) -> 0 | AB13: TOTAL | AC13: =SUM(X12:AC12) -> 0 | AJ13: TOTAL | AK13: =SUM(AF12:AK12) -> 0
B14: Março | J14: Março | W14: =J14 -> Março | AE14: =W14 -> Março
A15: KM (Rodados) | B15: 1ª Leitura | C15: 2ª Leitura | D15: 3ª Leitura | E15: 4ª Leitura | F15: 15 dias Rodados | G15: 30 dias Rodados | H15: Total Mensal | J15: DATA | K15: 45724 | L15: 45727 | M15: 45731 | N15: 45734 | O15: 45738 | P15: 45744 | W15: DATA | AE15: DATA
B16: 405 | C16: 1709 | D16: 1709 | E16: 3888 | F16: =SUM(C16-B16) -> 1304 | G16: =SUM(E16-D16) -> 2179 | H16: =SUM(F16:G16) -> 3483 | J16: VALOR | K16: 362.65 | L16: 236.93 | M16: 258.83 | N16: 222.68 | O16: 327.21 | P16: 395.75 | W16: VALOR | AE16: VALOR
T17: TOTAL | U17: =SUM(K16:U16) -> 1804.05 | AB17: TOTAL | AC17: =SUM(X16:AC16) -> 0 | AJ17: TOTAL | AK17: =SUM(AF16:AK16) -> 0
B18: Abril | J18: Abril | W18: =J18 -> Abril | AE18: =W18 -> Abril
A19: KM (Rodados) | B19: 1ª Leitura | C19: 2ª Leitura | D19: 3ª Leitura | E19: 4ª Leitura | F19: 15 dias Rodados | G19: 30 dias Rodados | H19: Total Mensal | J19: DATA | K19: 45750 | L19: 45755 | M19: 45761 | N19: 45764 | O19: 45773 | W19: DATA | AE19: DATA
B20: 3888 | C20: 5313 | D20: 5313 | E20: 7156 | F20: =SUM(C20-B20) -> 1425 | G20: =SUM(E20-D20) -> 1843 | H20: =SUM(F20:G20) -> 3268 | J20: VALOR | K20: 425.6 | L20: 396.25 | M20: 398.98 | N20: 211.68 | O20: 333.94 | W20: VALOR | AE20: VALOR
T21: TOTAL | U21: =SUM(K20:U20) -> 1766.45 | AB21: TOTAL | AC21: =SUM(X20:AC20) -> 0 | AJ21: TOTAL | AK21: =SUM(AF20:AK20) -> 0
B22: Maio | J22: Maio | W22: =J22 -> Maio | AE22: =W22 -> Maio
A23: KM (Rodados) | B23: 1ª Leitura | C23: 2ª Leitura | D23: 3ª Leitura | E23: 4ª Leitura | F23: 15 dias Rodados | G23: 30 dias Rodados | H23: Total Mensal | J23: DATA | K23: 45780 | L23: 45785 | M23: 45787 | N23: 45790 | O23: 45794 | P23: 45799 | Q23: 45801 | R23: 45804 | W23: DATA | AE23: DATA
B24: 7156 | C24: 9263 | D24: 9263 | E24: 11333 | F24: =SUM(C24-B24) -> 2107 | G24: =SUM(E24-D24) -> 2070 | H24: =SUM(F24:G24) -> 4177 | J24: VALOR | K24: 395.85 | L24: 228.91 | M24: 112.39 | N24: 219.66 | O24: 199.33 | P24: 360.64 | Q24: 233.29 | R24: 149.53 | W24: VALOR | AE24: VALOR
T25: TOTAL | U25: =SUM(K24:U24) -> 1899.6 | AB25: TOTAL | AC25: =SUM(X24:AC24) -> 0 | AJ25: TOTAL | AK25: =SUM(AF24:AK24) -> 0
B26: Junho | J26: Junho | W26: =J26 -> Junho | AE26: =W26 -> Junho
A27: KM (Rodados) | B27: 1ª Leitura | C27: 2ª Leitura | D27: 3ª Leitura | E27: 4ª Leitura | F27: 15 dias Rodados | G27: 30 dias Rodados | H27: Total Mensal | J27: DATA | K27: 45811 | L27: 45818 | M27: 45822 | N27: 45825 | O27: 45832 | P27: 45834 | W27: DATA | AE27: DATA
B28: 11333 | C28: 13054 | D28: 13054 | E28: 15504 | F28: =SUM(C28-B28) -> 1721 | G28: =SUM(E28-D28) -> 2450 | H28: =SUM(F28:G28) -> 4171 | J28: VALOR | K28: 377.16 | L28: 334.88 | M28: 414.58 | N28: 314.67 | O28: 346.84 | P28: 185.27 | W28: VALOR | AE28: VALOR
T29: TOTAL | U29: =SUM(K28:U28) -> 1973.4 | AB29: TOTAL | AC29: =SUM(X28:AC28) -> 0 | AJ29: TOTAL | AK29: =SUM(AF28:AK28) -> 0
B30: Julho | J30: Julho | W30: =J30 -> Julho | AE30: =W30 -> Julho
A31: KM (Rodados) | B31: 1ª Leitura | C31: 2ª Leitura | D31: 3ª Leitura | E31: 4ª Leitura | F31: 15 dias Rodados | G31: 30 dias Rodados | H31: Total Mensal | J31: DATA | K31: 45839 | L31: 45841 | M31: 45850 | N31: 45855 | O31: 45860 | P31: 45864 | Q31: 45869 | W31: DATA | AE31: DATA
B32: 15504 | C32: 16951 | D32: 16951 | E32: 18642 | F32: =SUM(C32-B32) -> 1447 | G32: =SUM(E32-D32) -> 1691 | H32: =SUM(F32:G32) -> 3138 | J32: VALOR | K32: 456.12 | L32: 345.3 | M32: 429.51 | N32: 292.16 | O32: 322.78 | P32: 260.97 | Q32: 289.5 | W32: VALOR | AE32: VALOR
T33: TOTAL | U33: =SUM(K32:U32) -> 2396.34 | AB33: TOTAL | AC33: =SUM(X32:AC32) -> 0 | AJ33: TOTAL | AK33: =SUM(AF32:AK32) -> 0
B34: Agosto | J34: Agosto | W34: =J34 -> Agosto | AE34: =W34 -> Agosto
A35: KM (Rodados) | B35: 1ª Leitura | C35: 2ª Leitura | D35: 3ª Leitura | E35: 4ª Leitura | F35: 15 dias Rodados | G35: 30 dias Rodados | H35: Total Mensal | J35: DATA | K35: 45874 | L35: 45876 | M35: 45881 | N35: 45883 | O35: 45888 | P35: 45890 | Q35: 45895 | R35: 45897 | W35: DATA | AE35: DATA
B36: 18642 | C36: 20306 | D36: 20306 | E36: 22426 | F36: =SUM(C36-B36) -> 1664 | G36: =SUM(E36-D36) -> 2120 | H36: =SUM(F36:G36) -> 3784 | J36: VALOR | K36: 270.12 | L36: 290 | M36: 352.01 | N36: 195.06 | O36: 353.04 | P36: 262.03 | Q36: 450.05 | R36: 235.05 | W36: VALOR | AE36: VALOR
T37: TOTAL | U37: =SUM(K36:U36) -> 2407.36 | AB37: TOTAL | AC37: =SUM(X36:AC36) -> 0 | AJ37: TOTAL | AK37: =SUM(AF36:AK36) -> 0
B38: Setembro | J38: Setembro | W38: =J38 -> Setembro | AE38: =W38 -> Setembro
A39: KM (Rodados) | B39: 1ª Leitura | C39: 2ª Leitura | D39: 3ª Leitura | E39: 4ª Leitura | F39: 15 dias Rodados | G39: 30 dias Rodados | H39: Total Mensal | J39: DATA | K39: 45902 | L39: 45904 | M39: 45909 | N39: 45911 | O39: 45923 | P39: 45925 | Q39: 45930 | W39: DATA | X39: 45905 | Y39: 45911 | Z39: 45926 | AE39: DATA
B40: 22426 | C40: 23811 | D40: 23811 | E40: 25161 | F40: =SUM(C40-B40) -> 1385 | G40: =SUM(E40-D40) -> 1350 | H40: =SUM(F40:G40) -> 2735 | J40: VALOR | K40: 435.03 | L40: 185 | M40: 266.09 | N40: 170 | O40: 303.16 | P40: 170.05 | Q40: 260.17 | W40: VALOR | X40: 60 | Y40: 60 | Z40: 60 | AE40: VALOR
T41: TOTAL | U41: =SUM(K40:U40) -> 1789.5 | AB41: TOTAL | AC41: =SUM(X40:AC40) -> 180 | AJ41: TOTAL | AK41: =SUM(AF40:AK40) -> 0
B42: Outubro | J42: Outubro | W42: =J42 -> Outubro | AE42: =W42 -> Outubro
A43: KM (Rodados) | B43: 1ª Leitura | C43: 2ª Leitura | D43: 3ª Leitura | E43: 4ª Leitura | F43: 15 dias Rodados | G43: 30 dias Rodados | H43: Total Mensal | J43: DATA | K43: 45932 | L43: 45937 | M43: 45939 | N43: 45944 | O43: 45951 | P43: 45953 | Q43: 45958 | R43: 45960 | W43: DATA | AE43: DATA
B44: 25161 | C44: 27660 | D44: 27660 | E44: 29505 | F44: =SUM(C44-B44) -> 2499 | G44: =SUM(E44-D44) -> 1845 | H44: =SUM(F44:G44) -> 4344 | J44: VALOR | K44: 253 | L44: 516.06 | M44: 245.08 | N44: 317.01 | O44: 485.06 | P44: 180.24 | Q44: 365.56 | R44: 170.05 | W44: VALOR | AE44: VALOR
T45: TOTAL | U45: =SUM(K44:U44) -> 2532.06 | AB45: TOTAL | AC45: =SUM(X44:AC44) -> 0 | AJ45: TOTAL | AK45: =SUM(AF44:AK44) -> 0
B46: Novembro | J46: Novembro | W46: =J46 -> Novembro | AE46: =W46 -> Novembro
A47: KM (Rodados) | B47: 1ª Leitura | C47: 2ª Leitura | D47: 3ª Leitura | E47: 4ª Leitura | F47: 15 dias Rodados | G47: 30 dias Rodados | H47: Total Mensal | J47: DATA | K47: 45965 | L47: 45972 | M47: 45976 | N47: 45983 | O47: 45986 | W47: DATA | AE47: DATA
B48: 29505 | C48: 30646 | D48: 30646 | E48: 31983 | F48: =SUM(C48-B48) -> 1141 | G48: =SUM(E48-D48) -> 1337 | H48: =SUM(F48:G48) -> 2478 | J48: VALOR | K48: 233.53 | L48: 290.97 | M48: 256.39 | N48: 390.04 | O48: 410.02 | W48: VALOR | AE48: VALOR
T49: TOTAL | U49: =SUM(K48:U48) -> 1580.95 | AB49: TOTAL | AC49: =SUM(X48:AC48) -> 0 | AJ49: TOTAL | AK49: =SUM(AF48:AK48) -> 0
B50: Dezembro | J50: Dezembro | W50: =J50 -> Dezembro | AE50: =W50 -> Dezembro
A51: KM (Rodados) | B51: 1ª Leitura | C51: 2ª Leitura | D51: 3ª Leitura | E51: 4ª Leitura | F51: 15 dias Rodados | G51: 30 dias Rodados | H51: Total Mensal | J51: DATA | K51: 45995 | L51: 46000 | M51: 46007 | W51: DATA | AE51: DATA
B52: 31983 | C52: 33707 | D52: 33707 | E52: 35354 | F52: =SUM(C52-B52) -> 1724 | G52: =SUM(E52-D52) -> 1647 | H52: =SUM(F52:G52) -> 3371 | J52: VALOR | K52: 400.03 | L52: 385.01 | M52: 500.01 | W52: VALOR | AE52: VALOR
T53: TOTAL | U53: =SUM(K52:U52) -> 1285.05 | AB53: TOTAL | AC53: =SUM(X52:AC52) -> 0 | AJ53: TOTAL | AK53: =SUM(AF52:AK52) -> 0
A54: 2026 | B54: Janeiro | J54: Janeiro | Y54: Janeiro | AH54: Janeiro
A55: KM (Rodados) | B55: 1ª Leitura | C55: 2ª Leitura | D55: 3ª Leitura | E55: 4ª Leitura | F55: 15 dias Rodados | G55: 30 dias Rodados | H55: Total Mensal | J55: DATA | K55: 46035 | L55: 46042 | M55: 46044 | Y55: DATA | AH55: DATA
B56: 35354 | C56: 36753 | D56: 36753 | E56: 37887 | F56: =SUM(C56-B56) -> 1399 | G56: =SUM(E56-D56) -> 1134 | H56: =SUM(F56:G56) -> 2533 | J56: VALOR | K56: 544.03 | L56: 400.1 | M56: 190.03 | Y56: VALOR | AH56: VALOR
T57: TOTAL | U57: =SUM(K56:U56) -> 1134.16 | AD57: TOTAL | AE57: =SUM(Z56:AE56) -> 0 | AM57: TOTAL | AN57: =SUM(AI56:AN56) -> 0
B58: Fevereiro | J58: Fevereiro | Y58: Fevereiro | AH58: Fevereiro
A59: KM (Rodados) | B59: 1ª Leitura | C59: 2ª Leitura | D59: 3ª Leitura | E59: 4ª Leitura | F59: 15 dias Rodados | G59: 30 dias Rodados | H59: Total Mensal | J59: DATA | K59: 46056 | L59: 46058 | M59: 46063 | N59: 46065 | O59: 46072 | P59: 46077 | Y59: DATA | AH59: DATA
B60: 37887 | E60: 40221 | F60: =SUM(C60-B60) -> -37887 | G60: =SUM(E60-D60) -> 40221 | H60: =SUM(F60:G60) -> 2334 | J60: VALOR | K60: 523.02 | L60: 247.01 | M60: 461.01 | N60: 179.83 | O60: 420.01 | P60: 264.04 | Y60: VALOR | AH60: VALOR
T61: TOTAL | U61: =SUM(K60:U60) -> 2094.92 | AD61: TOTAL | AE61: =SUM(Z60:AE60) -> 0 | AM61: TOTAL | AN61: =SUM(AI60:AN60) -> 0
B62: Março | J62: Março | Y62: =J62 -> Março | AH62: =Y62 -> Março
A63: KM (Rodados) | B63: 1ª Leitura | C63: 2ª Leitura | D63: 3ª Leitura | E63: 4ª Leitura | F63: 15 dias Rodados | G63: 30 dias Rodados | H63: Total Mensal | J63: DATA | Y63: DATA | AH63: DATA
B64: 40221 | E64: 43790 | F64: =SUM(C64-B64) -> -40221 | G64: =SUM(E64-D64) -> 43790 | H64: =SUM(F64:G64) -> 3569 | J64: VALOR | Y64: VALOR | AH64: VALOR
T65: TOTAL | U65: =SUM(K64:U64) -> 0 | AD65: TOTAL | AE65: =SUM(Z64:AE64) -> 0 | AM65: TOTAL | AN65: =SUM(AI64:AN64) -> 0
B66: Abril | J66: Abril | Y66: =J66 -> Abril | AH66: =Y66 -> Abril
A67: KM (Rodados) | B67: 1ª Leitura | C67: 2ª Leitura | D67: 3ª Leitura | E67: 4ª Leitura | F67: 15 dias Rodados | G67: 30 dias Rodados | H67: Total Mensal | J67: DATA | Y67: DATA | AH67: DATA
F68: =SUM(C68-B68) -> 0 | G68: =SUM(E68-D68) -> 0 | H68: =SUM(F68:G68) -> 0 | J68: VALOR | Y68: VALOR | AH68: VALOR
T69: TOTAL | U69: =SUM(K68:U68) -> 0 | AD69: TOTAL | AE69: =SUM(Z68:AE68) -> 0 | AM69: TOTAL | AN69: =SUM(AI68:AN68) -> 0
B70: Maio | J70: Maio | Y70: =J70 -> Maio | AH70: =Y70 -> Maio
A71: KM (Rodados) | B71: 1ª Leitura | C71: 2ª Leitura | D71: 3ª Leitura | E71: 4ª Leitura | F71: 15 dias Rodados | G71: 30 dias Rodados | H71: Total Mensal | J71: DATA | Y71: DATA | AH71: DATA
F72: =SUM(C72-B72) -> 0 | G72: =SUM(E72-D72) -> 0 | H72: =SUM(F72:G72) -> 0 | J72: VALOR | Y72: VALOR | AH72: VALOR
T73: TOTAL | U73: =SUM(K72:U72) -> 0 | AD73: TOTAL | AE73: =SUM(Z72:AE72) -> 0 | AM73: TOTAL | AN73: =SUM(AI72:AN72) -> 0
B74: Junho | J74: Junho | Y74: =J74 -> Junho | AH74: =Y74 -> Junho
A75: KM (Rodados) | B75: 1ª Leitura | C75: 2ª Leitura | D75: 3ª Leitura | E75: 4ª Leitura | F75: 15 dias Rodados | G75: 30 dias Rodados | H75: Total Mensal | J75: DATA | Y75: DATA | AH75: DATA
F76: =SUM(C76-B76) -> 0 | G76: =SUM(E76-D76) -> 0 | H76: =SUM(F76:G76) -> 0 | J76: VALOR | Y76: VALOR | AH76: VALOR
T77: TOTAL | U77: =SUM(K76:U76) -> 0 | AD77: TOTAL | AE77: =SUM(Z76:AE76) -> 0 | AM77: TOTAL | AN77: =SUM(AI76:AN76) -> 0
B78: Julho | J78: Julho | Y78: =J78 -> Julho | AH78: =Y78 -> Julho
A79: KM (Rodados) | B79: 1ª Leitura | C79: 2ª Leitura | D79: 3ª Leitura | E79: 4ª Leitura | F79: 15 dias Rodados | G79: 30 dias Rodados | H79: Total Mensal | J79: DATA | Y79: DATA | AH79: DATA
F80: =SUM(C80-B80) -> 0 | G80: =SUM(E80-D80) -> 0 | H80: =SUM(F80:G80) -> 0 | J80: VALOR | Y80: VALOR | AH80: VALOR
T81: TOTAL | U81: =SUM(K80:U80) -> 0 | AD81: TOTAL | AE81: =SUM(Z80:AE80) -> 0 | AM81: TOTAL | AN81: =SUM(AI80:AN80) -> 0
B82: Agosto | J82: Agosto | Y82: =J82 -> Agosto | AH82: =Y82 -> Agosto
A83: KM (Rodados) | B83: 1ª Leitura | C83: 2ª Leitura | D83: 3ª Leitura | E83: 4ª Leitura | F83: 15 dias Rodados | G83: 30 dias Rodados | H83: Total Mensal | J83: DATA | Y83: DATA | AH83: DATA
F84: =SUM(C84-B84) -> 0 | G84: =SUM(E84-D84) -> 0 | H84: =SUM(F84:G84) -> 0 | J84: VALOR | Y84: VALOR | AH84: VALOR
T85: TOTAL | U85: =SUM(K84:U84) -> 0 | AD85: TOTAL | AE85: =SUM(Z84:AE84) -> 0 | AM85: TOTAL | AN85: =SUM(AI84:AN84) -> 0
B86: Setembro | J86: Setembro | Y86: =J86 -> Setembro | AH86: =Y86 -> Setembro
A87: KM (Rodados) | B87: 1ª Leitura | C87: 2ª Leitura | D87: 3ª Leitura | E87: 4ª Leitura | F87: 15 dias Rodados | G87: 30 dias Rodados | H87: Total Mensal | J87: DATA | Y87: DATA | AH87: DATA
F88: =SUM(C88-B88) -> 0 | G88: =SUM(E88-D88) -> 0 | H88: =SUM(F88:G88) -> 0 | J88: VALOR | Y88: VALOR | AH88: VALOR
T89: TOTAL | U89: =SUM(K88:U88) -> 0 | AD89: TOTAL | AE89: =SUM(Z88:AE88) -> 0 | AM89: TOTAL | AN89: =SUM(AI88:AN88) -> 0

Sheet Roberto-Desmob
A2: Veiculo | B2: Ranger | D2: Placa: | E2: TEU5B03 | H2: KM | I2: 3000
A3: Substituição (data) | D3: Placa: | H3: Modelo
A4: Contrato de Locação | B4: 7553 | D4: Rastreador | E4: 45 | H4: Data Mob. | I4: 45968 | J4: Data Desmob. | K4: 46060
A7: REGISTRO DE KM | J7: ABASTECIMENTO | Y7: LAVA_RAPIDO | AH7: BORRACHARIA
B9: Fevereiro | J9: Fevereiro | Y9: Fevereiro | AH9: Fevereiro
A10: KM (Rodados) | B10: 1ª Leitura | C10: 2ª Leitura | D10: 3ª Leitura | E10: 4ª Leitura | F10: 15 dias Rodados | G10: 30 dias Rodados | H10: Total Mensal | J10: DATA | Y10: DATA | AH10: DATA
F11: =SUM(C11-B11) -> 0 | G11: =SUM(E11-D11) -> 0 | H11: =SUM(F11:G11) -> 0 | J11: VALOR | Y11: VALOR | AH11: VALOR
T12: TOTAL | U12: =SUM(K11:U11) -> 0 | AD12: TOTAL | AE12: =SUM(Z11:AE11) -> 0 | AM12: TOTAL | AN12: =SUM(AI11:AN11) -> 0
B13: Março | J13: Março | Y13: =J13 -> Março | AH13: =Y13 -> Março
A14: KM (Rodados) | B14: 1ª Leitura | C14: 2ª Leitura | D14: 3ª Leitura | E14: 4ª Leitura | F14: 15 dias Rodados | G14: 30 dias Rodados | H14: Total Mensal | J14: DATA | Y14: DATA | AH14: DATA
F15: =SUM(C15-B15) -> 0 | G15: =SUM(E15-D15) -> 0 | H15: =SUM(F15:G15) -> 0 | J15: VALOR | Y15: VALOR | AH15: VALOR
T16: TOTAL | U16: =SUM(K15:U15) -> 0 | AD16: TOTAL | AE16: =SUM(Z15:AE15) -> 0 | AM16: TOTAL | AN16: =SUM(AI15:AN15) -> 0
B17: Abril | J17: Abril | Y17: =J17 -> Abril | AH17: =Y17 -> Abril
A18: KM (Rodados) | B18: 1ª Leitura | C18: 2ª Leitura | D18: 3ª Leitura | E18: 4ª Leitura | F18: 15 dias Rodados | G18: 30 dias Rodados | H18: Total Mensal | J18: DATA | Y18: DATA | AH18: DATA
F19: =SUM(C19-B19) -> 0 | G19: =SUM(E19-D19) -> 0 | H19: =SUM(F19:G19) -> 0 | J19: VALOR | Y19: VALOR | AH19: VALOR
T20: TOTAL | U20: =SUM(K19:U19) -> 0 | AD20: TOTAL | AE20: =SUM(Z19:AE19) -> 0 | AM20: TOTAL | AN20: =SUM(AI19:AN19) -> 0
B21: Maio | J21: Maio | Y21: =J21 -> Maio | AH21: =Y21 -> Maio
A22: KM (Rodados) | B22: 1ª Leitura | C22: 2ª Leitura | D22: 3ª Leitura | E22: 4ª Leitura | F22: 15 dias Rodados | G22: 30 dias Rodados | H22: Total Mensal | J22: DATA | Y22: DATA | AH22: DATA
F23: =SUM(C23-B23) -> 0 | G23: =SUM(E23-D23) -> 0 | H23: =SUM(F23:G23) -> 0 | J23: VALOR | Y23: VALOR | AH23: VALOR
T24: TOTAL | U24: =SUM(K23:U23) -> 0 | AD24: TOTAL | AE24: =SUM(Z23:AE23) -> 0 | AM24: TOTAL | AN24: =SUM(AI23:AN23) -> 0
B25: Junho | J25: Junho | Y25: =J25 -> Junho | AH25: =Y25 -> Junho
A26: KM (Rodados) | B26: 1ª Leitura | C26: 2ª Leitura | D26: 3ª Leitura | E26: 4ª Leitura | F26: 15 dias Rodados | G26: 30 dias Rodados | H26: Total Mensal | J26: DATA | Y26: DATA | AH26: DATA
F27: =SUM(C27-B27) -> 0 | G27: =SUM(E27-D27) -> 0 | H27: =SUM(F27:G27) -> 0 | J27: VALOR | Y27: VALOR | AH27: VALOR
T28: TOTAL | U28: =SUM(K27:U27) -> 0 | AD28: TOTAL | AE28: =SUM(Z27:AE27) -> 0 | AM28: TOTAL | AN28: =SUM(AI27:AN27) -> 0
B29: Julho | J29: Julho | Y29: =J29 -> Julho | AH29: =Y29 -> Julho
A30: KM (Rodados) | B30: 1ª Leitura | C30: 2ª Leitura | D30: 3ª Leitura | E30: 4ª Leitura | F30: 15 dias Rodados | G30: 30 dias Rodados | H30: Total Mensal | J30: DATA | Y30: DATA | AH30: DATA
F31: =SUM(C31-B31) -> 0 | G31: =SUM(E31-D31) -> 0 | H31: =SUM(F31:G31) -> 0 | J31: VALOR | Y31: VALOR | AH31: VALOR
T32: TOTAL | U32: =SUM(K31:U31) -> 0 | AD32: TOTAL | AE32: =SUM(Z31:AE31) -> 0 | AM32: TOTAL | AN32: =SUM(AI31:AN31) -> 0
B33: Agosto | J33: Agosto | Y33: =J33 -> Agosto | AH33: =Y33 -> Agosto
A34: KM (Rodados) | B34: 1ª Leitura | C34: 2ª Leitura | D34: 3ª Leitura | E34: 4ª Leitura | F34: 15 dias Rodados | G34: 30 dias Rodados | H34: Total Mensal | J34: DATA | Y34: DATA | AH34: DATA
F35: =SUM(C35-B35) -> 0 | G35: =SUM(E35-D35) -> 0 | H35: =SUM(F35:G35) -> 0 | J35: VALOR | Y35: VALOR | AH35: VALOR
T36: TOTAL | U36: =SUM(K35:U35) -> 0 | AD36: TOTAL | AE36: =SUM(Z35:AE35) -> 0 | AM36: TOTAL | AN36: =SUM(AI35:AN35) -> 0
B37: Setembro | J37: Setembro | Y37: =J37 -> Setembro | AH37: =Y37 -> Setembro
A38: KM (Rodados) | B38: 1ª Leitura | C38: 2ª Leitura | D38: 3ª Leitura | E38: 4ª Leitura | F38: 15 dias Rodados | G38: 30 dias Rodados | H38: Total Mensal | J38: DATA | Y38: DATA | AH38: DATA
F39: =SUM(C39-B39) -> 0 | G39: =SUM(E39-D39) -> 0 | H39: =SUM(F39:G39) -> 0 | J39: VALOR | Y39: VALOR | AH39: VALOR
T40: TOTAL | U40: =SUM(K39:U39) -> 0 | AD40: TOTAL | AE40: =SUM(Z39:AE39) -> 0 | AM40: TOTAL | AN40: =SUM(AI39:AN39) -> 0
B41: Outubro | J41: Outubro | Y41: =J41 -> Outubro | AH41: =Y41 -> Outubro
A42: KM (Rodados) | B42: 1ª Leitura | C42: 2ª Leitura | D42: 3ª Leitura | E42: 4ª Leitura | F42: 15 dias Rodados | G42: 30 dias Rodados | H42: Total Mensal | J42: DATA | Y42: DATA | AH42: DATA
F43: =SUM(C43-B43) -> 0 | G43: =SUM(E43-D43) -> 0 | H43: =SUM(F43:G43) -> 0 | J43: VALOR | Y43: VALOR | AH43: VALOR
T44: TOTAL | U44: =SUM(K43:U43) -> 0 | AD44: TOTAL | AE44: =SUM(Z43:AE43) -> 0 | AM44: TOTAL | AN44: =SUM(AI43:AN43) -> 0
B45: Novembro | J45: Novembro | Y45: =J45 -> Novembro | AH45: =Y45 -> Novembro
A46: KM (Rodados) | B46: 1ª Leitura | C46: 2ª Leitura | D46: 3ª Leitura | E46: 4ª Leitura | F46: 15 dias Rodados | G46: 30 dias Rodados | H46: Total Mensal | J46: DATA | K46: 45972 | L46: 45974 | M46: 45979 | N46: 45985 | O46: 45987 | P46: 45990 | Y46: DATA | AH46: DATA
B47: 12392 | C47: 13664 | D47: 13664 | E47: 14935 | F47: =SUM(C47-B47) -> 1272 | G47: =SUM(E47-D47) -> 1271 | H47: =SUM(F47:G47) -> 2543 | J47: VALOR | K47: 422.82 | L47: 259.53 | M47: 241.3 | N47: 280.79 | O47: 159.92 | P47: 286.92 | Y47: VALOR | AH47: VALOR
T48: TOTAL | U48: =SUM(K47:U47) -> 1651.28 | AD48: TOTAL | AE48: =SUM(Z47:AE47) -> 0 | AM48: TOTAL | AN48: =SUM(AI47:AN47) -> 0
B49: Dezembro | J49: Dezembro | Y49: =J49 -> Dezembro | AH49: =Y49 -> Dezembro
A50: KM (Rodados) | B50: 1ª Leitura | C50: 2ª Leitura | D50: 3ª Leitura | E50: 4ª Leitura | F50: 15 dias Rodados | G50: 30 dias Rodados | H50: Total Mensal | J50: DATA | K50: 45995 | L50: 46000 | M50: 46002 | Y50: DATA | AH50: DATA
B51: 14935 | C51: 16327 | D51: 16327 | E51: 17754 | F51: =SUM(C51-B51) -> 1392 | G51: =SUM(E51-D51) -> 1427 | H51: =SUM(F51:G51) -> 2819 | J51: VALOR | K51: 235.7 | L51: 213.86 | M51: 182.97 | Y51: VALOR | AH51: VALOR
T52: TOTAL | U52: =SUM(K51:U51) -> 632.53 | AD52: TOTAL | AE52: =SUM(Z51:AE51) -> 0 | AM52: TOTAL | AN52: =SUM(AI51:AN51) -> 0
A53: 2026 | B53: Janeiro | J53: Janeiro | Y53: Janeiro | AH53: Janeiro
A54: KM (Rodados) | B54: 1ª Leitura | C54: 2ª Leitura | D54: 3ª Leitura | E54: 4ª Leitura | F54: 15 dias Rodados | G54: 30 dias Rodados | H54: Total Mensal | J54: DATA | Y54: DATA | AH54: DATA
B55: 17754 | C55: 19157 | D55: 19157 | E55: 20645 | F55: =SUM(C55-B55) -> 1403 | G55: =SUM(E55-D55) -> 1488 | H55: =SUM(F55:G55) -> 2891 | J55: VALOR | Y55: VALOR | AH55: VALOR
T56: TOTAL | U56: =SUM(K55:U55) -> 0 | AD56: TOTAL | AE56: =SUM(Z55:AE55) -> 0 | AM56: TOTAL | AN56: =SUM(AI55:AN55) -> 0
B57: Fevereiro | J57: Fevereiro | Y57: Fevereiro | AH57: Fevereiro
A58: KM (Rodados) | B58: 1ª Leitura | C58: 2ª Leitura | D58: 3ª Leitura | E58: 4ª Leitura | F58: 15 dias Rodados | G58: 30 dias Rodados | H58: Total Mensal | J58: DATA | K58: 46058 | Y58: DATA | AH58: DATA
B59: 20645 | C59: 21474 | F59: =SUM(C59-B59) -> 829 | G59: =SUM(E59-D59) -> 0 | H59: =SUM(F59:G59) -> 829 | J59: VALOR | K59: 208.42 | Y59: VALOR | AH59: VALOR
T60: TOTAL | U60: =SUM(K59:U59) -> 208.42 | AD60: TOTAL | AE60: =SUM(Z59:AE59) -> 0 | AM60: TOTAL | AN60: =SUM(AI59:AN59) -> 0
B61: Março | J61: Março | Y61: =J61 -> Março | AH61: =Y61 -> Março
A62: KM (Rodados) | B62: 1ª Leitura | C62: 2ª Leitura | D62: 3ª Leitura | E62: 4ª Leitura | F62: 15 dias Rodados | G62: 30 dias Rodados | H62: Total Mensal | J62: DATA | Y62: DATA | AH62: DATA
F63: =SUM(C63-B63) -> 0 | G63: =SUM(E63-D63) -> 0 | H63: =SUM(F63:G63) -> 0 | J63: VALOR | Y63: VALOR | AH63: VALOR
