Workbook

Sheet RESUMO
A1: UFV IRAPURU - JANAUBA
B5: JAN | C5: FEV | D5: MAR | E5: ABR | F5: MAI | G5: JUN | H5: JUL | I5: AGO | J5: SET | K5: OUT | L5: NOV | M5: DEZ
A6: ABASTECIMENTO | B6: =SUM('Controle Central'!D4+'Controle Central'!K4+'Controle Central'!R4+'Controle Central'!Y4+'Controle Central'!D23+'Controle Central'!K23+'Controle Central'!R23+'Controle Central'!Y23+'Controle Central'!D42+'Controle Central'!K42+'Controle Central'!R42+'Controle Central'!Y42+'Controle Central'!D61+'Controle Central'!K61+'Controle Central'!R61+'Controle Central'!Y61+'Controle Central'!D80+'Controle Central'!K80+'Controle Central'!R80+'Controle Central'!Y80+'Controle Central'!D98+'Controle Central'!K98+'Controle Central'!R98+'Controle Central'!Y98+'Controle Central'!D116+'Controle Central'!K116+'Controle Central'!R116+'Controle Central'!Y116+'Controle Central'!D134+'Controle Central'!K134) -> 0 | C6: =SUM('Controle Central'!D5+'Controle Central'!K5+'Controle Central'!R5+'Controle Central'!Y5+'Controle Central'!D24+'Controle Central'!K24+'Controle Central'!R24+'Controle Central'!Y24+'Controle Central'!D43+'Controle Central'!K43+'Controle Central'!R43+'Controle Central'!Y43+'Controle Central'!D62+'Controle Central'!K62+'Controle Central'!R62+'Controle Central'!Y62+'Controle Central'!D81+'Controle Central'!K81+'Controle Central'!R81+'Controle Central'!D99+'Controle Central'!K99+'Controle Central'!R99+'Controle Central'!Y99+'Controle Central'!D117+'Controle Central'!K117+'Controle Central'!R117+'Controle Central'!Y117+'Controle Central'!D135+'Controle Central'!K135) -> #REF! | D6: =SUM('Controle Central'!D6+'Controle Central'!K6+'Controle Central'!R6+'Controle Central'!Y6+'Controle Central'!D25+'Controle Central'!K25+'Controle Central'!R25+'Controle Central'!Y25+'Controle Central'!D44+'Controle Central'!K44+'Controle Central'!R44+'Controle Central'!Y44+'Controle Central'!D63+'Controle Central'!K63+'Controle Central'!R63+'Controle Central'!Y63+'Controle Central'!D82+'Controle Central'!K82+'Controle Central'!R82+'Controle Central'!Y82+'Controle Central'!D100+'Controle Central'!K100+'Controle Central'!R100+'Controle Central'!Y100+'Controle Central'!D118+'Controle Central'!K118+'Controle Central'!R118+'Controle Central'!Y118+'Controle Central'!D136+'Controle Central'!K136) -> #REF! | E6: ='Controle Central'!D7+'Controle Central'!K7+'Controle Central'!R7+'Controle Central'!Y7+'Controle Central'!D26+'Controle Central'!K26+'Controle Central'!R26+'Controle Central'!Y26+'Controle Central'!D45+'Controle Central'!K45+'Controle Central'!R45+'Controle Central'!Y45+'Controle Central'!D64+'Controle Central'!K64+'Controle Central'!R64+'Controle Central'!D83+'Controle Central'!K83+'Controle Central'!R83+'Controle Central'!Y83+'Controle Central'!D101+'Controle Central'!K101+'Controle Central'!R101+'Controle Central'!Y101+'Controle Central'!D119+'Controle Central'!K119+'Controle Central'!R119+'Controle Central'!Y119+'Controle Central'!D137+'Controle Central'!K137 -> #REF! | F6: =SUM('Controle Central'!D8+'Controle Central'!K8+'Controle Central'!R8+'Controle Central'!Y8+'Controle Central'!D27+'Controle Central'!K27+'Controle Central'!R27+'Controle Central'!Y27+'Controle Central'!D46+'Controle Central'!K46+'Controle Central'!R46+'Controle Central'!Y46+'Controle Central'!D65+'Controle Central'!K65+'Controle Central'!R65+'Controle Central'!Y65+'Controle Central'!D84+'Controle Central'!K84+'Controle Central'!R84+'Controle Central'!Y84+'Controle Central'!D102+'Controle Central'!K102+'Controle Central'!R102+'Controle Central'!Y102+'Controle Central'!D120+'Controle Central'!K120+'Controle Central'!R120+'Controle Central'!Y120+'Controle Central'!D138+'Controle Central'!K138) -> #REF! | G6: =SUM('Controle Central'!D9+'Controle Central'!K9+'Controle Central'!R9+'Controle Central'!Y9+'Controle Central'!D28+'Controle Central'!K28+'Controle Central'!R28+'Controle Central'!Y28+'Controle Central'!D47+'Controle Central'!K47+'Controle Central'!R47+'Controle Central'!Y47+'Controle Central'!D66+'Controle Central'!K66+'Controle Central'!R66+'Controle Central'!Y66+'Controle Central'!D85+'Controle Central'!K85+'Controle Central'!R85+'Controle Central'!Y85+'Controle Central'!D103+'Controle Central'!K103+'Controle Central'!R103+'Controle Central'!Y103+'Controle Central'!D121+'Controle Central'!K121+'Controle Central'!R121+'Controle Central'!Y121+'Controle Central'!D139+'Controle Central'!K139) -> #REF! | H6: =SUM('Controle Central'!D10+'Controle Central'!K10+'Controle Central'!R10+'Controle Central'!Y10+'Controle Central'!D29+'Controle Central'!K29+'Controle Central'!R29+'Controle Central'!D48+'Controle Central'!K48+'Controle Central'!R48+'Controle Central'!Y48+'Controle Central'!D67+'Controle Central'!K67+'Controle Central'!R67+'Controle Central'!Y67+'Controle Central'!D86+'Controle Central'!K86+'Controle Central'!R86+'Controle Central'!Y86+'Controle Central'!D104+'Controle Central'!K104+'Controle Central'!R104+'Controle Central'!Y104+'Controle Central'!D122+'Controle Central'!K122+'Controle Central'!R122+'Controle Central'!Y122+'Controle Central'!D140+'Controle Central'!K140) -> #REF! | I6: =SUM('Controle Central'!D11+'Controle Central'!K11+'Controle Central'!R11+'Controle Central'!Y11+'Controle Central'!D30+'Controle Central'!K30+'Controle Central'!R30+'Controle Central'!Y30+'Controle Central'!D49+'Controle Central'!K49+'Controle Central'!R49+'Controle Central'!Y49+'Controle Central'!D68+'Controle Central'!K68+'Controle Central'!R68+'Controle Central'!Y68+'Controle Central'!D87+'Controle Central'!K87+'Controle Central'!R87+'Controle Central'!Y87+'Controle Central'!D105+'Controle Central'!K105+'Controle Central'!R105+'Controle Central'!Y105+'Controle Central'!D123+'Controle Central'!K123+'Controle Central'!R123+'Controle Central'!Y123+'Controle Central'!D141+'Controle Central'!K141) -> #REF! | J6: =SUM('Controle Central'!D12+'Controle Central'!K12+'Controle Central'!R12+'Controle Central'!Y12+'Controle Central'!D31+'Controle Central'!K31+'Controle Central'!R31+'Controle Central'!Y31+'Controle Central'!D50+'Controle Central'!K50+'Controle Central'!R50+'Controle Central'!Y50+'Controle Central'!D69+'Controle Central'!K69+'Controle Central'!R69+'Controle Central'!Y69+'Controle Central'!D88+'Controle Central'!K88+'Controle Central'!R88+'Controle Central'!Y88+'Controle Central'!D106+'Controle Central'!K106+'Controle Central'!R106+'Controle Central'!Y106+'Controle Central'!D124+'Controle Central'!K124+'Controle Central'!R124+'Controle Central'!Y124+'Controle Central'!D142+'Controle Central'!K142) -> #REF! | K6: =SUM('Controle Central'!D13+'Controle Central'!K13+'Controle Central'!R13+'Controle Central'!Y13+'Controle Central'!D32+'Controle Central'!K32+'Controle Central'!R32+'Controle Central'!Y32+'Controle Central'!D51+'Controle Central'!K51+'Controle Central'!R51+'Controle Central'!Y51+'Controle Central'!D70+'Controle Central'!K70+'Controle Central'!R70+'Controle Central'!Y70+'Controle Central'!D89+'Controle Central'!K89+'Controle Central'!R89+'Controle Central'!Y89+'Controle Central'!D107+'Controle Central'!K107+'Controle Central'!R107+'Controle Central'!Y107+'Controle Central'!D125+'Controle Central'!K125+'Controle Central'!R125+'Controle Central'!Y125+'Controle Central'!D143+'Controle Central'!K143) -> #REF! | L6: =SUM('Controle Central'!D14+'Controle Central'!K14+'Controle Central'!R14+'Controle Central'!Y14+'Controle Central'!D33+'Controle Central'!K33+'Controle Central'!R33+'Controle Central'!Y33+'Controle Central'!D52+'Controle Central'!K52+'Controle Central'!R52+'Controle Central'!Y52+'Controle Central'!D71+'Controle Central'!K71+'Controle Central'!R71+'Controle Central'!Y71+'Controle Central'!D90+'Controle Central'!K90+'Controle Central'!R90+'Controle Central'!Y90+'Controle Central'!D108+'Controle Central'!K108+'Controle Central'!R108+'Controle Central'!Y108+'Controle Central'!D126+'Controle Central'!K126+'Controle Central'!R126+'Controle Central'!Y126+'Controle Central'!D144+'Controle Central'!K144) -> #REF! | M6: =SUM('Controle Central'!D15+'Controle Central'!K15+'Controle Central'!R15+'Controle Central'!Y15+'Controle Central'!D34+'Controle Central'!K34+'Controle Central'!R34+'Controle Central'!Y34+'Controle Central'!D53+'Controle Central'!K53+'Controle Central'!R53+'Controle Central'!Y53+'Controle Central'!D72+'Controle Central'!K72+'Controle Central'!R72+'Controle Central'!Y72+'Controle Central'!D91+'Controle Central'!K91+'Controle Central'!R91+'Controle Central'!Y91+'Controle Central'!D109+'Controle Central'!K109+'Controle Central'!R109+'Controle Central'!Y109+'Controle Central'!D127+'Controle Central'!K127+'Controle Central'!R127+'Controle Central'!Y127+'Controle Central'!D145+'Controle Central'!K145) -> #REF!
C7: GASOLINA: 369,07 | D7: GASOLINA: 1.454,72 | E7: GASOLINA: 1.757,74 | F7: GASOLINA: 2.111,78 | G7: GASOLINA: 2.410,38 | H7: GASOLINA: 2.769,34 | I7: GASOLINA: 3.035,04 | J7: GASOLINA: 2.726,30
D8: ETANOL: 331,2 | E8: ETANOL: 461,44 | F8: ETANOL: 169,56 | G8: ETANOL: 172,99 | H8: ETANOL: 293,05 | I8: ETANOL: 296,64 | J8: ETANOL: 239,17
A10: LAVA_RAPIDO | B10: =SUM('Controle Central'!E4+'Controle Central'!L4+'Controle Central'!S4+'Controle Central'!Z4+'Controle Central'!E23+'Controle Central'!L23+'Controle Central'!S23+'Controle Central'!Z23+'Controle Central'!E42+'Controle Central'!L42+'Controle Central'!S42+'Controle Central'!Z42+'Controle Central'!E61+'Controle Central'!L61+'Controle Central'!S61+'Controle Central'!Z61+'Controle Central'!E80+'Controle Central'!L80+'Controle Central'!S80+'Controle Central'!Z80+'Controle Central'!E98+'Controle Central'!L98+'Controle Central'!S98+'Controle Central'!Z98+'Controle Central'!E116+'Controle Central'!L116+'Controle Central'!S116+'Controle Central'!Z116+'Controle Central'!E134+'Controle Central'!L134) -> 0 | C10: =SUM('Controle Central'!E5,'Controle Central'!L5,'Controle Central'!S5,'Controle Central'!Z5,'Controle Central'!E24,'Controle Central'!L24,'Controle Central'!S24,'Controle Central'!Z24,'Controle Central'!E43,'Controle Central'!L43,'Controle Central'!S43,'Controle Central'!Z43,'Controle Central'!E62,'Controle Central'!L62,'Controle Central'!S62,'Controle Central'!Z62,'Controle Central'!E81,'Controle Central'!L81,'Controle Central'!S81,'Controle Central'!Z81,'Controle Central'!E99,'Controle Central'!L99,'Controle Central'!S99,'Controle Central'!Z99,'Controle Central'!E117,'Controle Central'!L117,'Controle Central'!S117,'Controle Central'!Z117,'Controle Central'!E135,'Controle Central'!L135) -> #REF! | D10: =SUM('Controle Central'!E6,'Controle Central'!L6,'Controle Central'!S6,'Controle Central'!Z6,'Controle Central'!E25,'Controle Central'!L25,'Controle Central'!S25,'Controle Central'!Z25,'Controle Central'!E44,'Controle Central'!L44,'Controle Central'!S44,'Controle Central'!Z44,'Controle Central'!E63,'Controle Central'!L63,'Controle Central'!S63,'Controle Central'!Z63,'Controle Central'!E82,'Controle Central'!L82,'Controle Central'!S82,'Controle Central'!Z82,'Controle Central'!E100,'Controle Central'!L100,'Controle Central'!S100,'Controle Central'!Z100,'Controle Central'!E118,'Controle Central'!L118,'Controle Central'!S118,'Controle Central'!Z118,'Controle Central'!E136,'Controle Central'!L136) -> #REF! | E10: =SUM('Controle Central'!E7,'Controle Central'!L7,'Controle Central'!S7,'Controle Central'!Z7,'Controle Central'!E26,'Controle Central'!L26,'Controle Central'!S26,'Controle Central'!Z26,'Controle Central'!E45,'Controle Central'!L45,'Controle Central'!S45,'Controle Central'!Z45,'Controle Central'!E64,'Controle Central'!L64,'Controle Central'!S64,'Controle Central'!Z64,'Controle Central'!E83,'Controle Central'!L83,'Controle Central'!S83,'Controle Central'!Z83,'Controle Central'!E101,'Controle Central'!L101,'Controle Central'!S101,'Controle Central'!Z101,'Controle Central'!E119,'Controle Central'!L119,'Controle Central'!S119,'Controle Central'!Z119,'Controle Central'!E137,'Controle Central'!L137) -> #REF! | F10: =SUM('Controle Central'!E8,'Controle Central'!L8,'Controle Central'!S8,'Controle Central'!Z8,'Controle Central'!E27,'Controle Central'!L27,'Controle Central'!S27,'Controle Central'!Z27,'Controle Central'!E46,'Controle Central'!L46,'Controle Central'!S46,'Controle Central'!Z46,'Controle Central'!E65,'Controle Central'!L65,'Controle Central'!S65,'Controle Central'!Z65,'Controle Central'!E84,'Controle Central'!L84,'Controle Central'!S84,'Controle Central'!Z84,'Controle Central'!E102,'Controle Central'!L102,'Controle Central'!S102,'Controle Central'!Z102,'Controle Central'!E120,'Controle Central'!L120,'Controle Central'!S120,'Controle Central'!Z120,'Controle Central'!E138,'Controle Central'!L138) -> #REF! | G10: =SUM('Controle Central'!E9,'Controle Central'!L9,'Controle Central'!S9,'Controle Central'!Z9,'Controle Central'!E28,'Controle Central'!L28,'Controle Central'!S28,'Controle Central'!Z28,'Controle Central'!E47,'Controle Central'!L47,'Controle Central'!S47,'Controle Central'!Z47,'Controle Central'!E66,'Controle Central'!L66,'Controle Central'!S66,'Controle Central'!Z66,'Controle Central'!E85,'Controle Central'!L85,'Controle Central'!S85,'Controle Central'!Z85,'Controle Central'!E103,'Controle Central'!L103,'Controle Central'!S103,'Controle Central'!Z103,'Controle Central'!E121,'Controle Central'!L121,'Controle Central'!S121,'Controle Central'!Z121,'Controle Central'!E139+'Controle Central'!L139) -> #REF! | H10: =SUM('Controle Central'!E10,'Controle Central'!L10,'Controle Central'!S10,'Controle Central'!Z10,'Controle Central'!E29,'Controle Central'!L29,'Controle Central'!S29,'Controle Central'!Z29,'Controle Central'!E48,'Controle Central'!L48,'Controle Central'!S48,'Controle Central'!Z48,'Controle Central'!E67,'Controle Central'!L67,'Controle Central'!S67,'Controle Central'!Z67,'Controle Central'!E86,'Controle Central'!L86,'Controle Central'!S86,'Controle Central'!Z86,'Controle Central'!E104,'Controle Central'!L104,'Controle Central'!S104,'Controle Central'!Z104,'Controle Central'!E122,'Controle Central'!L122,'Controle Central'!S122,'Controle Central'!Z122,'Controle Central'!E140,'Controle Central'!L140) -> #REF! | I10: =SUM('Controle Central'!L11,'Controle Central'!S11,'Controle Central'!E11,'Controle Central'!Z11,'Controle Central'!Z30,'Controle Central'!S30,'Controle Central'!L30,'Controle Central'!E30,'Controle Central'!E49,'Controle Central'!L49,'Controle Central'!S49,'Controle Central'!Z49,'Controle Central'!Z68,'Controle Central'!S68,'Controle Central'!L68,'Controle Central'!E68,'Controle Central'!E87,'Controle Central'!L87,'Controle Central'!S87,'Controle Central'!Z87,'Controle Central'!Z105,'Controle Central'!Z123,'Controle Central'!S105,'Controle Central'!S123,'Controle Central'!L123,'Controle Central'!L105,'Controle Central'!E123,'Controle Central'!E105,'Controle Central'!E141,'Controle Central'!L141) -> #REF! | J10: =SUM('Controle Central'!E12,'Controle Central'!E31,'Controle Central'!L12,'Controle Central'!L31,'Controle Central'!S12,'Controle Central'!S31,'Controle Central'!Z12,'Controle Central'!Z31,'Controle Central'!Z50,'Controle Central'!Z69,'Controle Central'!S50,'Controle Central'!S69,'Controle Central'!L50,'Controle Central'!L69,'Controle Central'!E50,'Controle Central'!E69,'Controle Central'!E88,'Controle Central'!E106,'Controle Central'!L88,'Controle Central'!L106,'Controle Central'!S88,'Controle Central'!S106,'Controle Central'!Z88,'Controle Central'!Z106,'Controle Central'!Z124,'Controle Central'!S124,'Controle Central'!L124,'Controle Central'!E124,'Controle Central'!E142,'Controle Central'!L142) -> #REF! | K10: =SUM('Controle Central'!E13,'Controle Central'!L13,'Controle Central'!E32,'Controle Central'!L32,'Controle Central'!S13,'Controle Central'!S32,'Controle Central'!Z13,'Controle Central'!Z32,'Controle Central'!Z51,'Controle Central'!Z70,'Controle Central'!S51,'Controle Central'!S70,'Controle Central'!L51,'Controle Central'!L70,'Controle Central'!E51,'Controle Central'!E70,'Controle Central'!E89,'Controle Central'!E107,'Controle Central'!L89,'Controle Central'!L107,'Controle Central'!S89,'Controle Central'!S107,'Controle Central'!Z107,'Controle Central'!Z89,'Controle Central'!Z125,'Controle Central'!S125,'Controle Central'!L143,'Controle Central'!L125,'Controle Central'!E125,'Controle Central'!E143) -> #REF! | L10: =SUM('Controle Central'!E14,'Controle Central'!E33,'Controle Central'!L14,'Controle Central'!L33,'Controle Central'!S14,'Controle Central'!S33,'Controle Central'!Z14,'Controle Central'!Z33,'Controle Central'!Z52,'Controle Central'!Z71,'Controle Central'!S52,'Controle Central'!S71,'Controle Central'!L52,'Controle Central'!L71,'Controle Central'!E52,'Controle Central'!E71,'Controle Central'!E90,'Controle Central'!E108,'Controle Central'!L90,'Controle Central'!L108,'Controle Central'!S90,'Controle Central'!S108,'Controle Central'!Z90,'Controle Central'!Z108,'Controle Central'!Z126,'Controle Central'!S126,'Controle Central'!L126,'Controle Central'!L144,'Controle Central'!E126,'Controle Central'!E144) -> #REF! | M10: =SUM('Controle Central'!E15,'Controle Central'!E34,'Controle Central'!L15,'Controle Central'!L34,'Controle Central'!S15,'Controle Central'!S34,'Controle Central'!Z15,'Controle Central'!Z34,'Controle Central'!Z53,'Controle Central'!Z72,'Controle Central'!S53,'Controle Central'!S72,'Controle Central'!L53,'Controle Central'!L72,'Controle Central'!E53,'Controle Central'!E72,'Controle Central'!E91,'Controle Central'!E109,'Controle Central'!L91,'Controle Central'!L109,'Controle Central'!S91,'Controle Central'!S109,'Controle Central'!Z91,'Controle Central'!Z109,'Controle Central'!Z127,'Controle Central'!S127,'Controle Central'!L127,'Controle Central'!E127,'Controle Central'!E145,'Controle Central'!L145) -> #REF!
A12: BORRACHARIA | B12: =SUM('Controle Central'!F4,'Controle Central'!M4,'Controle Central'!M23,'Controle Central'!F23,'Controle Central'!T4,'Controle Central'!T23,'Controle Central'!AA4,'Controle Central'!AA23,'Controle Central'!AA61,'Controle Central'!AA42,'Controle Central'!T42,'Controle Central'!M42,'Controle Central'!M61,'Controle Central'!F61,'Controle Central'!F42,'Controle Central'!F98,'Controle Central'!F80,'Controle Central'!M80,'Controle Central'!M98,'Controle Central'!T80,'Controle Central'!T98,'Controle Central'!AA80,'Controle Central'!AA98,'Controle Central'!AA116,'Controle Central'!T116,'Controle Central'!M116,'Controle Central'!F116,'Controle Central'!F134,'Controle Central'!M134) -> 0 | C12: =SUM('Controle Central'!F5,'Controle Central'!F24,'Controle Central'!M5,'Controle Central'!M24,'Controle Central'!T24,'Controle Central'!T5,'Controle Central'!AA5,'Controle Central'!AA24,'Controle Central'!AA43,'Controle Central'!AA62,'Controle Central'!T43,'Controle Central'!T62,'Controle Central'!M43,'Controle Central'!M62,'Controle Central'!F43,'Controle Central'!F62,'Controle Central'!F81,'Controle Central'!F99,'Controle Central'!M99,'Controle Central'!M81,'Controle Central'!T99,'Controle Central'!T81,'Controle Central'!AA81,'Controle Central'!AA99,'Controle Central'!AA117,'Controle Central'!T117,'Controle Central'!M117,'Controle Central'!F117,'Controle Central'!F135,'Controle Central'!M135) -> #REF! | D12: =SUM('Controle Central'!F6,'Controle Central'!F25,'Controle Central'!M6,'Controle Central'!M25,'Controle Central'!T6,'Controle Central'!T25,'Controle Central'!AA25,'Controle Central'!AA6,'Controle Central'!AA44,'Controle Central'!AA63,'Controle Central'!T63,'Controle Central'!T44,'Controle Central'!M44,'Controle Central'!M63,'Controle Central'!F63,'Controle Central'!F44,'Controle Central'!F82,'Controle Central'!F100,'Controle Central'!M100,'Controle Central'!M82,'Controle Central'!T82,'Controle Central'!T100,'Controle Central'!AA100,'Controle Central'!AA82,'Controle Central'!AA118,'Controle Central'!T118,'Controle Central'!M118,'Controle Central'!M136,'Controle Central'!F118,'Controle Central'!F136) -> #REF! | E12: =SUM('Controle Central'!F7,'Controle Central'!F26,'Controle Central'!M26,'Controle Central'!M7,'Controle Central'!T7,'Controle Central'!T26,'Controle Central'!AA7,'Controle Central'!AA26,'Controle Central'!AA45,'Controle Central'!T45,'Controle Central'!AA64,'Controle Central'!T64,'Controle Central'!M45,'Controle Central'!M64,'Controle Central'!F45,'Controle Central'!F64,'Controle Central'!F83,'Controle Central'!F101,'Controle Central'!M83,'Controle Central'!M101,'Controle Central'!T83,'Controle Central'!T101,'Controle Central'!AA83,'Controle Central'!AA101,'Controle Central'!AA119,'Controle Central'!T119,'Controle Central'!M119,'Controle Central'!M137,'Controle Central'!F137,'Controle Central'!F119) -> #REF! | F12: =SUM('Controle Central'!F8,'Controle Central'!F27,'Controle Central'!M8,'Controle Central'!M27,'Controle Central'!T8,'Controle Central'!T27,'Controle Central'!AA27,'Controle Central'!AA8,'Controle Central'!AA46,'Controle Central'!AA65,'Controle Central'!T46,'Controle Central'!T65,'Controle Central'!M65,'Controle Central'!M46,'Controle Central'!F46,'Controle Central'!F65,'Controle Central'!F84,'Controle Central'!F102,'Controle Central'!M84,'Controle Central'!M102,'Controle Central'!T84,'Controle Central'!T102,'Controle Central'!AA84,'Controle Central'!AA102,'Controle Central'!AA120,'Controle Central'!T120,'Controle Central'!M120,'Controle Central'!M138,'Controle Central'!F120,'Controle Central'!F138) -> #REF! | G12: =SUM('Controle Central'!F9,'Controle Central'!F28,'Controle Central'!M9,'Controle Central'!M28,'Controle Central'!T9,'Controle Central'!T28,'Controle Central'!AA9,'Controle Central'!AA28,'Controle Central'!AA47,'Controle Central'!AA66,'Controle Central'!T47,'Controle Central'!T66,'Controle Central'!M47,'Controle Central'!M66,'Controle Central'!F47,'Controle Central'!F66,'Controle Central'!F85,'Controle Central'!F103,'Controle Central'!M85,'Controle Central'!M103,'Controle Central'!T85,'Controle Central'!T103,'Controle Central'!AA85,'Controle Central'!AA103,'Controle Central'!AA121,'Controle Central'!T121,'Controle Central'!M121,'Controle Central'!M139,'Controle Central'!F139) -> #REF! | H12: =SUM('Controle Central'!F10,'Controle Central'!F29,'Controle Central'!M10,'Controle Central'!M29,'Controle Central'!T10,'Controle Central'!T29,'Controle Central'!AA10,'Controle Central'!AA29,'Controle Central'!AA48,'Controle Central'!T48,'Controle Central'!AA67,'Controle Central'!T67,'Controle Central'!M48,'Controle Central'!M67,'Controle Central'!F48,'Controle Central'!F67,'Controle Central'!F86,'Controle Central'!F104,'Controle Central'!M104,'Controle Central'!M86,'Controle Central'!T86,'Controle Central'!T104,'Controle Central'!AA86,'Controle Central'!AA104,'Controle Central'!AA122,'Controle Central'!T122,'Controle Central'!M122,'Controle Central'!M140,'Controle Central'!F122,'Controle Central'!F140) -> #REF! | I12: =SUM('Controle Central'!F11,'Controle Central'!F30,'Controle Central'!M11,'Controle Central'!M30,'Controle Central'!T11,'Controle Central'!T30,'Controle Central'!AA11,'Controle Central'!AA30,'Controle Central'!AA49,'Controle Central'!AA68,'Controle Central'!T49,'Controle Central'!T68,'Controle Central'!M49,'Controle Central'!M68,'Controle Central'!F68,'Controle Central'!F49,'Controle Central'!F87,'Controle Central'!F105,'Controle Central'!M87,'Controle Central'!M105,'Controle Central'!T87,'Controle Central'!T105,'Controle Central'!AA87,'Controle Central'!AA105,'Controle Central'!AA123,'Controle Central'!T123,'Controle Central'!M123,'Controle Central'!M141,'Controle Central'!F123,'Controle Central'!F141) -> #REF! | J12: =SUM('Controle Central'!F12,'Controle Central'!F31,'Controle Central'!M12,'Controle Central'!M31,'Controle Central'!T12,'Controle Central'!T31,'Controle Central'!AA12,'Controle Central'!AA31,'Controle Central'!AA50,'Controle Central'!T50,'Controle Central'!T69,'Controle Central'!AA69,'Controle Central'!M50,'Controle Central'!M69,'Controle Central'!F69,'Controle Central'!F50,'Controle Central'!F88,'Controle Central'!F106,'Controle Central'!M88,'Controle Central'!M106,'Controle Central'!T88,'Controle Central'!T106,'Controle Central'!AA88,'Controle Central'!AA106,'Controle Central'!AA124,'Controle Central'!T124,'Controle Central'!M124,'Controle Central'!F124,'Controle Central'!F142,'Controle Central'!M142) -> #REF! | K12: =SUM('Controle Central'!F13,'Controle Central'!F32,'Controle Central'!M13,'Controle Central'!M32,'Controle Central'!T13,'Controle Central'!T32,'Controle Central'!AA13,'Controle Central'!AA32,'Controle Central'!AA51,'Controle Central'!T51,'Controle Central'!T70,'Controle Central'!AA70,'Controle Central'!M51,'Controle Central'!M70,'Controle Central'!F70,'Controle Central'!F51,'Controle Central'!F89,'Controle Central'!F107,'Controle Central'!M89,'Controle Central'!M107,'Controle Central'!T89,'Controle Central'!T107,'Controle Central'!AA107,'Controle Central'!AA89,'Controle Central'!AA125,'Controle Central'!T125,'Controle Central'!M125,'Controle Central'!F125,'Controle Central'!F143,'Controle Central'!M143) -> #REF! | L12: =SUM('Controle Central'!F14,'Controle Central'!M14,'Controle Central'!F33,'Controle Central'!M33,'Controle Central'!T14,'Controle Central'!T33,'Controle Central'!AA33,'Controle Central'!AA14,'Controle Central'!AA52,'Controle Central'!T52,'Controle Central'!M52,'Controle Central'!M71,'Controle Central'!T71,'Controle Central'!AA71,'Controle Central'!AA90,'Controle Central'!T90,'Controle Central'!M90,'Controle Central'!F90,'Controle Central'!F108,'Controle Central'!F126,'Controle Central'!M108,'Controle Central'!M126,'Controle Central'!T108,'Controle Central'!T126,'Controle Central'!AA108,'Controle Central'!AA126,'Controle Central'!M144,'Controle Central'!F144) -> #REF! | M12: =SUM('Controle Central'!F15,'Controle Central'!F34,'Controle Central'!M15,'Controle Central'!M34,'Controle Central'!T15,'Controle Central'!T34,'Controle Central'!AA15,'Controle Central'!AA34,'Controle Central'!AA53,'Controle Central'!T53,'Controle Central'!AA72,'Controle Central'!T72,'Controle Central'!M53,'Controle Central'!F53,'Controle Central'!F72,'Controle Central'!M72,'Controle Central'!F91,'Controle Central'!F109,'Controle Central'!M91,'Controle Central'!M109,'Controle Central'!T91,'Controle Central'!T109,'Controle Central'!AA91,'Controle Central'!AA109,'Controle Central'!AA127,'Controle Central'!T127,'Controle Central'!M127,'Controle Central'!M145,'Controle Central'!F127,'Controle Central'!F145) -> #REF!
B16: JAN | C16: FEV | D16: MAR | E16: ABR | F16: MAI | G16: JUN | H16: JUL | I16: AGO | J16: SET | K16: OUT | L16: NOV | M16: DEZ
A17: Medição | C17: 20800 | D17: 46800
A19: Contrato de Locação | C19: 9452 | D19: 21267
A21: Lucro Car's | B21: =B17-B19 -> 0 | C21: =C17-C19 -> 11348 | D21: =D17-D19 -> 25533 | E21: =E17-E19 -> 0 | F21: =F17-F19 -> 0 | G21: =G17-G19 -> 0 | H21: =H17-H19 -> 0 | I21: =I17-I19 -> 0 | ... M21: =M17-M19 -> 0

Sheet Controle Central
B2: Robson km contratual 5.000 | I2: Paulo km contratual 5000 | P2: Marco km contratual 5000 | W2: Ivnna km contratual 5000
B3: KM RODADO | C3: KM MENSAL | D3: ABASTECIMENTO | E3: LAVA_RAPIDO | F3: BORRACHARIA | I3: KM RODADO | J3: KM MENSAL | K3: ABASTECIMENTO | L3: LAVA_RAPIDO | M3: BORRACHARIA | P3: KM RODADO | Q3: KM MENSAL | R3: ABASTECIMENTO | S3: LAVA_RAPIDO | T3: BORRACHARIA | W3: KM RODADO | X3: KM MENSAL | Y3: ABASTECIMENTO | Z3: LAVA_RAPIDO | AA3: BORRACHARIA
A4: JAN | C4: 0 | D4: 0 | E4: 0 | F4: 0 | H4: JAN | J4: 0 | K4: 0 | L4: 0 | M4: 0 | O4: JAN | Q4: 0 | R4: 0 | S4: 0 | T4: 0 | V4: JAN | X4: 0 | Y4: 0 | Z4: 0 | AA4: 0
A5: FEV | B5: ='Robson-Devolv'!H12 -> 1314 | C5: =SUM(5000-B5) -> 3686 | D5: ='Robson-Devolv'!U13 -> 687.92 | E5: ='Robson-Devolv'!AC13 -> 0 | F5: ='Robson-Devolv'!AK13 -> 0 | H5: FEV | I5: ='Paulo - Desmob'!H11 -> 1572 | J5: =SUM(5000-I5) -> 3428 | K5: ='Paulo - Desmob'!U12 -> 704.42 | L5: ='Paulo - Desmob'!AC12 -> 0 | M5: ='Paulo - Desmob'!AK12 -> 0 | O5: FEV | P5: ='Marco - Desmob'!H11 -> 1218 | Q5: =SUM(5000-P5) -> 3782 | R5: ='Marco - Desmob'!U12 -> 610.74 | S5: ='Marco - Desmob'!AI12 -> 0 | T5: ='Marco - Desmob'!AR12 -> 0 | V5: FEV | W5: ='Ivnna-Desmob'!H11 -> 925 | X5: =SUM(5000-W5) -> 4075 | Y5: ='Ivnna-Desmob'!U12 -> 207.61 | Z5: ='Ivnna-Desmob'!AI12 -> 0 | AA5: ='Ivnna-Desmob'!AR12 -> 0
A6: MAR | B6: ='Robson-Devolv'!H16 -> 2994 | C6: =SUM(5000-B6) -> 2006 | D6: ='Robson-Devolv'!U17 -> 1346.74 | E6: ='Robson-Devolv'!AC17 -> 0 | F6: ='Robson-Devolv'!AK17 -> 0 | H6: MAR | I6: ='Paulo - Desmob'!H15 -> 3761 | J6: =SUM(5000-I6) -> 1239 | K6: ='Paulo - Desmob'!U16 -> 1959.56 | L6: ='Paulo - Desmob'!AC16 -> 0 | M6: ='Paulo - Desmob'!AK16 -> 0 | O6: MAR | P6: ='Marco - Desmob'!H15 -> 2279 | Q6: =SUM(5000-P6) -> 2721 | R6: ='Marco - Desmob'!U16 -> 706.46 | S6: ='Marco - Desmob'!AI16 -> 0 | T6: ='Marco - Desmob'!AR16 -> 0 | V6: MAR | W6: ='Ivnna-Desmob'!H15 -> 2685 | X6: =SUM(5000-W6) -> 2315 | Y6: ='Ivnna-Desmob'!U16 -> 1309.3 | Z6: ='Ivnna-Desmob'!AI16 -> 0 | AA6: ='Ivnna-Desmob'!AR16 -> 0
A7: ABR | B7: ='Robson-Devolv'!H20 -> 3086 | C7: =SUM(5000-B7) -> 1914 | D7: ='Robson-Devolv'!U21 -> 1268.57 | E7: ='Robson-Devolv'!AC21 -> 80 | F7: ='Robson-Devolv'!AK21 -> 0 | H7: ABR | I7: ='Paulo - Desmob'!H19 -> 2185 | J7: =SUM(5000-I7) -> 2815 | K7: ='Paulo - Desmob'!U20 -> 1147.02 | L7: ='Paulo - Desmob'!AC20 -> 80 | M7: ='Paulo - Desmob'!AK20 -> 0 | O7: ABR | P7: ='Marco - Desmob'!H19 -> 2628 | Q7: =SUM(5000-P7) -> 2372 | R7: ='Marco - Desmob'!U20 -> 1242.98 | S7: ='Marco - Desmob'!AI20 -> 0 | T7: ='Marco - Desmob'!AR20 -> 0 | V7: ABR | W7: ='Ivnna-Desmob'!H19 -> 3094 | X7: =SUM(5000-W7) -> 1906 | Y7: ='Ivnna-Desmob'!U20 -> 1226.75 | Z7: ='Ivnna-Desmob'!AI20 -> 0 | AA7: ='Ivnna-Desmob'!AR20 -> 0
A8: MAI | B8: ='Robson-Devolv'!H24 -> 2498 | C8: =SUM(5000-B8) -> 2502 | D8: ='Robson-Devolv'!U25 -> 870.52 | E8: ='Robson-Devolv'!AC25 -> 80 | F8: ='Robson-Devolv'!AK25 -> 0 | H8: MAI | I8: ='Paulo - Desmob'!H23 -> 3015 | J8: =SUM(5000-I8) -> 1985 | K8: ='Paulo - Desmob'!U24 -> 1794.06 | L8: ='Paulo - Desmob'!AC24 -> 80 | M8: ='Paulo - Desmob'!AK24 -> 0 | O8: MAI | P8: ='Marco - Desmob'!H23 -> 3170 | Q8: =SUM(5000-P8) -> 1830 | R8: ='Marco - Desmob'!U24 -> 1300.91 | S8: ='Marco - Desmob'!AC24 -> 160 | T8: ='Marco - Desmob'!AR24 -> 0 | V8: MAI | W8: ='Ivnna-Desmob'!H23 -> 2882 | X8: =SUM(5000-W8) -> 2118 | Y8: ='Ivnna-Desmob'!U24 -> 959.72 | Z8: ='Ivnna-Desmob'!AC24 -> 130 | AA8: ='Ivnna-Desmob'!AR24 -> 0
A9: JUN | B9: ='Robson-Devolv'!H28 -> 2729 | C9: =SUM(5000-B9) -> 2271 | D9: ='Robson-Devolv'!U29 -> 1312.59 | E9: ='Robson-Devolv'!AC29 -> 160 | F9: ='Robson-Devolv'!AK29 -> 0 | H9: JUN | I9: ='Paulo - Desmob'!H27 -> 4452 | J9: =SUM(5000-I9) -> 548 | K9: ='Paulo - Desmob'!U28 -> 1862.81 | L9: ='Paulo - Desmob'!AC28 -> 240 | M9: ='Robson-Devolv'!AK29 -> 0 | O9: JUN | P9: ='Marco - Desmob'!H27 -> 2928 | Q9: =SUM(5000-P9) -> 2072 | R9: ='Marco - Desmob'!U28 -> 1021.22 | S9: ='Marco - Desmob'!AI28 -> 0 | T9: ='Marco - Desmob'!AR28 -> 0 | V9: JUN | W9: ='Ivnna-Desmob'!H27 -> 2722 | X9: =SUM(5000-W9) -> 2278 | Y9: ='Ivnna-Desmob'!U28 -> 1244.86 | Z9: ='Ivnna-Desmob'!AI28 -> 0 | AA9: ='Ivnna-Desmob'!AR28 -> 0
A10: JUL | B10: ='Robson-Devolv'!H32 -> 2667 | C10: =SUM(5000-B10) -> 2333 | D10: ='Robson-Devolv'!U33 -> 1564.22 | E10: ='Robson-Devolv'!AC33 -> 135 | F10: ='Robson-Devolv'!AK33 -> 0 | H10: JUL | I10: ='Paulo - Desmob'!H31 -> 2031 | J10: =SUM(5000-I10) -> 2969 | K10: ='Paulo - Desmob'!U32 -> 1169.63 | L10: ='Paulo - Desmob'!AC32 -> 160 | M10: ='Paulo - Desmob'!AK32 -> 0 | O10: JUL | P10: ='Marco - Desmob'!H31 -> 2251 | Q10: =SUM(5000-P10) -> 2749 | R10: ='Marco - Desmob'!U32 -> 962.33 | S10: ='Marco - Desmob'!AC32 -> 140 | T10: ='Marco - Desmob'!AR32 -> 0 | V10: JUL | W10: ='Ivnna-Desmob'!H31 -> 3246 | X10: =SUM(5000-W10) -> 1754 | Y10: ='Ivnna-Desmob'!U32 -> 1338.32 | Z10: ='Ivnna-Desmob'!AC32 -> 220 | AA10: ='Ivnna-Desmob'!AR32 -> 0
A11: AGO | B11: ='Robson-Devolv'!H36 -> 1483 | C11: =SUM(5000-B11) -> 3517 | D11: ='Robson-Devolv'!U37 -> 1342.94 | E11: ='Robson-Devolv'!AC37 -> 215 | F11: ='Robson-Devolv'!AK37 -> 0 | H11: AGO | I11: ='Paulo - Desmob'!H35 -> 3925 | J11: =SUM(5000-I11) -> 1075 | K11: ='Paulo - Desmob'!U36 -> 2240.32 | L11: ='Paulo - Desmob'!AC36 -> 240 | M11: ='Paulo - Desmob'!AK36 -> 0 | O11: AGO | P11: ='Marco - Desmob'!H35 -> 0 | Q11: =SUM(5000-P11) -> 5000 | R11: ='Marco - Desmob'!U36 -> 360.84 | S11: ='Marco - Desmob'!AC36 -> 80 | T11: ='Marco - Desmob'!AR36 -> 0 | V11: AGO | W11: ='Ivnna-Desmob'!H35 -> 2843 | X11: =SUM(5000-W11) -> 2157 | Y11: ='Ivnna-Desmob'!U36 -> 1166.75 | Z11: ='Ivnna-Desmob'!AC36 -> 240 | AA11: ='Ivnna-Desmob'!AR36 -> 0
A12: SET | B12: ='Robson-Devolv'!H40 -> 2886 | C12: =SUM(5000-B12) -> 2114 | D12: ='Robson-Devolv'!U41 -> 1243.68 | E12: ='Robson-Devolv'!AC41 -> 75 | F12: ='Robson-Devolv'!AK41 -> 0 | H12: SET | I12: ='Paulo - Desmob'!H39 -> 3284 | J12: =SUM(5000-I12) -> 1716 | K12: ='Paulo - Desmob'!U40 -> 1698.73 | L12: ='Paulo - Desmob'!AC40 -> 75 | M12: ='Paulo - Desmob'!AK40 -> 0 | O12: SET | P12: ='Marco - Desmob'!H35 -> 0 | Q12: =SUM(5000-P12) -> 5000 | R12: ='Marco - Desmob'!Z40 -> 0 | S12: ='Marco - Desmob'!AI40 -> 0 | T12: ='Marco - Desmob'!AR40 -> 0 | V12: SET | W12: ='Ivnna-Desmob'!H39 -> 2747 | X12: =SUM(5000-W12) -> 2253 | Y12: ='Ivnna-Desmob'!U40 -> 1028.47 | Z12: ='Ivnna-Desmob'!AI40 -> 0 | AA12: ='Ivnna-Desmob'!AR40 -> 0
A13: OUT | B13: ='Robson-Devolv'!H44 -> 0 | C13: =SUM(5000-B13) -> 5000 | D13: ='Robson-Devolv'!U45 -> 1710.74 | E13: ='Robson-Devolv'!AC45 -> 75 | F13: ='Robson-Devolv'!AK45 -> 0 | H13: OUT | I13: ='Paulo - Desmob'!H43 -> 1136 | J13: =SUM(5000-I13) -> 3864 | K13: ='Paulo - Desmob'!U44 -> 2080.72 | L13: ='Paulo - Desmob'!AC44 -> 80 | M13: ='Paulo - Desmob'!AK44 -> 0 | O13: OUT | P13: ='Marco - Desmob'!H39 -> 0 | Q13: =SUM(5000-P13) -> 5000 | R13: ='Marco - Desmob'!Z44 -> 0 | S13: ='Marco - Desmob'!AI44 -> 0 | T13: ='Marco - Desmob'!AR44 -> 0 | V13: OUT | W13: ='Ivnna-Desmob'!H43 -> 3063 | X13: =SUM(5000-W13) -> 1937 | Y13: ='Ivnna-Desmob'!Z44 -> 0 | Z13: ='Ivnna-Desmob'!AI44 -> 0 | AA13: ='Ivnna-Desmob'!AR44 -> 0
A14: NOV | B14: ='Robson-Devolv'!H48 -> 1393 | C14: =SUM(5000-B14) -> 3607 | D14: ='Robson-Devolv'!U49 -> 408.9 | E14: ='Robson-Devolv'!AC49 -> 0 | F14: ='Robson-Devolv'!AK49 -> 0 | H14: NOV | I14: ='Paulo - Desmob'!H47 -> 2954 | J14: =SUM(5000-I14) -> 2046 | K14: ='Paulo - Desmob'!U48 -> 464.24 | L14: ='Paulo - Desmob'!AC48 -> 0 | M14: ='Paulo - Desmob'!AK48 -> 0 | O14: NOV | P14: ='Marco - Desmob'!H43 -> 0 | Q14: =SUM(5000-P14) -> 5000 | R14: ='Marco - Desmob'!Z48 -> 0 | S14: ='Marco - Desmob'!AI48 -> 0 | T14: ='Marco - Desmob'!AR48 -> 0 | V14: NOV | W14: ='Ivnna-Desmob'!H47 -> 1068 | X14: =SUM(5000-W14) -> 3932 | Y14: ='Ivnna-Desmob'!Z48 -> 0 | Z14: ='Ivnna-Desmob'!AI48 -> 0 | AA14: ='Ivnna-Desmob'!AR48 -> 0
A15: DEZ | B15: ='Robson-Devolv'!H52 -> 2696 | C15: =SUM(5000-B15) -> 2304 | D15: ='Robson-Devolv'!U53 -> 0 | E15: ='Robson-Devolv'!AC53 -> 0 | F15: ='Robson-Devolv'!AK53 -> 0 | H15: DEZ | I15: ='Paulo - Desmob'!H51 -> 2082 | J15: =SUM(5000-I15) -> 2918 | K15: ='Paulo - Desmob'!U52 -> 0 | L15: ='Paulo - Desmob'!AC48 -> 0 | M15: ='Paulo - Desmob'!AK48 -> 0 | O15: DEZ | P15: ='Marco - Desmob'!H47 -> 0 | Q15: =SUM(5000-P15) -> 5000 | R15: ='Marco - Desmob'!Z52 -> 0 | S15: ='Marco - Desmob'!AI48 -> 0 | T15: ='Marco - Desmob'!AR52 -> 0 | V15: DEZ | W15: ='Ivnna-Desmob'!H51 -> 1515 | X15: =SUM(5000-W15) -> 3485 | Y15: ='Ivnna-Desmob'!Z52 -> 0 | Z15: ='Ivnna-Desmob'!AI52 -> 0 | AA15: ='Ivnna-Desmob'!AR52 -> 0
A17: TOTAL | B17: =SUM(B4:B15) -> 23746 | D17: =SUM(D4:D15) -> 11756.82 | E17: =SUM(E4:E15) -> 820 | F17: =SUM(F4:F15) -> 0 | H17: TOTAL | I17: =SUM(I4:I15) -> 30397 | K17: =SUM(K4:K15) -> 15121.51 | L17: =SUM(L4:L15) -> 955 | M17: =SUM(M4:M15) -> 0 | O17: TOTAL | P17: =SUM(P4:P15) -> 14474 | R17: =SUM(R4:R15) -> 6205.48 | S17: =SUM(S4:S15) -> 380 | T17: =SUM(T4:T15) -> 0 | V17: TOTAL | W17: =SUM(W4:W15) -> 26790 | Y17: =SUM(Y4:Y15) -> 8481.78 | Z17: =SUM(Z4:Z15) -> 590 | AA17: =SUM(AA4:AA15) -> 0
A18: SALDO KM | B18: =SUM(60000-B17) -> 36254 | H18: SALDO KM | I18: =SUM(60000-I17) -> 29603 | O18: SALDO KM | P18: =SUM(60000-P17) -> 45526 | V18: SALDO KM | W18: =SUM(60000-W17) -> 33210
B21: Thiago km contratual 5000 | I21: Adalberto km contratual 5000 | P21: Danilo km contratual 5000 | W21: Jacques km contratual 5000
B22: KM RODADO | C22: KM MENSAL | D22: ABASTECIMENTO | E22: LAVA_RAPIDO | F22: BORRACHARIA | I22: KM RODADO | J22: KM MENSAL | K22: ABASTECIMENTO | L22: LAVA_RAPIDO | M22: BORRACHARIA | P22: KM RODADO | Q22: KM MENSAL | R22: ABASTECIMENTO | S22: LAVA_RAPIDO | T22: BORRACHARIA | W22: KM RODADO | X22: KM MENSAL | Y22: ABASTECIMENTO | Z22: LAVA_RAPIDO | AA22: BORRACHARIA
A23: JAN | C23: 0 | D23: 0 | E23: 0 | F23: 0 | H23: JAN | J23: 0 | K23: 0 | L23: 0 | M23: 0 | O23: JAN | Q23: 0 | R23: 0 | S23: 0 | T23: 0 | V23: JAN | X23: 0 | Y23: 0 | Z23: 0 | AA23: 0
A24: FEV | B24: ='Rodolfo - Desmob'!H11 -> 0 | C24: =SUM(5000-B24) -> 5000 | D24: ='Rodolfo - Desmob'!U12 -> 0 | E24: ='Rodolfo - Desmob'!AC12 -> 0 | F24: ='Rodolfo - Desmob'!AK12 -> 0 | H24: FEV | I24: ='Chris-Desmob'!H11 -> 0 | J24: =SUM(5000-I24) -> 5000 | K24: ='Chris-Desmob'!U12 -> 0 | L24: ='Chris-Desmob'!AC12 -> 0 | M24: ='Chris-Desmob'!AK12 -> 0 | O24: FEV | P24: ='Igor-Desmob'!H11 -> 0 | Q24: =SUM(5000-P24) -> 5000 | R24: ='Igor-Desmob'!U12 -> 0 | S24: ='Igor-Desmob'!AC12 -> 0 | T24: ='Igor-Desmob'!AK12 -> 0 | V24: FEV | W24: ='Jacques - desmob'!H11 -> 0 | X24: =SUM(5000-W24) -> 5000 | Y24: ='Jacques - desmob'!U12 -> 0 | Z24: ='Jacques - desmob'!AC12 -> 0 | AA24: ='Jacques - desmob'!AK12 -> 0
A25: MAR | B25: ='Rodolfo - Desmob'!H15 -> 3002 | C25: =SUM(5000-B25) -> 1998 | D25: ='Rodolfo - Desmob'!U16 -> 1198.73 | E25: ='Rodolfo - Desmob'!AC16 -> 0 | F25: ='Rodolfo - Desmob'!AK16 -> 0 | H25: MAR | I25: ='Chris-Desmob'!H15 -> 2709 | J25: =SUM(5000-I25) -> 2291 | K25: ='Chris-Desmob'!U16 -> 1195.48 | L25: ='Chris-Desmob'!AC16 -> 0 | M25: ='Chris-Desmob'!AK16 -> 0 | O25: MAR | P25: ='Igor-Desmob'!H15 -> 3812 | Q25: =SUM(5000-P25) -> 1188 | R25: ='Igor-Desmob'!U16 -> 1754.35 | S25: ='Igor-Desmob'!AC16 -> 0 | T25: ='Igor-Desmob'!AK16 -> 0 | V25: MAR | W25: ='Jacques - desmob'!H15 -> 1967 | X25: =SUM(5000-W25) -> 3033 | Y25: ='Jacques - desmob'!U16 -> 544.78 | Z25: ='Jacques - desmob'!AC16 -> 0 | AA25: ='Jacques - desmob'!AK16 -> 0
A26: ABR | B26: ='Rodolfo - Desmob'!H19 -> 3082 | C26: =SUM(5000-B26) -> 1918 | D26: ='Rodolfo - Desmob'!U20 -> 1713.29 | E26: ='Rodolfo - Desmob'!AC20 -> 160 | F26: ='Rodolfo - Desmob'!AK20 -> 0 | H26: ABR | I26: ='Chris-Desmob'!H19 -> 2746 | J26: =SUM(5000-I26) -> 2254 | K26: ='Chris-Desmob'!U20 -> 1178.23 | L26: ='Chris-Desmob'!AC20 -> 80 | M26: ='Chris-Desmob'!AK20 -> 0 | O26: ABR | P26: ='Igor-Desmob'!H19 -> 3444 | Q26: =SUM(5000-P26) -> 1556 | R26: ='Igor-Desmob'!U20 -> 1735.07 | S26: ='Igor-Desmob'!AC20 -> 0 | T26: ='Igor-Desmob'!AK20 -> 0 | V26: ABR | W26: ='Jacques - desmob'!H19 -> 3475 | X26: =SUM(5000-W26) -> 1525 | Y26: ='Jacques - desmob'!U20 -> 1170.58 | Z26: ='Jacques - desmob'!AC20 -> 0 | AA26: ='Jacques - desmob'!AK200 -> 0
A27: MAI | B27: ='Rodolfo - Desmob'!H23 -> 2723 | C27: =SUM(5000-B27) -> 2277 | D27: ='Rodolfo - Desmob'!U24 -> 1347.94 | E27: ='Rodolfo - Desmob'!AC24 -> 160 | F27: ='Rodolfo - Desmob'!AK24 -> 0 | H27: MAI | I27: ='Chris-Desmob'!H23 -> 2577 | J27: =SUM(5000-I27) -> 2423 | K27: ='Chris-Desmob'!U24 -> 1295.99 | L27: ='Chris-Desmob'!AC24 -> 80 | M27: ='Chris-Desmob'!AK24 -> 0 | O27: MAI | P27: ='Igor-Desmob'!H23 -> 2939 | Q27: =SUM(5000-P27) -> 2061 | R27: ='Igor-Desmob'!U24 -> 1469.93 | S27: ='Igor-Desmob'!AC24 -> 290 | T27: ='Igor-Desmob'!AK24 -> 0 | V27: MAI | W27: ='Jacques - desmob'!H23 -> 2806 | X27: =SUM(5000-W27) -> 2194 | Y27: ='Jacques - desmob'!U24 -> 713.11 | Z27: ='Jacques - desmob'!AC24 -> 80 | AA27: ='Jacques - desmob'!AK24 -> 0
A28: JUN | B28: ='Rodolfo - Desmob'!H27 -> 3052 | C28: =SUM(5000-B28) -> 1948 | D28: ='Rodolfo - Desmob'!U28 -> 1486.9 | E28: ='Rodolfo - Desmob'!AC24 -> 160 | F28: ='Rodolfo - Desmob'!AK28 -> 0 | H28: JUN | I28: ='Chris-Desmob'!H27 -> 2121 | J28: =SUM(5000-I28) -> 2879 | K28: ='Chris-Desmob'!U28 -> 1240.85 | L28: ='Chris-Desmob'!AC28 -> 80 | M28: ='Chris-Desmob'!AK28 -> 0 | O28: JUN | P28: ='Igor-Desmob'!H27 -> 3082 | Q28: =SUM(5000-P28) -> 1918 | R28: ='Igor-Desmob'!U28 -> 1657.74 | S28: ='Igor-Desmob'!AC24 -> 290 | T28: ='Igor-Desmob'!AK28 -> 0 | V28: JUN | W28: ='Jacques - desmob'!H27 -> 0 | X28: =SUM(5000-W28) -> 5000 | Y28: ='Jacques - desmob'!U28 -> 0 | Z28: ='Jacques - desmob'!AC28 -> 0 | AA28: ='Jacques - desmob'!AK28 -> 0
A29: JUL | B29: ='Rodolfo - Desmob'!H31 -> 2611 | C29: =SUM(5000-B29) -> 2389 | D29: ='Rodolfo - Desmob'!U32 -> 1779.48 | E29: ='Rodolfo - Desmob'!AC32 -> 160 | F29: ='Rodolfo - Desmob'!AK32 -> 0 | H29: JUL | I29: ='Chris-Desmob'!H31 -> 2535 | J29: =SUM(5000-I29) -> 2465 | K29: ='Chris-Desmob'!U32 -> 1403.15 | L29: ='Chris-Desmob'!AC32 -> 215 | M29: ='Chris-Desmob'!AK32 -> 0 | O29: JUL | P29: ='Igor-Desmob'!H31 -> 3873 | Q29: =SUM(5000-P29) -> 1127 | R29: ='Igor-Desmob'!U32 -> 1689.01 | S29: ='Igor-Desmob'!AC32 -> 295 | T29: ='Igor-Desmob'!AK32 -> 0 | V29: JUL | W29: ='Jacques - desmob'!H31 -> 0 | X29: =SUM(5000-W29) -> 5000 | Y29: ='Jacques - desmob'!U32 -> 0 | Z29: ='Jacques - desmob'!AC32 -> 0 | AA29: ='Jacques - desmob'!AK32 -> 0
A30: AGO | B30: ='Rodolfo - Desmob'!H35 -> 2181 | C30: =SUM(5000-B30) -> 2819 | D30: ='Rodolfo - Desmob'!U36 -> 1516.86 | E30: ='Rodolfo - Desmob'!AC36 -> 135 | F30: ='Rodolfo - Desmob'!AK36 -> 0 | H30: AGO | I30: ='Chris-Desmob'!H35 -> 2327 | J30: =SUM(5000-I30) -> 2673 | K30: ='Chris-Desmob'!U36 -> 1129.75 | L30: ='Chris-Desmob'!AC36 -> 200 | M30: ='Chris-Desmob'!AK36 -> 0 | O30: AGO | P30: ='Igor-Desmob'!H35 -> 4548 | Q30: =SUM(5000-P30) -> 452 | R30: ='Igor-Desmob'!U36 -> 2037.19 | S30: ='Igor-Desmob'!AC36 -> 215 | T30: ='Igor-Desmob'!AK36 -> 0 | V30: AGO | W30: ='Jacques - desmob'!H35 -> 0 | X30: =SUM(5000-W30) -> 5000 | Y30: ='Jacques - desmob'!U36 -> 0 | Z30: ='Jacques - desmob'!AC36 -> 0 | AA30: ='Jacques - desmob'!AK36 -> 0
A31: SET | B31: ='Rodolfo - Desmob'!H39 -> 2654 | C31: =SUM(5000-B31) -> 2346 | D31: ='Rodolfo - Desmob'!U40 -> 1491.29 | E31: ='Rodolfo - Desmob'!AC40 -> 210 | F31: ='Rodolfo - Desmob'!AK4 -> 0 | H31: SET | I31: ='Chris-Desmob'!H39 -> 2288 | J31: =SUM(5000-I31) -> 2712 | K31: ='Chris-Desmob'!U40 -> 953.2 | L31: ='Chris-Desmob'!AC40 -> 155 | M31: ='Chris-Desmob'!AK40 -> 50 | O31: SET | P31: ='Igor-Desmob'!H39 -> 3731 | Q31: =SUM(5000-P31) -> 1269 | R31: ='Igor-Desmob'!U40 -> 1939.82 | S31: ='Igor-Desmob'!AC40 -> 155 | T31: ='Igor-Desmob'!AK40 -> 0 | V31: SET | W31: ='Jacques - desmob'!H39 -> 0 | X31: =SUM(5000-W31) -> 5000 | Y31: ='Jacques - desmob'!U40 -> 0 | Z31: ='Jacques - desmob'!AC40 -> 0 | AA31: ='Jacques - desmob'!AK40 -> 0
A32: OUT | B32: ='Rodolfo - Desmob'!H43 -> -8031 | C32: =SUM(5000-B32) -> 13031 | D32: ='Rodolfo - Desmob'!U44 -> 1712.65 | E32: ='Rodolfo - Desmob'!AC44 -> 0 | F32: ='Rodolfo - Desmob'!AK44 -> 0 | H32: OUT | I32: ='Chris-Desmob'!H43 -> 1404 | J32: =SUM(5000-I32) -> 3596 | K32: ='Chris-Desmob'!U44 -> 1212.89 | L32: ='Chris-Desmob'!AC44 -> 75 | M32: ='Chris-Desmob'!AK44 -> 0 | O32: OUT | P32: ='Igor-Desmob'!H43 -> 4373 | Q32: =SUM(5000-P32) -> 627 | R32: ='Igor-Desmob'!U44 -> 2335.23 | S32: ='Igor-Desmob'!AC44 -> 150 | T32: ='Igor-Desmob'!AK44 -> 0 | V32: OUT | W32: ='Jacques - desmob'!H43 -> 0 | X32: =SUM(5000-W32) -> 5000 | Y32: ='Jacques - desmob'!U44 -> 0 | Z32: ='Jacques - desmob'!AC44 -> 0 | AA32: ='Jacques - desmob'!AK44 -> 0
A33: NOV | B33: ='Rodolfo - Desmob'!H47 -> 0 | C33: =SUM(5000-B33) -> 5000 | D33: ='Rodolfo - Desmob'!U48 -> 337.2 | E33: ='Rodolfo - Desmob'!AC48 -> 0 | F33: ='Rodolfo - Desmob'!AK48 -> 0 | H33: NOV | I33: ='Chris-Desmob'!H47 -> 3329 | J33: =SUM(5000-I33) -> 1671 | K33: ='Chris-Desmob'!U48 -> 242.5 | L33: ='Chris-Desmob'!AC48 -> 0 | M33: ='Chris-Desmob'!AK48 -> 0 | O33: NOV | P33: ='Igor-Desmob'!H47 -> 3532 | Q33: =SUM(5000-P33) -> 1468 | R33: ='Igor-Desmob'!U48 -> 752.94 | S33: ='Igor-Desmob'!AC48 -> 0 | T33: ='Igor-Desmob'!AK48 -> 0 | V33: NOV | W33: ='Jacques - desmob'!H47 -> 0 | X33: =SUM(5000-W33) -> 5000 | Y33: ='Jacques - desmob'!U48 -> 0 | Z33: ='Jacques - desmob'!AC48 -> 0 | AA33: ='Jacques - desmob'!AK48 -> 0
A34: DEZ | B34: ='Rodolfo - Desmob'!H51 -> 0 | C34: =SUM(5000-B34) -> 5000 | D34: ='Rodolfo - Desmob'!U52 -> 0 | E34: ='Rodolfo - Desmob'!AC52 -> 0 | F34: ='Rodolfo - Desmob'!AK52 -> 0 | H34: DEZ | I34: ='Chris-Desmob'!H51 -> 1706 | J34: =SUM(5000-I34) -> 3294 | K34: ='Chris-Desmob'!U52 -> 824.95 | L34: ='Chris-Desmob'!AC52 -> 0 | M34: ='Chris-Desmob'!AK52 -> 0 | O34: DEZ | P34: ='Igor-Desmob'!H51 -> 764 | Q34: =SUM(5000-P34) -> 4236 | R34: ='Igor-Desmob'!U52 -> 0 | S34: ='Igor-Desmob'!AC52 -> 0 | T34: ='Igor-Desmob'!AK52 -> 0 | V34: DEZ | W34: ='Jacques - desmob'!H51 -> 0 | X34: =SUM(5000-W34) -> 5000 | Y34: ='Jacques - desmob'!U52 -> 0 | Z34: ='Jacques - desmob'!AC52 -> 0 | AA34: ='Jacques - desmob'!AK52 -> 0
A36: TOTAL | B36: =SUM(B23:B34) -> 11274 | D36: =SUM(D23:D34) -> 12584.34 | E36: =SUM(E23:E34) -> 985 | F36: =SUM(F23:F34) -> 0 | H36: TOTAL | I36: =SUM(I23:I34) -> 23742 | K36: =SUM(K23:K34) -> 10676.99 | L36: =SUM(L23:L34) -> 885 | M36: =SUM(M23:M34) -> 50 | O36: TOTAL | P36: =SUM(P23:P34) -> 34098 | R36: =SUM(R23:R34) -> 15371.28 | S36: =SUM(S23:S34) -> 1395 | T36: =SUM(T23:T34) -> 0 | V36: TOTAL | W36: =SUM(W23:W34) -> 8248 | Y36: =SUM(Y23:Y34) -> 2428.47 | Z36: =SUM(Z23:Z34) -> 80 | AA36: =SUM(AA23:AA34) -> 0
A37: SALDO KM | B37: =SUM(60000-B36) -> 48726 | H37: SALDO KM | I37: =SUM(60000-I36) -> 36258 | O37: SALDO KM | P37: =SUM(60000-P36) -> 25902 | V37: SALDO KM | W37: =SUM(60000-W36) -> 51752
B40: Illichi km contratual 5000 | I40: Wagner km contratual 5000 | P40: Devaldo km contratual 5000 | W40: Antonio Flavio km contratual 5000
B41: KM | C41: KM MENSAL | D41: ABASTECIMENTO | E41: LAVA_RAPIDO | F41: BORRACHARIA | I41: KM | J41: KM MENSAL | K41: ABASTECIMENTO | L41: LAVA_RAPIDO | M41: BORRACHARIA | P41: KM | Q41: KM MENSAL | R41: ABASTECIMENTO | S41: LAVA_RAPIDO | T41: BORRACHARIA | W41: KM | X41: KM MENSAL | Y41: ABASTECIMENTO | Z41: LAVA_RAPIDO | AA41: BORRACHARIA
A42: JAN | H42: JAN | O42: JAN | V42: JAN
A43: FEV | B43: ='Illichi_Wesley-Desmob'!H11 -> 0 | C43: =SUM(5000-B43) -> 5000 | D43: ='Illichi_Wesley-Desmob'!U12 -> 0 | E43: ='Illichi_Wesley-Desmob'!AC12 -> 0 | F43: ='Illichi_Wesley-Desmob'!AK12 -> 0 | H43: FEV | I43: ='Wagner-Desmob'!H11 -> 0 | J43: =SUM(5000-I43) -> 5000 | K43: ='Wagner-Desmob'!U12 -> 0 | L43: ='Wagner-Desmob'!AE12 -> 0 | M43: ='Wagner-Desmob'!AN12 -> 0 | O43: FEV | P43: ='Devaldo-Desmob'!H11 -> 0 | Q43: =SUM(5000-P43) -> 5000 | R43: ='Devaldo-Desmob'!U12 -> 0 | S43: ='Devaldo-Desmob'!AE12 -> 0 | T43: ='Devaldo-Desmob'!AN12 -> 0 | V43: FEV | W43: ='Antonio Flavio-Desmob'!H14 -> 0 | X43: =SUM(5000-W43) -> 5000 | Y43: ='Antonio Flavio-Desmob'!U15 -> 0 | Z43: ='Antonio Flavio-Desmob'!AE15 -> 0 | AA43: ='Antonio Flavio-Desmob'!AN15 -> 0
A44: MAR | B44: ='Illichi_Wesley-Desmob'!H15 -> 149 | C44: =SUM(5000-B44) -> 4851 | D44: ='Illichi_Wesley-Desmob'!U16 -> 0 | E44: ='Illichi_Wesley-Desmob'!AC16 -> 0 | F44: ='Illichi_Wesley-Desmob'!AK16 -> 0 | H44: MAR | I44: ='Wagner-Desmob'!H15 -> 0 | J44: =SUM(5000-I44) -> 5000 | K44: ='Wagner-Desmob'!U16 -> 0 | L44: ='Wagner-Desmob'!AE16 -> 0 | M44: ='Wagner-Desmob'!AN16 -> 0 | O44: MAR | P44: ='Devaldo-Desmob'!H15 -> 0 | Q44: =SUM(5000-P44) -> 5000 | R44: ='Devaldo-Desmob'!U16 -> 0 | S44: ='Devaldo-Desmob'!AE16 -> 0 | T44: ='Devaldo-Desmob'!AN16 -> 0 | V44: MAR | W44: ='Antonio Flavio-Desmob'!H18 -> 0 | X44: =SUM(5000-W44) -> 5000 | Y44: ='Antonio Flavio-Desmob'!U19 -> 0 | Z44: ='Antonio Flavio-Desmob'!AE19 -> 0 | AA44: ='Antonio Flavio-Desmob'!AN19 -> 0
A45: ABR | B45: ='Illichi_Wesley-Desmob'!H19 -> 3335 | C45: =SUM(5000-B45) -> 1665 | D45: ='Illichi_Wesley-Desmob'!U20 -> 1469.27 | E45: ='Illichi_Wesley-Desmob'!AC20 -> 80 | F45: ='Illichi_Wesley-Desmob'!AK20 -> 0 | H45: ABR | I45: ='Wagner-Desmob'!H19 -> 0 | J45: =SUM(5000-I45) -> 5000 | K45: ='Wagner-Desmob'!U20 -> 186.41 | L45: ='Wagner-Desmob'!AE20 -> 0 | M45: ='Wagner-Desmob'!AN20 -> 0 | O45: ABR | P45: ='Devaldo-Desmob'!H19 -> 0 | Q45: =SUM(5000-P45) -> 5000 | R45: ='Devaldo-Desmob'!U20 -> 0 | S45: ='Devaldo-Desmob'!AE20 -> 0 | T45: ='Devaldo-Desmob'!AN20 -> 0 | V45: ABR | W45: ='Antonio Flavio-Desmob'!H22 -> 0 | X45: =SUM(5000-W45) -> 5000 | Y45: ='Antonio Flavio-Desmob'!U23 -> 0 | Z45: ='Antonio Flavio-Desmob'!AE23 -> 0 | AA45: ='Antonio Flavio-Desmob'!AN23 -> 0
A46: MAI | B46: ='Illichi_Wesley-Desmob'!H23 -> 2518 | C46: =SUM(5000-B46) -> 2482 | D46: ='Illichi_Wesley-Desmob'!U24 -> 1028.72 | E46: ='Illichi_Wesley-Desmob'!AC24 -> 160 | F46: ='Illichi_Wesley-Desmob'!AK24 -> 0 | H46: MAI | I46: ='Wagner-Desmob'!H23 -> 3418 | J46: =SUM(5000-I46) -> 1582 | K46: ='Wagner-Desmob'!U24 -> 1036.27 | L46: ='Wagner-Desmob'!AE24 -> 0 | M46: ='Wagner-Desmob'!AN24 -> 0 | O46: MAI | P46: ='Devaldo-Desmob'!H23 -> 3005 | Q46: =SUM(5000-P46) -> 1995 | R46: ='Devaldo-Desmob'!U24 -> 1351.61 | S46: ='Devaldo-Desmob'!AE24 -> 0 | T46: ='Devaldo-Desmob'!AN24 -> 0 | V46: MAI | W46: ='Antonio Flavio-Desmob'!H26 -> 573 | X46: =SUM(5000-W46) -> 4427 | Y46: ='Antonio Flavio-Desmob'!U27 -> 192.14 | Z46: ='Antonio Flavio-Desmob'!AE27 -> 0 | AA46: ='Antonio Flavio-Desmob'!AN27 -> 0
A47: JUN | B47: ='Illichi_Wesley-Desmob'!H27 -> 0 | C47: =SUM(5000-B47) -> 5000 | D47: ='Illichi_Wesley-Desmob'!U28 -> 934.01 | E47: ='Illichi_Wesley-Desmob'!AC28 -> 80 | F47: ='Illichi_Wesley-Desmob'!AK28 -> 0 | H47: JUN | I47: ='Wagner-Desmob'!H27 -> 3419 | J47: =SUM(5000-I47) -> 1581 | K47: ='Wagner-Desmob'!U28 -> 1572.8 | L47: ='Wagner-Desmob'!AE28 -> 320 | M47: ='Wagner-Desmob'!AN28 -> 0 | O47: JUN | P47: ='Devaldo-Desmob'!H27 -> 2584 | Q47: =SUM(5000-P47) -> 2416 | R47: ='Devaldo-Desmob'!U28 -> 1366.57 | S47: ='Devaldo-Desmob'!AE28 -> 0 | T47: ='Devaldo-Desmob'!AN28 -> 0 | V47: JUN | W47: ='Antonio Flavio-Desmob'!H30 -> 1814 | X47: =SUM(5000-W47) -> 3186 | Y47: ='Antonio Flavio-Desmob'!U31 -> 957.52 | Z47: ='Antonio Flavio-Desmob'!AE31 -> 160 | AA47: ='Antonio Flavio-Desmob'!AN31 -> 0
A48: JUL | B48: ='Illichi_Wesley-Desmob'!H31 -> 0 | C48: =SUM(5000-B48) -> 5000 | D48: ='Illichi_Wesley-Desmob'!U32 -> 166.82 | E48: ='Illichi_Wesley-Desmob'!AC32 -> 80 | F48: ='Illichi_Wesley-Desmob'!AK32 -> 0 | H48: JUL | I48: ='Wagner-Desmob'!H31 -> 1209 | J48: =SUM(5000-I48) -> 3791 | K48: ='Wagner-Desmob'!U32 -> 1786.69 | L48: ='Wagner-Desmob'!AE32 -> 160 | M48: ='Wagner-Desmob'!AN32 -> 0 | O48: JUL | P48: ='Devaldo-Desmob'!H31 -> 2453 | Q48: =SUM(5000-P48) -> 2547 | R48: ='Devaldo-Desmob'!U32 -> 1403.84 | S48: ='Devaldo-Desmob'!AE32 -> 75 | T48: ='Devaldo-Desmob'!AN32 -> 0 | V48: JUL | W48: ='Antonio Flavio-Desmob'!H34 -> 1870 | X48: =SUM(5000-W48) -> 3130 | Y48: ='Antonio Flavio-Desmob'!U35 -> 976.73 | Z48: ='Antonio Flavio-Desmob'!AE35 -> 195 | AA48: ='Antonio Flavio-Desmob'!AN35 -> 0
A49: AGO | B49: ='Illichi_Wesley-Desmob'!H35 -> 2092 | C49: =SUM(5000-B49) -> 2908 | D49: ='Illichi_Wesley-Desmob'!U36 -> 1859.41 | E49: ='Illichi_Wesley-Desmob'!AC36 -> 200 | F49: ='Illichi_Wesley-Desmob'!AK36 -> 0 | H49: AGO | I49: ='Wagner-Desmob'!H35 -> 2611 | J49: =SUM(5000-I49) -> 2389 | K49: ='Wagner-Desmob'!U36 -> 1098.5 | L49: ='Wagner-Desmob'!AE36 -> 340 | M49: ='Wagner-Desmob'!AN36 -> 0 | O49: AGO | P49: ='Devaldo-Desmob'!H35 -> 3764 | Q49: =SUM(5000-P49) -> 1236 | R49: ='Devaldo-Desmob'!U36 -> 1771.1 | S49: ='Devaldo-Desmob'!AC36 -> 0 | T49: ='Devaldo-Desmob'!AN36 -> 0 | V49: AGO | W49: ='Antonio Flavio-Desmob'!H38 -> 1824 | X49: =SUM(5000-W49) -> 3176 | Y49: ='Antonio Flavio-Desmob'!U39 -> 960.41 | Z49: ='Antonio Flavio-Desmob'!AE39 -> 340 | AA49: ='Antonio Flavio-Desmob'!AN39 -> 0
A50: SET | B50: ='Illichi_Wesley-Desmob'!H39 -> 2761 | C50: =SUM(5000-B50) -> 2239 | D50: ='Illichi_Wesley-Desmob'!U40 -> 1141.19 | E50: ='Illichi_Wesley-Desmob'!AC40 -> 200 | F50: ='Illichi_Wesley-Desmob'!AK40 -> 0 | H50: SET | I50: ='Wagner-Desmob'!H39 -> 2702 | J50: =SUM(5000-I50) -> 2298 | K50: ='Wagner-Desmob'!U40 -> 1178.64 | L50: ='Wagner-Desmob'!AE40 -> 235 | M50: ='Wagner-Desmob'!AN40 -> 0 | O50: SET | P50: ='Devaldo-Desmob'!H39 -> 2368 | Q50: =SUM(5000-P50) -> 2632 | R50: ='Devaldo-Desmob'!U40 -> 1413.9 | S50: ='Devaldo-Desmob'!AE40 -> 225 | T50: ='Devaldo-Desmob'!AN40 -> 0 | V50: SET | W50: ='Antonio Flavio-Desmob'!H42 -> 1317 | X50: =SUM(5000-W50) -> 3683 | Y50: ='Antonio Flavio-Desmob'!U43 -> 753.26 | Z50: ='Antonio Flavio-Desmob'!AE43 -> 210 | AA50: ='Antonio Flavio-Desmob'!AN43 -> 50
A51: OUT | B51: ='Illichi_Wesley-Desmob'!H43 -> 3144 | C51: =SUM(5000-B51) -> 1856 | D51: ='Illichi_Wesley-Desmob'!U44 -> 1603.944 | E51: ='Illichi_Wesley-Desmob'!AC44 -> 75 | F51: ='Illichi_Wesley-Desmob'!AK44 -> 0 | H51: OUT | I51: ='Wagner-Desmob'!H43 -> 3198 | J51: =SUM(5000-I51) -> 1802 | K51: ='Wagner-Desmob'!U44 -> 1451.55 | L51: ='Wagner-Desmob'!AE44 -> 75 | M51: ='Wagner-Desmob'!AN44 -> 0 | O51: OUT | P51: ='Devaldo-Desmob'!H43 -> 322 | Q51: =SUM(5000-P51) -> 4678 | R51: ='Devaldo-Desmob'!U44 -> 1895.9 | S51: ='Devaldo-Desmob'!AE44 -> 0 | T51: ='Devaldo-Desmob'!AN44 -> 0 | V51: OUT | W51: ='Antonio Flavio-Desmob'!H46 -> 1629 | X51: =SUM(5000-W51) -> 3371 | Y51: ='Antonio Flavio-Desmob'!U47 -> 759.57 | Z51: ='Antonio Flavio-Desmob'!AE47 -> 75 | AA51: ='Antonio Flavio-Desmob'!AN47 -> 0
A52: NOV | B52: ='Illichi_Wesley-Desmob'!H47 -> 2184 | C52: =SUM(5000-B52) -> 2816 | D52: ='Illichi_Wesley-Desmob'!U48 -> 401.74 | E52: ='Illichi_Wesley-Desmob'!AC48 -> 0 | F52: ='Illichi_Wesley-Desmob'!AK48 -> 0 | H52: NOV | I52: ='Wagner-Desmob'!H47 -> 1276 | J52: =SUM(5000-I52) -> 3724 | K52: ='Wagner-Desmob'!U48 -> 380.08 | L52: ='Wagner-Desmob'!AE48 -> 0 | M52: ='Wagner-Desmob'!AN48 -> 0 | O52: NOV | P52: ='Devaldo-Desmob'!H47 -> 3824 | Q52: =SUM(5000-P52) -> 1176 | R52: ='Devaldo-Desmob'!U48 -> 754.53 | S52: ='Devaldo-Desmob'!AE48 -> 0 | T52: ='Devaldo-Desmob'!AN48 -> 0 | V52: NOV | W52: ='Antonio Flavio-Desmob'!H50 -> 0 | X52: =SUM(5000-W52) -> 5000 | Y52: ='Antonio Flavio-Desmob'!U51 -> 313.56 | Z52: ='Antonio Flavio-Desmob'!AE51 -> 0 | AA52: ='Antonio Flavio-Desmob'!AN51 -> 0
A53: DEZ | B53: ='Illichi_Wesley-Desmob'!H51 -> 2967 | C53: =SUM(5000-B53) -> 2033 | D53: ='Illichi_Wesley-Desmob'!U52 -> 0 | E53: ='Illichi_Wesley-Desmob'!AC52 -> 0 | F53: ='Illichi_Wesley-Desmob'!AK52 -> 0 | H53: DEZ | I53: ='Wagner-Desmob'!H51 -> 1454 | J53: =SUM(5000-I53) -> 3546 | K53: ='Wagner-Desmob'!U52 -> 0 | L53: ='Wagner-Desmob'!AE52 -> 0 | M53: ='Wagner-Desmob'!AN52 -> 0 | O53: DEZ | P53: ='Devaldo-Desmob'!H51 -> 0 | Q53: =SUM(5000-P53) -> 5000 | R53: ='Devaldo-Desmob'!U52 -> 0 | S53: ='Devaldo-Desmob'!AE52 -> 0 | T53: ='Devaldo-Desmob'!AN52 -> 0 | V53: DEZ | W53: ='Antonio Flavio-Desmob'!H54 -> 267 | X53: =SUM(5000-W53) -> 4733 | Y53: ='Antonio Flavio-Desmob'!U55 -> 0 | Z53: ='Antonio Flavio-Desmob'!AE55 -> 0 | AA53: ='Antonio Flavio-Desmob'!AN55 -> 0
A55: TOTAL | B55: =SUM(B42:B53) -> 19150 | D55: =SUM(D42:D53) -> 8605.104 | E55: =SUM(E42:E53) -> 875 | F55: =SUM(F42:F53) -> 0 | H55: TOTAL | I55: =SUM(I42:I53) -> 19287 | K55: =SUM(K42:K53) -> 8690.94 | L55: =SUM(L42:L53) -> 1130 | M55: =SUM(M42:M53) -> 0 | O55: TOTAL | P55: =SUM(P42:P53) -> 18320 | R55: =SUM(R42:R53) -> 9957.45 | S55: =SUM(S42:S53) -> 300 | T55: =SUM(T42:T53) -> 0 | V55: TOTAL | W55: =SUM(W42:W53) -> 9294 | Y55: =SUM(Y42:Y53) -> 4913.19 | Z55: =SUM(Z42:Z53) -> 980 | AA55: =SUM(AA42:AA53) -> 50
A56: SALDO KM | B56: =SUM(60000-B55) -> 40850 | H56: SALDO KM | I56: =SUM(60000-I55) -> 40713 | O56: SALDO KM | P56: =SUM(60000-P55) -> 41680 | V56: SALDO KM | W56: =SUM(60000-W55) -> 50706
B59: Claudio km contratual 5000 | I59: Pedro Paulo km contratual 5000 | P59: Antonio Paixão km contratual 5000 | W59: Charles km contratual 5000
B60: KM | C60: KM MENSAL | D60: ABASTECIMENTO | E60: LAVA_RAPIDO | F60: BORRACHARIA | I60: KM | J60: KM MENSAL | K60: ABASTECIMENTO | L60: LAVA_RAPIDO | M60: BORRACHARIA | P60: KM | Q60: KM MENSAL | R60: ABASTECIMENTO | S60: LAVA_RAPIDO | T60: BORRACHARIA | W60: KM | X60: KM MENSAL | Y60: ABASTECIMENTO | Z60: LAVA_RAPIDO | AA60: BORRACHARIA
A61: JAN | H61: JAN | O61: JAN | V61: JAN
A62: FEV | B62: ='Claudio-Desmob'!H11 -> 0 | C62: =SUM(5000-B62) -> 5000 | D62: ='Claudio-Desmob'!U12 -> 0 | E62: ='Claudio-Desmob'!AE12 -> 0 | F62: ='Claudio-Desmob'!AN12 -> 0 | H62: FEV | I62: ='Pedro Paulo-Desmob'!H11 -> 0 | J62: =SUM(5000-I62) -> 5000 | K62: ='Pedro Paulo-Desmob'!U12 -> 0 | L62: ='Pedro Paulo-Desmob'!AE12 -> 0 | M62: ='Pedro Paulo-Desmob'!AN12 -> 0 | O62: FEV | P62: ='Antonio Paixão - Desmob'!H11 -> 0 | Q62: =SUM(5000-P62) -> 5000 | R62: ='Antonio Paixão - Desmob'!U12 -> 0 | S62: ='Antonio Paixão - Desmob'!AE12 -> 0 | T62: ='Antonio Paixão - Desmob'!AN12 -> 0 | V62: FEV | W62: ='Charles-Desmob '!H11 -> 0 | X62: =SUM(5000-W62) -> 5000 | Y62: ='Charles-Desmob '!U12 -> 0 | Z62: ='Charles-Desmob '!AE12 -> 0 | AA62: ='Charles-Desmob '!AN12 -> 0
A63: MAR | B63: ='Claudio-Desmob'!H15 -> 0 | C63: =SUM(5000-B63) -> 5000 | D63: ='Claudio-Desmob'!U16 -> 0 | E63: ='Claudio-Desmob'!AE16 -> 0 | F63: ='Claudio-Desmob'!AN16 -> 0 | H63: MAR | I63: ='Pedro Paulo-Desmob'!H15 -> 0 | J63: =SUM(5000-I63) -> 5000 | K63: ='Pedro Paulo-Desmob'!U16 -> 0 | L63: ='Pedro Paulo-Desmob'!AE16 -> 0 | M63: ='Pedro Paulo-Desmob'!AN16 -> 0 | O63: MAR | P63: ='Antonio Paixão - Desmob'!H15 -> 0 | Q63: =SUM(5000-P63) -> 5000 | R63: ='Antonio Paixão - Desmob'!U16 -> 0 | S63: ='Antonio Paixão - Desmob'!AE16 -> 0 | T63: ='Antonio Paixão - Desmob'!AN16 -> 0 | V63: MAR | W63: ='Charles-Desmob '!H15 -> 0 | X63: =SUM(5000-W63) -> 5000 | Y63: ='Charles-Desmob '!U16 -> 0 | Z63: ='Charles-Desmob '!AE16 -> 0 | AA63: ='Charles-Desmob '!AN16 -> 0
A64: ABR | B64: ='Claudio-Desmob'!H19 -> 0 | C64: =SUM(5000-B64) -> 5000 | D64: ='Claudio-Desmob'!U20 -> 0 | E64: ='Claudio-Desmob'!AE20 -> 0 | F64: ='Claudio-Desmob'!AN20 -> 0 | H64: ABR | I64: ='Pedro Paulo-Desmob'!H19 -> 0 | J64: =SUM(5000-I64) -> 5000 | K64: ='Pedro Paulo-Desmob'!U20 -> 0 | L64: ='Pedro Paulo-Desmob'!AE20 -> 0 | M64: ='Pedro Paulo-Desmob'!AN20 -> 0 | O64: ABR | P64: ='Antonio Paixão - Desmob'!H19 -> 0 | Q64: =SUM(5000-P64) -> 5000 | R64: ='Antonio Paixão - Desmob'!U20 -> 0 | S64: ='Antonio Paixão - Desmob'!AE20 -> 0 | T64: ='Antonio Paixão - Desmob'!AN20 -> 0 | V64: ABR | W64: ='Charles-Desmob '!H19 -> 0 | X64: =SUM(5000-W64) -> 5000 | Y64: ='Charles-Desmob '!U20 -> 0 | Z64: ='Charles-Desmob '!AE20 -> 0 | AA64: ='Charles-Desmob '!AN20 -> 0
A65: MAI | B65: ='Claudio-Desmob'!H23 -> 0 | C65: =SUM(5000-B65) -> 5000 | D65: ='Claudio-Desmob'!U24 -> 0 | E65: ='Claudio-Desmob'!AE224 -> 0 | F65: ='Claudio-Desmob'!AN24 -> 0 | H65: MAI | I65: ='Pedro Paulo-Desmob'!H23 -> 0 | J65: =SUM(5000-I65) -> 5000 | K65: ='Pedro Paulo-Desmob'!U24 -> 0 | L65: ='Pedro Paulo-Desmob'!AE24 -> 0 | M65: ='Pedro Paulo-Desmob'!AN24 -> 0 | O65: MAI | P65: ='Antonio Paixão - Desmob'!H23 -> 0 | Q65: =SUM(5000-P65) -> 5000 | R65: ='Antonio Paixão - Desmob'!U24 -> 0 | S65: ='Antonio Paixão - Desmob'!AE24 -> 0 | T65: ='Antonio Paixão - Desmob'!AN24 -> 0 | V65: MAI | W65: ='Charles-Desmob '!H23 -> 0 | X65: =SUM(5000-W65) -> 5000 | Y65: ='Charles-Desmob '!U24 -> 0 | Z65: ='Charles-Desmob '!AE24 -> 0 | AA65: ='Charles-Desmob '!AN24 -> 0
A66: JUN | B66: ='Claudio-Desmob'!H27 -> 2612 | C66: =SUM(5000-B66) -> 2388 | D66: ='Claudio-Desmob'!U28 -> 987.16 | E66: ='Claudio-Desmob'!AE24 -> 0 | F66: ='Claudio-Desmob'!AN28 -> 0 | H66: JUN | I66: ='Pedro Paulo-Desmob'!H27 -> 0 | J66: =SUM(5000-I66) -> 5000 | K66: ='Pedro Paulo-Desmob'!U28 -> 0 | L66: ='Pedro Paulo-Desmob'!AE28 -> 0 | M66: ='Pedro Paulo-Desmob'!AN28 -> 0 | O66: JUN | P66: ='Antonio Paixão - Desmob'!H27 -> 0 | Q66: =SUM(5000-P66) -> 5000 | R66: ='Antonio Paixão - Desmob'!U28 -> 0 | S66: ='Antonio Paixão - Desmob'!AE28 -> 0 | T66: ='Antonio Paixão - Desmob'!AN28 -> 0 | V66: JUN | W66: ='Charles-Desmob '!H27 -> 0 | X66: =SUM(5000-W66) -> 5000 | Y66: ='Charles-Desmob '!U28 -> 0 | Z66: ='Charles-Desmob '!AE28 -> 0 | AA66: ='Charles-Desmob '!AN28 -> 0
A67: JUL | B67: ='Claudio-Desmob'!H31 -> 2821 | C67: =SUM(5000-B67) -> 2179 | D67: ='Claudio-Desmob'!U32 -> 1171.26 | E67: ='Claudio-Desmob'!AE32 -> 75 | F67: ='Claudio-Desmob'!AN32 -> 0 | H67: JUL | I67: ='Pedro Paulo-Desmob'!H31 -> -12598 | J67: =SUM(5000-I67) -> 17598 | K67: ='Pedro Paulo-Desmob'!U32 -> 1990.26 | L67: ='Pedro Paulo-Desmob'!AE32 -> 0 | M67: ='Pedro Paulo-Desmob'!AN32 -> 0 | O67: JUL | P67: ='Antonio Paixão - Desmob'!H31 -> 2956 | Q67: =SUM(5000-P67) -> 2044 | R67: ='Antonio Paixão - Desmob'!U32 -> 1432.5 | S67: ='Antonio Paixão - Desmob'!AC32 -> 0 | T67: ='Antonio Paixão - Desmob'!AN32 -> 0 | V67: JUL | W67: ='Charles-Desmob '!H31 -> 0 | X67: =SUM(5000-W67) -> 5000 | Y67: ='Charles-Desmob '!U32 -> 0 | Z67: ='Charles-Desmob '!AE32 -> 0 | AA67: ='Charles-Desmob '!AN32 -> 0
A68: AGO | B68: ='Claudio-Desmob'!H35 -> 2596 | C68: =SUM(5000-B68) -> 2404 | D68: ='Claudio-Desmob'!U36 -> 1163.8 | E68: ='Claudio-Desmob'!AC36 -> 0 | F68: ='Claudio-Desmob'!AN36 -> 0 | H68: AGO | I68: ='Pedro Paulo-Desmob'!H35 -> 10886 | J68: =SUM(5000-I68) -> -5886 | K68: ='Pedro Paulo-Desmob'!U36 -> 1621.32 | L68: ='Pedro Paulo-Desmob'!AE36 -> 75 | M68: ='Pedro Paulo-Desmob'!AN36 -> 0 | O68: AGO | P68: ='Antonio Paixão - Desmob'!H35 -> 3793 | Q68: =SUM(5000-P68) -> 1207 | R68: ='Antonio Paixão - Desmob'!U36 -> 1986.08 | S68: ='Antonio Paixão - Desmob'!AE36 -> 195 | T68: ='Antonio Paixão - Desmob'!AN36 -> 0 | V68: AGO | W68: ='Charles-Desmob '!H35 -> 953 | X68: =SUM(5000-W68) -> 4047 | Y68: ='Charles-Desmob '!U36 -> 462.19 | Z68: ='Charles-Desmob '!AE36 -> 60 | AA68: ='Charles-Desmob '!AN36 -> 0
A69: SET | B69: ='Claudio-Desmob'!H39 -> 2790 | C69: =SUM(5000-B69) -> 2210 | D69: ='Claudio-Desmob'!U40 -> 1131.61 | E69: ='Claudio-Desmob'!AE40 -> 75 | F69: ='Claudio-Desmob'!AN400 -> 0 | H69: SET | I69: ='Pedro Paulo-Desmob'!H39 -> 2947 | J69: =SUM(5000-I69) -> 2053 | K69: ='Pedro Paulo-Desmob'!U40 -> 1133.59 | L69: ='Pedro Paulo-Desmob'!AE40 -> 135 | M69: ='Pedro Paulo-Desmob'!AN40 -> 0 | O69: SET | P69: ='Antonio Paixão - Desmob'!H39 -> 2480 | Q69: =SUM(5000-P69) -> 2520 | R69: ='Antonio Paixão - Desmob'!U40 -> 1232.62 | S69: ='Antonio Paixão - Desmob'!AE40 -> 60 | T69: ='Antonio Paixão - Desmob'!AN40 -> 0 | V69: SET | W69: ='Charles-Desmob '!H39 -> 1581 | X69: =SUM(5000-W69) -> 3419 | Y69: ='Charles-Desmob '!U40 -> 781.95 | Z69: ='Charles-Desmob '!AE40 -> 200 | AA69: ='Charles-Desmob '!AN40 -> 0
A70: OUT | B70: ='Claudio-Desmob'!H43 -> 3094 | C70: =SUM(5000-B70) -> 1906 | D70: ='Claudio-Desmob'!U44 -> 1417.38 | E70: ='Claudio-Desmob'!AE44 -> 75 | F70: ='Claudio-Desmob'!AN44 -> 0 | H70: OUT | I70: ='Pedro Paulo-Desmob'!H43 -> 1783 | J70: =SUM(5000-I70) -> 3217 | K70: ='Pedro Paulo-Desmob'!U44 -> 1165.21 | L70: ='Pedro Paulo-Desmob'!AE44 -> 0 | M70: ='Pedro Paulo-Desmob'!AN44 -> 0 | O70: OUT | P70: ='Antonio Paixão - Desmob'!H43 -> 1674 | Q70: =SUM(5000-P70) -> 3326 | R70: ='Antonio Paixão - Desmob'!U44 -> 836.26 | S70: ='Antonio Paixão - Desmob'!AE44 -> 0 | T70: ='Antonio Paixão - Desmob'!AN44 -> 0 | V70: OUT | W70: ='Charles-Desmob '!H43 -> 2082 | X70: =SUM(5000-W70) -> 2918 | Y70: ='Charles-Desmob '!U44 -> 790.25 | Z70: ='Charles-Desmob '!AE44 -> 0 | AA70: ='Charles-Desmob '!AN44 -> 0
A71: NOV | B71: ='Claudio-Desmob'!H47 -> 0 | C71: =SUM(5000-B71) -> 5000 | D71: ='Claudio-Desmob'!U48 -> 505.36 | E71: ='Claudio-Desmob'!AE48 -> 0 | F71: ='Claudio-Desmob'!AN48 -> 0 | H71: NOV | I71: ='Pedro Paulo-Desmob'!H47 -> 1256 | J71: =SUM(5000-I71) -> 3744 | K71: ='Pedro Paulo-Desmob'!U48 -> 456.38 | L71: ='Pedro Paulo-Desmob'!AE48 -> 0 | M71: ='Pedro Paulo-Desmob'!AN48 -> 0 | O71: NOV | P71: ='Antonio Paixão - Desmob'!H47 -> 2442 | Q71: =SUM(5000-P71) -> 2558 | R71: ='Antonio Paixão - Desmob'!U48 -> 484.58 | S71: ='Antonio Paixão - Desmob'!AE48 -> 0 | T71: ='Antonio Paixão - Desmob'!AN48 -> 0 | V71: NOV | W71: ='Charles-Desmob '!H47 -> 0 | X71: =SUM(5000-W71) -> 5000 | Y71: ='Charles-Desmob '!U48 -> 366.14 | Z71: ='Charles-Desmob '!AE48 -> 0 | AA71: ='Charles-Desmob '!AN48 -> 0
A72: DEZ | B72: ='Claudio-Desmob'!H51 -> 0 | C72: =SUM(5000-B72) -> 5000 | D72: ='Claudio-Desmob'!U52 -> 0 | E72: ='Claudio-Desmob'!AE52 -> 0 | F72: ='Claudio-Desmob'!AN52 -> 0 | H72: DEZ | I72: ='Pedro Paulo-Desmob'!H51 -> 7002 | J72: =SUM(5000-I72) -> -2002 | K72: ='Pedro Paulo-Desmob'!U52 -> 0 | L72: ='Pedro Paulo-Desmob'!AE52 -> 0 | M72: ='Pedro Paulo-Desmob'!AN52 -> 0 | O72: DEZ | P72: ='Antonio Paixão - Desmob'!H51 -> 2083 | Q72: =SUM(5000-P72) -> 2917 | R72: ='Antonio Paixão - Desmob'!U52 -> 0 | S72: ='Antonio Paixão - Desmob'!AE52 -> 0 | T72: ='Antonio Paixão - Desmob'!AN52 -> 0 | V72: DEZ | W72: ='Charles-Desmob '!H51 -> 0 | X72: =SUM(5000-W72) -> 5000 | Y72: ='Charles-Desmob '!U52 -> 0 | Z72: ='Charles-Desmob '!AE52 -> 0 | AA72: ='Charles-Desmob '!AN52 -> 0
A74: TOTAL | B74: =SUM(B61:B72) -> 13913 | D74: =SUM(D61:D72) -> 6376.57 | E74: =SUM(E61:E72) -> 225 | F74: =SUM(F61:F72) -> 0 | H74: TOTAL | I74: =SUM(I61:I72) -> 11276 | K74: =SUM(K61:K72) -> 6366.76 | L74: =SUM(L61:L72) -> 210 | M74: =SUM(M61:M72) -> 0 | O74: TOTAL | P74: =SUM(P61:P72) -> 15428 | R74: =SUM(R61:R72) -> 5972.04 | S74: =SUM(S61:S72) -> 255 | T74: =SUM(T61:T72) -> 0 | V74: TOTAL | W74: =SUM(W61:W72) -> 4616 | Y74: =SUM(Y61:Y72) -> 2400.53 | Z74: =SUM(Z61:Z72) -> 260 | AA74: =SUM(AA61:AA72) -> 0
A75: SALDO KM | B75: =SUM(60000-B74) -> 46087 | H75: SALDO KM | I75: =SUM(60000-I74) -> 48724 | O75: SALDO KM | P75: =SUM(60000-P74) -> 44572 | V75: SALDO KM | W75: =SUM(60000-W74) -> 55384
B78: Wesley | I78: CAR_18 | P78: CAR_19 | W78: CAR_20
B79: KM | C79: KM MENSAL | D79: ABASTECIMENTO | E79: LAVA_RAPIDO | F79: BORRACHARIA | I79: KM | J79: KM MENSAL | K79: ABASTECIMENTO | L79: LAVA_RAPIDO | M79: BORRACHARIA | P79: KM | Q79: KM MENSAL | R79: ABASTECIMENTO | S79: LAVA_RAPIDO | T79: BORRACHARIA | W79: KM | X79: KM MENSAL | Y79: ABASTECIMENTO | Z79: LAVA_RAPIDO | AA79: BORRACHARIA
A80: JAN | H80: JAN | O80: JAN | V80: JAN
A81: FEV | B81: ='Wesley-Desmob'!H12 -> 0 | C81: =SUM(5000-B81) -> 5000 | D81: ='Wesley-Desmob'!U13 -> 0 | E81: ='Wesley-Desmob'!AE13 -> 0 | F81: ='Wesley-Desmob'!AN13 -> 0 | H81: FEV | I81: ='Hericson - Desmob'!H11 -> 0 | J81: =SUM(5000-I81) -> 5000 | K81: ='Hericson - Desmob'!U12 -> 0 | L81: ='Hericson - Desmob'!AE12 -> 0 | M81: ='Hericson - Desmob'!AE12 -> 0 | O81: FEV | P81: =#REF! -> #REF! | Q81: =SUM(5000-P81) -> #REF! | R81: =#REF! -> #REF! | S81: =#REF! -> #REF! | T81: =#REF! -> #REF! | V81: FEV | W81: ='Devaldo-Desmobi'!H12 -> 2448 | X81: =SUM(5000-W81) -> 2552 | Y81: ='Devaldo-Desmobi'!U13 -> 1192.28 | Z81: ='Devaldo-Desmobi'!AE13 -> 80 | AA81: ='Devaldo-Desmobi'!AE13 -> 80
A82: MAR | B82: ='Wesley-Desmob'!H16 -> 0 | C82: =SUM(5000-B82) -> 5000 | D82: ='Wesley-Desmob'!U17 -> 0 | E82: ='Wesley-Desmob'!AE17 -> 0 | F82: ='Wesley-Desmob'!AN17 -> 0 | H82: MAR | I82: ='Hericson - Desmob'!H15 -> 0 | J82: =SUM(5000-I82) -> 5000 | K82: ='Hericson - Desmob'!U16 -> 0 | L82: ='Hericson - Desmob'!AE16 -> 0 | M82: ='Hericson - Desmob'!AE16 -> 0 | O82: MAR | P82: =#REF! -> #REF! | Q82: =SUM(5000-P82) -> #REF! | R82: =#REF! -> #REF! | S82: =#REF! -> #REF! | T82: =#REF! -> #REF! | V82: MAR | W82: ='Devaldo-Desmobi'!H16 -> 2838 | X82: =SUM(5000-W82) -> 2162 | Y82: ='Devaldo-Desmobi'!U17 -> 1491.26 | Z82: ='Devaldo-Desmobi'!AE17 -> 80 | AA82: ='Devaldo-Desmobi'!AE17 -> 80
A83: ABR | B83: ='Wesley-Desmob'!H20 -> 0 | C83: =SUM(5000-B83) -> 5000 | D83: ='Wesley-Desmob'!U21 -> 0 | E83: ='Wesley-Desmob'!AE21 -> 0 | F83: ='Wesley-Desmob'!AN21 -> 0 | H83: ABR | I83: ='Hericson - Desmob'!H19 -> 0 | J83: =SUM(5000-I83) -> 5000 | K83: ='Hericson - Desmob'!U20 -> 0 | L83: ='Hericson - Desmob'!AE120 -> 0 | M83: ='Hericson - Desmob'!AE20 -> 0 | O83: ABR | P83: =#REF! -> #REF! | Q83: =SUM(5000-P83) -> #REF! | R83: =#REF! -> #REF! | S83: =#REF! -> #REF! | T83: =#REF! -> #REF! | V83: ABR | W83: ='Devaldo-Desmobi'!H20 -> 2908 | X83: =SUM(5000-W83) -> 2092 | Y83: ='Devaldo-Desmobi'!U21 -> 1145.61 | Z83: ='Devaldo-Desmobi'!AE21 -> 80 | AA83: ='Devaldo-Desmobi'!AE21 -> 80
A84: MAI | B84: ='Wesley-Desmob'!H24 -> 0 | C84: =SUM(5000-B84) -> 5000 | D84: ='Wesley-Desmob'!U25 -> 0 | E84: ='Wesley-Desmob'!AE25 -> 0 | F84: ='Wesley-Desmob'!AN25 -> 0 | H84: MAI | I84: ='Hericson - Desmob'!H23 -> 0 | J84: =SUM(5000-I84) -> 5000 | K84: ='Hericson - Desmob'!U24 -> 0 | L84: ='Hericson - Desmob'!AE24 -> 0 | M84: ='Hericson - Desmob'!AE24 -> 0 | O84: MAI | P84: =#REF! -> #REF! | Q84: =SUM(5000-P84) -> #REF! | R84: =#REF! -> #REF! | S84: =#REF! -> #REF! | T84: =#REF! -> #REF! | V84: MAI | W84: ='Devaldo-Desmobi'!H24 -> 1758 | X84: =SUM(5000-W84) -> 3242 | Y84: ='Devaldo-Desmobi'!U25 -> 1062.25 | Z84: ='Devaldo-Desmobi'!AE25 -> 0 | AA84: ='Devaldo-Desmobi'!AE25 -> 0
A85: JUN | B85: ='Wesley-Desmob'!H28 -> 0 | C85: =SUM(5000-B85) -> 5000 | D85: ='Wesley-Desmob'!U29 -> 0 | E85: ='Wesley-Desmob'!AE29 -> 0 | F85: ='Wesley-Desmob'!AN29 -> 0 | H85: JUN | I85: ='Hericson - Desmob'!H27 -> 0 | J85: =SUM(5000-I85) -> 5000 | K85: ='Hericson - Desmob'!U28 -> 0 | L85: ='Hericson - Desmob'!AE28 -> 0 | M85: ='Hericson - Desmob'!AE28 -> 0 | O85: JUN | P85: =#REF! -> #REF! | Q85: =SUM(5000-P85) -> #REF! | R85: =#REF! -> #REF! | S85: =#REF! -> #REF! | T85: =#REF! -> #REF! | V85: JUN | W85: ='Devaldo-Desmobi'!H28 -> 919 | X85: =SUM(5000-W85) -> 4081 | Y85: ='Devaldo-Desmobi'!U29 -> 441.11 | Z85: ='Devaldo-Desmobi'!AE29 -> 0 | AA85: ='Devaldo-Desmobi'!AE29 -> 0
A86: JUL | B86: ='Wesley-Desmob'!H32 -> 0 | C86: =SUM(5000-B86) -> 5000 | D86: ='Wesley-Desmob'!U33 -> 0 | E86: ='Wesley-Desmob'!AE33 -> 0 | F86: ='Wesley-Desmob'!AN33 -> 0 | H86: JUL | I86: ='Hericson - Desmob'!H31 -> 0 | J86: =SUM(5000-I86) -> 5000 | K86: ='Hericson - Desmob'!U32 -> 0 | L86: ='Hericson - Desmob'!AE32 -> 0 | M86: ='Hericson - Desmob'!AE32 -> 0 | O86: JUL | P86: =#REF! -> #REF! | Q86: =SUM(5000-P86) -> #REF! | R86: =#REF! -> #REF! | S86: =#REF! -> #REF! | T86: =#REF! -> #REF! | V86: JUL | W86: ='Devaldo-Desmobi'!H32 -> 1241 | X86: =SUM(5000-W86) -> 3759 | Y86: ='Devaldo-Desmobi'!U33 -> 353.8 | Z86: ='Devaldo-Desmobi'!AE33 -> 0 | AA86: ='Devaldo-Desmobi'!AE33 -> 0
A87: AGO | B87: ='Wesley-Desmob'!H36 -> 0 | C87: =SUM(5000-B87) -> 5000 | D87: ='Wesley-Desmob'!U37 -> 0 | E87: ='Wesley-Desmob'!AE37 -> 0 | F87: ='Wesley-Desmob'!AN37 -> 0 | H87: AGO | I87: ='Hericson - Desmob'!H35 -> 0 | J87: =SUM(5000-I87) -> 5000 | K87: ='Hericson - Desmob'!U36 -> 0 | L87: ='Hericson - Desmob'!AE36 -> 0 | M87: ='Hericson - Desmob'!AE36 -> 0 | O87: AGO | P87: =#REF! -> #REF! | Q87: =SUM(5000-P87) -> #REF! | R87: =#REF! -> #REF! | S87: =#REF! -> #REF! | T87: =#REF! -> #REF! | V87: AGO | W87: ='Devaldo-Desmobi'!H36 -> 0 | X87: =SUM(5000-W87) -> 5000 | Y87: ='Devaldo-Desmobi'!U37 -> 0 | Z87: ='Devaldo-Desmobi'!AE37 -> 0 | AA87: ='Devaldo-Desmobi'!AE37 -> 0
A88: SET | B88: ='Wesley-Desmob'!H40 -> 2773 | C88: =SUM(5000-B88) -> 2227 | D88: ='Wesley-Desmob'!U41 -> 1349.06 | E88: ='Wesley-Desmob'!AE41 -> 0 | F88: ='Wesley-Desmob'!AN41 -> 0 | H88: SET | I88: ='Hericson - Desmob'!H39 -> 0 | J88: =SUM(5000-I88) -> 5000 | K88: ='Hericson - Desmob'!U40 -> 0 | L88: ='Hericson - Desmob'!AE40 -> 0 | M88: ='Hericson - Desmob'!AE40 -> 0 | O88: SET | P88: =#REF! -> #REF! | Q88: =SUM(5000-P88) -> #REF! | R88: =#REF! -> #REF! | S88: =#REF! -> #REF! | T88: =#REF! -> #REF! | V88: SET | W88: ='Devaldo-Desmobi'!H40 -> 0 | X88: =SUM(5000-W88) -> 5000 | Y88: ='Devaldo-Desmobi'!U41 -> 0 | Z88: ='Devaldo-Desmobi'!AE41 -> 0 | AA88: ='Devaldo-Desmobi'!AE41 -> 0
A89: OUT | B89: ='Wesley-Desmob'!H44 -> 4637 | C89: =SUM(5000-B89) -> 363 | D89: ='Wesley-Desmob'!U45 -> 1876.88 | E89: ='Wesley-Desmob'!AE45 -> 75 | F89: ='Wesley-Desmob'!AN45 -> 0 | H89: OUT | I89: ='Hericson - Desmob'!H43 -> 0 | J89: =SUM(5000-I89) -> 5000 | K89: ='Hericson - Desmob'!U44 -> 0 | L89: ='Hericson - Desmob'!AE44 -> 0 | M89: ='Hericson - Desmob'!AE44 -> 0 | O89: OUT | P89: =#REF! -> #REF! | Q89: =SUM(5000-P89) -> #REF! | R89: =#REF! -> #REF! | S89: =#REF! -> #REF! | T89: =#REF! -> #REF! | V89: OUT | W89: ='Devaldo-Desmobi'!H44 -> 0 | X89: =SUM(5000-W89) -> 5000 | Y89: ='Devaldo-Desmobi'!U45 -> 0 | Z89: ='Devaldo-Desmobi'!AE45 -> 0 | AA89: ='Devaldo-Desmobi'!AE45 -> 0
A90: NOV | B90: ='Wesley-Desmob'!H48 -> 0 | C90: =SUM(5000-B90) -> 5000 | D90: ='Wesley-Desmob'!U49 -> 538.43 | E90: ='Wesley-Desmob'!AE49 -> 0 | F90: ='Wesley-Desmob'!AN49 -> 0 | H90: NOV | I90: ='Hericson - Desmob'!H47 -> 1873 | J90: =SUM(5000-I90) -> 3127 | K90: ='Hericson - Desmob'!U48 -> 0 | L90: ='Hericson - Desmob'!AE48 -> 0 | M90: ='Hericson - Desmob'!AE48 -> 0 | O90: NOV | P90: =#REF! -> #REF! | Q90: =SUM(5000-P90) -> #REF! | R90: =#REF! -> #REF! | S90: =#REF! -> #REF! | T90: =#REF! -> #REF! | V90: NOV | W90: ='Devaldo-Desmobi'!H48 -> 0 | X90: =SUM(5000-W90) -> 5000 | Y90: ='Devaldo-Desmobi'!U49 -> 0 | Z90: ='Devaldo-Desmobi'!AE49 -> 0 | AA90: ='Devaldo-Desmobi'!AE49 -> 0
A91: DEZ | B91: ='Wesley-Desmob'!H52 -> 2302 | C91: =SUM(5000-B91) -> 2698 | D91: ='Wesley-Desmob'!U53 -> 0 | E91: ='Wesley-Desmob'!AE53 -> 0 | F91: ='Wesley-Desmob'!AN53 -> 0 | H91: DEZ | I91: ='Hericson - Desmob'!H51 -> 3055 | J91: =SUM(5000-I91) -> 1945 | K91: ='Hericson - Desmob'!U52 -> 0 | L91: ='Hericson - Desmob'!AE52 -> 0 | M91: ='Hericson - Desmob'!AE52 -> 0 | O91: DEZ | P91: =#REF! -> #REF! | Q91: =SUM(5000-P91) -> #REF! | R91: =#REF! -> #REF! | S91: =#REF! -> #REF! | T91: =#REF! -> #REF! | V91: DEZ | W91: ='Devaldo-Desmobi'!H52 -> 0 | X91: =SUM(5000-W91) -> 5000 | Y91: ='Devaldo-Desmobi'!U53 -> 0 | Z91: ='Devaldo-Desmobi'!AE53 -> 0 | AA91: ='Devaldo-Desmobi'!AE53 -> 0
A93: TOTAL | B93: =SUM(B80:B91) -> 9712 | D93: =SUM(D80:D91) -> 3764.37 | E93: =SUM(E80:E91) -> 75 | F93: =SUM(F80:F91) -> 0 | H93: TOTAL | I93: =SUM(I80:I91) -> 4928 | K93: =SUM(K80:K91) -> 0 | L93: =SUM(L80:L91) -> 0 | M93: =SUM(M80:M91) -> 0 | O93: TOTAL | P93: =SUM(P80:P91) -> #REF! | R93: =SUM(R80:R91) -> #REF! | S93: =SUM(S80:S91) -> #REF! | T93: =SUM(T80:T91) -> #REF! | V93: TOTAL | W93: =SUM(W80:W91) -> 12112 | Y93: =SUM(Y80:Y91) -> 5686.31 | Z93: =SUM(Z80:Z91) -> 240 | AA93: =SUM(AA80:AA91) -> 240
A94: SALDO KM | B94: =SUM(60000-B93) -> 50288 | H94: SALDO KM | I94: =SUM(60000-I93) -> 55072 | O94: SALDO KM | P94: =SUM(60000-P93) -> #REF! | V94: SALDO KM | W94: =SUM(60000-W93) -> 47888
B96: CAR_21 | I96: CAR_22 | P96: CAR_23 | W96: CAR_24
B97: KM | C97: KM MENSAL | D97: ABASTECIMENTO | E97: LAVA_RAPIDO | F97: BORRACHARIA | I97: KM | J97: KM MENSAL | K97: ABASTECIMENTO | L97: LAVA_RAPIDO | M97: BORRACHARIA | P97: KM | Q97: KM MENSAL | R97: ABASTECIMENTO | S97: LAVA_RAPIDO | T97: BORRACHARIA | W97: KM | X97: KM MENSAL | Y97: ABASTECIMENTO | Z97: LAVA_RAPIDO | AA97: BORRACHARIA
A98: JAN | H98: JAN | O98: JAN | V98: JAN
A99: FEV | B99: ='Robson.- Desmob'!H11 -> 0 | C99: =SUM(5000-B99) -> 5000 | D99: ='Robson.- Desmob'!U12 -> 0 | E99: ='Robson.- Desmob'!AE12 -> 0 | F99: ='Robson.- Desmob'!AN12 -> 0 | H99: FEV | I99: ='Vitor-Desmob'!H11 -> 0 | J99: =SUM(5000-I99) -> 5000 | K99: ='Vitor-Desmob'!U12 -> 0 | L99: ='Vitor-Desmob'!AC12 -> 0 | M99: ='Vitor-Desmob'!AK12 -> 0 | O99: FEV | P99: ='Robson-Desmob'!H13 -> 0 | Q99: =SUM(5000-P99) -> 5000 | R99: ='Robson-Desmob'!U14 -> 0 | S99: ='Robson-Desmob'!AE14 -> 0 | T99: ='Robson-Desmob'!AN14 -> 0 | V99: FEV | W99: ='Antonio Flavio-Desmob.'!H11 -> 0 | X99: =SUM(5000-W99) -> 5000 | Y99: ='Antonio Flavio-Desmob.'!U12 -> 0 | Z99: ='Antonio Flavio-Desmob.'!AE12 -> 0 | AA99: ='Antonio Flavio-Desmob.'!AN12 -> 0
A100: MAR | B100: ='Robson.- Desmob'!H15 -> 2826 | C100: =SUM(5000-B100) -> 2174 | D100: ='Robson.- Desmob'!U16 -> 880.16 | E100: ='Robson.- Desmob'!AE16 -> 160 | F100: ='Robson.- Desmob'!AN16 -> 0 | H100: MAR | I100: ='Vitor-Desmob'!H15 -> 0 | J100: =SUM(5000-I100) -> 5000 | K100: ='Vitor-Desmob'!U16 -> 0 | L100: ='Vitor-Desmob'!AC16 -> 0 | M100: ='Vitor-Desmob'!AK16 -> 0 | O100: MAR | P100: ='Robson-Desmob'!H21 -> 0 | Q100: =SUM(5000-P100) -> 5000 | R100: ='Robson-Desmob'!U18 -> 0 | S100: ='Robson-Desmob'!AE18 -> 0 | T100: ='Robson-Desmob'!AN18 -> 0 | V100: MAR | W100: ='Antonio Flavio-Desmob.'!H15 -> 0 | X100: =SUM(5000-W100) -> 5000 | Y100: ='Antonio Flavio-Desmob.'!U16 -> 0 | Z100: ='Antonio Flavio-Desmob.'!AE16 -> 0 | AA100: ='Antonio Flavio-Desmob.'!AN16 -> 0
A101: ABR | B101: ='Robson.- Desmob'!H19 -> 511 | C101: =SUM(5000-B101) -> 4489 | D101: ='Robson.- Desmob'!U20 -> 0 | E101: ='Robson.- Desmob'!AE20 -> 50 | F101: ='Robson.- Desmob'!AN220 -> 0 | H101: ABR | I101: ='Vitor-Desmob'!H19 -> 0 | J101: =SUM(5000-I101) -> 5000 | K101: ='Vitor-Desmob'!U20 -> 0 | L101: ='Vitor-Desmob'!AC20 -> 0 | M101: ='Vitor-Desmob'!AK20 -> 0 | O101: ABR | P101: ='Robson-Desmob'!H21 -> 0 | Q101: =SUM(5000-P101) -> 5000 | R101: ='Robson-Desmob'!U22 -> 0 | S101: ='Robson-Desmob'!AE22 -> 0 | T101: ='Robson-Desmob'!AN22 -> 0 | V101: ABR | W101: ='Antonio Flavio-Desmob.'!H19 -> 0 | X101: =SUM(5000-W101) -> 5000 | Y101: ='Antonio Flavio-Desmob.'!U20 -> 0 | Z101: ='Antonio Flavio-Desmob.'!AE20 -> 0 | AA101: ='Antonio Flavio-Desmob.'!AN20 -> 0
A102: MAI | B102: ='Robson.- Desmob'!H23 -> 0 | C102: =SUM(5000-B102) -> 5000 | D102: ='Robson.- Desmob'!U24 -> 0 | E102: ='Robson.- Desmob'!AE24 -> 0 | F102: ='Robson.- Desmob'!AN24 -> 0 | H102: MAI | I102: ='Vitor-Desmob'!H23 -> 0 | J102: =SUM(5000-I102) -> 5000 | K102: ='Vitor-Desmob'!U24 -> 0 | L102: ='Vitor-Desmob'!AC24 -> 0 | M102: ='Vitor-Desmob'!AK24 -> 0 | O102: MAI | P102: ='Robson-Desmob'!H25 -> 0 | Q102: =SUM(5000-P102) -> 5000 | R102: ='Robson-Desmob'!U26 -> 0 | S102: ='Robson-Desmob'!AE26 -> 0 | T102: ='Robson-Desmob'!AN26 -> 0 | V102: MAI | W102: ='Antonio Flavio-Desmob.'!H23 -> 0 | X102: =SUM(5000-W102) -> 5000 | Y102: ='Antonio Flavio-Desmob.'!U24 -> 0 | Z102: ='Antonio Flavio-Desmob.'!AE24 -> 0 | AA102: ='Antonio Flavio-Desmob.'!AN24 -> 0
A103: JUN | B103: ='Robson.- Desmob'!H27 -> 0 | C103: =SUM(5000-B103) -> 5000 | D103: ='Robson.- Desmob'!U28 -> 0 | E103: ='Robson.- Desmob'!AE28 -> 0 | F103: ='Robson.- Desmob'!AN28 -> 0 | H103: JUN | I103: ='Vitor-Desmob'!H27 -> 0 | J103: =SUM(5000-I103) -> 5000 | K103: ='Vitor-Desmob'!U28 -> 0 | L103: ='Vitor-Desmob'!AC28 -> 0 | M103: ='Vitor-Desmob'!AK28 -> 0 | O103: JUN | P103: ='Robson-Desmob'!H29 -> 0 | Q103: =SUM(5000-P103) -> 5000 | R103: ='Robson-Desmob'!U30 -> 0 | S103: ='Robson-Desmob'!AE30 -> 0 | T103: ='Robson-Desmob'!AN30 -> 0 | V103: JUN | W103: ='Antonio Flavio-Desmob.'!H27 -> 0 | X103: =SUM(5000-W103) -> 5000 | Y103: ='Antonio Flavio-Desmob.'!U28 -> 0 | Z103: ='Antonio Flavio-Desmob.'!AE28 -> 0 | AA103: ='Antonio Flavio-Desmob.'!AN28 -> 0
A104: JUL | B104: ='Robson.- Desmob'!H31 -> 0 | C104: =SUM(5000-B104) -> 5000 | D104: ='Robson.- Desmob'!U32 -> 0 | E104: ='Robson.- Desmob'!AE32 -> 0 | F104: ='Robson.- Desmob'!AN32 -> 0 | H104: JUL | I104: ='Vitor-Desmob'!H31 -> 2536 | J104: =SUM(5000-I104) -> 2464 | K104: ='Vitor-Desmob'!U32 -> 1291.79 | L104: ='Vitor-Desmob'!AC32 -> 140 | M104: ='Vitor-Desmob'!AK32 -> 0 | O104: JUL | P104: ='Robson-Desmob'!H29 -> 0 | Q104: =SUM(5000-P104) -> 5000 | R104: ='Robson-Desmob'!U34 -> 255.69 | S104: ='Robson-Desmob'!AE34 -> 0 | T104: ='Robson-Desmob'!AN34 -> 0 | V104: JUL | W104: ='Antonio Flavio-Desmob.'!H31 -> 0 | X104: =SUM(5000-W104) -> 5000 | Y104: ='Antonio Flavio-Desmob.'!U32 -> 0 | Z104: ='Antonio Flavio-Desmob.'!AE32 -> 0 | AA104: ='Antonio Flavio-Desmob.'!AN32 -> 0
A105: AGO | B105: ='Robson.- Desmob'!H35 -> 0 | C105: =SUM(5000-B105) -> 5000 | D105: ='Robson.- Desmob'!U36 -> 0 | E105: ='Robson.- Desmob'!AE36 -> 0 | F105: ='Robson.- Desmob'!AN36 -> 0 | H105: AGO | I105: ='Vitor-Desmob'!H35 -> 1918 | J105: =SUM(5000-I105) -> 3082 | K105: ='Vitor-Desmob'!U36 -> 900.19 | L105: ='Vitor-Desmob'!AC36 -> 80 | M105: ='Vitor-Desmob'!AK36 -> 0 | O105: AGO | P105: ='Robson-Desmob'!H37 -> 1004 | Q105: =SUM(5000-P105) -> 3996 | R105: ='Robson-Desmob'!U38 -> 403.95 | S105: ='Robson-Desmob'!AE38 -> 0 | T105: ='Robson-Desmob'!AN38 -> 0 | V105: AGO | W105: ='Antonio Flavio-Desmob.'!H35 -> 0 | X105: =SUM(5000-W105) -> 5000 | Y105: ='Antonio Flavio-Desmob.'!U36 -> 0 | Z105: ='Antonio Flavio-Desmob.'!AE36 -> 0 | AA105: ='Antonio Flavio-Desmob.'!AN36 -> 0
A106: SET | B106: ='Robson.- Desmob'!H39 -> 0 | C106: =SUM(5000-B106) -> 5000 | D106: ='Robson.- Desmob'!U40 -> 0 | E106: ='Robson.- Desmob'!AE40 -> 0 | F106: ='Robson.- Desmob'!AN40 -> 0 | H106: SET | I106: ='Vitor-Desmob'!H39 -> 0 | J106: =SUM(5000-I106) -> 5000 | K106: ='Vitor-Desmob'!U40 -> 0 | L106: ='Vitor-Desmob'!AC40 -> 0 | M106: ='Vitor-Desmob'!AK40 -> 0 | O106: SET | P106: ='Robson-Desmob'!H41 -> 3251 | Q106: =SUM(5000-P106) -> 1749 | R106: ='Robson-Desmob'!U42 -> 924.3 | S106: ='Robson-Desmob'!AE42 -> 0 | T106: ='Robson-Desmob'!AN42 -> 0 | V106: SET | W106: ='Antonio Flavio-Desmob.'!H39 -> 562 | X106: =SUM(5000-W106) -> 4438 | Y106: ='Antonio Flavio-Desmob.'!U40 -> 242.01 | Z106: ='Antonio Flavio-Desmob.'!AE40 -> 0 | AA106: ='Antonio Flavio-Desmob.'!AN40 -> 0
A107: OUT | B107: ='Robson.- Desmob'!H43 -> 0 | C107: =SUM(5000-B107) -> 5000 | D107: ='Robson.- Desmob'!U44 -> 0 | E107: ='Robson.- Desmob'!AE44 -> 0 | F107: ='Robson.- Desmob'!AN44 -> 0 | H107: OUT | I107: ='Vitor-Desmob'!H43 -> 0 | J107: =SUM(5000-I107) -> 5000 | K107: ='Vitor-Desmob'!U44 -> 0 | L107: ='Vitor-Desmob'!AC44 -> 0 | M107: ='Vitor-Desmob'!AK44 -> 0 | O107: OUT | P107: ='Robson-Desmob'!H45 -> 2886 | Q107: =SUM(5000-P107) -> 2114 | R107: ='Robson-Desmob'!U46 -> 1483 | S107: ='Robson-Desmob'!AE46 -> 70 | T107: ='Robson-Desmob'!AN46 -> 0 | V107: OUT | W107: ='Antonio Flavio-Desmob.'!H43 -> 2083 | X107: =SUM(5000-W107) -> 2917 | Y107: ='Antonio Flavio-Desmob.'!U44 -> 1229.59 | Z107: ='Antonio Flavio-Desmob.'!AE44 -> 0 | AA107: ='Antonio Flavio-Desmob.'!AN44 -> 0
A108: NOV | B108: ='Robson.- Desmob'!H47 -> 0 | C108: =SUM(5000-B108) -> 5000 | D108: ='Robson.- Desmob'!U48 -> 0 | E108: ='Robson.- Desmob'!AE48 -> 0 | F108: ='Robson.- Desmob'!AN48 -> 0 | H108: NOV | I108: ='Vitor-Desmob'!H47 -> 0 | J108: =SUM(5000-I108) -> 5000 | K108: ='Vitor-Desmob'!U48 -> 0 | L108: ='Vitor-Desmob'!AC48 -> 0 | M108: ='Vitor-Desmob'!AK48 -> 0 | O108: NOV | P108: ='Robson-Desmob'!H49 -> 1733 | Q108: =SUM(5000-P108) -> 3267 | R108: ='Robson-Desmob'!U50 -> 419.53 | S108: ='Robson-Desmob'!AE50 -> 0 | T108: ='Robson-Desmob'!AN50 -> 0 | V108: NOV | W108: ='Antonio Flavio-Desmob.'!H47 -> 1739 | X108: =SUM(5000-W108) -> 3261 | Y108: ='Antonio Flavio-Desmob.'!U48 -> 852.28 | Z108: ='Antonio Flavio-Desmob.'!AE48 -> 210 | AA108: ='Antonio Flavio-Desmob.'!AN48 -> 0
A109: DEZ | B109: ='Robson.- Desmob'!H51 -> 0 | C109: =SUM(5000-B109) -> 5000 | D109: ='Robson.- Desmob'!U52 -> 0 | E109: ='Robson.- Desmob'!AE52 -> 0 | F109: ='Robson.- Desmob'!AN52 -> 0 | H109: DEZ | I109: ='Vitor-Desmob'!H51 -> 0 | J109: =SUM(5000-I109) -> 5000 | K109: ='Vitor-Desmob'!U52 -> 0 | L109: ='Vitor-Desmob'!AC52 -> 0 | M109: ='Vitor-Desmob'!AK52 -> 0 | O109: DEZ | P109: ='Robson-Desmob'!H53 -> 629 | Q109: =SUM(5000-P109) -> 4371 | R109: ='Robson-Desmob'!U54 -> 157 | S109: ='Robson-Desmob'!AE54 -> 50 | T109: ='Robson-Desmob'!AN54 -> 0 | V109: DEZ | W109: ='Antonio Flavio-Desmob.'!H51 -> 1636 | X109: =SUM(5000-W109) -> 3364 | Y109: ='Antonio Flavio-Desmob.'!U52 -> 1138.61 | Z109: ='Antonio Flavio-Desmob.'!AE52 -> 190 | AA109: ='Antonio Flavio-Desmob.'!AN52 -> 0
A111: TOTAL | B111: =SUM(B98:B109) -> 3337 | D111: =SUM(D98:D109) -> 880.16 | E111: =SUM(E98:E109) -> 210 | F111: =SUM(F98:F109) -> 0 | H111: TOTAL | I111: =SUM(I98:I109) -> 4454 | K111: =SUM(K98:K109) -> 2191.98 | L111: =SUM(L98:L109) -> 220 | M111: =SUM(M98:M109) -> 0 | O111: TOTAL | P111: =SUM(P98:P109) -> 9503 | R111: =SUM(R98:R109) -> 3643.47 | S111: =SUM(S98:S109) -> 120 | T111: =SUM(T98:T109) -> 0 | V111: TOTAL | W111: =SUM(W98:W109) -> 6020 | Y111: =SUM(Y98:Y109) -> 3462.49 | Z111: =SUM(Z98:Z109) -> 400 | AA111: =SUM(AA98:AA109) -> 0
A112: SALDO KM | B112: =SUM(60000-B111) -> 56663 | H112: SALDO KM | I112: =SUM(60000-I111) -> 55546 | O112: SALDO KM | P112: =SUM(60000-P111) -> 50497 | V112: SALDO KM | W112: =SUM(60000-W111) -> 53980
B114: CAR_25 | I114: CAR_26 | P114: CAR_27 | W114: CAR_28
B115: KM | C115: KM MENSAL | D115: ABASTECIMENTO | E115: LAVA_RAPIDO | F115: BORRACHARIA | I115: KM | J115: KM MENSAL | K115: ABASTECIMENTO | L115: LAVA_RAPIDO | M115: BORRACHARIA | P115: KM | Q115: KM MENSAL | R115: ABASTECIMENTO | S115: LAVA_RAPIDO | T115: BORRACHARIA | W115: KM | X115: KM MENSAL | Y115: ABASTECIMENTO | Z115: LAVA_RAPIDO | AA115: BORRACHARIA
A116: JAN | H116: JAN | O116: JAN | V116: JAN
A117: FEV | B117: =Leandro!H12 -> 0 | C117: =SUM(5000-B117) -> 5000 | D117: =Leandro!U13 -> 0 | E117: =Leandro!AC13 -> 0 | F117: =Leandro!AL13 -> 0 | H117: FEV | I117: =Helen!H12 -> 0 | J117: =SUM(5000-I117) -> 5000 | K117: =Helen!U13 -> 0 | L117: =Helen!AE13 -> 0 | M117: =Helen!AN13 -> 0 | O117: FEV | P117: =CAR_27!H11 -> 0 | Q117: =SUM(5000-P117) -> 5000 | R117: =CAR_27!U12 -> 0 | S117: =CAR_27!AE12 -> 0 | T117: =CAR_27!AN12 -> 0 | V117: FEV | W117: =CAR_28!H11 -> 0 | X117: =SUM(5000-W117) -> 5000 | Y117: =CAR_28!U12 -> 0 | Z117: =CAR_28!AE12 -> 0 | AA117: =CAR_28!AN12 -> 0
...

Sheet Leandro
A2: Veiculo | B2: Polo | D2: Placa: | E2: TJA7B20 | H2: km | I2: 3000
A3: Troca de Condutor | B3: 46167 | D3: Placa: | E3: TJA7B20 | H3: Consutores | I3: Wendel para Leandro
A4: Substituição Veículo | D4: Placa: | H4: Modelo
A5: Contrato de Locação | B5: 2484 | D5: Rastreador | E5: Unidas - 3s | H5: Data Desmob | I5: 46131
A8: REGISTRO DE KM | J8: ABASTECIMENTO | W8: LAVA_RAPIDO | AF8: BORRACHARIA
B10: Fevereiro | J10: Fevereiro | W10: Fevereiro | AF10: Fevereiro
A11: KM (Rodados) | B11: 1ª Leitura | C11: 2ª Leitura | D11: 3ª Leitura | E11: 4ª Leitura | F11: 15 dias Rodados | G11: 30 dias Rodados | H11: Total Mensal | J11: DATA | W11: DATA | AF11: DATA
F12: =SUM(C12-B12) -> 0 | G12: =SUM(E12-D12) -> 0 | H12: =SUM(F12:G12) -> 0 | J12: VALOR | W12: VALOR | AF12: VALOR
T13: TOTAL | U13: =SUM(K12:U12) -> 0 | AB13: TOTAL | AC13: =SUM(X12:AC12) -> 0 | AK13: TOTAL | AL13: =SUM(AG12:AL12) -> 0
B14: Março | J14: Março | W14: =J14 -> Março | AF14: =W14 -> Março
A15: KM (Rodados) | B15: 1ª Leitura | C15: 2ª Leitura | D15: 3ª Leitura | E15: 4ª Leitura | F15: 15 dias Rodados | G15: 30 dias Rodados | H15: Total Mensal | J15: DATA | W15: DATA | AF15: DATA
F16: =SUM(C16-B16) -> 0 | G16: =SUM(E16-D16) -> 0 | H16: =SUM(F16:G16) -> 0 | J16: VALOR | W16: VALOR | AF16: VALOR
T17: TOTAL | U17: =SUM(K16:U16) -> 0 | AB17: TOTAL | AC17: =SUM(X16:AC16) -> 0 | AK17: TOTAL | AL17: =SUM(AG16:AL16) -> 0
B18: Abril | J18: Abril | W18: =J18 -> Abril | AF18: =W18 -> Abril
A19: KM (Rodados) | B19: 1ª Leitura | C19: 2ª Leitura | D19: 3ª Leitura | E19: 4ª Leitura | F19: 15 dias Rodados | G19: 30 dias Rodados | H19: Total Mensal | J19: DATA | W19: DATA | AF19: DATA
D20: 51696 | E20: 53114 | F20: =SUM(C20-B20) -> 0 | G20: =SUM(E20-D20) -> 1418 | H20: =SUM(F20:G20) -> 1418 | J20: VALOR | W20: VALOR | AF20: VALOR
T21: TOTAL | U21: =SUM(K20:U20) -> 0 | AB21: TOTAL | AC21: =SUM(X20:AC20) -> 0 | AK21: TOTAL | AL21: =SUM(AG20:AL20) -> 0
B22: Maio | J22: Maio | W22: =J22 -> Maio | AF22: =W22 -> Maio
A23: KM (Rodados) | B23: 1ª Leitura | C23: 2ª Leitura | D23: 3ª Leitura | E23: 4ª Leitura | F23: 15 dias Rodados | G23: 30 dias Rodados | H23: Total Mensal | J23: DATA | W23: DATA | AF23: DATA
B24: 53114 | E24: 56409 | F24: =SUM(C24-B24) -> -53114 | G24: =SUM(E24-D24) -> 56409 | H24: =SUM(F24:G24) -> 3295 | J24: VALOR | W24: VALOR | AF24: VALOR
T25: TOTAL | U25: =SUM(K24:U24) -> 0 | AB25: TOTAL | AC25: =SUM(X24:AC24) -> 0 | AK25: TOTAL | AL25: =SUM(AG24:AL24) -> 0
B26: Junho | J26: Junho | W26: =J26 -> Junho | AF26: =W26 -> Junho
A27: KM (Rodados) | B27: 1ª Leitura | C27: 2ª Leitura | D27: 3ª Leitura | E27: 4ª Leitura | F27: 15 dias Rodados | G27: 30 dias Rodados | H27: Total Mensal | J27: DATA | W27: DATA | AF27: DATA
F28: =SUM(C28-B28) -> 0 | G28: =SUM(E28-D28) -> 0 | H28: =SUM(F28:G28) -> 0 | J28: VALOR | W28: VALOR | AF28: VALOR
T29: TOTAL | U29: =SUM(K28:U28) -> 0 | AB29: TOTAL | AC29: =SUM(X28:AC28) -> 0 | AK29: TOTAL | AL29: =SUM(AG28:AL28) -> 0
B30: Julho | J30: Julho | W30: =J30 -> Julho | AF30: =W30 -> Julho
A31: KM (Rodados) | B31: 1ª Leitura | C31: 2ª Leitura | D31: 3ª Leitura | E31: 4ª Leitura | F31: 15 dias Rodados | G31: 30 dias Rodados | H31: Total Mensal | J31: DATA | W31: DATA | AF31: DATA
F32: =SUM(C32-B32) -> 0 | G32: =SUM(E32-D32) -> 0 | H32: =SUM(F32:G32) -> 0 | J32: VALOR | W32: VALOR | AF32: VALOR
T33: TOTAL | U33: =SUM(K32:U32) -> 0 | AB33: TOTAL | AC33: =SUM(X32:AC32) -> 0 | AK33: TOTAL | AL33: =SUM(AG32:AL32) -> 0
B34: Agosto | J34: Agosto | W34: =J34 -> Agosto | AF34: =W34 -> Agosto
A35: KM (Rodados) | B35: 1ª Leitura | C35: 2ª Leitura | D35: 3ª Leitura | E35: 4ª Leitura | F35: 15 dias Rodados | G35: 30 dias Rodados | H35: Total Mensal | J35: DATA | W35: DATA | AF35: DATA
F36: =SUM(C36-B36) -> 0 | G36: =SUM(E36-D36) -> 0 | H36: =SUM(F36:G36) -> 0 | J36: VALOR | W36: VALOR | AF36: VALOR
T37: TOTAL | U37: =SUM(K36:U36) -> 0 | AB37: TOTAL | AC37: =SUM(X36:AC36) -> 0 | AK37: TOTAL | AL37: =SUM(AG36:AL36) -> 0
B38: Setembro | J38: Setembro | W38: =J38 -> Setembro | AF38: =W38 -> Setembro
A39: KM (Rodados) | B39: 1ª Leitura | C39: 2ª Leitura | D39: 3ª Leitura | E39: 4ª Leitura | F39: 15 dias Rodados | G39: 30 dias Rodados | H39: Total Mensal | J39: DATA | W39: DATA | AF39: DATA
F40: =SUM(C40-B40) -> 0 | G40: =SUM(E40-D40) -> 0 | H40: =SUM(F40:G40) -> 0 | J40: VALOR | W40: VALOR | AF40: VALOR
T41: TOTAL | U41: =SUM(K40:U40) -> 0 | AB41: TOTAL | AC41: =SUM(X40:AC40) -> 0 | AK41: TOTAL | AL41: =SUM(AG40:AL40) -> 0
B42: Outubro | J42: Outubro | W42: =J42 -> Outubro | AF42: =W42 -> Outubro
A43: KM (Rodados) | B43: 1ª Leitura | C43: 2ª Leitura | D43: 3ª Leitura | E43: 4ª Leitura | F43: 15 dias Rodados | G43: 30 dias Rodados | H43: Total Mensal | J43: DATA | W43: DATA | AF43: DATA
F44: =SUM(C44-B44) -> 0 | G44: =SUM(E44-D44) -> 0 | H44: =SUM(F44:G44) -> 0 | J44: VALOR | W44: VALOR | AF44: VALOR
T45: TOTAL | U45: =SUM(K44:U44) -> 0 | AB45: TOTAL | AC45: =SUM(X44:AC44) -> 0 | AK45: TOTAL | AL45: =SUM(AG44:AL44) -> 0
B46: Novembro | J46: Novembro | W46: =J46 -> Novembro | AF46: =W46 -> Novembro
A47: KM (Rodados) | B47: 1ª Leitura | C47: 2ª Leitura | D47: 3ª Leitura | E47: 4ª Leitura | F47: 15 dias Rodados | G47: 30 dias Rodados | H47: Total Mensal | J47: DATA | W47: DATA | AF47: DATA
F48: =SUM(C48-B48) -> 0 | G48: =SUM(E48-D48) -> 0 | H48: =SUM(F48:G48) -> 0 | J48: VALOR | W48: VALOR | AF48: VALOR
T49: TOTAL | U49: =SUM(K48:U48) -> 0 | AB49: TOTAL | AC49: =SUM(X48:AC48) -> 0 | AK49: TOTAL | AL49: =SUM(AG48:AL48) -> 0
B50: Dezembro | J50: Dezembro | W50: =J50 -> Dezembro | AF50: =W50 -> Dezembro
A51: KM (Rodados) | B51: 1ª Leitura | C51: 2ª Leitura | D51: 3ª Leitura | E51: 4ª Leitura | F51: 15 dias Rodados | G51: 30 dias Rodados | H51: Total Mensal | J51: DATA | W51: DATA | AF51: DATA
F52: =SUM(C52-B52) -> 0 | G52: =SUM(E52-D52) -> 0 | H52: =SUM(F52:G52) -> 0 | J52: VALOR | W52: VALOR | AF52: VALOR
T53: TOTAL | U53: =SUM(K52:U52) -> 0 | AB53: TOTAL | AC53: =SUM(X52:AC52) -> 0 | AK53: TOTAL | AL53: =SUM(AG52:AL52) -> 0

Sheet Helen
A2: Veiculo | B2: Argo | D2: Placa: | E2: TZL9C64 | H2: km | I2: 3000
A3: Troca de Condutor | B3: 46182 | D3: Placa: | E3: TZL9C64 | H3: Consutores | I3: Alain para Helen
A5: Contrato de Locação | B5: 2606.08 | D5: Rastreador | E5: unidas 3s | H5: Data Desmob | I5: 46179
A8: REGISTRO DE KM | J8: ABASTECIMENTO | Y8: LAVA_RAPIDO | AH8: BORRACHARIA
B10: Fevereiro | J10: Fevereiro | Y10: Fevereiro | AH10: Fevereiro
A11: KM (Rodados) | B11: 1ª Leitura | C11: 2ª Leitura | D11: 3ª Leitura | E11: 4ª Leitura | F11: 15 dias Rodados | G11: 30 dias Rodados | H11: Total Mensal | J11: DATA | Y11: DATA | AH11: DATA
F12: =SUM(C12-B12) -> 0 | G12: =SUM(E12-D12) -> 0 | H12: =SUM(F12:G12) -> 0 | J12: VALOR | Y12: VALOR | AH12: VALOR
T13: TOTAL | U13: =SUM(K12:U12) -> 0 | AD13: TOTAL | AE13: =SUM(Z12:AE12) -> 0 | AM13: TOTAL | AN13: =SUM(AI12:AN12) -> 0
B14: Março | J14: Março | Y14: =J14 -> Março | AH14: =Y14 -> Março
A15: KM (Rodados) | B15: 1ª Leitura | C15: 2ª Leitura | D15: 3ª Leitura | E15: 4ª Leitura | F15: 15 dias Rodados | G15: 30 dias Rodados | H15: Total Mensal | J15: DATA | Y15: DATA | AH15: DATA
F16: =SUM(C16-B16) -> 0 | G16: =SUM(E16-D16) -> 0 | H16: =SUM(F16:G16) -> 0 | J16: VALOR | Y16: VALOR | AH16: VALOR
T17: TOTAL | U17: =SUM(K16:U16) -> 0 | AD17: TOTAL | AE17: =SUM(Z16:AE16) -> 0 | AM17: TOTAL | AN17: =SUM(AI16:AN16) -> 0
B18: Abril | J18: Abril | Y18: =J18 -> Abril | AH18: =Y18 -> Abril
A19: KM (Rodados) | B19: 1ª Leitura | C19: 2ª Leitura | D19: 3ª Leitura | E19: 4ª Leitura | F19: 15 dias Rodados | G19: 30 dias Rodados | H19: Total Mensal | J19: DATA | Y19: DATA | AH19: DATA
F20: =SUM(C20-B20) -> 0 | G20: =SUM(E20-D20) -> 0 | H20: =SUM(F20:G20) -> 0 | J20: VALOR | Y20: VALOR | AH20: VALOR
T21: TOTAL | U21: =SUM(K20:U20) -> 0 | AD21: TOTAL | AE21: =SUM(Z20:AE20) -> 0 | AM21: TOTAL | AN21: =SUM(AI20:AN20) -> 0
B22: Maio | J22: Maio | Y22: =J22 -> Maio | AH22: =Y22 -> Maio
A23: KM (Rodados) | B23: 1ª Leitura | C23: 2ª Leitura | D23: 3ª Leitura | E23: 4ª Leitura | F23: 15 dias Rodados | G23: 30 dias Rodados | H23: Total Mensal | J23: DATA | Y23: DATA | AH23: DATA
F24: =SUM(C24-B24) -> 0 | G24: =SUM(E24-D24) -> 0 | H24: =SUM(F24:G24) -> 0 | J24: VALOR | Y24: VALOR | AH24: VALOR
T25: TOTAL | U25: =SUM(K24:U24) -> 0 | AD25: TOTAL | AE25: =SUM(Z24:AE24) -> 0 | AM25: TOTAL | AN25: =SUM(AI24:AN24) -> 0
B26: Junho | J26: Junho | Y26: =J26 -> Junho | AH26: =Y26 -> Junho
A27: KM (Rodados) | B27: 1ª Leitura | C27: 2ª Leitura | D27: 3ª Leitura | E27: 4ª Leitura | F27: 15 dias Rodados | G27: 30 dias Rodados | H27: Total Mensal | J27: DATA | Y27: DATA | AH27: DATA
B28: 20 | F28: =SUM(C28-B28) -> -20 | G28: =SUM(E28-D28) -> 0 | H28: =SUM(F28:G28) -> -20 | J28: VALOR | Y28: VALOR | AH28: VALOR
T29: TOTAL | U29: =SUM(K28:U28) -> 0 | AD29: TOTAL | AE29: =SUM(Z28:AE28) -> 0 | AM29: TOTAL | AN29: =SUM(AI28:AN28) -> 0
B30: Julho | J30: Julho | Y30: =J30 -> Julho | AH30: =Y30 -> Julho
A31: KM (Rodados) | B31: 1ª Leitura | C31: 2ª Leitura | D31: 3ª Leitura | E31: 4ª Leitura | F31: 15 dias Rodados | G31: 30 dias Rodados | H31: Total Mensal | J31: DATA | Y31: DATA | AH31: DATA
F32: =SUM(C32-B32) -> 0 | G32: =SUM(E32-D32) -> 0 | H32: =SUM(F32:G32) -> 0 | J32: VALOR | Y32: VALOR | AH32: VALOR
T33: TOTAL | U33: =SUM(K32:U32) -> 0 | AD33: TOTAL | AE33: =SUM(Z32:AE32) -> 0 | AM33: TOTAL | AN33: =SUM(AI32:AN32) -> 0
B34: Agosto | J34: Agosto | Y34: =J34 -> Agosto | AH34: =Y34 -> Agosto
A35: KM (Rodados) | B35: 1ª Leitura | C35: 2ª Leitura | D35: 3ª Leitura | E35: 4ª Leitura | F35: 15 dias Rodados | G35: 30 dias Rodados | H35: Total Mensal | J35: DATA | Y35: DATA | AH35: DATA
F36: =SUM(C36-B36) -> 0 | G36: =SUM(E36-D36) -> 0 | H36: =SUM(F36:G36) -> 0 | J36: VALOR | Y36: VALOR | AH36: VALOR
T37: TOTAL | U37: =SUM(K36:U36) -> 0 | AD37: TOTAL | AE37: =SUM(Z36:AE36) -> 0 | AM37: TOTAL | AN37: =SUM(AI36:AN36) -> 0
B38: Setembro | J38: Setembro | Y38: =J38 -> Setembro | AH38: =Y38 -> Setembro
A39: KM (Rodados) | B39: 1ª Leitura | C39: 2ª Leitura | D39: 3ª Leitura | E39: 4ª Leitura | F39: 15 dias Rodados | G39: 30 dias Rodados | H39: Total Mensal | J39: DATA | Y39: DATA | AH39: DATA
F40: =SUM(C40-B40) -> 0 | G40: =SUM(E40-D40) -> 0 | H40: =SUM(F40:G40) -> 0 | J40: VALOR | Y40: VALOR | AH40: VALOR
T41: TOTAL | U41: =SUM(K40:U40) -> 0 | AD41: TOTAL | AE41: =SUM(Z40:AE40) -> 0 | AM41: TOTAL | AN41: =SUM(AI40:AN40) -> 0
B42: Outubro | J42: Outubro | Y42: =J42 -> Outubro | AH42: =Y42 -> Outubro
A43: KM (Rodados) | B43: 1ª Leitura | C43: 2ª Leitura | D43: 3ª Leitura | E43: 4ª Leitura | F43: 15 dias Rodados | G43: 30 dias Rodados | H43: Total Mensal | J43: DATA | Y43: DATA | AH43: DATA
F44: =SUM(C44-B44) -> 0 | G44: =SUM(E44-D44) -> 0 | H44: =SUM(F44:G44) -> 0 | J44: VALOR | Y44: VALOR | AH44: VALOR
T45: TOTAL | U45: =SUM(K44:U44) -> 0 | AD45: TOTAL | AE45: =SUM(Z44:AE44) -> 0 | AM45: TOTAL | AN45: =SUM(AI44:AN44) -> 0
B46: Novembro | J46: Novembro | Y46: =J46 -> Novembro | AH46: =Y46 -> Novembro
A47: KM (Rodados) | B47: 1ª Leitura | C47: 2ª Leitura | D47: 3ª Leitura | E47: 4ª Leitura | F47: 15 dias Rodados | G47: 30 dias Rodados | H47: Total Mensal | J47: DATA | Y47: DATA | AH47: DATA
F48: =SUM(C48-B48) -> 0 | G48: =SUM(E48-D48) -> 0 | H48: =SUM(F48:G48) -> 0 | J48: VALOR | Y48: VALOR | AH48: VALOR
T49: TOTAL | U49: =SUM(K48:U48) -> 0 | AD49: TOTAL | AE49: =SUM(Z48:AE48) -> 0 | AM49: TOTAL | AN49: =SUM(AI48:AN48) -> 0
B50: Dezembro | J50: Dezembro | Y50: =J50 -> Dezembro | AH50: =Y50 -> Dezembro
A51: KM (Rodados) | B51: 1ª Leitura | C51: 2ª Leitura | D51: 3ª Leitura | E51: 4ª Leitura | F51: 15 dias Rodados | G51: 30 dias Rodados | H51: Total Mensal | J51: DATA | Y51: DATA | AH51: DATA
F52: =SUM(C52-B52) -> 0 | G52: =SUM(E52-D52) -> 0 | H52: =SUM(F52:G52) -> 0 | J52: VALOR | Y52: VALOR | AH52: VALOR
T53: TOTAL | U53: =SUM(K52:U52) -> 0 | AD53: TOTAL | AE53: =SUM(Z52:AE52) -> 0 | AM53: TOTAL | AN53: =SUM(AI52:AN52) -> 0

Sheet Robson-Desmob
A2: Veiculo | B2: Argo | D2: Placa: | E2: TCU0B50 | H2: KM | I2: 3000
A3: Troca de Condutor | B3: 46122 | D3: Placa: | E3: TCU0B50 | H3: Condutores | I3: Robson para Leandro
A4: Substituição Veículo | D4: Placa: | H4: Modelo
A5: Troca de Condutor | D5: Placa: | H5: Condutores
A6: Contrato de Locação | B6: 2484 | D6: Rastreador | E6: 40 | H6: Data Mob | I6: 45861 | J6: Data Desmob | K6: 46130
A9: REGISTRO DE KM | J9: ABASTECIMENTO | Y9: LAVA_RAPIDO | AH9: BORRACHARIA
B11: Fevereiro | J11: Fevereiro | Y11: Fevereiro | AH11: Fevereiro
A12: KM (Rodados) | B12: 1ª Leitura | C12: 2ª Leitura | D12: 3ª Leitura | E12: 4ª Leitura | F12: 15 dias Rodados | G12: 30 dias Rodados | H12: Total Mensal | J12: DATA | Y12: DATA | AH12: DATA
F13: =SUM(C13-B13) -> 0 | G13: =SUM(E13-D13) -> 0 | H13: =SUM(F13:G13) -> 0 | J13: VALOR | Y13: VALOR | AH13: VALOR
T14: TOTAL | U14: =SUM(K13:U13) -> 0 | AD14: TOTAL | AE14: =SUM(Z13:AE13) -> 0 | AM14: TOTAL | AN14: =SUM(AI13:AN13) -> 0
B15: Março | J15: Março | Y15: =J15 -> Março | AH15: =Y15 -> Março
A16: KM (Rodados) | B16: 1ª Leitura | C16: 2ª Leitura | D16: 3ª Leitura | E16: 4ª Leitura | F16: 15 dias Rodados | G16: 30 dias Rodados | H16: Total Mensal | J16: DATA | Y16: DATA | AH16: DATA
F17: =SUM(C17-B17) -> 0 | G17: =SUM(E17-D17) -> 0 | H17: =SUM(F17:G17) -> 0 | J17: VALOR | Y17: VALOR | AH17: VALOR
T18: TOTAL | U18: =SUM(K17:U17) -> 0 | AD18: TOTAL | AE18: =SUM(Z17:AE17) -> 0 | AM18: TOTAL | AN18: =SUM(AI17:AN17) -> 0
B19: Abril | J19: Abril | Y19: =J19 -> Abril | AH19: =Y19 -> Abril
A20: KM (Rodados) | B20: 1ª Leitura | C20: 2ª Leitura | D20: 3ª Leitura | E20: 4ª Leitura | F20: 15 dias Rodados | G20: 30 dias Rodados | H20: Total Mensal | J20: DATA | Y20: DATA | AH20: DATA
F21: =SUM(C21-B21) -> 0 | G21: =SUM(E21-D21) -> 0 | H21: =SUM(F21:G21) -> 0 | J21: VALOR | Y21: VALOR | AH21: VALOR
T22: TOTAL | U22: =SUM(K21:U21) -> 0 | AD22: TOTAL | AE22: =SUM(Z21:AE21) -> 0 | AM22: TOTAL | AN22: =SUM(AI21:AN21) -> 0
B23: Maio | J23: Maio | Y23: =J23 -> Maio | AH23: =Y23 -> Maio
A24: KM (Rodados) | B24: 1ª Leitura | C24: 2ª Leitura | D24: 3ª Leitura | E24: 4ª Leitura | F24: 15 dias Rodados | G24: 30 dias Rodados | H24: Total Mensal | J24: DATA | Y24: DATA | AH24: DATA
F25: =SUM(C25-B25) -> 0 | G25: =SUM(E25-D25) -> 0 | H25: =SUM(F25:G25) -> 0 | J25: VALOR | Y25: VALOR | AH25: VALOR
T26: TOTAL | U26: =SUM(K25:U25) -> 0 | AD26: TOTAL | AE26: =SUM(Z25:AE25) -> 0 | AM26: TOTAL | AN26: =SUM(AI25:AN25) -> 0
B27: Junho | J27: Junho | Y27: =J27 -> Junho | AH27: =Y27 -> Junho
A28: KM (Rodados) | B28: 1ª Leitura | C28: 2ª Leitura | D28: 3ª Leitura | E28: 4ª Leitura | F28: 15 dias Rodados | G28: 30 dias Rodados | H28: Total Mensal | J28: DATA | Y28: DATA | AH28: DATA
F29: =SUM(C29-B29) -> 0 | G29: =SUM(E29-D29) -> 0 | H29: =SUM(F29:G29) -> 0 | J29: VALOR | Y29: VALOR | AH29: VALOR
T30: TOTAL | U30: =SUM(K29:U29) -> 0 | AD30: TOTAL | AE30: =SUM(Z29:AE29) -> 0 | AM30: TOTAL | AN30: =SUM(AI29:AN29) -> 0
B31: Julho | J31: Julho | Y31: =J31 -> Julho | AH31: =Y31 -> Julho
A32: KM (Rodados) | B32: 1ª Leitura | C32: 2ª Leitura | D32: 3ª Leitura | E32: 4ª Leitura | F32: 15 dias Rodados | G32: 30 dias Rodados | H32: Total Mensal | J32: DATA | K32: 45868 | Y32: DATA | AH32: DATA
D33: 32089 | E33: 32609 | F33: =SUM(C33-B33) -> 0 | G33: =SUM(E33-D33) -> 520 | H33: =SUM(F33:G33) -> 520 | J33: VALOR | K33: 255.69 | Y33: VALOR | AH33: VALOR
T34: TOTAL | U34: =SUM(K33:U33) -> 255.69 | AD34: TOTAL | AE34: =SUM(Z33:AE33) -> 0 | AM34: TOTAL | AN34: =SUM(AI33:AN33) -> 0
B35: Agosto | J35: Agosto | Y35: =J35 -> Agosto | AH35: =Y35 -> Agosto
A36: KM (Rodados) | B36: 1ª Leitura | C36: 2ª Leitura | D36: 3ª Leitura | E36: 4ª Leitura | F36: 15 dias Rodados | G36: 30 dias Rodados | H36: Total Mensal | J36: DATA | K36: 45877 | L36: 45881 | Y36: DATA | AH36: DATA
B37: 32609 | C37: 33613 | D37: 33613 | E37: 33613 | F37: =SUM(C37-B37) -> 1004 | G37: =SUM(E37-D37) -> 0 | H37: =SUM(F37:G37) -> 1004 | J37: VALOR | K37: 194 | L37: 209.95 | Y37: VALOR | AH37: VALOR
T38: TOTAL | U38: =SUM(K37:U37) -> 403.95 | AD38: TOTAL | AE38: =SUM(Z37:AE37) -> 0 | AM38: TOTAL | AN38: =SUM(AI37:AN37) -> 0
B39: Setembro | J39: Setembro | Y39: =J39 -> Setembro | AH39: =Y39 -> Setembro
A40: KM (Rodados) | B40: 1ª Leitura | C40: 2ª Leitura | D40: 3ª Leitura | E40: 4ª Leitura | F40: 15 dias Rodados | G40: 30 dias Rodados | H40: Total Mensal | J40: DATA | K40: 45902 | L40: 45908 | M40: 45911 | N40: 45916 | O40: 45919 | P40: 45923 | Y40: DATA | AH40: DATA
B41: 33613 | C41: 35334 | D41: 35334 | E41: 36864 | F41: =SUM(C41-B41) -> 1721 | G41: =SUM(E41-D41) -> 1530 | H41: =SUM(F41:G41) -> 3251 | J41: VALOR | K41: 236.62 | L41: 254.03 | M41: 208.4 | N41: 225.25 | O41: 257,82 | P41: 228,07 | Y41: VALOR | AH41: VALOR
T42: TOTAL | U42: =SUM(K41:U41) -> 924.3 | AD42: TOTAL | AE42: =SUM(Z41:AE41) -> 0 | AM42: TOTAL | AN42: =SUM(AI41:AN41) -> 0
B43: Outubro | J43: Outubro | Y43: =J43 -> Outubro | AH43: =Y43 -> Outubro
A44: KM (Rodados) | B44: 1ª Leitura | C44: 2ª Leitura | D44: 3ª Leitura | E44: 4ª Leitura | F44: 15 dias Rodados | G44: 30 dias Rodados | H44: Total Mensal | J44: DATA | K44: 45932 | L44: 45937 | M44: 45940 | N44: 45945 | O44: 45947 | P44: 45951 | Q44: 45960 | Y44: DATA | Z44: 45955 | AH44: DATA
B45: 36864 | C45: 38567 | D45: 38567 | E45: 39750 | F45: =SUM(C45-B45) -> 1703 | G45: =SUM(E45-D45) -> 1183 | H45: =SUM(F45:G45) -> 2886 | J45: VALOR | K45: 208 | L45: 225 | M45: 250 | N45: 180 | O45: 225 | P45: 215 | Q45: 180 | Y45: VALOR | Z45: 70 | AH45: VALOR
T46: TOTAL | U46: =SUM(K45:U45) -> 1483 | AD46: TOTAL | AE46: =SUM(Z45:AE45) -> 70 | AM46: TOTAL | AN46: =SUM(AI45:AN45) -> 0
B47: Novembro | J47: Novembro | Y47: =J47 -> Novembro | AH47: =Y47 -> Novembro
A48: KM (Rodados) | B48: 1ª Leitura | C48: 2ª Leitura | D48: 3ª Leitura | E48: 4ª Leitura | F48: 15 dias Rodados | G48: 30 dias Rodados | H48: Total Mensal | J48: DATA | K48: 45967 | L48: 45972 | Y48: DATA | AH48: DATA
B49: 39750 | C49: 40996 | D49: 40996 | E49: 41483 | F49: =SUM(C49-B49) -> 1246 | G49: =SUM(E49-D49) -> 487 | H49: =SUM(F49:G49) -> 1733 | J49: VALOR | K49: 210 | L49: 209.53 | Y49: VALOR | AH49: VALOR
T50: TOTAL | U50: =SUM(K49:U49) -> 419.53 | AD50: TOTAL | AE50: =SUM(Z49:AE49) -> 0 | AM50: TOTAL | AN50: =SUM(AI49:AN49) -> 0
B51: Dezembro | J51: Dezembro | Y51: =J51 -> Dezembro | AH51: =Y51 -> Dezembro
A52: KM (Rodados) | B52: 1ª Leitura | C52: 2ª Leitura | D52: 3ª Leitura | E52: 4ª Leitura | F52: 15 dias Rodados | G52: 30 dias Rodados | H52: Total Mensal | J52: DATA | K52: 46002 | Y52: DATA | Z52: 45993 | AH52: DATA
B53: 41483 | C53: 42011 | D53: 42011 | E53: 42112 | F53: =SUM(C53-B53) -> 528 | G53: =SUM(E53-D53) -> 101 | H53: =SUM(F53:G53) -> 629 | J53: VALOR | K53: 157 | Y53: VALOR | Z53: 50 | AH53: VALOR
T54: TOTAL | U54: =SUM(K53:U53) -> 157 | AD54: TOTAL | AE54: =SUM(Z53:AE53) -> 50 | AM54: TOTAL | AN54: =SUM(AI53:AN53) -> 0
A55: 2026 | B55: Janeiro | J55: Janeiro | Y55: Janeiro | AH55: Janeiro
A56: KM (Rodados) | B56: 1ª Leitura | C56: 2ª Leitura | D56: 3ª Leitura | E56: 4ª Leitura | F56: 15 dias Rodados | G56: 30 dias Rodados | H56: Total Mensal | J56: DATA | Y56: DATA | AH56: DATA
B57: 42112 | E57: 44333 | F57: =SUM(C57-B57) -> -42112 | G57: =SUM(E57-D57) -> 44333 | H57: =SUM(F57:G57) -> 2221 | J57: VALOR | Y57: VALOR | AH57: VALOR
T58: TOTAL | U58: =SUM(K57:U57) -> 0 | AD58: TOTAL | AE58: =SUM(Z57:AE57) -> 0 | AM58: TOTAL | AN58: =SUM(AI57:AN57) -> 0
B59: Fevereiro | J59: Fevereiro | Y59: Fevereiro | AH59: Fevereiro
A60: KM (Rodados) | B60: 1ª Leitura | C60: 2ª Leitura | D60: 3ª Leitura | E60: 4ª Leitura | F60: 15 dias Rodados | G60: 30 dias Rodados | H60: Total Mensal | J60: DATA | Y60: DATA | AH60: DATA
B61: 44333 | E61: 46144 | F61: =SUM(C61-B61) -> -44333 | G61: =SUM(E61-D61) -> 46144 | H61: =SUM(F61:G61) -> 1811 | J61: VALOR | Y61: VALOR | AH61: VALOR
T62: TOTAL | U62: =SUM(K61:U61) -> 0 | AD62: TOTAL | AE62: =SUM(Z61:AE61) -> 0 | AM62: TOTAL | AN62: =SUM(AI61:AN61) -> 0
B63: Março | J63: Março | Y63: =J63 -> Março | AH63: =Y63 -> Março
A64: KM (Rodados) | B64: 1ª Leitura | C64: 2ª Leitura | D64: 3ª Leitura | E64: 4ª Leitura | F64: 15 dias Rodados | G64: 30 dias Rodados | H64: Total Mensal | J64: DATA | Y64: DATA | AH64: DATA
B65: 46144 | E65: 48811 | F65: =SUM(C65-B65) -> -46144 | G65: =SUM(E65-D65) -> 48811 | H65: =SUM(F65:G65) -> 2667 | J65: VALOR | Y65: VALOR | AH65: VALOR
T66: TOTAL | U66: =SUM(K65:U65) -> 0 | AD66: TOTAL | AE66: =SUM(Z65:AE65) -> 0 | AM66: TOTAL | AN66: =SUM(AI65:AN65) -> 0
A67: TCU0B50 | B67: Abril | J67: Abril | Y67: =J67 -> Abril | AH67: =Y67 -> Abril
A68: KM (Rodados) | B68: 1ª Leitura | C68: 2ª Leitura | D68: 3ª Leitura | E68: 4ª Leitura | F68: 15 dias Rodados | G68: 30 dias Rodados | H68: Total Mensal | J68: DATA | Y68: DATA | AH68: DATA
B69: 48811 | E69: 49452 | F69: =SUM(C69-B69) -> -48811 | G69: =SUM(E69-D69) -> 49452 | H69: =SUM(F69:G69) -> 641 | J69: VALOR | Y69: VALOR | AH69: VALOR
B71: Maio | J71: Maio | Y71: =J71 -> Maio | AH71: =Y71 -> Maio
A72: KM (Rodados) | B72: 1ª Leitura | C72: 2ª Leitura | D72: 3ª Leitura | E72: 4ª Leitura | F72: 15 dias Rodados | G72: 30 dias Rodados | H72: Total Mensal | J72: DATA | Y72: DATA | AH72: DATA
F73: =SUM(C73-B73) -> 0 | G73: =SUM(E73-D73) -> 0 | H73: =SUM(F73:G73) -> 0 | J73: VALOR | Y73: VALOR | AH73: VALOR
T74: TOTAL | U74: =SUM(K73:U73) -> 0 | AD74: TOTAL | AE74: =SUM(Z73:AE73) -> 0 | AM74: TOTAL | AN74: =SUM(AI73:AN73) -> 0
B75: Junho | J75: Junho | Y75: =J75 -> Junho | AH75: =Y75 -> Junho
A76: KM (Rodados) | B76: 1ª Leitura | C76: 2ª Leitura | D76: 3ª Leitura | E76: 4ª Leitura | F76: 15 dias Rodados | G76: 30 dias Rodados | H76: Total Mensal | J76: DATA | Y76: DATA | AH76: DATA
F77: =SUM(C77-B77) -> 0 | G77: =SUM(E77-D77) -> 0 | H77: =SUM(F77:G77) -> 0 | J77: VALOR | Y77: VALOR | AH77: VALOR
T78: TOTAL | U78: =SUM(K77:U77) -> 0 | AD78: TOTAL | AE78: =SUM(Z77:AE77) -> 0 | AM78: TOTAL | AN78: =SUM(AI77:AN77) -> 0

Sheet Antonio Flavio-Desmob.
A2: Veiculo | B2: HB20 | D2: Placa: | E2: TDA0G20 | H2: KM | I2: 3000
A3: Substituição: | D3: Placa: | H3: Modelo
A4: Contrato de Locação | B4: 2484 | D4: Rastreador | E4: 40 | H4: Data Mob | I4: 45922 | J4: Data Dev. | K4: 46015
A7: REGISTRO DE KM | J7: ABASTECIMENTO | Y7: LAVA_RAPIDO | AH7: BORRACHARIA
B9: Fevereiro | J9: Fevereiro | Y9: Fevereiro | AH9: Fevereiro
A10: KM (Rodados) | B10: 1ª Leitura | C10: 2ª Leitura | D10: 3ª Leitura | E10: 4ª Leitura | F10: 15 dias Rodados | G10: 30 dias Rodados | H10: Total Mensal | J10: DATA | Y10: DATA | AH10: DATA
F11: =SUM(C11-B11) -> 0 | G11: =SUM(E11-D11) -> 0 | H11: =SUM(F11:G11) -> 0 | J11: VALOR | Y11: VALOR | AH11: VALOR
T12: TOTAL | U12: =SUM(K11:U11) -> 0 | AD12: TOTAL | AE12: =SUM(Z11:AE11) -> 0 | AM12: TOTAL | AN12: =SUM(AI11:AN11) -> 0
B13: Março | J13: Março | Y13: =J13 -> Março | AH13: =Y13 -> Março
A14: KM (Rodados) | B14: 1ª Leitura | C14: 2ª Leitura | D14: 3ª Leitura | E14: 4ª Leitura | F14: 15 dias Rodados | G14: 30 dias Rodados | H14: Total Mensal | J14: DATA | Y14: DATA | AH14: DATA
F15: =SUM(C15-B15) -> 0 | G15: =SUM(E15-D15) -> 0 | H15: =SUM(F15:G15) -> 0 | J15: VALOR | Y15: VALOR | AH15: VALOR
T16: TOTAL | U16: =SUM(K15:U15) -> 0 | AD16: TOTAL | AE16: =SUM(Z15:AE15) -> 0 | AM16: TOTAL | AN16: =SUM(AI15:AN15) -> 0
B17: Abril | J17: Abril | Y17: =J17 -> Abril | AH17: =Y17 -> Abril
A18: KM (Rodados) | B18: 1ª Leitura | C18: 2ª Leitura | D18: 3ª Leitura | E18: 4ª Leitura | F18: 15 dias Rodados | G18: 30 dias Rodados | H18: Total Mensal | J18: DATA | Y18: DATA | AH18: DATA
F19: =SUM(C19-B19) -> 0 | G19: =SUM(E19-D19) -> 0 | H19: =SUM(F19:G19) -> 0 | J19: VALOR | Y19: VALOR | AH19: VALOR
T20: TOTAL | U20: =SUM(K19:U19) -> 0 | AD20: TOTAL | AE20: =SUM(Z19:AE19) -> 0 | AM20: TOTAL | AN20: =SUM(AI19:AN19) -> 0
B21: Maio | J21: Maio | Y21: =J21 -> Maio | AH21: =Y21 -> Maio
A22: KM (Rodados) | B22: 1ª Leitura | C22: 2ª Leitura | D22: 3ª Leitura | E22: 4ª Leitura | F22: 15 dias Rodados | G22: 30 dias Rodados | H22: Total Mensal | J22: DATA | Y22: DATA | AH22: DATA
F23: =SUM(C23-B23) -> 0 | G23: =SUM(E23-D23) -> 0 | H23: =SUM(F23:G23) -> 0 | J23: VALOR | Y23: VALOR | AH23: VALOR
T24: TOTAL | U24: =SUM(K23:U23) -> 0 | AD24: TOTAL | AE24: =SUM(Z23:AE23) -> 0 | AM24: TOTAL | AN24: =SUM(AI23:AN23) -> 0
B25: Junho | J25: Junho | Y25: =J25 -> Junho | AH25: =Y25 -> Junho
A26: KM (Rodados) | B26: 1ª Leitura | C26: 2ª Leitura | D26: 3ª Leitura | E26: 4ª Leitura | F26: 15 dias Rodados | G26: 30 dias Rodados | H26: Total Mensal | J26: DATA | Y26: DATA | AH26: DATA
F27: =SUM(C27-B27) -> 0 | G27: =SUM(E27-D27) -> 0 | H27: =SUM(F27:G27) -> 0 | J27: VALOR | Y27: VALOR | AH27: VALOR
T28: TOTAL | U28: =SUM(K27:U27) -> 0 | AD28: TOTAL | AE28: =SUM(Z27:AE27) -> 0 | AM28: TOTAL | AN28: =SUM(AI27:AN27) -> 0
B29: Julho | J29: Julho | Y29: =J29 -> Julho | AH29: =Y29 -> Julho
A30: KM (Rodados) | B30: 1ª Leitura | C30: 2ª Leitura | D30: 3ª Leitura | E30: 4ª Leitura | F30: 15 dias Rodados | G30: 30 dias Rodados | H30: Total Mensal | J30: DATA | Y30: DATA | AH30: DATA
F31: =SUM(C31-B31) -> 0 | G31: =SUM(E31-D31) -> 0 | H31: =SUM(F31:G31) -> 0 | J31: VALOR | Y31: VALOR | AH31: VALOR
T32: TOTAL | U32: =SUM(K31:U31) -> 0 | AD32: TOTAL | AE32: =SUM(Z31:AE31) -> 0 | AM32: TOTAL | AN32: =SUM(AI31:AN31) -> 0
B33: Agosto | J33: Agosto | Y33: =J33 -> Agosto | AH33: =Y33 -> Agosto
A34: KM (Rodados) | B34: 1ª Leitura | C34: 2ª Leitura | D34: 3ª Leitura | E34: 4ª Leitura | F34: 15 dias Rodados | G34: 30 dias Rodados | H34: Total Mensal | J34: DATA | Y34: DATA | AH34: DATA
F35: =SUM(C35-B35) -> 0 | G35: =SUM(E35-D35) -> 0 | H35: =SUM(F35:G35) -> 0 | J35: VALOR | Y35: VALOR | AH35: VALOR
T36: TOTAL | U36: =SUM(K35:U35) -> 0 | AD36: TOTAL | AE36: =SUM(Z35:AE35) -> 0 | AM36: TOTAL | AN36: =SUM(AI35:AN35) -> 0
B37: Setembro | J37: Setembro | Y37: =J37 -> Setembro | AH37: =Y37 -> Setembro
A38: KM (Rodados) | B38: 1ª Leitura | C38: 2ª Leitura | D38: 3ª Leitura | E38: 4ª Leitura | F38: 15 dias Rodados | G38: 30 dias Rodados | H38: Total Mensal | J38: DATA | K38: 45925 | Y38: DATA | AH38: DATA
D39: 18646 | E39: 19208 | F39: =SUM(C39-B39) -> 0 | G39: =SUM(E39-D39) -> 562 | H39: =SUM(F39:G39) -> 562 | J39: VALOR | K39: 242.01 | Y39: VALOR | AH39: VALOR
T40: TOTAL | U40: =SUM(K39:U39) -> 242.01 | AD40: TOTAL | AE40: =SUM(Z39:AE39) -> 0 | AM40: TOTAL | AN40: =SUM(AI39:AN39) -> 0
B41: Outubro | J41: Outubro | Y41: =J41 -> Outubro | AH41: =Y41 -> Outubro
A42: KM (Rodados) | B42: 1ª Leitura | C42: 2ª Leitura | D42: 3ª Leitura | E42: 4ª Leitura | F42: 15 dias Rodados | G42: 30 dias Rodados | H42: Total Mensal | J42: DATA | K42: 45933 | L42: 45940 | M42: 45946 | N42: 45951 | O42: 45958 | P42: 45960 | Y42: DATA | AH42: DATA
B43: 19208 | C43: 20185 | D43: 20185 | E43: 21291 | F43: =SUM(C43-B43) -> 977 | G43: =SUM(E43-D43) -> 1106 | H43: =SUM(F43:G43) -> 2083 | J43: VALOR | K43: 211.24 | L43: 224.5 | M43: 230 | N43: 143 | O43: 248.03 | P43: 172.82 | Y43: VALOR | AH43: VALOR
T44: TOTAL | U44: =SUM(K43:U43) -> 1229.59 | AD44: TOTAL | AE44: =SUM(Z43:AE43) -> 0 | AM44: TOTAL | AN44: =SUM(AI43:AN43) -> 0
B45: Novembro | J45: Novembro | Y45: =J45 -> Novembro | AH45: =Y45 -> Novembro
A46: KM (Rodados) | B46: 1ª Leitura | C46: 2ª Leitura | D46: 3ª Leitura | E46: 4ª Leitura | F46: 15 dias Rodados | G46: 30 dias Rodados | H46: Total Mensal | J46: DATA | K46: 45967 | L46: 45974 | M46: 45979 | N46: 45986 | Y46: DATA | Z46: 45968 | AA46: 45976 | AB46: 45990 | AH46: DATA
B47: 21291 | C47: 22236 | D47: 22236 | E47: 23030 | F47: =SUM(C47-B47) -> 945 | G47: =SUM(E47-D47) -> 794 | H47: =SUM(F47:G47) -> 1739 | J47: VALOR | K47: 228 | L47: 221.28 | M47: 203 | N47: 200 | Y47: VALOR | Z47: 70 | AA47: 70 | AB47: 70 | AH47: VALOR
T48: TOTAL | U48: =SUM(K47:U47) -> 852.28 | AD48: TOTAL | AE48: =SUM(Z47:AE47) -> 210 | AM48: TOTAL | AN48: =SUM(AI47:AN47) -> 0
B49: Dezembro | J49: Dezembro | Y49: =J49 -> Dezembro | AH49: =Y49 -> Dezembro
A50: KM (Rodados) | B50: 1ª Leitura | C50: 2ª Leitura | D50: 3ª Leitura | E50: 4ª Leitura | F50: 15 dias Rodados | G50: 30 dias Rodados | H50: Total Mensal | J50: DATA | K50: 45993 | L50: 46000 | M50: 46002 | N50: 46007 | O50: 46009 | P50: 46014 | Q50: 46015 | Y50: DATA | Z50: 46014 | AH50: DATA
B51: 23030 | C51: 23953 | D51: 23953 | E51: 24666 | F51: =SUM(C51-B51) -> 923 | G51: =SUM(E51-D51) -> 713 | H51: =SUM(F51:G51) -> 1636 | J51: VALOR | K51: 243.05 | L51: 212.05 | M51: 110 | N51: 157.01 | O51: 127 | P51: 220 | Q51: 69.5 | Y51: VALOR | Z51: 190 | AH51: VALOR
T52: TOTAL | U52: =SUM(K51:U51) -> 1138.61 | AD52: TOTAL | AE52: =SUM(Z51:AE51) -> 190 | AM52: TOTAL | AN52: =SUM(AI51:AN51) -> 0

Sheet Vitor-Desmob
A2: Veiculo | B2: Argo | D2: Placa: | E2: TCY1C54 | H2: Data Mob. | I2: 45839
A4: Contrato de Locação | B4: 2484 | D4: Rastreador | E4: 45 | H4: Data Dev. | I4: 45895
A7: REGISTRO DE KM | J7: ABASTECIMENTO | W7: LAVA_RAPIDO | AE7: BORRACHARIA
B9: Fevereiro | J9: Fevereiro | W9: Fevereiro | AE9: Fevereiro
A10: KM (Rodados) | B10: 1ª Leitura | C10: 2ª Leitura | D10: 3ª Leitura | E10: 4ª Leitura | F10: 15 dias Rodados | G10: 30 dias Rodados | H10: Total Mensal | J10: DATA | W10: DATA | AE10: DATA
F11: =SUM(C11-B11) -> 0 | G11: =SUM(E11-D11) -> 0 | H11: =SUM(F11:G11) -> 0 | J11: VALOR | W11: VALOR | AE11: VALOR
T12: TOTAL | U12: =SUM(K11:U11) -> 0 | AB12: TOTAL | AC12: =SUM(X11:AC11) -> 0 | AJ12: TOTAL | AK12: =SUM(AF11:AK11) -> 0
B13: Março | J13: Março | W13: =J13 -> Março | AE13: =W13 -> Março
A14: KM (Rodados) | B14: 1ª Leitura | C14: 2ª Leitura | D14: 3ª Leitura | E14: 4ª Leitura | F14: 15 dias Rodados | G14: 30 dias Rodados | H14: Total Mensal | J14: DATA | W14: DATA | AE14: DATA
F15: =SUM(C15-B15) -> 0 | G15: =SUM(E15-D15) -> 0 | H15: =SUM(F15:G15) -> 0 | J15: VALOR | W15: VALOR | AE15: VALOR
T16: TOTAL | U16: =SUM(K15:U15) -> 0 | AB16: TOTAL | AC16: =SUM(X15:AC15) -> 0 | AJ16: TOTAL | AK16: =SUM(AF15:AK15) -> 0
B17: Abril | J17: Abril | W17: =J17 -> Abril | AE17: =W17 -> Abril
A18: KM (Rodados) | B18: 1ª Leitura | C18: 2ª Leitura | D18: 3ª Leitura | E18: 4ª Leitura | F18: 15 dias Rodados | G18: 30 dias Rodados | H18: Total Mensal | J18: DATA | W18: DATA | AE18: DATA
F19: =SUM(C19-B19) -> 0 | G19: =SUM(E19-D19) -> 0 | H19: =SUM(F19:G19) -> 0 | J19: VALOR | W19: VALOR | AE19: VALOR
T20: TOTAL | U20: =SUM(K19:U19) -> 0 | AB20: TOTAL | AC20: =SUM(X19:AC19) -> 0 | AJ20: TOTAL | AK20: =SUM(AF19:AK19) -> 0
B21: Maio | J21: Maio | W21: =J21 -> Maio | AE21: =W21 -> Maio
A22: KM (Rodados) | B22: 1ª Leitura | C22: 2ª Leitura | D22: 3ª Leitura | E22: 4ª Leitura | F22: 15 dias Rodados | G22: 30 dias Rodados | H22: Total Mensal | J22: DATA | W22: DATA | AE22: DATA
F23: =SUM(C23-B23) -> 0 | G23: =SUM(E23-D23) -> 0 | H23: =SUM(F23:G23) -> 0 | J23: VALOR | W23: VALOR | AE23: VALOR
T24: TOTAL | U24: =SUM(K23:U23) -> 0 | AB24: TOTAL | AC24: =SUM(X23:AC23) -> 0 | AJ24: TOTAL | AK24: =SUM(AF23:AK23) -> 0
B25: Junho | J25: Junho | W25: =J25 -> Junho | AE25: =W25 -> Junho
A26: KM (Rodados) | B26: 1ª Leitura | C26: 2ª Leitura | D26: 3ª Leitura | E26: 4ª Leitura | F26: 15 dias Rodados | G26: 30 dias Rodados | H26: Total Mensal | J26: DATA | W26: DATA | AE26: DATA
F27: =SUM(C27-B27) -> 0 | G27: =SUM(E27-D27) -> 0 | H27: =SUM(F27:G27) -> 0 | J27: VALOR | W27: VALOR | AE27: VALOR
T28: TOTAL | U28: =SUM(K27:U27) -> 0 | AB28: TOTAL | AC28: =SUM(X27:AC27) -> 0 | AJ28: TOTAL | AK28: =SUM(AF27:AK27) -> 0
B29: Julho | J29: Julho | W29: =J29 -> Julho | AE29: =W29 -> Julho
A30: KM (Rodados) | B30: 1ª Leitura | C30: 2ª Leitura | D30: 3ª Leitura | E30: 4ª Leitura | F30: 15 dias Rodados | G30: 30 dias Rodados | H30: Total Mensal | J30: DATA | K30: 45840 | L30: 45845 | M30: 45848 | N30: 45853 | O30: 45860 | P30: 45867 | W30: DATA | X30: 45849 | Y30: 45867 | AE30: DATA
B31: 19347 | C31: 20867 | D31: 20867 | E31: 21883 | F31: =SUM(C31-B31) -> 1520 | G31: =SUM(E31-D31) -> 1016 | H31: =SUM(F31:G31) -> 2536 | J31: VALOR | K31: 174.11 | L31: 266.06 | M31: 145.09 | N31: 220.29 | O31: 246.24 | P31: 240 | W31: VALOR | X31: 70 | Y31: 70 | AE31: VALOR
T32: TOTAL | U32: =SUM(K31:U31) -> 1291.79 | AB32: TOTAL | AC32: =SUM(X31:AC31) -> 140 | AJ32: TOTAL | AK32: =SUM(AF31:AK31) -> 0
B33: Agosto | J33: Agosto | W33: =J33 -> Agosto | AE33: =W33 -> Agosto
A34: KM (Rodados) | B34: 1ª Leitura | C34: 2ª Leitura | D34: 3ª Leitura | E34: 4ª Leitura | F34: 15 dias Rodados | G34: 30 dias Rodados | H34: Total Mensal | J34: DATA | K34: 45876 | L34: 45882 | M34: 45888 | N34: 45895 | O34: 45895 | W34: DATA | X34: 45884 | AE34: DATA
B35: 21883 | C35: 23142 | D35: 23142 | E35: 23801 | F35: =SUM(C35-B35) -> 1259 | G35: =SUM(E35-D35) -> 659 | H35: =SUM(F35:G35) -> 1918 | J35: VALOR | K35: 213.84 | L35: 240 | M35: 241 | N35: 165.32 | O35: 40.03 | W35: VALOR | X35: 80 | AE35: VALOR
T36: TOTAL | U36: =SUM(K35:U35) -> 900.19 | AB36: TOTAL | AC36: =SUM(X35:AC35) -> 80 | AJ36: TOTAL | AK36: =SUM(AF35:AK35) -> 0
B37: Setembro | J37: Setembro | W37: =J37 -> Setembro | AE37: =W37 -> Setembro
A38: KM (Rodados) | B38: 1ª Leitura | C38: 2ª Leitura | D38: 3ª Leitura | E38: 4ª Leitura | F38: 15 dias Rodados | G38: 30 dias Rodados | H38: Total Mensal | J38: DATA | W38: DATA | AE38: DATA
F39: =SUM(C39-B39) -> 0 | G39: =SUM(E39-D39) -> 0 | H39: =SUM(F39:G39) -> 0 | J39: VALOR | W39: VALOR | AE39: VALOR
T40: TOTAL | U40: =SUM(K39:U39) -> 0 | AB40: TOTAL | AC40: =SUM(X39:AC39) -> 0 | AJ40: TOTAL | AK40: =SUM(AF39:AK39) -> 0
B41: Outubro | J41: Outubro | W41: =J41 -> Outubro | AE41: =W41 -> Outubro
A42: KM (Rodados) | B42: 1ª Leitura | C42: 2ª Leitura | D42: 3ª Leitura | E42: 4ª Leitura | F42: 15 dias Rodados | G42: 30 dias Rodados | H42: Total Mensal | J42: DATA | W42: DATA | AE42: DATA
F43: =SUM(C43-B43) -> 0 | G43: =SUM(E43-D43) -> 0 | H43: =SUM(F43:G43) -> 0 | J43: VALOR | W43: VALOR | AE43: VALOR
T44: TOTAL | U44: =SUM(K43:U43) -> 0 | AB44: TOTAL | AC44: =SUM(X43:AC43) -> 0 | AJ44: TOTAL | AK44: =SUM(AF43:AK43) -> 0
B45: Novembro | J45: Novembro | W45: =J45 -> Novembro | AE45: =W45 -> Novembro
A46: KM (Rodados) | B46: 1ª Leitura | C46: 2ª Leitura | D46: 3ª Leitura | E46: 4ª Leitura | F46: 15 dias Rodados | G46: 30 dias Rodados | H46: Total Mensal | J46: DATA | W46: DATA | AE46: DATA
F47: =SUM(C47-B47) -> 0 | G47: =SUM(E47-D47) -> 0 | H47: =SUM(F47:G47) -> 0 | J47: VALOR | W47: VALOR | AE47: VALOR
T48: TOTAL | U48: =SUM(K47:U47) -> 0 | AB48: TOTAL | AC48: =SUM(X47:AC47) -> 0 | AJ48: TOTAL | AK48: =SUM(AF47:AK47) -> 0
B49: Dezembro | J49: Dezembro | W49: =J49 -> Dezembro | AE49: =W49 -> Dezembro
A50: KM (Rodados) | B50: 1ª Leitura | C50: 2ª Leitura | D50: 3ª Leitura | E50: 4ª Leitura | F50: 15 dias Rodados | G50: 30 dias Rodados | H50: Total Mensal | J50: DATA | W50: DATA | AE50: DATA
F51: =SUM(C51-B51) -> 0 | G51: =SUM(E51-D51) -> 0 | H51: =SUM(F51:G51) -> 0 | J51: VALOR | W51: VALOR | AE51: VALOR
T52: TOTAL | U52: =SUM(K51:U51) -> 0 | AB52: TOTAL | AC52: =SUM(X51:AC51) -> 0 | AJ52: TOTAL | AK52: =SUM(AF51:AK51) -> 0

Sheet Ivnna-Desmob
A2: Veiculo | B2: POLO | D2: Placa: | E2: EX07J94 | H2: Medição | I2: 5200
A4: Contrato de Locação | B4: 2363 | D4: Rastreador | E4: 40 | H4: Data mob. | I4: 45340 | J4: Devolução | K4: 45752
D6: Carro repassado para Ivnna dia 20/04
A7: REGISTRO DE KM | J7: ABASTECIMENTO | W7: LAVA_RAPIDO | AE7: BORRACHARIA
D8: ONIX - SJE5A88 - 02/03/2024
B9: Fevereiro | J9: Fevereiro | W9: Fevereiro | AE9: Fevereiro
A10: KM (Rodados) | B10: 1ª Leitura | C10: 2ª Leitura | D10: 3ª Leitura | E10: 4ª Leitura | F10: 15 dias Rodados | G10: 30 dias Rodados | H10: Total Mensal | J10: DATA | K10: 45342 | W10: DATA | AE10: DATA
B11: 8256 | E11: 9181 | F11: =SUM(C11-B11) -> -8256 | G11: =SUM(E11-D11) -> 9181 | H11: =SUM(F11:G11) -> 925 | J11: VALOR | K11: 207.61 | W11: VALOR | AE11: VALOR
T12: TOTAL | U12: =SUM(K11:U11) -> 207.61 | AB12: TOTAL | AC12: =SUM(X11:AC11) -> 0 | AJ12: TOTAL | AK12: =SUM(AF11:AK11) -> 0
B13: Março | J13: Março | W13: =J13 -> Março | AE13: =W13 -> Março
A14: KM (Rodados) | B14: 1ª Leitura | C14: 2ª Leitura | D14: 3ª Leitura | E14: 4ª Leitura | F14: 15 dias Rodados | G14: 30 dias Rodados | H14: Total Mensal | J14: DATA | K14: 45352 | L14: 45356 | M14: 45363 | N14: 45370 | O14: 45377 | W14: DATA | AE14: DATA
B15: 5575 | E15: 8260 | F15: =SUM(C15-B15) -> -5575 | G15: =SUM(E15-D15) -> 8260 | H15: =SUM(F15:G15) -> 2685 | J15: VALOR | K15: 244.99 | L15: 267.93 | M15: 278.42 | N15: 246.67 | O15: 271.29 | W15: VALOR | AE15: VALOR
T16: TOTAL | U16: =SUM(K15:U15) -> 1309.3 | AB16: TOTAL | AC16: =SUM(X15:AC15) -> 0 | AJ16: TOTAL | AK16: =SUM(AF15:AK15) -> 0
B17: Abril | J17: Abril | W17: =J17 -> Abril | AE17: =W17 -> Abril
A18: KM (Rodados) | B18: 1ª Leitura | C18: 2ª Leitura | D18: 3ª Leitura | E18: 4ª Leitura | F18: 15 dias Rodados | G18: 30 dias Rodados | H18: Total Mensal | J18: DATA | K18: 45386 | L18: 45392 | M18: 45398 | N18: 45409 | O18: 45405 | W18: DATA | X18: 45402 | Y18: 45395 | AE18: DATA | AF18: 45394
B19: 8260 | E19: 11354 | F19: =SUM(C19-B19) -> -8260 | G19: =SUM(E19-D19) -> 11354 | H19: =SUM(F19:G19) -> 3094 | J19: VALOR | K19: 293.03 | L19: 270.39 | M19: 239.66 | N19: 251.22 | O19: 172.45 | W19: VALOR | X19: 80 | Y19: 80 | AE19: VALOR | AF19: 30
T20: TOTAL | U20: =SUM(K19:U19) -> 1226.75 | AB20: TOTAL | AC20: =SUM(X19:AC19) -> 160 | AJ20: TOTAL | AK20: =SUM(AF19:AK19) -> 30
B21: Maio | J21: Maio | W21: =J21 -> Maio | AE21: =W21 -> Maio
A22: KM (Rodados) | B22: 1ª Leitura | C22: 2ª Leitura | D22: 3ª Leitura | E22: 4ª Leitura | F22: 15 dias Rodados | G22: 30 dias Rodados | H22: Total Mensal | J22: DATA | K22: 45416 | L22: 45423 | M22: 45428 | N22: 45433 | O22: 45440 | W22: DATA | X22: 45430 | Y22: 45437 | AE22: DATA
B23: 11354 | E23: 14236 | F23: =SUM(C23-B23) -> -11354 | G23: =SUM(E23-D23) -> 14236 | H23: =SUM(F23:G23) -> 2882 | J23: VALOR | K23: 192.04 | L23: 150.65 | M23: 217.26 | N23: 254.04 | O23: 145.73 | W23: VALOR | X23: 80 | Y23: 50 | AE23: VALOR
T24: TOTAL | U24: =SUM(K23:U23) -> 959.72 | AB24: TOTAL | AC24: =SUM(X23:AC23) -> 130 | AJ24: TOTAL | AK24: =SUM(AF23:AK23) -> 0
B25: Junho | J25: Junho | W25: =J25 -> Junho | AE25: =W25 -> Junho
A26: KM (Rodados) | B26: 1ª Leitura | C26: 2ª Leitura | D26: 3ª Leitura | E26: 4ª Leitura | F26: 15 dias Rodados | G26: 30 dias Rodados | H26: Total Mensal | J26: DATA | K26: 45449 | L26: 45455 | M26: 45461 | N26: 45465 | O26: 45472 | P26: 45444 | W26: DATA | X26: 45444 | Y26: 45451 | AE26: DATA
B27: 14236 | E27: 16958 | F27: =SUM(C27-B27) -> -14236 | G27: =SUM(E27-D27) -> 16958 | H27: =SUM(F27:G27) -> 2722 | J27: VALOR | K27: 254.53 | L27: 254.41 | M27: 173.69 | N27: 153.2 | O27: 251.19 | P27: 157.84 | W27: VALOR | X27: 80 | Y27: 80 | AE27: VALOR
T28: TOTAL | U28: =SUM(K27:U27) -> 1244.86 | AB28: TOTAL | AC28: =SUM(X27:AC27) -> 160 | AJ28: TOTAL | AK28: =SUM(AF27:AK27) -> 0
B29: Julho | J29: Julho | W29: =J29 -> Julho | AE29: =W29 -> Julho
A30: KM (Rodados) | B30: 1ª Leitura | C30: 2ª Leitura | D30: 3ª Leitura | E30: 4ª Leitura | F30: 15 dias Rodados | G30: 30 dias Rodados | H30: Total Mensal | J30: DATA | K30: 45477 | L30: 45482 | M30: 45487 | N30: 45492 | O30: 45498 | P30: 45503 | W30: DATA | X30: 45479 | Y30: 45497 | Z30: 45486 | AE30: DATA
B31: 16958 | E31: 20204 | F31: =SUM(C31-B31) -> -16958 | G31: =SUM(E31-D31) -> 20204 | H31: =SUM(F31:G31) -> 3246 | J31: VALOR | K31: 255.28 | L31: 212.21 | M31: 236.43 | N31: 230.04 | O31: 199.82 | P31: 204.54 | W31: VALOR | X31: 80 | Y31: 60 | Z31: 80 | AE31: VALOR
T32: TOTAL | U32: =SUM(K31:U31) -> 1338.32 | AB32: TOTAL | AC32: =SUM(X31:AC31) -> 220 | AJ32: TOTAL | AK32: =SUM(AF31:AK31) -> 0
B33: Agosto | J33: Agosto | W33: =J33 -> Agosto | AE33: =W33 -> Agosto
A34: KM (Rodados) | B34: 1ª Leitura | C34: 2ª Leitura | D34: 3ª Leitura | E34: 4ª Leitura | F34: 15 dias Rodados | G34: 30 dias Rodados | H34: Total Mensal | J34: DATA | K34: 45510 | L34: 45514 | M34: 45519 | N34: 45525 | O34: 45532 | W34: DATA | X34: 45513 | Y34: 45506 | Z34: 45519 | AA34: 45530 | AE34: DATA
B35: 20204 | E35: 23047 | F35: =SUM(C35-B35) -> -20204 | G35: =SUM(E35-D35) -> 23047 | H35: =SUM(F35:G35) -> 2843 | J35: VALOR | K35: 300.01 | L35: 191.7 | M35: 246.53 | N35: 202.82 | O35: 225.69 | W35: VALOR | X35: 60 | Y35: 60 | Z35: 60 | AA35: 60 | AE35: VALOR
T36: TOTAL | U36: =SUM(K35:U35) -> 1166.75 | AB36: TOTAL | AC36: =SUM(X35:AC35) -> 240 | AJ36: TOTAL | AK36: =SUM(AF35:AK35) -> 0
B37: Setembro | J37: Setembro | W37: =J37 -> Setembro | AE37: =W37 -> Setembro
A38: KM (Rodados) | B38: 1ª Leitura | C38: 2ª Leitura | D38: 3ª Leitura | E38: 4ª Leitura | F38: 15 dias Rodados | G38: 30 dias Rodados | H38: Total Mensal | J38: DATA | K38: 45538 | L38: 45541 | M38: 45548 | N38: 45560 | O38: 45553 | W38: DATA | X38: 45556 | Y38: 45563 | AE38: DATA
B39: 23047 | E39: 25794 | F39: =SUM(C39-B39) -> -23047 | G39: =SUM(E39-D39) -> 25794 | H39: =SUM(F39:G39) -> 2747 | J39: VALOR | K39: 219.43 | L39: 232.15 | M39: 186.33 | N39: 192.85 | O39: 197.71 | W39: VALOR | X39: 80 | Y39: 50 | AE39: VALOR
T40: TOTAL | U40: =SUM(K39:U39) -> 1028.47 | AB40: TOTAL | AC40: =SUM(X39:AC39) -> 130 | AJ40: TOTAL | AK40: =SUM(AF39:AK39) -> 0
B41: Outubro | J41: Outubro | W41: =J41 -> Outubro | AE41: =W41 -> Outubro
A42: KM (Rodados) | B42: 1ª Leitura | C42: 2ª Leitura | D42: 3ª Leitura | E42: 4ª Leitura | F42: 15 dias Rodados | G42: 30 dias Rodados | H42: Total Mensal | J42: DATA | K42: 45566 | L42: 45570 | M42: 45577 | N42: 45595 | O42: 45589 | P42: 45583 | W42: DATA | X42: 45569 | AE42: DATA
B43: 25794 | E43: 28857 | F43: =SUM(C43-B43) -> -25794 | G43: =SUM(E43-D43) -> 28857 | H43: =SUM(F43:G43) -> 3063 | J43: VALOR | K43: 193.62 | L43: 161.92 | M43: 269.34 | N43: 233.36 | O43: 256.62 | P43: 236.43 | W43: VALOR | X43: 60 | AE43: VALOR
T44: TOTAL | U44: =SUM(K43:U43) -> 1351.29 | AB44: TOTAL | AC44: =SUM(X43:AC43) -> 60 | AJ44: TOTAL | AK44: =SUM(AF43:AK43) -> 0
B45: Novembro | J45: Novembro | W45: =J45 -> Novembro | AE45: =W45 -> Novembro
A46: KM (Rodados) | B46: 1ª Leitura | C46: 2ª Leitura | D46: 3ª Leitura | E46: 4ª Leitura | F46: 15 dias Rodados | G46: 30 dias Rodados | H46: Total Mensal | J46: DATA | K46: 45602 | L46: 45605 | W46: DATA | AE46: DATA
D47: 29959 | E47: 31027 | F47: =SUM(C47-B47) -> 0 | G47: =SUM(E47-D47) -> 1068 | H47: =SUM(F47:G47) -> 1068 | J47: VALOR | K47: 220.65 | L47: 151.83 | W47: VALOR | AE47: VALOR
T48: TOTAL | U48: =SUM(K47:U47) -> 372.48 | AB48: TOTAL | AC48: =SUM(X47:AC47) -> 0 | AJ48: TOTAL | AK48: =SUM(AF47:AK47) -> 0
B49: Dezembro | J49: Dezembro | W49: =J49 -> Dezembro | AE49: =W49 -> Dezembro
A50: KM (Rodados) | B50: 1ª Leitura | C50: 2ª Leitura | D50: 3ª Leitura | E50: 4ª Leitura | F50: 15 dias Rodados | G50: 30 dias Rodados | H50: Total Mensal | J50: DATA | W50: DATA | AE50: DATA
B51: 31027 | C51: 32301 | D51: 32402 | E51: 32643 | F51: =SUM(C51-B51) -> 1274 | G51: =SUM(E51-D51) -> 241 | H51: =SUM(F51:G51) -> 1515 | J51: VALOR | W51: VALOR | AE51: VALOR
T52: TOTAL | U52: =SUM(K51:U51) -> 0 | AB52: TOTAL | AC52: =SUM(X51:AC51) -> 0 | AJ52: TOTAL | AK52: =SUM(AF51:AK51) -> 0
A53: 2025 | B53: Janeiro | J53: Janeiro | W53: =J53 -> Janeiro | AE53: =W53 -> Janeiro
A54: KM (Rodados) | B54: 1ª Leitura | C54: 2ª Leitura | D54: 3ª Leitura | E54: 4ª Leitura | F54: 15 dias Rodados | G54: 30 dias Rodados | H54: Total Mensal | J54: DATA | K54: 45665 | L54: 45668 | W54: DATA | X54: 45668 | Y54: 45675 | Z54: 45682 | AE54: DATA
B55: 32643 | C55: 33113 | D55: 33113 | E55: 34172 | F55: =SUM(C55-B55) -> 470 | G55: =SUM(E55-D55) -> 1059 | H55: =SUM(F55:G55) -> 1529 | J55: VALOR | K55: 234.39 | L55: 153.42 | W55: VALOR | X55: 80 | Y55: 80 | Z55: 80 | AE55: VALOR
T56: TOTAL | U56: =SUM(K55:U55) -> 387.81 | AB56: TOTAL | AC56: =SUM(X55:AC55) -> 240 | AJ56: TOTAL | AK56: =SUM(AF55:AK55) -> 0
B57: Fevereiro | J57: Fevereiro | W57: =J57 -> Fevereiro
A58: KM (Rodados) | B58: 1ª Leitura | C58: 2ª Leitura | D58: 3ª Leitura | E58: 4ª Leitura | F58: 15 dias Rodados | G58: 30 dias Rodados | H58: Total Mensal | J58: DATA | K58: 45689 | W58: DATA
B59: 34172 | C59: 34723 | D59: 34723 | E59: 34862 | F59: =SUM(C59-B59) -> 551 | G59: =SUM(E59-D59) -> 139 | H59: =SUM(F59:G59) -> 690 | J59: VALOR | K59: 159.05 | W59: VALOR
T60: TOTAL | U60: =SUM(K59:U59) -> 159.05 | AB60: TOTAL | AC60: =SUM(X59:AC59) -> 0
B61: Março | J61: Março | W61: =J61 -> Março | AH61: =W61 -> Março
A62: KM (Rodados) | B62: 1ª Leitura | C62: 2ª Leitura | D62: 3ª Leitura | E62: 4ª Leitura | F62: 15 dias Rodados | G62: 30 dias Rodados | H62: Total Mensal | J62: DATA | W62: DATA | X62: 45731 | Y62: 45737 | AH62: DATA
B63: 34862 | C63: 36225 | D63: 36225 | E63: 36461 | F63: =SUM(C63-B63) -> 1363 | G63: =SUM(E63-D63) -> 236 | H63: =SUM(F63:G63) -> 1599 | J63: VALOR | W63: VALOR | X63: 80 | Y63: 80 | AH63: VALOR
T64: TOTAL | U64: =SUM(K63:U63) -> 0 | AB64: TOTAL | AC64: =SUM(X63:AC63) -> 160 | AM64: TOTAL | AN64: =SUM(AI63:AN63) -> 0
A65: Devolvido 05/04/2025 | B65: Abril | J65: Abril | W65: =J65 -> Abril | AH65: =W65 -> Abril
A66: KM (Rodados) | B66: 1ª Leitura | C66: 2ª Leitura | D66: 3ª Leitura | E66: 4ª Leitura | F66: 15 dias Rodados | G66: 30 dias Rodados | H66: Total Mensal | J66: DATA | W66: DATA | X66: 45751 | AH66: DATA
B67: 36461 | C67: 36626 | F67: =SUM(C67-B67) -> 165 | G67: =SUM(E67-D67) -> 0 | H67: =SUM(F67:G67) -> 165 | J67: VALOR | W67: VALOR | X67: 180 | AH67: VALOR
T68: TOTAL | U68: =SUM(K67:U67) -> 0 | AB68: TOTAL | AC68: =SUM(X67:AC67) -> 180 | AM68: TOTAL | AN68: =SUM(AI67:AN67) -> 0

Sheet Devaldo-Desmobi
A2: Veiculo | B2: Argo | D2: Placa: | E2: TCY1C54 | H2: KM | I2: 4500km
A3: Substituição | B3: 45780 | D3: Placa: | E3: TCV9F56 | H3: Modelo | I3: Argo
A5: Contrato de Locação | B5: 2512.16 | D5: Rastreador | E5: 40 | H5: Data Mob. | I5: 31/01/2025 Data Devol. 23/07/2025
A8: REGISTRO DE KM | J8: ABASTECIMENTO | Y8: LAVA_RAPIDO | AH8: BORRACHARIA
B10: Fevereiro | J10: Fevereiro | Y10: Fevereiro | AH10: Fevereiro
A11: KM (Rodados) | B11: 1ª Leitura | C11: 2ª Leitura | D11: 3ª Leitura | E11: 4ª Leitura | F11: 15 dias Rodados | G11: 30 dias Rodados | H11: Total Mensal | J11: DATA | K11: 45691 | L11: 45696 | M11: 45702 | N11: 45709 | O11: 45714 | Y11: DATA | Z11: 45695 | AH11: DATA
B12: 8081 | C12: 9470 | D12: 9470 | E12: 10529 | F12: =SUM(C12-B12) -> 1389 | G12: =SUM(E12-D12) -> 1059 | H12: =SUM(F12:G12) -> 2448 | J12: VALOR | K12: 239.88 | L12: 263.67 | M12: 231.05 | N12: 225.18 | O12: 232.5 | Y12: VALOR | Z12: 80 | AH12: VALOR
T13: TOTAL | U13: =SUM(K12:U12) -> 1192.28 | AD13: TOTAL | AE13: =SUM(Z12:AE12) -> 80 | AM13: TOTAL | AN13: =SUM(AI12:AN12) -> 0
B14: Março | J14: Março | Y14: =J14 -> Março | AH14: =Y14 -> Março
A15: KM (Rodados) | B15: 1ª Leitura | C15: 2ª Leitura | D15: 3ª Leitura | E15: 4ª Leitura | F15: 15 dias Rodados | G15: 30 dias Rodados | H15: Total Mensal | J15: DATA | K15: 45717 | L15: 45721 | M15: 45727 | N15: 45730 | O15: 45736 | P15: 45744 | Y15: DATA | Z15: 45738 | AH15: DATA | AI15: 45722
B16: 10529 | C16: 12028 | D16: 12028 | E16: 13367 | F16: =SUM(C16-B16) -> 1499 | G16: =SUM(E16-D16) -> 1339 | H16: =SUM(F16:G16) -> 2838 | J16: VALOR | K16: 216.75 | L16: 270.19 | M16: 268.74 | N16: 235.79 | O16: 252.86 | P16: 246.93 | Y16: VALOR | Z16: 80 | AH16: VALOR | AI16: 140
T17: TOTAL | U17: =SUM(K16:U16) -> 1491.26 | AD17: TOTAL | AE17: =SUM(Z16:AE16) -> 80 | AM17: TOTAL | AN17: =SUM(AI16:AN16) -> 140
B18: Abril | J18: Abril | Y18: =J18 -> Abril | AH18: =Y18 -> Abril
A19: KM (Rodados) | B19: 1ª Leitura | C19: 2ª Leitura | D19: 3ª Leitura | E19: 4ª Leitura | F19: 15 dias Rodados | G19: 30 dias Rodados | H19: Total Mensal | J19: DATA | K19: 45752 | L19: 45756 | M19: 45761 | N19: 45771 | O19: 45776 | Y19: DATA | Z19: 45749 | AH19: DATA
B20: 13367 | C20: 14792 | D20: 14792 | E20: 16275 | F20: =SUM(C20-B20) -> 1425 | G20: =SUM(E20-D20) -> 1483 | H20: =SUM(F20:G20) -> 2908 | J20: VALOR | K20: 263.86 | L20: 240.54 | M20: 233.29 | N20: 205.38 | O20: 202.54 | Y20: VALOR | Z20: 80 | AH20: VALOR
T21: TOTAL | U21: =SUM(K20:U20) -> 1145.61 | AD21: TOTAL | AE21: =SUM(Z20:AE20) -> 80 | AM21: TOTAL | AN21: =SUM(AI20:AN20) -> 0
B22: Maio | J22: Maio | Y22: =J22 -> Maio | AH22: =Y22 -> Maio
A23: KM (Rodados) | B23: 1ª Leitura | C23: 2ª Leitura | D23: 3ª Leitura | E23: 4ª Leitura | F23: 15 dias Rodados | G23: 30 dias Rodados | H23: Total Mensal | J23: DATA | K23: 45778 | L23: 45780 | M23: 45783 | N23: 45787 | O23: 45793 | P23: 45806 | Y23: DATA | AH23: DATA
B24: 14793 | C24: 15911 | D24: 15911 | E24: 16551 | F24: =SUM(C24-B24) -> 1118 | G24: =SUM(E24-D24) -> 640 | H24: =SUM(F24:G24) -> 1758 | J24: VALOR | K24: 185.15 | L24: 52.17 | M24: 205.06 | N24: 210.65 | O24: 183.22 | P24: 226 | Y24: VALOR | AH24: VALOR
T25: TOTAL | U25: =SUM(K24:U24) -> 1062.25 | V25: 1062.19 | AD25: TOTAL | AE25: =SUM(Z24:AE24) -> 0 | AM25: TOTAL | AN25: =SUM(AI24:AN24) -> 0
B26: Junho | J26: Junho | Y26: =J26 -> Junho | AH26: =Y26 -> Junho
A27: KM (Rodados) | B27: 1ª Leitura | C27: 2ª Leitura | D27: 3ª Leitura | E27: 4ª Leitura | F27: 15 dias Rodados | G27: 30 dias Rodados | H27: Total Mensal | J27: DATA | K27: 45818 | L27: 45832 | Y27: DATA | AH27: DATA
B28: 16551 | C28: 16944 | D28: 16944 | E28: 17470 | F28: =SUM(C28-B28) -> 393 | G28: =SUM(E28-D28) -> 526 | H28: =SUM(F28:G28) -> 919 | J28: VALOR | K28: 197.05 | L28: 244.06 | Y28: VALOR | AH28: VALOR
T29: TOTAL | U29: =SUM(K28:U28) -> 441.11 | V29: 441 | AD29: TOTAL | AE29: =SUM(Z28:AE28) -> 0 | AM29: TOTAL | AN29: =SUM(AI28:AN28) -> 0
B30: Julho | J30: Julho | Y30: =J30 -> Julho | AH30: =Y30 -> Julho
A31: KM (Rodados) | B31: 1ª Leitura | C31: 2ª Leitura | D31: 3ª Leitura | E31: 4ª Leitura | F31: 15 dias Rodados | G31: 30 dias Rodados | H31: Total Mensal | J31: DATA | K31: 45853 | L31: 45861 | Y31: DATA | AH31: DATA
B32: 17470 | C32: 18282 | D32: 18282 | E32: 18711 | F32: =SUM(C32-B32) -> 812 | G32: =SUM(E32-D32) -> 429 | H32: =SUM(F32:G32) -> 1241 | J32: VALOR | K32: 236 | L32: 117.8 | Y32: VALOR | AH32: VALOR
T33: TOTAL | U33: =SUM(K32:U32) -> 353.8 | AD33: TOTAL | AE33: =SUM(Z32:AE32) -> 0 | AM33: TOTAL | AN33: =SUM(AI32:AN32) -> 0
B34: Agosto | J34: Agosto | Y34: =J34 -> Agosto | AH34: =Y34 -> Agosto
A35: KM (Rodados) | B35: 1ª Leitura | C35: 2ª Leitura | D35: 3ª Leitura | E35: 4ª Leitura | F35: 15 dias Rodados | G35: 30 dias Rodados | H35: Total Mensal | J35: DATA | Y35: DATA | AH35: DATA
F36: =SUM(C36-B36) -> 0 | G36: =SUM(E36-D36) -> 0 | H36: =SUM(F36:G36) -> 0 | J36: VALOR | Y36: VALOR | AH36: VALOR
T37: TOTAL | U37: =SUM(K36:U36) -> 0 | AD37: TOTAL | AE37: =SUM(Z36:AE36) -> 0 | AM37: TOTAL | AN37: =SUM(AI36:AN36) -> 0
B38: Setembro | J38: Setembro | Y38: =J38 -> Setembro | AH38: =Y38 -> Setembro
A39: KM (Rodados) | B39: 1ª Leitura | C39: 2ª Leitura | D39: 3ª Leitura | E39: 4ª Leitura | F39: 15 dias Rodados | G39: 30 dias Rodados | H39: Total Mensal | J39: DATA | Y39: DATA | AH39: DATA
F40: =SUM(C40-B40) -> 0 | G40: =SUM(E40-D40) -> 0 | H40: =SUM(F40:G40) -> 0 | J40: VALOR | Y40: VALOR | AH40: VALOR
T41: TOTAL | U41: =SUM(K40:U40) -> 0 | AD41: TOTAL | AE41: =SUM(Z40:AE40) -> 0 | AM41: TOTAL | AN41: =SUM(AI40:AN40) -> 0
B42: Outubro | J42: Outubro | Y42: =J42 -> Outubro | AH42: =Y42 -> Outubro
A43: KM (Rodados) | B43: 1ª Leitura | C43: 2ª Leitura | D43: 3ª Leitura | E43: 4ª Leitura | F43: 15 dias Rodados | G43: 30 dias Rodados | H43: Total Mensal | J43: DATA | Y43: DATA | AH43: DATA
F44: =SUM(C44-B44) -> 0 | G44: =SUM(E44-D44) -> 0 | H44: =SUM(F44:G44) -> 0 | J44: VALOR | Y44: VALOR | AH44: VALOR
T45: TOTAL | U45: =SUM(K44:U44) -> 0 | AD45: TOTAL | AE45: =SUM(Z44:AE44) -> 0 | AM45: TOTAL | AN45: =SUM(AI44:AN44) -> 0
B46: Novembro | J46: Novembro | Y46: =J46 -> Novembro | AH46: =Y46 -> Novembro
A47: KM (Rodados) | B47: 1ª Leitura | C47: 2ª Leitura | D47: 3ª Leitura | E47: 4ª Leitura | F47: 15 dias Rodados | G47: 30 dias Rodados | H47: Total Mensal | J47: DATA | Y47: DATA | AH47: DATA
F48: =SUM(C48-B48) -> 0 | G48: =SUM(E48-D48) -> 0 | H48: =SUM(F48:G48) -> 0 | J48: VALOR | Y48: VALOR | AH48: VALOR
T49: TOTAL | U49: =SUM(K48:U48) -> 0 | AD49: TOTAL | AE49: =SUM(Z48:AE48) -> 0 | AM49: TOTAL | AN49: =SUM(AI48:AN48) -> 0
B50: Dezembro | J50: Dezembro | Y50: =J50 -> Dezembro | AH50: =Y50 -> Dezembro
A51: KM (Rodados) | B51: 1ª Leitura | C51: 2ª Leitura | D51: 3ª Leitura | E51: 4ª Leitura | F51: 15 dias Rodados | G51: 30 dias Rodados | H51: Total Mensal | J51: DATA | Y51: DATA | AH51: DATA
F52: =SUM(C52-B52) -> 0 | G52: =SUM(E52-D52) -> 0 | H52: =SUM(F52:G52) -> 0 | J52: VALOR | Y52: VALOR | AH52: VALOR
T53: TOTAL | U53: =SUM(K52:U52) -> 0 | AD53: TOTAL | AE53: =SUM(Z52:AE52) -> 0 | AM53: TOTAL | AN53: =SUM(AI52:AN52) -> 0

Sheet Antonio Flavio-Desmob
A2: Veiculo | B2: POLO | D2: Placa: | E2: GTN7F62 | H2: Medição | I2: 5325
A3: Substituição: | B3: 45619 | D3: Placa: | F3: S10 QMZ5D62
A4: Guincho | B4: 45640 | D4: Placa: | E4: HB20 TCA5C22 | H4: Devolução | I4: 45653
A5: Substituição: | B5: 45653 | D5: Placa: | E5: S10 TDA9D59 | H5: Devolução | I5: 45712
A6: Novo Contrato: | B6: 45712 | D6: Placa: | E6: HB20 TDA0G27 | H6: Devolução | I6: 45762
A7: Contrato de Locação | B7: 2363 | D7: Rastreador | E7: 40 | H7: Data mob. | I7: 45439
A10: REGISTRO DE KM | J10: ABASTECIMENTO | Y10: LAVA_RAPIDO | AH10: BORRACHARIA
B12: Fevereiro | J12: Fevereiro | Y12: Fevereiro | AH12: Fevereiro
A13: KM (Rodados) | B13: 1ª Leitura | C13: 2ª Leitura | D13: 3ª Leitura | E13: 4ª Leitura | F13: 15 dias Rodados | G13: 30 dias Rodados | H13: Total Mensal | J13: DATA | Y13: DATA | AH13: DATA
F14: =SUM(C14-B14) -> 0 | G14: =SUM(E14-D14) -> 0 | H14: =SUM(F14:G14) -> 0 | J14: VALOR | Y14: VALOR | AH14: VALOR
T15: TOTAL | U15: =SUM(K14:U14) -> 0 | AD15: TOTAL | AE15: =SUM(Z14:AE14) -> 0 | AM15: TOTAL | AN15: =SUM(AI14:AN14) -> 0
B16: Março | J16: Março | Y16: =J16 -> Março | AH16: =Y16 -> Março
A17: KM (Rodados) | B17: 1ª Leitura | C17: 2ª Leitura | D17: 3ª Leitura | E17: 4ª Leitura | F17: 15 dias Rodados | G17: 30 dias Rodados | H17: Total Mensal | J17: DATA | Y17: DATA | AH17: DATA
F18: =SUM(C18-B18) -> 0 | G18: =SUM(E18-D18) -> 0 | H18: =SUM(F18:G18) -> 0 | J18: VALOR | Y18: VALOR | AH18: VALOR
T19: TOTAL | U19: =SUM(K18:U18) -> 0 | AD19: TOTAL | AE19: =SUM(Z18:AE18) -> 0 | AM19: TOTAL | AN19: =SUM(AI18:AN18) -> 0
B20: Abril | J20: Abril | Y20: =J20 -> Abril | AH20: =Y20 -> Abril
A21: KM (Rodados) | B21: 1ª Leitura | C21: 2ª Leitura | D21: 3ª Leitura | E21: 4ª Leitura | F21: 15 dias Rodados | G21: 30 dias Rodados | H21: Total Mensal | J21: DATA | Y21: DATA | AH21: DATA
F22: =SUM(C22-B22) -> 0 | G22: =SUM(E22-D22) -> 0 | H22: =SUM(F22:G22) -> 0 | J22: VALOR | Y22: VALOR | AH22: VALOR
T23: TOTAL | U23: =SUM(K22:U22) -> 0 | AD23: TOTAL | AE23: =SUM(Z22:AE22) -> 0 | AM23: TOTAL | AN23: =SUM(AI22:AN22) -> 0
B24: Maio | J24: Maio | Y24: =J24 -> Maio | AH24: =Y24 -> Maio
A25: KM (Rodados) | B25: 1ª Leitura | C25: 2ª Leitura | D25: 3ª Leitura | E25: 4ª Leitura | F25: 15 dias Rodados | G25: 30 dias Rodados | H25: Total Mensal | J25: DATA | K25: 45442 | Y25: DATA | AH25: DATA
B26: 1110 | E26: 1683 | F26: =SUM(C26-B26) -> -1110 | G26: =SUM(E26-D26) -> 1683 | H26: =SUM(F26:G26) -> 573 | J26: VALOR | K26: 192.14 | Y26: VALOR | AH26: VALOR
T27: TOTAL | U27: =SUM(K26:U26) -> 192.14 | AD27: TOTAL | AE27: =SUM(Z26:AE26) -> 0 | AM27: TOTAL | AN27: =SUM(AI26:AN26) -> 0
B28: Junho | J28: Junho | Y28: =J28 -> Junho | AH28: =Y28 -> Junho
A29: KM (Rodados) | B29: 1ª Leitura | C29: 2ª Leitura | D29: 3ª Leitura | E29: 4ª Leitura | F29: 15 dias Rodados | G29: 30 dias Rodados | H29: Total Mensal | J29: DATA | K29: 45448 | L29: 45456 | M29: 45458 | N29: 45463 | O29: 45469 | P29: 45472 | Y29: DATA | Z29: 45458 | AA29: 45472 | AH29: DATA
B30: 1683 | E30: 3497 | F30: =SUM(C30-B30) -> -1683 | G30: =SUM(E30-D30) -> 3497 | H30: =SUM(F30:G30) -> 1814 | J30: VALOR | K30: 185.7 | L30: 179.57 | M30: 71.18 | N30: 166.2 | O30: 175.67 | P30: 179.2 | Y30: VALOR | Z30: 80 | AA30: 80 | AH30: VALOR
T31: TOTAL | U31: =SUM(K30:U30) -> 957.52 | AD31: TOTAL | AE31: =SUM(Z30:AE30) -> 160 | AM31: TOTAL | AN31: =SUM(AI30:AN30) -> 0
B32: Julho | J32: Julho | Y32: =J32 -> Julho | AH32: =Y32 -> Julho
A33: KM (Rodados) | B33: 1ª Leitura | C33: 2ª Leitura | D33: 3ª Leitura | E33: 4ª Leitura | F33: 15 dias Rodados | G33: 30 dias Rodados | H33: Total Mensal | J33: DATA | K33: 45477 | L33: 45484 | M33: 45490 | N33: 45496 | O33: 45504 | Y33: DATA | Z33: 45500 | AA33: 45495 | AB33: 45502 | AH33: DATA
B34: 3497 | E34: 5367 | F34: =SUM(C34-B34) -> -3497 | G34: =SUM(E34-D34) -> 5367 | H34: =SUM(F34:G34) -> 1870 | J34: VALOR | K34: 175.49 | L34: 204.29 | M34: 178.92 | N34: 192.91 | O34: 225.12 | Y34: VALOR | Z34: 60 | AA34: 75 | AB34: 60 | AH34: VALOR
T35: TOTAL | U35: =SUM(K34:U34) -> 976.73 | AD35: TOTAL | AE35: =SUM(Z34:AE34) -> 195 | AM35: TOTAL | AN35: =SUM(AI34:AN34) -> 0
B36: Agosto | J36: Agosto | Y36: =J36 -> Agosto | AH36: =Y36 -> Agosto
A37: KM (Rodados) | B37: 1ª Leitura | C37: 2ª Leitura | D37: 3ª Leitura | E37: 4ª Leitura | F37: 15 dias Rodados | G37: 30 dias Rodados | H37: Total Mensal | J37: DATA | K37: 45510 | L37: 45521 | M37: 45528 | N37: 45535 | O37: 45517 | Y37: DATA | Z37: 45514 | AA37: 45507 | AB37: 45527 | AC37: 45521 | AD37: 45535 | AH37: DATA
B38: 5367 | E38: 7191 | F38: =SUM(C38-B38) -> -5367 | G38: =SUM(E38-D38) -> 7191 | H38: =SUM(F38:G38) -> 1824 | J38: VALOR | K38: 199.18 | L38: 141.54 | M38: 226.77 | N38: 168.18 | O38: 224.74 | Y38: VALOR | Z38: 60 | AA38: 60 | AB38: 60 | AC38: 80 | AD38: 80 | AH38: VALOR
T39: TOTAL | U39: =SUM(K38:U38) -> 960.41 | AD39: TOTAL | AE39: =SUM(Z38:AE38) -> 340 | AM39: TOTAL | AN39: =SUM(AI38:AN38) -> 0
B40: Setembro | J40: Setembro | Y40: =J40 -> Setembro | AH40: =Y40 -> Setembro
A41: KM (Rodados) | B41: 1ª Leitura | C41: 2ª Leitura | D41: 3ª Leitura | E41: 4ª Leitura | F41: 15 dias Rodados | G41: 30 dias Rodados | H41: Total Mensal | J41: DATA | K41: 45542 | L41: 45549 | M41: 45556 | N41: 45563 | Y41: DATA | Z41: 45541 | AA41: 45555 | AB41: 45561 | AH41: DATA | AI41: 45551
B42: 7191 | E42: 8508 | F42: =SUM(C42-B42) -> -7191 | G42: =SUM(E42-D42) -> 8508 | H42: =SUM(F42:G42) -> 1317 | J42: VALOR | K42: 155.28 | L42: 168.57 | M42: 197.45 | N42: 231.96 | Y42: VALOR | Z42: 60 | AA42: 75 | AB42: 75 | AH42: VALOR | AI42: 50
T43: TOTAL | U43: =SUM(K42:U42) -> 753.26 | AD43: TOTAL | AE43: =SUM(Z42:AE42) -> 210 | AM43: TOTAL | AN43: =SUM(AI42:AN42) -> 50
B44: Outubro | J44: Outubro | Y44: =J44 -> Outubro | AH44: =Y44 -> Outubro
A45: KM (Rodados) | B45: 1ª Leitura | C45: 2ª Leitura | D45: 3ª Leitura | E45: 4ª Leitura | F45: 15 dias Rodados | G45: 30 dias Rodados | H45: Total Mensal | J45: DATA | K45: 45570 | L45: 45577 | M45: 45591 | N45: 45584 | Y45: DATA | Z45: 45570 | AH45: DATA
B46: 8508 | E46: 10137 | F46: =SUM(C46-B46) -> -8508 | G46: =SUM(E46-D46) -> 10137 | H46: =SUM(F46:G46) -> 1629 | J46: VALOR | K46: 173.74 | L46: 199.62 | M46: 178.15 | N46: 208.06 | Y46: VALOR | Z46: 75 | AH46: VALOR
T47: TOTAL | U47: =SUM(K46:U46) -> 759.57 | AD47: TOTAL | AE47: =SUM(Z46:AE46) -> 75 | AM47: TOTAL | AN47: =SUM(AI46:AN46) -> 0
B48: Novembro | J48: Novembro | Y48: =J48 -> Novembro | AH48: =Y48 -> Novembro
A49: KM (Rodados) | B49: 1ª Leitura | C49: 2ª Leitura | D49: 3ª Leitura | E49: 4ª Leitura | F49: 15 dias Rodados | G49: 30 dias Rodados | H49: Total Mensal | J49: DATA | K49: 45597 | L49: 45605 | Y49: DATA | AH49: DATA
F50: =SUM(C50-B50) -> 0 | G50: =SUM(E50-D50) -> 0 | H50: =SUM(F50:G50) -> 0 | J50: VALOR | K50: 166.59 | L50: 146.97 | Y50: VALOR | AH50: VALOR
T51: TOTAL | U51: =SUM(K50:U50) -> 313.56 | AD51: TOTAL | AE51: =SUM(Z50:AE50) -> 0 | AM51: TOTAL | AN51: =SUM(AI50:AN50) -> 0
A52: 27/12/2024TDA9D59 | B52: Dezembro | J52: Dezembro | Y52: =J52 -> Dezembro | AH52: =Y52 -> Dezembro
A53: KM (Rodados) | B53: 1ª Leitura | C53: 2ª Leitura | D53: 3ª Leitura | E53: 4ª Leitura | F53: 15 dias Rodados | G53: 30 dias Rodados | H53: Total Mensal | J53: DATA | Y53: DATA | AH53: DATA
D54: 30 | E54: 297 | F54: =SUM(C54-B54) -> 0 | G54: =SUM(E54-D54) -> 267 | H54: =SUM(F54:G54) -> 267 | J54: VALOR | Y54: VALOR | AH54: VALOR
T55: TOTAL | U55: =SUM(K54:U54) -> 0 | AD55: TOTAL | AE55: =SUM(Z54:AE54) -> 0 | AM55: TOTAL | AN55: =SUM(AI54:AN54) -> 0
B56: Janeiro | J56: Janeiro | Y56: =J56 -> Janeiro | AH56: =Y56 -> Janeiro
A57: KM (Rodados) | B57: 1ª Leitura | C57: 2ª Leitura | D57: 3ª Leitura | E57: 4ª Leitura | F57: 15 dias Rodados | G57: 30 dias Rodados | H57: Total Mensal | J57: DATA | K57: 45667 | L57: 45675 | Y57: DATA | Z57: 45668 | AA57: 45675 | AB57: 45682 | AH57: DATA
B58: 297 | C58: 895 | D58: 895 | E58: 1931 | F58: =SUM(C58-B58) -> 598 | G58: =SUM(E58-D58) -> 1036 | H58: =SUM(F58:G58) -> 1634 | J58: VALOR | K58: 474.21 | L58: 223.8 | Y58: VALOR | Z58: 130 | AA58: 130 | AB58: 130 | AH58: VALOR
T59: TOTAL | U59: =SUM(K58:U58) -> 698.01 | AD59: TOTAL | AE59: =SUM(Z58:AE58) -> 390 | AM59: TOTAL | AN59: =SUM(AI58:AN58) -> 0
A60: Devolução 24/02/2025 | B60: Fevereiro | J60: Fevereiro | Y60: =J60 -> Fevereiro | AH60: =Y60 -> Fevereiro
A61: KM (Rodados) | B61: 1ª Leitura | C61: 2ª Leitura | D61: 3ª Leitura | E61: 4ª Leitura | F61: 15 dias Rodados | G61: 30 dias Rodados | H61: Total Mensal | J61: DATA | K61: 45689 | L61: 45696 | M61: 45703 | N61: 45709 | O61: 45713 | Y61: DATA | Z61: 45689 | AA61: 45696 | AH61: DATA
B62: 1931 | C62: 2880 | D62: 2880 | E62: 3625 | F62: =SUM(C62-B62) -> 949 | G62: =SUM(E62-D62) -> 745 | H62: =SUM(F62:G62) -> 1694 | J62: VALOR | K62: 411.54 | L62: 396.27 | M62: 302.59 | N62: 154.44 | O62: 161.78 | Y62: VALOR | Z62: 130 | AA62: 130 | AH62: VALOR
T63: TOTAL | U63: =SUM(K62:U62) -> 1426.62 | AD63: TOTAL | AE63: =SUM(Z62:AE62) -> 260 | AM63: TOTAL | AN63: =SUM(AI62:AN62) -> 0
A64: RETIRADA 24/02/2025 | B64: Março | J64: Março | Y64: =J64 -> Março | AH64: =Y64 -> Março
A65: KM (Rodados) | B65: 1ª Leitura | C65: 2ª Leitura | D65: 3ª Leitura | E65: 4ª Leitura | F65: 15 dias Rodados | G65: 30 dias Rodados | H65: Total Mensal | J65: DATA | K65: 45720 | L65: 45724 | M65: 45731 | N65: 45735 | O65: 45738 | P65: 45745 | Y65: DATA | Z65: 45731 | AA65: 45738 | AB65: 45745 | AH65: DATA
B66: 2804 | C66: 4056 | D66: 4056 | E66: 4885 | F66: =SUM(C66-B66) -> 1252 | G66: =SUM(E66-D66) -> 829 | H66: =SUM(F66:G66) -> 2081 | J66: VALOR | K66: 219.97 | L66: 213.45 | M66: 258.72 | N66: 244.88 | O66: 146.5 | P66: 224.32 | Y66: VALOR | Z66: 80 | AA66: 80 | AB66: 80 | AH66: VALOR
T67: TOTAL | U67: =SUM(K66:U66) -> 1307.84 | AD67: TOTAL | AE67: =SUM(Z66:AE66) -> 240 | AM67: TOTAL | AN67: =SUM(AI66:AN66) -> 0
B68: Abril | J68: Abril | Y68: =J68 -> Abril | AH68: =Y68 -> Abril
A69: KM (Rodados) | B69: 1ª Leitura | C69: 2ª Leitura | D69: 3ª Leitura | E69: 4ª Leitura | F69: 15 dias Rodados | G69: 30 dias Rodados | H69: Total Mensal | J69: DATA | K69: 45759 | L69: 45762 | Y69: DATA | AH69: DATA
B70: 4885 | C70: 5575 | F70: =SUM(C70-B70) -> 690 | G70: =SUM(E70-D70) -> 0 | H70: =SUM(F70:G70) -> 690 | J70: VALOR | K70: 206.99 | L70: 72.29 | Y70: VALOR | AH70: VALOR
T71: TOTAL | U71: =SUM(K70:U70) -> 279.28 | AD71: TOTAL | AE71: =SUM(Z70:AE70) -> 0 | AM71: TOTAL | AN71: =SUM(AI70:AN70) -> 0
B72: Maio | J72: Maio | Y72: =J72 -> Maio | AH72: =Y72 -> Maio
A73: KM (Rodados) | B73: 1ª Leitura | C73: 2ª Leitura | D73: 3ª Leitura | E73: 4ª Leitura | F73: 15 dias Rodados | G73: 30 dias Rodados | H73: Total Mensal | J73: DATA | Y73: DATA | AH73: DATA
F74: =SUM(C74-B74) -> 0 | G74: =SUM(E74-D74) -> 0 | H74: =SUM(F74:G74) -> 0 | J74: VALOR | Y74: VALOR | AH74: VALOR
T75: TOTAL | U75: =SUM(K74:U74) -> 0 | AD75: TOTAL | AE75: =SUM(Z74:AE74) -> 0 | AM75: TOTAL | AN75: =SUM(AI74:AN74) -> 0
B76: Junho | J76: Junho | Y76: =J76 -> Junho | AH76: =Y76 -> Junho
A77: KM (Rodados) | B77: 1ª Leitura | C77: 2ª Leitura | D77: 3ª Leitura | E77: 4ª Leitura | F77: 15 dias Rodados | G77: 30 dias Rodados | H77: Total Mensal | J77: DATA | Y77: DATA | AH77: DATA
F78: =SUM(C78-B78) -> 0 | G78: =SUM(E78-D78) -> 0 | H78: =SUM(F78:G78) -> 0 | J78: VALOR | Y78: VALOR | AH78: VALOR
T79: TOTAL | U79: =SUM(K78:U78) -> 0 | AD79: TOTAL | AE79: =SUM(Z78:AE78) -> 0 | AM79: TOTAL | AN79: =SUM(AI78:AN78) -> 0

Sheet Igor-Desmob
A2: Veiculo | B2: POLO TRACK | D2: Placa: | E2: STB1B80 | H2: Medição | I2: 5200
A3: Substituição | B3: 45636 | D3: Placa: | E3: TCV9F12 | H3: Modelo | I3: Argo | J3: Devolução | K3: 45762
A4: Contrato de Locação | B4: 2363 | D4: Rastreador | E4: 40 | H4: Data mob. | I4: 45354
A7: REGISTRO DE KM | J7: ABASTECIMENTO | W7: LAVA_RAPIDO | AE7: BORRACHARIA
B9: Fevereiro | J9: Fevereiro | W9: Fevereiro | AE9: Fevereiro
A10: KM (Rodados) | B10: 1ª Leitura | C10: 2ª Leitura | D10: 3ª Leitura | E10: 4ª Leitura | F10: 15 dias Rodados | G10: 30 dias Rodados | H10: Total Mensal | J10: DATA | W10: DATA | AE10: DATA
F11: =SUM(C11-B11) -> 0 | G11: =SUM(E11-D11) -> 0 | H11: =SUM(F11:G11) -> 0 | J11: VALOR | W11: VALOR | AE11: VALOR
T12: TOTAL | U12: =SUM(K11:U11) -> 0 | AB12: TOTAL | AC12: =SUM(X11:AC11) -> 0 | AJ12: TOTAL | AK12: =SUM(AF11:AK11) -> 0
B13: Março | J13: Março | W13: =J13 -> Março | AE13: =W13 -> Março
A14: KM (Rodados) | B14: 1ª Leitura | C14: 2ª Leitura | D14: 3ª Leitura | E14: 4ª Leitura | F14: 15 dias Rodados | G14: 30 dias Rodados | H14: Total Mensal | J14: DATA | K14: 45356 | L14: 45363 | M14: 45365 | N14: 45370 | O14: 45372 | P14: 45374 | Q14: 45378 | W14: DATA | AE14: DATA
B15: 21 | E15: 3833 | F15: =SUM(C15-B15) -> -21 | G15: =SUM(E15-D15) -> 3833 | H15: =SUM(F15:G15) -> 3812 | J15: VALOR | K15: 260.21 | L15: 251.1 | M15: 229.9 | N15: 252.78 | O15: 243.19 | P15: 261.58 | Q15: 255.59 | W15: VALOR | AE15: VALOR
T16: TOTAL | U16: =SUM(K15:U15) -> 1754.35 | AB16: TOTAL | AC16: =SUM(X15:AC15) -> 0 | AJ16: TOTAL | AK16: =SUM(AF15:AK15) -> 0
B17: Abril | J17: Abril | W17: =J17 -> Abril | AE17: =W17 -> Abril
A18: KM (Rodados) | B18: 1ª Leitura | C18: 2ª Leitura | D18: 3ª Leitura | E18: 4ª Leitura | F18: 15 dias Rodados | G18: 30 dias Rodados | H18: Total Mensal | J18: DATA | K18: 45384 | L18: 45386 | M18: 45391 | N18: 45395 | O18: 45400 | P18: 45405 | Q18: 45409 | W18: DATA | AE18: DATA
B19: 3833 | E19: 7277 | F19: =SUM(C19-B19) -> -3833 | G19: =SUM(E19-D19) -> 7277 | H19: =SUM(F19:G19) -> 3444 | J19: VALOR | K19: 265.6 | L19: 222.41 | M19: 258.53 | N19: 230.85 | O19: 246.85 | P19: 263.92 | Q19: 246.91 | W19: VALOR | AE19: VALOR
T20: TOTAL | U20: =SUM(K19:U19) -> 1735.07 | AB20: TOTAL | AC20: =SUM(X19:AC19) -> 0 | AJ20: TOTAL | AK20: =SUM(AF19:AK19) -> 0
B21: Maio | J21: Maio | W21: =J21 -> Maio | AE21: =W21 -> Maio
A22: KM (Rodados) | B22: 1ª Leitura | C22: 2ª Leitura | D22: 3ª Leitura | E22: 4ª Leitura | F22: 15 dias Rodados | G22: 30 dias Rodados | H22: Total Mensal | J22: DATA | K22: 45415 | L22: 45421 | M22: 45427 | N22: 45430 | O22: 45437 | P22: 45442 | W22: DATA | X22: 45423 | Y22: 45430 | Z22: 45436 | AA22: 45415 | AE22: DATA
B23: 7277 | E23: 10216 | F23: =SUM(C23-B23) -> -7277 | G23: =SUM(E23-D23) -> 10216 | H23: =SUM(F23:G23) -> 2939 | J23: VALOR | K23: 257.93 | L23: 259.55 | M23: 217.08 | N23: 231.21 | O23: 234.03 | P23: 270.13 | W23: VALOR | X23: 80 | Y23: 80 | Z23: 50 | AA23: 80 | AE23: VALOR
T24: TOTAL | U24: =SUM(K23:U23) -> 1469.93 | AB24: TOTAL | AC24: =SUM(X23:AC23) -> 290 | AJ24: TOTAL | AK24: =SUM(AF23:AK23) -> 0
B25: Junho | J25: Junho | W25: =J25 -> Junho | AE25: =W25 -> Junho
A26: KM (Rodados) | B26: 1ª Leitura | C26: 2ª Leitura | D26: 3ª Leitura | E26: 4ª Leitura | F26: 15 dias Rodados | G26: 30 dias Rodados | H26: Total Mensal | J26: DATA | K26: 45447 | L26: 45451 | M26: 45455 | N26: 45458 | P26: 45462 | Q26: 45469 | R26: 45472 | W26: DATA | AE26: DATA
B27: 10216 | E27: 13298 | F27: =SUM(C27-B27) -> -10216 | G27: =SUM(E27-D27) -> 13298 | H27: =SUM(F27:G27) -> 3082 | J27: VALOR | K27: 240.61 | L27: 235.78 | M27: 237.02 | N27: 219.37 | P27: 219.74 | Q27: 256.2 | R27: 249.02 | W27: VALOR | AE27: VALOR
T28: TOTAL | U28: =SUM(K27:U27) -> 1657.74 | AB28: TOTAL | AC28: =SUM(X27:AC27) -> 0 | AJ28: TOTAL | AK28: =SUM(AF27:AK27) -> 0
B29: Julho | J29: Julho | W29: =J29 -> Julho | AE29: =W29 -> Julho
A30: KM (Rodados) | B30: 1ª Leitura | C30: 2ª Leitura | D30: 3ª Leitura | E30: 4ª Leitura | F30: 15 dias Rodados | G30: 30 dias Rodados | H30: Total Mensal | J30: DATA | K30: 45478 | L30: 45482 | M30: 45486 | N30: 45491 | O30: 45496 | P30: 45503 | Q30: 45499 | W30: DATA | X30: 45479 | Y30: 45497 | Z30: 45490 | AA30: 45502 | AE30: DATA
B31: 13298 | E31: 17171 | F31: =SUM(C31-B31) -> -13298 | G31: =SUM(E31-D31) -> 17171 | H31: =SUM(F31:G31) -> 3873 | J31: VALOR | K31: 262.52 | L31: 251.7 | M31: 255.6 | N31: 215.98 | O31: 240.9 | P31: 223.84 | Q31: 238.47 | W31: VALOR | X31: 80 | Y31: 80 | Z31: 60 | AA31: 75 | AE31: VALOR
T32: TOTAL | U32: =SUM(K31:U31) -> 1689.01 | AB32: TOTAL | AC32: =SUM(X31:AC31) -> 295 | AJ32: TOTAL | AK32: =SUM(AF31:AK31) -> 0
B33: Agosto | J33: Agosto | W33: =J33 -> Agosto | AE33: =W33 -> Agosto
A34: KM (Rodados) | B34: 1ª Leitura | C34: 2ª Leitura | D34: 3ª Leitura | E34: 4ª Leitura | F34: 15 dias Rodados | G34: 30 dias Rodados | H34: Total Mensal | J34: DATA | K34: 45506 | L34: 45510 | M34: 45513 | N34: 45517 | O34: 45520 | P34: 45525 | Q34: 45531 | R34: 45534 | W34: DATA | X34: 45505 | Y34: 45511 | Z34: 45523 | AE34: DATA
B35: 17171 | E35: 21719 | F35: =SUM(C35-B35) -> -17171 | G35: =SUM(E35-D35) -> 21719 | H35: =SUM(F35:G35) -> 4548 | J35: VALOR | K35: 257.64 | L35: 246.27 | M35: 256.88 | N35: 255.79 | O35: 268.44 | P35: 237.96 | Q35: 270.11 | R35: 244.1 | W35: VALOR | X35: 60 | Y35: 80 | Z35: 75 | AE35: VALOR
T36: TOTAL | U36: =SUM(K35:U35) -> 2037.19 | AB36: TOTAL | AC36: =SUM(X35:AC35) -> 215 | AJ36: TOTAL | AK36: =SUM(AF35:AK35) -> 0
B37: Setembro | J37: Setembro | W37: =J37 -> Setembro | AE37: =W37 -> Setembro
A38: KM (Rodados) | B38: 1ª Leitura | C38: 2ª Leitura | D38: 3ª Leitura | E38: 4ª Leitura | F38: 15 dias Rodados | G38: 30 dias Rodados | H38: Total Mensal | J38: DATA | K38: 45538 | L38: 45541 | M38: 45547 | N38: 45548 | O38: 45554 | P38: 45555 | Q38: 45559 | R38: 45562 | W38: DATA | X38: 45537 | Y38: 45549 | AE38: DATA
B39: 21719 | E39: 25450 | F39: =SUM(C39-B39) -> -21719 | G39: =SUM(E39-D39) -> 25450 | H39: =SUM(F39:G39) -> 3731 | J39: VALOR | K39: 240.33 | L39: 304.68 | M39: 230.93 | N39: 250.17 | O39: 248.44 | P39: 194.9 | Q39: 259.5 | R39: 210.87 | W39: VALOR | X39: 75 | Y39: 80 | AE39: VALOR
T40: TOTAL | U40: =SUM(K39:U39) -> 1939.82 | AB40: TOTAL | AC40: =SUM(X39:AC39) -> 155 | AJ40: TOTAL | AK40: =SUM(AF39:AK39) -> 0
B41: Outubro | J41: Outubro | W41: =J41 -> Outubro | AE41: =W41 -> Outubro
A42: KM (Rodados) | B42: 1ª Leitura | C42: 2ª Leitura | D42: 3ª Leitura | E42: 4ª Leitura | F42: 15 dias Rodados | G42: 30 dias Rodados | H42: Total Mensal | J42: DATA | K42: 45566 | L42: 45569 | M42: 45573 | N42: 45575 | O42: 45580 | P42: 45595 | Q42: 45591 | R42: 45589 | S42: 45587 | T42: 45583 | W42: DATA | X42: 45567 | Y42: 45568 | AE42: DATA
B43: 25570 | C43: 27642 | D43: 27642 | E43: 29943 | F43: =SUM(C43-B43) -> 2072 | G43: =SUM(E43-D43) -> 2301 | H43: =SUM(F43:G43) -> 4373 | J43: VALOR | K43: 285.51 | L43: 276.24 | M43: 232.92 | N43: 215.02 | O43: 242.82 | P43: 228.12 | Q43: 210.87 | R43: 223.65 | S43: 214.83 | T43: 205.25 | W43: VALOR | X43: 75 | Y43: 75 | AE43: VALOR
T44: TOTAL | U44: =SUM(K43:U43) -> 2335.23 | AB44: TOTAL | AC44: =SUM(X43:AC43) -> 150 | AJ44: TOTAL | AK44: =SUM(AF43:AK43) -> 0
B45: Novembro | J45: Novembro | W45: =J45 -> Novembro | AE45: =W45 -> Novembro
A46: KM (Rodados) | B46: 1ª Leitura | C46: 2ª Leitura | D46: 3ª Leitura | E46: 4ª Leitura | F46: 15 dias Rodados | G46: 30 dias Rodados | H46: Total Mensal | J46: DATA | K46: 45597 | L46: 45603 | M46: 45605 | W46: DATA | AE46: DATA
B47: 29943 | C47: 31770 | D47: 31770 | E47: 33475 | F47: =SUM(C47-B47) -> 1827 | G47: =SUM(E47-D47) -> 1705 | H47: =SUM(F47:G47) -> 3532 | J47: VALOR | K47: 276.18 | L47: 256.24 | M47: 220.52 | W47: VALOR | AE47: VALOR
A48: 10/12/24 - Argo TCV9F12 | T48: TOTAL | U48: =SUM(K47:U47) -> 752.94 | AB48: TOTAL | AC48: =SUM(X47:AC47) -> 0 | AJ48: TOTAL | AK48: =SUM(AF47:AK47) -> 0
B49: Dezembro | J49: Dezembro | W49: =J49 -> Dezembro | AE49: =W49 -> Dezembro
A50: KM (Rodados) | B50: 1ª Leitura | C50: 2ª Leitura | D50: 3ª Leitura | E50: 4ª Leitura | F50: 15 dias Rodados | G50: 30 dias Rodados | H50: Total Mensal | J50: DATA | W50: DATA | AE50: DATA
B51: 1983 | C51: 2747 | F51: =SUM(C51-B51) -> 764 | G51: =SUM(E51-D51) -> 0 | H51: =SUM(F51:G51) -> 764 | J51: VALOR | W51: VALOR | AE51: VALOR
T52: TOTAL | U52: =SUM(K51:U51) -> 0 | AB52: TOTAL | AC52: =SUM(X51:AC51) -> 0 | AJ52: TOTAL | AK52: =SUM(AF51:AK51) -> 0
B53: Janeiro | J53: Janeiro | W53: =J53 -> Janeiro | AE53: =W53 -> Janeiro
A54: KM (Rodados) | B54: 1ª Leitura | C54: 2ª Leitura | D54: 3ª Leitura | E54: 4ª Leitura | F54: 15 dias Rodados | G54: 30 dias Rodados | H54: Total Mensal | J54: DATA | K54: 45664 | L54: 45673 | W54: DATA | AE54: DATA
B55: 4156 | C55: 5203 | D55: 5203 | E55: 7252 | F55: =SUM(C55-B55) -> 1047 | G55: =SUM(E55-D55) -> 2049 | H55: =SUM(F55:G55) -> 3096 | J55: VALOR | K55: 290.87 | L55: 237.45 | W55: VALOR | AE55: VALOR
T56: TOTAL | U56: =SUM(K55:U55) -> 528.32 | AB56: TOTAL | AC56: =SUM(X55:AC55) -> 0 | AJ56: TOTAL | AK56: =SUM(AF55:AK55) -> 0
B57: Fevereiro | J57: Fevereiro | W57: =J57 -> Fevereiro | AE57: =W57 -> Fevereiro
A58: KM (Rodados) | B58: 1ª Leitura | C58: 2ª Leitura | D58: 3ª Leitura | E58: 4ª Leitura | F58: 15 dias Rodados | G58: 30 dias Rodados | H58: Total Mensal | J58: DATA | W58: DATA | AE58: DATA
B59: 7252 | C59: 8798 | D59: 8798 | E59: 9108 | F59: =SUM(C59-B59) -> 1546 | G59: =SUM(E59-D59) -> 310 | H59: =SUM(F59:G59) -> 1856 | J59: VALOR | W59: VALOR | AE59: VALOR
T60: TOTAL | U60: =SUM(K59:U59) -> 0 | AB60: TOTAL | AC60: =SUM(X59:AC59) -> 0 | AJ60: TOTAL | AK60: =SUM(AF59:AK59) -> 0
B61: Março | J61: Março | W61: =J61 -> Março | AE61: =W61 -> Março
A62: KM (Rodados) | B62: 1ª Leitura | C62: 2ª Leitura | D62: 3ª Leitura | E62: 4ª Leitura | F62: 15 dias Rodados | G62: 30 dias Rodados | H62: Total Mensal | J62: DATA | W62: DATA | AE62: DATA
B63: 9108 | C63: 10468 | D63: 10468 | E63: 11988 | F63: =SUM(C63-B63) -> 1360 | G63: =SUM(E63-D63) -> 1520 | H63: =SUM(F63:G63) -> 2880 | J63: VALOR | W63: VALOR | AE63: VALOR
T64: TOTAL | U64: =SUM(K63:U63) -> 0 | AB64: TOTAL | AC64: =SUM(X63:AC63) -> 0 | AJ64: TOTAL | AK64: =SUM(AF63:AK63) -> 0
B65: Abril | J65: Abril | W65: =J65 -> Abril | AE65: =W65 -> Abril
A66: KM (Rodados) | B66: 1ª Leitura | C66: 2ª Leitura | D66: 3ª Leitura | E66: 4ª Leitura | F66: 15 dias Rodados | G66: 30 dias Rodados | H66: Total Mensal | J66: DATA | W66: DATA | X66: 45751 | AE66: DATA
B67: 11988 | C67: 13703 | F67: =SUM(C67-B67) -> 1715 | G67: =SUM(E67-D67) -> 0 | H67: =SUM(F67:G67) -> 1715 | J67: VALOR | W67: VALOR | X67: 80 | AE67: VALOR
T68: TOTAL | U68: =SUM(K67:U67) -> 0 | AB68: TOTAL | AC68: =SUM(X67:AC67) -> 80 | AJ68: TOTAL | AK68: =SUM(AF67:AK67) -> 0

Sheet Illichi_Wesley-Desmob
A2: Veiculo | B2: POLO - ARGO | D2: Placa: | E2: EEK6B42 - SYX0J57 (encerrado em 16/11) | H2: Medição | I2: 5200
A3: Troca de categoria: 16/11 S10 TCT0H26 | D3: Troca de Condutor: | E3: 31/01/2025 Wesley | H3: Devolução | I3: 45713
A4: Contrato de Locação | B4: 2363 | D4: Rastreador | E4: 40 | H4: Data mob. | I4: 45380
A7: REGISTRO DE KM | J7: ABASTECIMENTO | W7: LAVA_RAPIDO | AE7: BORRACHARIA
B9: Fevereiro | J9: Fevereiro | W9: Fevereiro | AE9: Fevereiro
A10: KM (Rodados) | B10: 1ª Leitura | C10: 2ª Leitura | D10: 3ª Leitura | E10: 4ª Leitura | F10: 15 dias Rodados | G10: 30 dias Rodados | H10: Total Mensal | J10: DATA | W10: DATA | AE10: DATA
F11: =SUM(C11-B11) -> 0 | G11: =SUM(E11-D11) -> 0 | H11: =SUM(F11:G11) -> 0 | J11: VALOR | W11: VALOR | AE11: VALOR
T12: TOTAL | U12: =SUM(K11:U11) -> 0 | AB12: TOTAL | AC12: =SUM(X11:AC11) -> 0 | AJ12: TOTAL | AK12: =SUM(AF11:AK11) -> 0
B13: Março | J13: Março | W13: =J13 -> Março | AE13: =W13 -> Março
A14: KM (Rodados) | B14: 1ª Leitura | C14: 2ª Leitura | D14: 3ª Leitura | E14: 4ª Leitura | F14: 15 dias Rodados | G14: 30 dias Rodados | H14: Total Mensal | J14: DATA | W14: DATA | AE14: DATA
B15: 35025 | E15: 35174 | F15: =SUM(C15-B15) -> -35025 | G15: =SUM(E15-D15) -> 35174 | H15: =SUM(F15:G15) -> 149 | J15: VALOR | W15: VALOR | AE15: VALOR
T16: TOTAL | U16: =SUM(K15:U15) -> 0 | AB16: TOTAL | AC16: =SUM(X15:AC15) -> 0 | AJ16: TOTAL | AK16: =SUM(AF15:AK15) -> 0
B17: Abril | J17: Abril | W17: =J17 -> Abril | AE17: =W17 -> Abril
A18: KM (Rodados) | B18: 1ª Leitura | C18: 2ª Leitura | D18: 3ª Leitura | E18: 4ª Leitura | F18: 15 dias Rodados | G18: 30 dias Rodados | H18: Total Mensal | J18: DATA | K18: 45384 | L18: 04/042024 | M18: 45388 | N18: 45393 | O18: 45399 | P18: 45402 | Q18: 45040 | R18: 45409 | W18: DATA | X18: 45395 | AE18: DATA
B19: 35174 | E19: 38509 | F19: =SUM(C19-B19) -> -35174 | G19: =SUM(E19-D19) -> 38509 | H19: =SUM(F19:G19) -> 3335 | J19: VALOR | K19: 121.16 | L19: 123.56 | M19: 259.85 | N19: 157.72 | O19: 212.53 | P19: 174.61 | Q19: 194.5 | R19: 225.34 | W19: VALOR | X19: 80 | AE19: VALOR
T20: TOTAL | U20: =SUM(K19:U19) -> 1469.27 | AB20: TOTAL | AC20: =SUM(X19:AC19) -> 80 | AJ20: TOTAL | AK20: =SUM(AF19:AK19) -> 0
B21: Maio | J21: Maio | W21: =J21 -> Maio | AE21: =W21 -> Maio
A22: KM (Rodados) | B22: 1ª Leitura | C22: 2ª Leitura | D22: 3ª Leitura | E22: 4ª Leitura | F22: 15 dias Rodados | G22: 30 dias Rodados | H22: Total Mensal | J22: DATA | K22: 45415 | L22: 45420 | M22: 45423 | N22: 45428 | O22: 45441 | W22: DATA | X22: 45429 | Y22: 45418 | AE22: DATA
B23: 38509 | E23: 41027 | F23: =SUM(C23-B23) -> -38509 | G23: =SUM(E23-D23) -> 41027 | H23: =SUM(F23:G23) -> 2518 | J23: VALOR | K23: 231.87 | L23: 223.37 | M23: 188.09 | N23: 198.33 | O23: 187.06 | W23: VALOR | X23: 80 | Y23: 80 | AE23: VALOR
T24: TOTAL | U24: =SUM(K23:U23) -> 1028.72 | AB24: TOTAL | AC24: =SUM(X23:AC23) -> 160 | AJ24: TOTAL | AK24: =SUM(AF23:AK23) -> 0
B25: Junho | J25: Junho | W25: =J25 -> Junho | AE25: =W25 -> Junho
A26: KM (Rodados) | B26: 1ª Leitura | C26: 2ª Leitura | D26: 3ª Leitura | E26: 4ª Leitura | F26: 15 dias Rodados | G26: 30 dias Rodados | H26: Total Mensal | J26: DATA | K26: 45444 | L26: 45450 | M26: 45455 | N26: 45458 | W26: DATA | X26: 45451 | AE26: DATA
F27: =SUM(C27-B27) -> 0 | G27: =SUM(E27-D27) -> 0 | H27: =SUM(F27:G27) -> 0 | J27: VALOR | K27: 229.03 | L27: 231.82 | M27: 203.59 | N27: 269.57 | W27: VALOR | X27: 80 | AE27: VALOR
T28: TOTAL | U28: =SUM(K27:U27) -> 934.01 | AB28: TOTAL | AC28: =SUM(X27:AC27) -> 80 | AJ28: TOTAL | AK28: =SUM(AF27:AK27) -> 0
B29: Julho | J29: Julho | W29: =J29 -> Julho | AE29: =W29 -> Julho
A30: KM (Rodados) | B30: 1ª Leitura | C30: 2ª Leitura | D30: 3ª Leitura | E30: 4ª Leitura | F30: 15 dias Rodados | G30: 30 dias Rodados | H30: Total Mensal | J30: DATA | K30: 45493 | W30: DATA | X30: 45493 | AE30: DATA
F31: =SUM(C31-B31) -> 0 | G31: =SUM(E31-D31) -> 0 | H31: =SUM(F31:G31) -> 0 | J31: VALOR | K31: 166.82 | W31: VALOR | X31: 80 | AE31: VALOR
T32: TOTAL | U32: =SUM(K31:U31) -> 166.82 | AB32: TOTAL | AC32: =SUM(X31:AC31) -> 80 | AJ32: TOTAL | AK32: =SUM(AF31:AK31) -> 0
B33: Agosto | J33: Agosto | W33: =J33 -> Agosto | AE33: =W33 -> Agosto
A34: KM (Rodados) | B34: 1ª Leitura | C34: 2ª Leitura | D34: 3ª Leitura | E34: 4ª Leitura | F34: 15 dias Rodados | G34: 30 dias Rodados | H34: Total Mensal | J34: DATA | K34: 45505 | L34: 45511 | M34: 45517 | N34: 45520 | O34: 45526 | P34: 45524 | Q34: 45532 | R34: 45535 | W34: DATA | X34: 45510 | Y34: 45516 | Z34: 45524 | AE34: DATA
B35: 43742 | E35: 45834 | F35: =SUM(C35-B35) -> -43742 | G35: =SUM(E35-D35) -> 45834 | H35: =SUM(F35:G35) -> 2092 | J35: VALOR | K35: 319.5 | L35: 261.8 | M35: 220.39 | N35: 254.84 | O35: 220.76 | P35: 138.46 | Q35: 248.19 | R35: 195.47 | W35: VALOR | X35: 60 | Y35: 80 | Z35: 60 | AE35: VALOR
A36: SYX0J57 | B36: 5209 | E36: 6495 | H36: 1286 | T36: TOTAL | U36: =SUM(K35:U35) -> 1859.41 | AB36: TOTAL | AC36: =SUM(X35:AC35) -> 200 | AJ36: TOTAL | AK36: =SUM(AF35:AK35) -> 0
B37: Setembro | J37: Setembro | W37: =J37 -> Setembro | AE37: =W37 -> Setembro
A38: KM (Rodados) | B38: 1ª Leitura | C38: 2ª Leitura | D38: 3ª Leitura | E38: 4ª Leitura | F38: 15 dias Rodados | G38: 30 dias Rodados | H38: Total Mensal | J38: DATA | K38: 45539 | L38: 45541 | M38: 45546 | N38: 45549 | O38: 45556 | P38: 45563 | W38: DATA | X38: 45537 | Y38: 45545 | Z38: 45549 | AE38: DATA
B39: 6495 | E39: 9256 | F39: =SUM(C39-B39) -> -6495 | G39: =SUM(E39-D39) -> 9256 | H39: =SUM(F39:G39) -> 2761 | J39: VALOR | K39: 212.79 | L39: 211.76 | M39: 155.79 | N39: 168.38 | O39: 203.52 | P39: 188.95 | W39: VALOR | X39: 60 | Y39: 60 | Z39: 80 | AE39: VALOR
T40: TOTAL | U40: =SUM(K39:U39) -> 1141.19 | AB40: TOTAL | AC40: =SUM(X39:AC39) -> 200 | AJ40: TOTAL | AK40: =SUM(AF39:AK39) -> 0
B41: Outubro | J41: Outubro | W41: =J41 -> Outubro | AE41: =W41 -> Outubro
A42: KM (Rodados) | B42: 1ª Leitura | C42: 2ª Leitura | D42: 3ª Leitura | E42: 4ª Leitura | F42: 15 dias Rodados | G42: 30 dias Rodados | H42: Total Mensal | J42: DATA | K42: 45567 | L42: 45569 | M42: 45573 | N42: 45577 | O42: 45595 | P42: 45589 | Q42: 45584 | R42: 45582 | W42: DATA | X42: 45569 | AE42: DATA
B43: 9256 | E43: 12400 | F43: =SUM(C43-B43) -> -9256 | G43: =SUM(E43-D43) -> 12400 | H43: =SUM(F43:G43) -> 3144 | J43: VALOR | K43: 184.48 | L43: 178.92 | M43: 188.5 | N43: 183.384 | O43: 227.87 | P43: 251.83 | Q43: 191.7 | R43: 197.26 | W43: VALOR | X43: 75 | AE43: VALOR
T44: TOTAL | U44: =SUM(K43:U43) -> 1603.944 | AB44: TOTAL | AC44: =SUM(X43:AC43) -> 75 | AJ44: TOTAL | AK44: =SUM(AF43:AK43) -> 0
B45: Novembro - S10 TCT0H26 | J45: Novembro | W45: =J45 -> Novembro | AE45: =W45 -> Novembro
A46: KM (Rodados) | B46: 1ª Leitura | C46: 2ª Leitura | D46: 3ª Leitura | E46: 4ª Leitura | F46: 15 dias Rodados | G46: 30 dias Rodados | H46: Total Mensal | J46: DATA | K46: 45598 | L46: 45605 | W46: DATA | AE46: DATA
D47: 31 | E47: 2215 | F47: =SUM(C47-B47) -> 0 | G47: =SUM(E47-D47) -> 2184 | H47: =SUM(F47:G47) -> 2184 | J47: VALOR | K47: 224.35 | L47: 177.39 | W47: VALOR | AE47: VALOR
T48: TOTAL | U48: =SUM(K47:U47) -> 401.74 | AB48: TOTAL | AC48: =SUM(X47:AC47) -> 0 | AJ48: TOTAL | AK48: =SUM(AF47:AK47) -> 0
B49: Dezembro | J49: Dezembro | W49: =J49 -> Dezembro | AE49: =W49 -> Dezembro
A50: KM (Rodados) | B50: 1ª Leitura | C50: 2ª Leitura | D50: 3ª Leitura | E50: 4ª Leitura | F50: 15 dias Rodados | G50: 30 dias Rodados | H50: Total Mensal | J50: DATA | W50: DATA | AE50: DATA
B51: 2215 | C51: 4424 | D51: 4572 | E51: 5330 | F51: =SUM(C51-B51) -> 2209 | G51: =SUM(E51-D51) -> 758 | H51: =SUM(F51:G51) -> 2967 | J51: VALOR | W51: VALOR | AE51: VALOR
T52: TOTAL | U52: =SUM(K51:U51) -> 0 | AB52: TOTAL | AC52: =SUM(X51:AC51) -> 0 | AJ52: TOTAL | AK52: =SUM(AF51:AK51) -> 0
A53: 2025 | B53: Janeiro | J53: Janeiro | W53: =J53 -> Janeiro | AE53: =W53 -> Janeiro
A54: KM (Rodados) | B54: 1ª Leitura | C54: 2ª Leitura | D54: 3ª Leitura | E54: 4ª Leitura | F54: 15 dias Rodados | G54: 30 dias Rodados | H54: Total Mensal | J54: DATA | K54: 45664 | L54: 45668 | M54: 45675 | W54: DATA | X54: 45687 | AE54: DATA
B55: 5330 | C55: 6732 | D55: 6732 | E55: 8269 | F55: =SUM(C55-B55) -> 1402 | G55: =SUM(E55-D55) -> 1537 | H55: =SUM(F55:G55) -> 2939 | J55: VALOR | K55: 464.5 | L55: 325.92 | M55: 461.74 | W55: VALOR | X55: 100 | AE55: VALOR
T56: TOTAL | U56: =SUM(K55:U55) -> 1252.16 | AB56: TOTAL | AC56: =SUM(X55:AC55) -> 100 | AJ56: TOTAL | AK56: =SUM(AF55:AK55) -> 0
A57: 2026 | B57: Fevereiro | J57: Janeiro | W57: =J57 -> Janeiro | AE57: =W57 -> Janeiro
A58: KM (Rodados) | B58: 1ª Leitura | C58: 2ª Leitura | D58: 3ª Leitura | E58: 4ª Leitura | F58: 15 dias Rodados | G58: 30 dias Rodados | H58: Total Mensal | J58: DATA | K58: 45693 | L58: 45700 | M58: 45708 | N58: 45713 | W58: DATA | AE58: DATA
J59: VALOR | K59: 395.93 | L59: 459.79 | M59: 431.25 | N59: 150.51 | W59: VALOR | AE59: VALOR

Sheet Robson.- Desmob
A2: Veiculo | B2: 06/03/2025 Polo Track | D2: Placa: | E2: STG1F76 | H2: Medição | I2: 5325
A4: Contrato de Locação | B4: 2592.8 | D4: Rastreador | E4: 40 | H4: Devolução | I4: 45753
A7: REGISTRO DE KM | J7: ABASTECIMENTO | Y7: LAVA_RAPIDO | AH7: BORRACHARIA
B9: Fevereiro | J9: Fevereiro | Y9: Fevereiro | AH9: Fevereiro
A10: KM (Rodados) | B10: 1ª Leitura | C10: 2ª Leitura | D10: 3ª Leitura | E10: 4ª Leitura | F10: 15 dias Rodados | G10: 30 dias Rodados | H10: Total Mensal | J10: DATA | Y10: DATA | AH10: DATA
F11: =SUM(C11-B11) -> 0 | G11: =SUM(E11-D11) -> 0 | H11: =SUM(F11:G11) -> 0 | J11: VALOR | Y11: VALOR | AH11: VALOR
T12: TOTAL | U12: =SUM(K11:U11) -> 0 | AD12: TOTAL | AE12: =SUM(Z11:AE11) -> 0 | AM12: TOTAL | AN12: =SUM(AI11:AN11) -> 0
A13: Retirado 06/03/2025 | B13: Março | J13: Março | Y13: =J13 -> Março | AH13: =Y13 -> Março
A14: KM (Rodados) | B14: 1ª Leitura | C14: 2ª Leitura | D14: 3ª Leitura | E14: 4ª Leitura | F14: 15 dias Rodados | G14: 30 dias Rodados | H14: Total Mensal | J14: DATA | K14: 45734 | L14: 45738 | M14: 45742 | Y14: DATA | Z14: 45731 | AA14: 45745 | AH14: DATA
B15: 21951 | C15: 23121 | D15: 23174 | E15: 24830 | F15: =SUM(C15-B15) -> 1170 | G15: =SUM(E15-D15) -> 1656 | H15: =SUM(F15:G15) -> 2826 | J15: VALOR | K15: 280.73 | L15: 311.58 | M15: 287.85 | Y15: VALOR | Z15: 80 | AA15: 80 | AH15: VALOR
T16: TOTAL | U16: =SUM(K15:U15) -> 880.16 | AD16: TOTAL | AE16: =SUM(Z15:AE15) -> 160 | AM16: TOTAL | AN16: =SUM(AI15:AN15) -> 0
A17: Devolvido 06/04/2025 | B17: Abril | J17: Abril | Y17: =J17 -> Abril | AH17: =Y17 -> Abril
A18: KM (Rodados) | B18: 1ª Leitura | C18: 2ª Leitura | D18: 3ª Leitura | E18: 4ª Leitura | F18: 15 dias Rodados | G18: 30 dias Rodados | H18: Total Mensal | J18: DATA | Y18: DATA | Z18: 45751 | AH18: DATA
B19: 24830 | C19: 25341 | F19: =SUM(C19-B19) -> 511 | G19: =SUM(E19-D19) -> 0 | H19: =SUM(F19:G19) -> 511 | J19: VALOR | Y19: VALOR | Z19: 50 | AH19: VALOR
T20: TOTAL | U20: =SUM(K19:U19) -> 0 | AD20: TOTAL | AE20: =SUM(Z19:AE19) -> 50 | AM20: TOTAL | AN20: =SUM(AI19:AN19) -> 0
B21: Maio | J21: Maio | Y21: =J21 -> Maio | AH21: =Y21 -> Maio
A22: KM (Rodados) | B22: 1ª Leitura | C22: 2ª Leitura | D22: 3ª Leitura | E22: 4ª Leitura | F22: 15 dias Rodados | G22: 30 dias Rodados | H22: Total Mensal | J22: DATA | Y22: DATA | AH22: DATA
F23: =SUM(C23-B23) -> 0 | G23: =SUM(E23-D23) -> 0 | H23: =SUM(F23:G23) -> 0 | J23: VALOR | Y23: VALOR | AH23: VALOR
T24: TOTAL | U24: =SUM(K23:U23) -> 0 | AD24: TOTAL | AE24: =SUM(Z23:AE23) -> 0 | AM24: TOTAL | AN24: =SUM(AI23:AN23) -> 0
B25: Junho | J25: Junho | Y25: =J25 -> Junho | AH25: =Y25 -> Junho
A26: KM (Rodados) | B26: 1ª Leitura | C26: 2ª Leitura | D26: 3ª Leitura | E26: 4ª Leitura | F26: 15 dias Rodados | G26: 30 dias Rodados | H26: Total Mensal | J26: DATA | Y26: DATA | AH26: DATA
F27: =SUM(C27-B27) -> 0 | G27: =SUM(E27-D27) -> 0 | H27: =SUM(F27:G27) -> 0 | J27: VALOR | Y27: VALOR | AH27: VALOR
T28: TOTAL | U28: =SUM(K27:U27) -> 0 | AD28: TOTAL | AE28: =SUM(Z27:AE27) -> 0 | AM28: TOTAL | AN28: =SUM(AI27:AN27) -> 0
B29: Julho | J29: Julho | Y29: =J29 -> Julho | AH29: =Y29 -> Julho
A30: KM (Rodados) | B30: 1ª Leitura | C30: 2ª Leitura | D30: 3ª Leitura | E30: 4ª Leitura | F30: 15 dias Rodados | G30: 30 dias Rodados | H30: Total Mensal | J30: DATA | Y30: DATA | AH30: DATA
F31: =SUM(C31-B31) -> 0 | G31: =SUM(E31-D31) -> 0 | H31: =SUM(F31:G31) -> 0 | J31: VALOR | Y31: VALOR | AH31: VALOR
T32: TOTAL | U32: =SUM(K31:U31) -> 0 | AD32: TOTAL | AE32: =SUM(Z31:AE31) -> 0 | AM32: TOTAL | AN32: =SUM(AI31:AN31) -> 0
B33: Agosto | J33: Agosto | Y33: =J33 -> Agosto | AH33: =Y33 -> Agosto
A34: KM (Rodados) | B34: 1ª Leitura | C34: 2ª Leitura | D34: 3ª Leitura | E34: 4ª Leitura | F34: 15 dias Rodados | G34: 30 dias Rodados | H34: Total Mensal | J34: DATA | Y34: DATA | AH34: DATA
F35: =SUM(C35-B35) -> 0 | G35: =SUM(E35-D35) -> 0 | H35: =SUM(F35:G35) -> 0 | J35: VALOR | Y35: VALOR | AH35: VALOR
T36: TOTAL | U36: =SUM(K35:U35) -> 0 | AD36: TOTAL | AE36: =SUM(Z35:AE35) -> 0 | AM36: TOTAL | AN36: =SUM(AI35:AN35) -> 0
B37: Setembro | J37: Setembro | Y37: =J37 -> Setembro | AH37: =Y37 -> Setembro
A38: KM (Rodados) | B38: 1ª Leitura | C38: 2ª Leitura | D38: 3ª Leitura | E38: 4ª Leitura | F38: 15 dias Rodados | G38: 30 dias Rodados | H38: Total Mensal | J38: DATA | Y38: DATA | AH38: DATA
F39: =SUM(C39-B39) -> 0 | G39: =SUM(E39-D39) -> 0 | H39: =SUM(F39:G39) -> 0 | J39: VALOR | Y39: VALOR | AH39: VALOR
T40: TOTAL | U40: =SUM(K39:U39) -> 0 | AD40: TOTAL | AE40: =SUM(Z39:AE39) -> 0 | AM40: TOTAL | AN40: =SUM(AI39:AN39) -> 0
B41: Outubro | J41: Outubro | Y41: =J41 -> Outubro | AH41: =Y41 -> Outubro
A42: KM (Rodados) | B42: 1ª Leitura | C42: 2ª Leitura | D42: 3ª Leitura | E42: 4ª Leitura | F42: 15 dias Rodados | G42: 30 dias Rodados | H42: Total Mensal | J42: DATA | Y42: DATA | AH42: DATA
F43: =SUM(C43-B43) -> 0 | G43: =SUM(E43-D43) -> 0 | H43: =SUM(F43:G43) -> 0 | J43: VALOR | Y43: VALOR | AH43: VALOR
T44: TOTAL | U44: =SUM(K43:U43) -> 0 | AD44: TOTAL | AE44: =SUM(Z43:AE43) -> 0 | AM44: TOTAL | AN44: =SUM(AI43:AN43) -> 0
B45: Novembro | J45: Novembro | Y45: =J45 -> Novembro | AH45: =Y45 -> Novembro
A46: KM (Rodados) | B46: 1ª Leitura | C46: 2ª Leitura | D46: 3ª Leitura | E46: 4ª Leitura | F46: 15 dias Rodados | G46: 30 dias Rodados | H46: Total Mensal | J46: DATA | Y46: DATA | AH46: DATA
F47: =SUM(C47-B47) -> 0 | G47: =SUM(E47-D47) -> 0 | H47: =SUM(F47:G47) -> 0 | J47: VALOR | Y47: VALOR | AH47: VALOR
T48: TOTAL | U48: =SUM(K47:U47) -> 0 | AD48: TOTAL | AE48: =SUM(Z47:AE47) -> 0 | AM48: TOTAL | AN48: =SUM(AI47:AN47) -> 0
B49: Dezembro | J49: Dezembro | Y49: =J49 -> Dezembro | AH49: =Y49 -> Dezembro
A50: KM (Rodados) | B50: 1ª Leitura | C50: 2ª Leitura | D50: 3ª Leitura | E50: 4ª Leitura | F50: 15 dias Rodados | G50: 30 dias Rodados | H50: Total Mensal | J50: DATA | Y50: DATA | AH50: DATA
F51: =SUM(C51-B51) -> 0 | G51: =SUM(E51-D51) -> 0 | H51: =SUM(F51:G51) -> 0 | J51: VALOR | Y51: VALOR | AH51: VALOR
T52: TOTAL | U52: =SUM(K51:U51) -> 0 | AD52: TOTAL | AE52: =SUM(Z51:AE51) -> 0 | AM52: TOTAL | AN52: =SUM(AI51:AN51) -> 0

Sheet Wagner-Desmob
A2: Veiculo | B2: ONIX | D2: Placa: | E2: GTN6B31 - SYX0J55 | H2: Medição | I2: 5325
A4: Contrato de Locação | B4: 2363 | D4: Rastreador | E4: 45 | H4: Data mob. | I4: 45410
A7: REGISTRO DE KM | J7: ABASTECIMENTO | Y7: LAVA_RAPIDO | AH7: BORRACHARIA
B9: Fevereiro | J9: Fevereiro | Y9: Fevereiro | AH9: Fevereiro
A10: KM (Rodados) | B10: 1ª Leitura | C10: 2ª Leitura | D10: 3ª Leitura | E10: 4ª Leitura | F10: 15 dias Rodados | G10: 30 dias Rodados | H10: Total Mensal | J10: DATA | Y10: DATA | AH10: DATA
F11: =SUM(C11-B11) -> 0 | G11: =SUM(E11-D11) -> 0 | H11: =SUM(F11:G11) -> 0 | J11: VALOR | Y11: VALOR | AH11: VALOR
T12: TOTAL | U12: =SUM(K11:U11) -> 0 | AD12: TOTAL | AE12: =SUM(Z11:AE11) -> 0 | AM12: TOTAL | AN12: =SUM(AI11:AN11) -> 0
B13: Março | J13: Março | Y13: =J13 -> Março | AH13: =Y13 -> Março
A14: KM (Rodados) | B14: 1ª Leitura | C14: 2ª Leitura | D14: 3ª Leitura | E14: 4ª Leitura | F14: 15 dias Rodados | G14: 30 dias Rodados | H14: Total Mensal | J14: DATA | Y14: DATA | AH14: DATA
F15: =SUM(C15-B15) -> 0 | G15: =SUM(E15-D15) -> 0 | H15: =SUM(F15:G15) -> 0 | J15: VALOR | Y15: VALOR | AH15: VALOR
T16: TOTAL | U16: =SUM(K15:U15) -> 0 | AD16: TOTAL | AE16: =SUM(Z15:AE15) -> 0 | AM16: TOTAL | AN16: =SUM(AI15:AN15) -> 0
B17: Abril | J17: Abril | Y17: =J17 -> Abril | AH17: =Y17 -> Abril
A18: KM (Rodados) | B18: 1ª Leitura | C18: 2ª Leitura | D18: 3ª Leitura | E18: 4ª Leitura | F18: 15 dias Rodados | G18: 30 dias Rodados | H18: Total Mensal | J18: DATA | K18: 45412 | Y18: DATA | AH18: DATA
F19: =SUM(C19-B19) -> 0 | G19: =SUM(E19-D19) -> 0 | H19: =SUM(F19:G19) -> 0 | J19: VALOR | K19: 186.41 | Y19: VALOR | AH19: VALOR
T20: TOTAL | U20: =SUM(K19:U19) -> 186.41 | AD20: TOTAL | AE20: =SUM(Z19:AE19) -> 0 | AM20: TOTAL | AN20: =SUM(AI19:AN19) -> 0
B21: Maio | J21: Maio | Y21: =J21 -> Maio | AH21: =Y21 -> Maio
A22: KM (Rodados) | B22: 1ª Leitura | C22: 2ª Leitura | D22: 3ª Leitura | E22: 4ª Leitura | F22: 15 dias Rodados | G22: 30 dias Rodados | H22: Total Mensal | J22: DATA | K22: 45415 | L22: 45419 | M22: 45422 | N22: 45430 | O22: 45434 | P22: 45440 | Y22: DATA | AH22: DATA
B23: 12 | E23: 3430 | F23: =SUM(C23-B23) -> -12 | G23: =SUM(E23-D23) -> 3430 | H23: =SUM(F23:G23) -> 3418 | J23: VALOR | K23: 149.75 | L23: 168.38 | M23: 164.55 | N23: 220.07 | O23: 165.38 | P23: 168.14 | Y23: VALOR | AH23: VALOR
T24: TOTAL | U24: =SUM(K23:U23) -> 1036.27 | AD24: TOTAL | AE24: =SUM(Z23:AE23) -> 0 | AM24: TOTAL | AN24: =SUM(AI23:AN23) -> 0
B25: Junho | J25: Junho | Y25: =J25 -> Junho | AH25: =Y25 -> Junho
A26: KM (Rodados) | B26: 1ª Leitura | C26: 2ª Leitura | D26: 3ª Leitura | E26: 4ª Leitura | F26: 15 dias Rodados | G26: 30 dias Rodados | H26: Total Mensal | J26: DATA | K26: 45444 | L26: 45449 | M26: 45451 | N26: 45454 | O26: 45458 | P26: 45462 | Q26: 45468 | R26: 45472 | Y26: DATA | Z26: 45444 | AA26: 45451 | AB26: 45472 | AC26: 45465 | AH26: DATA
B27: 3430 | E27: 6849 | F27: =SUM(C27-B27) -> -3430 | G27: =SUM(E27-D27) -> 6849 | H27: =SUM(F27:G27) -> 3419 | J27: VALOR | K27: 204.95 | L27: 199.13 | M27: 188.11 | N27: 174.74 | O27: 190.4 | P27: 186.75 | Q27: 193.62 | R27: 235.1 | Y27: VALOR | Z27: 80 | AA27: 80 | AB27: 80 | AC27: 80 | AH27: VALOR
T28: TOTAL | U28: =SUM(K27:U27) -> 1572.8 | AD28: TOTAL | AE28: =SUM(Z27:AE27) -> 320 | AM28: TOTAL | AN28: =SUM(AI27:AN27) -> 0
B29: Julho | J29: Julho | Y29: =J29 -> Julho | AH29: =Y29 -> Julho
A30: KM (Rodados) | B30: 1ª Leitura | C30: 2ª Leitura | D30: 3ª Leitura | E30: 4ª Leitura | F30: 15 dias Rodados | G30: 30 dias Rodados | H30: Total Mensal | J30: DATA | K30: 45475 | L30: 45479 | M30: 45483 | N30: 45485 | O30: 45486 | P30: 45490 | Q30: 45492 | R30: 45497 | S30: 45503 | Y30: DATA | Z30: 45479 | AA30: 45494 | AH30: DATA
B31: 699 | E31: 1908 | F31: =SUM(C31-B31) -> -699 | G31: =SUM(E31-D31) -> 1908 | H31: =SUM(F31:G31) -> 1209 | J31: VALOR | K31: 184.09 | L31: 210.4 | M31: 206.27 | N31: 181.16 | O31: 174.96 | P31: 174.83 | Q31: 150.23 | R31: 255.6 | S31: 249.15 | Y31: VALOR | Z31: 80 | AA31: 80 | AH31: VALOR
T32: TOTAL | U32: =SUM(K31:U31) -> 1786.69 | AD32: TOTAL | AE32: =SUM(Z31:AE31) -> 160 | AM32: TOTAL | AN32: =SUM(AI31:AN31) -> 0
B33: Agosto | J33: Agosto | Y33: =J33 -> Agosto | AH33: =Y33 -> Agosto
A34: KM (Rodados) | B34: 1ª Leitura | C34: 2ª Leitura | D34: 3ª Leitura | E34: 4ª Leitura | F34: 15 dias Rodados | G34: 30 dias Rodados | H34: Total Mensal | J34: DATA | K34: 45506 | L34: 45510 | M34: 45514 | N34: 45521 | O34: 45528 | Y34: DATA | Z34: 45514 | AA34: 45507 | AB34: 45520 | AC34: 45527 | AD34: 45535 | AH34: DATA
B35: 1908 | E35: 4519 | F35: =SUM(C35-B35) -> -1908 | G35: =SUM(E35-D35) -> 4519 | H35: =SUM(F35:G35) -> 2611 | J35: VALOR | K35: 209.72 | L35: 192.08 | M35: 209.66 | N35: 247.61 | O35: 239.43 | Y35: VALOR | Z35: 60 | AA35: 80 | AB35: 60 | AC35: 60 | AD35: 80 | AH35: VALOR
T36: TOTAL | U36: =SUM(K35:U35) -> 1098.5 | AD36: TOTAL | AE36: =SUM(Z35:AE35) -> 340 | AM36: TOTAL | AN36: =SUM(AI35:AN35) -> 0
B37: Setembro | J37: Setembro | Y37: =J37 -> Setembro | AH37: =Y37 -> Setembro
A38: KM (Rodados) | B38: 1ª Leitura | C38: 2ª Leitura | D38: 3ª Leitura | E38: 4ª Leitura | F38: 15 dias Rodados | G38: 30 dias Rodados | H38: Total Mensal | J38: DATA | K38: 45537 | L38: 45542 | M38: 45549 | N38: 45556 | O38: 45562 | Y38: DATA | Z38: 45563 | AA38: 45549 | AB38: 45556 | AH38: DATA
B39: 4519 | E39: 7221 | F39: =SUM(C39-B39) -> -4519 | G39: =SUM(E39-D39) -> 7221 | H39: =SUM(F39:G39) -> 2702 | J39: VALOR | K39: 240.97 | L39: 226.53 | M39: 245.82 | N39: 237.26 | O39: 228.06 | Y39: VALOR | Z39: 80 | AA39: 80 | AB39: 75 | AH39: VALOR
T40: TOTAL | U40: =SUM(K39:U39) -> 1178.64 | AD40: TOTAL | AE40: =SUM(Z39:AE39) -> 235 | AM40: TOTAL | AN40: =SUM(AI39:AN39) -> 0
B41: Outubro | J41: Outubro | Y41: =J41 -> Outubro | AH41: =Y41 -> Outubro
A42: KM (Rodados) | B42: 1ª Leitura | C42: 2ª Leitura | D42: 3ª Leitura | E42: 4ª Leitura | F42: 15 dias Rodados | G42: 30 dias Rodados | H42: Total Mensal | J42: DATA | K42: 45569 | L42: 45574 | M42: 45579 | N42: 45595 | O42: 45589 | P42: 45584 | Y42: DATA | Z42: 45570 | AH42: DATA
B43: 7221 | E43: 10419 | F43: =SUM(C43-B43) -> -7221 | G43: =SUM(E43-D43) -> 10419 | H43: =SUM(F43:G43) -> 3198 | J43: VALOR | K43: 254.51 | L43: 231.7 | M43: 234.39 | N43: 238.16 | O43: 244.67 | P43: 248.12 | Y43: VALOR | Z43: 75 | AH43: VALOR
T44: TOTAL | U44: =SUM(K43:U43) -> 1451.55 | AD44: TOTAL | AE44: =SUM(Z43:AE43) -> 75 | AM44: TOTAL | AN44: =SUM(AI43:AN43) -> 0
B45: Novembro | J45: Novembro | Y45: =J45 -> Novembro | AH45: =Y45 -> Novembro
A46: KM (Rodados) | B46: 1ª Leitura | C46: 2ª Leitura | D46: 3ª Leitura | E46: 4ª Leitura | F46: 15 dias Rodados | G46: 30 dias Rodados | H46: Total Mensal | J46: DATA | K46: 45597 | L46: 45603 | Y46: DATA | AH46: DATA
D47: 12400 | E47: 13676 | F47: =SUM(C47-B47) -> 0 | G47: =SUM(E47-D47) -> 1276 | H47: =SUM(F47:G47) -> 1276 | J47: VALOR | K47: 156.81 | L47: 223.27 | Y47: VALOR | AH47: VALOR
T48: TOTAL | U48: =SUM(K47:U47) -> 380.08 | AD48: TOTAL | AE48: =SUM(Z47:AE47) -> 0 | AM48: TOTAL | AN48: =SUM(AI47:AN47) -> 0
B49: Dezembro | J49: Dezembro | Y49: =J49 -> Dezembro | AH49: =Y49 -> Dezembro
A50: KM (Rodados) | B50: 1ª Leitura | C50: 2ª Leitura | D50: 3ª Leitura | E50: 4ª Leitura | F50: 15 dias Rodados | G50: 30 dias Rodados | H50: Total Mensal | J50: DATA | Y50: DATA | AH50: DATA
B51: 13676 | C51: 14759 | D51: 14759 | E51: 15130 | F51: =SUM(C51-B51) -> 1083 | G51: =SUM(E51-D51) -> 371 | H51: =SUM(F51:G51) -> 1454 | J51: VALOR | Y51: VALOR | AH51: VALOR
T52: TOTAL | U52: =SUM(K51:U51) -> 0 | AD52: TOTAL | AE52: =SUM(Z51:AE51) -> 0 | AM52: TOTAL | AN52: =SUM(AI51:AN51) -> 0

Sheet Chris-Desmob
A2: Veiculo | B2: HB20S | D2: Placa: | E2: SIE1B97 | H2: Medição | I2: 5200
A3: Veículo era do Adalberto e foi repassado para Chris em 30/11/2024, após sua desmobilização.
A4: Contrato de Locação | B4: 2363 | D4: Rastreador | E4: 40 | H4: Data mob. | I4: 45353
A7: REGISTRO DE KM | J7: ABASTECIMENTO | W7: LAVA_RAPIDO | AE7: BORRACHARIA
B9: Fevereiro | J9: Fevereiro | W9: Fevereiro | AE9: Fevereiro
A10: KM (Rodados) | B10: 1ª Leitura | C10: 2ª Leitura | D10: 3ª Leitura | E10: 4ª Leitura | F10: 15 dias Rodados | G10: 30 dias Rodados | H10: Total Mensal | J10: DATA | W10: DATA | AE10: DATA
F11: =SUM(C11-B11) -> 0 | G11: =SUM(E11-D11) -> 0 | H11: =SUM(F11:G11) -> 0 | J11: VALOR | W11: VALOR | AE11: VALOR
T12: TOTAL | U12: =SUM(K11:U11) -> 0 | AB12: TOTAL | AC12: =SUM(X11:AC11) -> 0 | AJ12: TOTAL | AK12: =SUM(AF11:AK11) -> 0
B13: Março | J13: Março | W13: =J13 -> Março | AE13: =W13 -> Março
A14: KM (Rodados) | B14: 1ª Leitura | C14: 2ª Leitura | D14: 3ª Leitura | E14: 4ª Leitura | F14: 15 dias Rodados | G14: 30 dias Rodados | H14: Total Mensal | J14: DATA | K14: 45357 | L14: 45363 | M14: 45364 | N14: 45370 | O14: 45377 | P14: 45381 | W14: DATA | AE14: DATA
B15: 33264 | E15: 35973 | F15: =SUM(C15-B15) -> -33264 | G15: =SUM(E15-D15) -> 35973 | H15: =SUM(F15:G15) -> 2709 | J15: VALOR | K15: 279.13 | L15: 217.02 | M15: 59.9 | N15: 225.4 | O15: 239.6 | P15: 174.43 | W15: VALOR | AE15: VALOR
T16: TOTAL | U16: =SUM(K15:U15) -> 1195.48 | AB16: TOTAL | AC16: =SUM(X15:AC15) -> 0 | AJ16: TOTAL | AK16: =SUM(AF15:AK15) -> 0
B17: Abril | J17: Abril | W17: =J17 -> Abril | AE17: =W17 -> Abril
A18: KM (Rodados) | B18: 1ª Leitura | C18: 2ª Leitura | D18: 3ª Leitura | E18: 4ª Leitura | F18: 15 dias Rodados | G18: 30 dias Rodados | H18: Total Mensal | J18: DATA | K18: 45385 | L18: 45391 | M18: 45394 | N18: 45399 | O18: 45405 | W18: DATA | X18: 45399 | AE18: DATA
B19: 35973 | E19: 38719 | F19: =SUM(C19-B19) -> -35973 | G19: =SUM(E19-D19) -> 38719 | H19: =SUM(F19:G19) -> 2746 | J19: VALOR | K19: 242 | L19: 214.5 | M19: 233.13 | N19: 248.94 | O19: 239.66 | W19: VALOR | X19: 80 | AE19: VALOR
T20: TOTAL | U20: =SUM(K19:U19) -> 1178.23 | AB20: TOTAL | AC20: =SUM(X19:AC19) -> 80 | AJ20: TOTAL | AK20: =SUM(AF19:AK19) -> 0
B21: Maio | J21: Maio | W21: =J21 -> Maio | AE21: =W21 -> Maio
A22: KM (Rodados) | B22: 1ª Leitura | C22: 2ª Leitura | D22: 3ª Leitura | E22: 4ª Leitura | F22: 15 dias Rodados | G22: 30 dias Rodados | H22: Total Mensal | J22: DATA | K22: 45413 | L22: 45419 | M22: 45427 | N22: 45433 | O22: 45436 | P22: 45441 | W22: DATA | X22: 45421 | AE22: DATA
B23: 38719 | E23: 41296 | F23: =SUM(C23-B23) -> -38719 | G23: =SUM(E23-D23) -> 41296 | H23: =SUM(F23:G23) -> 2577 | J23: VALOR | K23: 236.49 | L23: 228.04 | M23: 227.44 | N23: 190.78 | O23: 213.12 | P23: 200.12 | W23: VALOR | X23: 80 | AE23: VALOR
T24: TOTAL | U24: =SUM(K23:U23) -> 1295.99 | AB24: TOTAL | AC24: =SUM(X23:AC23) -> 80 | AJ24: TOTAL | AK24: =SUM(AF23:AK23) -> 0
B25: Junho | J25: Junho | W25: =J25 -> Junho | AE25: =W25 -> Junho
A26: KM (Rodados) | B26: 1ª Leitura | C26: 2ª Leitura | D26: 3ª Leitura | E26: 4ª Leitura | F26: 15 dias Rodados | G26: 30 dias Rodados | H26: Total Mensal | J26: DATA | K26: 45447 | L26: 45450 | M26: 45461 | N26: 45465 | O26: 45471 | P26: 45456 | W26: DATA | X26: 45447 | AE26: DATA
B27: 41296 | E27: 43417 | F27: =SUM(C27-B27) -> -41296 | G27: =SUM(E27-D27) -> 43417 | H27: =SUM(F27:G27) -> 2121 | J27: VALOR | K27: 176.23 | L27: 187.37 | M27: 224.76 | N27: 226.06 | O27: 191.21 | P27: 235.22 | W27: VALOR | X27: 80 | AE27: VALOR
T28: TOTAL | U28: =SUM(K27:U27) -> 1240.85 | AB28: TOTAL | AC28: =SUM(X27:AC27) -> 80 | AJ28: TOTAL | AK28: =SUM(AF27:AK27) -> 0
B29: Julho | J29: Julho | W29: =J29 -> Julho | AE29: =W29 -> Julho
A30: KM (Rodados) | B30: 1ª Leitura | C30: 2ª Leitura | D30: 3ª Leitura | E30: 4ª Leitura | F30: 15 dias Rodados | G30: 30 dias Rodados | H30: Total Mensal | J30: DATA | K30: 45478 | L30: 45484 | M30: 45490 | N30: 45493 | O30: 45498 | P30: 45504 | W30: DATA | X30: 45479 | Y30: 45489 | Z30: 45498 | AE30: DATA
B31: 43417 | E31: 45952 | F31: =SUM(C31-B31) -> -43417 | G31: =SUM(E31-D31) -> 45952 | H31: =SUM(F31:G31) -> 2535 | J31: VALOR | K31: 244.26 | L31: 249.21 | M31: 238.99 | N31: 220.9 | O31: 223.65 | P31: 226.14 | W31: VALOR | X31: 80 | Y31: 75 | Z31: 60 | AE31: VALOR
T32: TOTAL | U32: =SUM(K31:U31) -> 1403.15 | AB32: TOTAL | AC32: =SUM(X31:AC31) -> 215 | AJ32: TOTAL | AK32: =SUM(AF31:AK31) -> 0
B33: Agosto | J33: Agosto | W33: =J33 -> Agosto | AE33: =W33 -> Agosto
A34: KM (Rodados) | B34: 1ª Leitura | C34: 2ª Leitura | D34: 3ª Leitura | E34: 4ª Leitura | F34: 15 dias Rodados | G34: 30 dias Rodados | H34: Total Mensal | J34: DATA | K34: 45510 | L34: 45520 | M34: 45527 | N34: 45532 | O34: 45517 | W34: DATA | X34: 45509 | Y34: 45520 | Z34: 45535 | AE34: DATA
B35: 45952 | E35: 48279 | F35: =SUM(C35-B35) -> -45952 | G35: =SUM(E35-D35) -> 48279 | H35: =SUM(F35:G35) -> 2327 | J35: VALOR | K35: 249.15 | L35: 183.52 | M35: 242.24 | N35: 230.23 | O35: 224.61 | W35: VALOR | X35: 60 | Y35: 60 | Z35: 80 | AE35: VALOR
T36: TOTAL | U36: =SUM(K35:U35) -> 1129.75 | AB36: TOTAL | AC36: =SUM(X35:AC35) -> 200 | AJ36: TOTAL | AK36: =SUM(AF35:AK35) -> 0
B37: Setembro | J37: Setembro | W37: =J37 -> Setembro | AE37: =W37 -> Setembro
A38: KM (Rodados) | B38: 1ª Leitura | C38: 2ª Leitura | D38: 3ª Leitura | E38: 4ª Leitura | F38: 15 dias Rodados | G38: 30 dias Rodados | H38: Total Mensal | J38: DATA | K38: 45538 | L38: 45542 | M38: 45548 | N38: 45555 | W38: DATA | X38: 45549 | Y38: 45558 | AE38: DATA | AF38: 45549
B39: 48279 | E39: 50567 | F39: =SUM(C39-B39) -> -48279 | G39: =SUM(E39-D39) -> 50567 | H39: =SUM(F39:G39) -> 2288 | J39: VALOR | K39: 255.6 | L39: 166.14 | M39: 255.28 | N39: 276.18 | W39: VALOR | X39: 80 | Y39: 75 | AE39: VALOR | AF39: 50
T40: TOTAL | U40: =SUM(K39:U39) -> 953.2 | AB40: TOTAL | AC40: =SUM(X39:AC39) -> 155 | AJ40: TOTAL | AK40: =SUM(AF39:AK39) -> 50
B41: Outubro | J41: Outubro | W41: =J41 -> Outubro | AE41: =W41 -> Outubro
A42: KM (Rodados) | B42: 1ª Leitura | C42: 2ª Leitura | D42: 3ª Leitura | E42: 4ª Leitura | F42: 15 dias Rodados | G42: 30 dias Rodados | H42: Total Mensal | J42: DATA | K42: 45568 | L42: 45577 | M42: 45588 | N42: 45583 | O42: 45596 | W42: DATA | X42: 45575 | AE42: DATA
B43: 50567 | E43: 51971 | F43: =SUM(C43-B43) -> -50567 | G43: =SUM(E43-D43) -> 51971 | H43: =SUM(F43:G43) -> 1404 | J43: VALOR | K43: 242.82 | L43: 253.3 | M43: 240.97 | N43: 238.22 | O43: 237.58 | W43: VALOR | X43: 75 | AE43: VALOR
T44: TOTAL | U44: =SUM(K43:U43) -> 1212.89 | AB44: TOTAL | AC44: =SUM(X43:AC43) -> 75 | AJ44: TOTAL | AK44: =SUM(AF43:AK43) -> 0
B45: Novembro | J45: Novembro | W45: =J45 -> Novembro | AE45: =W45 -> Novembro
A46: KM (Rodados) | B46: 1ª Leitura | C46: 2ª Leitura | D46: 3ª Leitura | E46: 4ª Leitura | F46: 15 dias Rodados | G46: 30 dias Rodados | H46: Total Mensal | J46: DATA | K46: 45601 | W46: DATA | AE46: DATA
B47: 51971 | C47: 53258 | D47: 53258 | E47: 55300 | F47: =SUM(C47-B47) -> 1287 | G47: =SUM(E47-D47) -> 2042 | H47: =SUM(F47:G47) -> 3329 | J47: VALOR | K47: 242.5 | W47: VALOR | AE47: VALOR
T48: TOTAL | U48: =SUM(K47:U47) -> 242.5 | AB48: TOTAL | AC48: =SUM(X47:AC47) -> 0 | AJ48: TOTAL | AK48: =SUM(AF47:AK47) -> 0
B49: Dezembro | J49: Dezembro | W49: =J49 -> Dezembro | AE49: =W49 -> Dezembro
A50: KM (Rodados) | B50: 1ª Leitura | C50: 2ª Leitura | D50: 3ª Leitura | E50: 4ª Leitura | F50: 15 dias Rodados | G50: 30 dias Rodados | H50: Total Mensal | J50: DATA | K50: 45629 | L50: 45633 | M50: 45636 | N50: 45640 | O50: 45643 | W50: DATA | AE50: DATA
B51: 55300 | C51: 56737 | D51: 56805 | E51: 57074 | F51: =SUM(C51-B51) -> 1437 | G51: =SUM(E51-D51) -> 269 | H51: =SUM(F51:G51) -> 1706 | J51: VALOR | K51: 204.54 | L51: 110.04 | M51: 190.29 | N51: 215.41 | O51: 104.67 | W51: VALOR | AE51: VALOR
T52: TOTAL | U52: =SUM(K51:U51) -> 824.95 | AB52: TOTAL | AC52: =SUM(X51:AC51) -> 0 | AJ52: TOTAL | AK52: =SUM(AF51:AK51) -> 0
A53: 2025 | B53: Janeiro | J53: Janeiro | W53: =J53 -> Janeiro | AE53: =W53 -> Janeiro
A54: KM (Rodados) | B54: 1ª Leitura | C54: 2ª Leitura | D54: 3ª Leitura | E54: 4ª Leitura | F54: 15 dias Rodados | G54: 30 dias Rodados | H54: Total Mensal | J54: DATA | K54: 45664 | L54: 45668 | W54: DATA | X54: 45668 | AE54: DATA
B55: 57074 | C55: 57559 | D55: 57074 | E55: 57559 | F55: =SUM(C55-B55) -> 485 | G55: =SUM(E55-D55) -> 485 | H55: =SUM(F55:G55) -> 970 | J55: VALOR | K55: 204.48 | L55: 127.8 | W55: VALOR | X55: 80 | AE55: VALOR
T56: TOTAL | U56: =SUM(K55:U55) -> 332.28 | AB56: TOTAL | AC56: =SUM(X55:AC55) -> 80 | AJ56: TOTAL | AK56: =SUM(AF55:AK55) -> 0

Sheet Pedro Paulo-Desmob
A2: Veiculo | B2: ONIX | D2: Placa: | E2: GTN7F48 | H2: Medição | I2: 5325
A3: Troca de categoria em 16/11 pela S10 TCT0H53 | D3: Devolução: | E3: 45745
A4: Contrato de Locação | B4: 2363 | D4: Rastreador | E4: 40 | H4: Data mob. | I4: 45471
A7: REGISTRO DE KM | J7: ABASTECIMENTO | Y7: LAVA_RAPIDO | AH7: BORRACHARIA
B9: Fevereiro | J9: Fevereiro | Y9: Fevereiro | AH9: Fevereiro
A10: KM (Rodados) | B10: 1ª Leitura | C10: 2ª Leitura | D10: 3ª Leitura | E10: 4ª Leitura | F10: 15 dias Rodados | G10: 30 dias Rodados | H10: Total Mensal | J10: DATA | Y10: DATA | AH10: DATA
F11: =SUM(C11-B11) -> 0 | G11: =SUM(E11-D11) -> 0 | H11: =SUM(F11:G11) -> 0 | J11: VALOR | Y11: VALOR | AH11: VALOR
T12: TOTAL | U12: =SUM(K11:U11) -> 0 | AD12: TOTAL | AE12: =SUM(Z11:AE11) -> 0 | AM12: TOTAL | AN12: =SUM(AI11:AN11) -> 0
B13: Março | J13: Março | Y13: =J13 -> Março | AH13: =Y13 -> Março
A14: KM (Rodados) | B14: 1ª Leitura | C14: 2ª Leitura | D14: 3ª Leitura | E14: 4ª Leitura | F14: 15 dias Rodados | G14: 30 dias Rodados | H14: Total Mensal | J14: DATA | Y14: DATA | AH14: DATA
F15: =SUM(C15-B15) -> 0 | G15: =SUM(E15-D15) -> 0 | H15: =SUM(F15:G15) -> 0 | J15: VALOR | Y15: VALOR | AH15: VALOR
T16: TOTAL | U16: =SUM(K15:U15) -> 0 | AD16: TOTAL | AE16: =SUM(Z15:AE15) -> 0 | AM16: TOTAL | AN16: =SUM(AI15:AN15) -> 0
B17: Abril | J17: Abril | Y17: =J17 -> Abril | AH17: =Y17 -> Abril
A18: KM (Rodados) | B18: 1ª Leitura | C18: 2ª Leitura | D18: 3ª Leitura | E18: 4ª Leitura | F18: 15 dias Rodados | G18: 30 dias Rodados | H18: Total Mensal | J18: DATA | Y18: DATA | AH18: DATA
F19: =SUM(C19-B19) -> 0 | G19: =SUM(E19-D19) -> 0 | H19: =SUM(F19:G19) -> 0 | J19: VALOR | Y19: VALOR | AH19: VALOR
T20: TOTAL | U20: =SUM(K19:U19) -> 0 | AD20: TOTAL | AE20: =SUM(Z19:AE19) -> 0 | AM20: TOTAL | AN20: =SUM(AI19:AN19) -> 0
B21: Maio | J21: Maio | Y21: =J21 -> Maio | AH21: =Y21 -> Maio
A22: KM (Rodados) | B22: 1ª Leitura | C22: 2ª Leitura | D22: 3ª Leitura | E22: 4ª Leitura | F22: 15 dias Rodados | G22: 30 dias Rodados | H22: Total Mensal | J22: DATA | Y22: DATA | AH22: DATA
F23: =SUM(C23-B23) -> 0 | G23: =SUM(E23-D23) -> 0 | H23: =SUM(F23:G23) -> 0 | J23: VALOR | Y23: VALOR | AH23: VALOR
T24: TOTAL | U24: =SUM(K23:U23) -> 0 | AD24: TOTAL | AE24: =SUM(Z23:AE23) -> 0 | AM24: TOTAL | AN24: =SUM(AI23:AN23) -> 0
B25: Junho | J25: Junho | Y25: =J25 -> Junho | AH25: =Y25 -> Junho
A26: KM (Rodados) | B26: 1ª Leitura | C26: 2ª Leitura | D26: 3ª Leitura | E26: 4ª Leitura | F26: 15 dias Rodados | G26: 30 dias Rodados | H26: Total Mensal | J26: DATA | Y26: DATA | AH26: DATA
F27: =SUM(C27-B27) -> 0 | G27: =SUM(E27-D27) -> 0 | H27: =SUM(F27:G27) -> 0 | J27: VALOR | Y27: VALOR | AH27: VALOR
T28: TOTAL | U28: =SUM(K27:U27) -> 0 | AD28: TOTAL | AE28: =SUM(Z27:AE27) -> 0 | AM28: TOTAL | AN28: =SUM(AI27:AN27) -> 0
B29: Julho | J29: Julho | Y29: =J29 -> Julho | AH29: =Y29 -> Julho
A30: KM (Rodados) | B30: 1ª Leitura | C30: 2ª Leitura | D30: 3ª Leitura | E30: 4ª Leitura | F30: 15 dias Rodados | G30: 30 dias Rodados | H30: Total Mensal | J30: DATA | K30: 45475 | L30: 45477 | M30: 45479 | N30: 45482 | O30: 45484 | P30: 45489 | Q30: 45491 | R30: 45493 | S30: 45497 | T30: 45503 | U30: 45504 | Y30: DATA | AH30: DATA
B31: 12598 | F31: =SUM(C31-B31) -> -12598 | G31: =SUM(E31-D31) -> 0 | H31: =SUM(F31:G31) -> -12598 | J31: VALOR | K31: 223.64 | L31: 159.56 | M31: 95.7 | N31: 209.34 | O31: 176.68 | P31: 200.97 | Q31: 209.59 | R31: 168.12 | S31: 151.57 | T31: 232.15 | U31: 162.94 | Y31: VALOR | AH31: VALOR
T32: TOTAL | U32: =SUM(K31:U31) -> 1990.26 | AD32: TOTAL | AE32: =SUM(Z31:AE31) -> 0 | AM32: TOTAL | AN32: =SUM(AI31:AN31) -> 0
B33: Agosto | J33: Agosto | Y33: =J33 -> Agosto | AH33: =Y33 -> Agosto
A34: KM (Rodados) | B34: 1ª Leitura | C34: 2ª Leitura | D34: 3ª Leitura | E34: 4ª Leitura | F34: 15 dias Rodados | G34: 30 dias Rodados | H34: Total Mensal | J34: DATA | L34: 45507 | M34: 45510 | N34: 45514 | O34: 45519 | P34: 45521 | Q34: 45525 | R34: 45527 | S34: 45528 | T34: 45532 | U34: 45535 | Y34: DATA | Z34: 45511 | AH34: DATA
E35: 10886 | F35: =SUM(C35-B35) -> 0 | G35: =SUM(E35-D35) -> 10886 | H35: =SUM(F35:G35) -> 10886 | J35: VALOR | L35: 164.86 | M35: 161.35 | N35: 218.79 | O35: 187.67 | P35: 145.31 | Q35: 178.98 | R35: 73.61 | S35: 118.22 | T35: 165.05 | U35: 207.48 | Y35: VALOR | Z35: 75 | AH35: VALOR
T36: TOTAL | U36: =SUM(K35:U35) -> 1621.32 | AD36: TOTAL | AE36: =SUM(Z35:AE35) -> 75 | AM36: TOTAL | AN36: =SUM(AI35:AN35) -> 0
B37: Setembro | J37: Setembro | Y37: =J37 -> Setembro | AH37: =Y37 -> Setembro
A38: KM (Rodados) | B38: 1ª Leitura | C38: 2ª Leitura | D38: 3ª Leitura | E38: 4ª Leitura | F38: 15 dias Rodados | G38: 30 dias Rodados | H38: Total Mensal | J38: DATA | K38: 45540 | L38: 45544 | M38: 45546 | N38: 45549 | O38: 45552 | P38: 45556 | Q38: 45563 | Y38: DATA | Z38: 45540 | AA38: 45551 | AH38: DATA
B39: 10886 | E39: 13833 | F39: =SUM(C39-B39) -> -10886 | G39: =SUM(E39-D39) -> 13833 | H39: =SUM(F39:G39) -> 2947 | J39: VALOR | K39: 118.22 | L39: 146.97 | M39: 164.8 | N39: 219.43 | O39: 195.85 | P39: 201.03 | Q39: 87.29 | Y39: VALOR | Z39: 60 | AA39: 75 | AH39: VALOR
T40: TOTAL | U40: =SUM(K39:U39) -> 1133.59 | AD40: TOTAL | AE40: =SUM(Z39:AE39) -> 135 | AM40: TOTAL | AN40: =SUM(AI39:AN39) -> 0
B41: Outubro | J41: Outubro | Y41: =J41 -> Outubro | AH41: =Y41 -> Outubro
A42: KM (Rodados) | B42: 1ª Leitura | C42: 2ª Leitura | D42: 3ª Leitura | E42: 4ª Leitura | F42: 15 dias Rodados | G42: 30 dias Rodados | H42: Total Mensal | J42: DATA | K42: 45594 | L42: 45590 | M42: 45587 | N42: 45584 | O42: 45580 | P42: 45596 | Y42: DATA | AH42: DATA
B43: 13833 | E43: 15616 | F43: =SUM(C43-B43) -> -13833 | G43: =SUM(E43-D43) -> 15616 | H43: =SUM(F43:G43) -> 1783 | J43: VALOR | K43: 227.1 | L43: 235.02 | M43: 140.9 | N43: 172.53 | O43: 108.63 | P43: 281.03 | Y43: VALOR | AH43: VALOR
T44: TOTAL | U44: =SUM(K43:U43) -> 1165.21 | AD44: TOTAL | AE44: =SUM(Z43:AE43) -> 0 | AM44: TOTAL | AN44: =SUM(AI43:AN43) -> 0
B45: Novembro S10 TCT0H53 | J45: Novembro | Y45: =J45 -> Novembro | AH45: =Y45 -> Novembro
A46: KM (Rodados) | B46: 1ª Leitura | C46: 2ª Leitura | D46: 3ª Leitura | E46: 4ª Leitura | F46: 15 dias Rodados | G46: 30 dias Rodados | H46: Total Mensal | J46: DATA | K46: 45601 | L46: 45603 | Y46: DATA | AH46: DATA
D47: 35 | E47: 1291 | F47: =SUM(C47-B47) -> 0 | G47: =SUM(E47-D47) -> 1256 | H47: =SUM(F47:G47) -> 1256 | J47: VALOR | K47: 222.31 | L47: 234.07 | Y47: VALOR | AH47: VALOR
T48: TOTAL | U48: =SUM(K47:U47) -> 456.38 | AD48: TOTAL | AE48: =SUM(Z47:AE47) -> 0 | AM48: TOTAL | AN48: =SUM(AI47:AN47) -> 0
B49: Dezembro | J49: Dezembro | Y49: =J49 -> Dezembro | AH49: =Y49 -> Dezembro
A50: KM (Rodados) | B50: 1ª Leitura | C50: 2ª Leitura | D50: 3ª Leitura | E50: 4ª Leitura | F50: 15 dias Rodados | G50: 30 dias Rodados | H50: Total Mensal | J50: DATA | Y50: DATA | AH50: DATA
B51: 1291 | E51: 8293 | F51: =SUM(C51-B51) -> -1291 | G51: =SUM(E51-D51) -> 8293 | H51: =SUM(F51:G51) -> 7002 | J51: VALOR | Y51: VALOR | AH51: VALOR
T52: TOTAL | U52: =SUM(K51:U51) -> 0 | AD52: TOTAL | AE52: =SUM(Z51:AE51) -> 0 | AM52: TOTAL | AN52: =SUM(AI51:AN51) -> 0
A53: 2025 | B53: Janeiro | J53: Janeiro | Y53: Janeiro | AH53: Janeiro
A54: KM (Rodados) | B54: 1ª Leitura | C54: 2ª Leitura | D54: 3ª Leitura | E54: 4ª Leitura | F54: 15 dias Rodados | G54: 30 dias Rodados | H54: Total Mensal | J54: DATA | K54: 45659 | L54: 45667 | M54: 45673 | Y54: DATA | Z54: 45668 | AA54: 45682 | AB54: 45686 | AH54: DATA
B55: 8293 | C55: 9559 | D55: 9559 | E55: 11670 | F55: =SUM(C55-B55) -> 1266 | G55: =SUM(E55-D55) -> 2111 | H55: =SUM(F55:G55) -> 3377 | J55: VALOR | K55: 502.5 | L55: 508.12 | M55: 409.3 | Y55: VALOR | Z55: 80 | AA55: 80 | AB55: 80 | AH55: VALOR
T56: TOTAL | U56: =SUM(K55:U55) -> 1419.92 | AD56: TOTAL | AE56: =SUM(Z55:AE55) -> 240 | AM56: TOTAL | AN56: =SUM(AI55:AN55) -> 0
A57: 2026 | B57: Fevereiro | J57: Fevereiro | Y57: Janeiro | AH57: Janeiro
A58: KM (Rodados) | B58: 1ª Leitura | C58: 2ª Leitura | D58: 3ª Leitura | E58: 4ª Leitura | F58: 15 dias Rodados | G58: 30 dias Rodados | H58: Total Mensal | J58: DATA | K58: 45689 | L58: 45693 | M58: 45694 | N58: 45699 | O58: 45702 | P58: 45708 | Q58: 45713 | R58: 45715 | Y58: DATA | AH58: DATA
B59: 11726 | C59: 14798 | D59: 14798 | E59: 16752 | F59: =SUM(C59-B59) -> 3072 | G59: =SUM(E59-D59) -> 1954 | H59: =SUM(F59:G59) -> 5026 | J59: VALOR | K59: 435.65 | L59: 427.84 | M59: 216.26 | N59: 551.82 | O59: 446.84 | P59: 478.42 | Q59: 545.57 | R59: 428.4 | Y59: VALOR | AH59: VALOR
T60: TOTAL | U60: =SUM(K59:U59) -> 3530.8 | AD60: TOTAL | AE60: =SUM(Z59:AE59) -> 0 | AM60: TOTAL | AN60: =SUM(AI59:AN59) -> 0
A61: Devolução 29/03/2025 | B61: Março | J61: Março | Y61: =J61 -> Março | AH61: =Y61 -> Março
A62: KM (Rodados) | B62: 1ª Leitura | C62: 2ª Leitura | D62: 3ª Leitura | E62: 4ª Leitura | F62: 15 dias Rodados | G62: 30 dias Rodados | H62: Total Mensal | J62: DATA | Y62: DATA | Z62: 45731 | AA62: 45744 | AH62: DATA
B63: 16752 | C63: 17661 | D63: 18868 | E63: 19067 | F63: =SUM(C63-B63) -> 909 | G63: =SUM(E63-D63) -> 199 | H63: =SUM(F63:G63) -> 1108 | J63: VALOR | Y63: VALOR | Z63: 80 | AA63: 610 | AH63: VALOR
T64: TOTAL | U64: =SUM(K63:U63) -> 0 | AD64: TOTAL | AE64: =SUM(Z63:AE63) -> 690 | AM64: TOTAL | AN64: =SUM(AI63:AN63) -> 0
B65: Abril | J65: Abril | Y65: =J65 -> Abril | AH65: =Y65 -> Abril
