Workbook

Sheet RESUMO
A1: UFV RIACHO
B5: JAN | C5: FEV | D5: MAR | E5: ABR | F5: MAI | G5: JUN | H5: JUL | I5: AGO | J5: SET | K5: OUT | L5: NOV | M5: DEZ
A6: ABASTECIMENTO | B6: =SUM('Controle Central'!D4+'Controle Central'!K4+'Controle Central'!R4+'Controle Central'!Y4+'Controle Central'!D23+'Controle Central'!K23+'Controle Central'!R23+'Controle Central'!Y23+'Controle Central'!D42+'Controle Central'!K42+'Controle Central'!R42+'Controle Central'!Y42+'Controle Central'!D61+'Controle Central'!K61+'Controle Central'!R61+'Controle Central'!Y61+'Controle Central'!D80+'Controle Central'!K80+'Controle Central'!R80+'Controle Central'!Y80+'Controle Central'!D98+'Controle Central'!K98+'Controle Central'!R98+'Controle Central'!Y98+'Controle Central'!D116+'Controle Central'!K116+'Controle Central'!R116+'Controle Central'!Y116+'Controle Central'!D134+'Controle Central'!K134) -> 0 | C6: =SUM('Controle Central'!D5+'Controle Central'!K5+'Controle Central'!R5+'Controle Central'!Y5+'Controle Central'!D24+'Controle Central'!K24+'Controle Central'!R24+'Controle Central'!Y24+'Controle Central'!D43+'Controle Central'!K43+'Controle Central'!R43+'Controle Central'!Y43+'Controle Central'!D62+'Controle Central'!K62+'Controle Central'!R62+'Controle Central'!Y62+'Controle Central'!D81+'Controle Central'!K81+'Controle Central'!R81+'Controle Central'!D99+'Controle Central'!K99+'Controle Central'!R99+'Controle Central'!Y99+'Controle Central'!D117+'Controle Central'!K117+'Controle Central'!R117+'Controle Central'!Y117+'Controle Central'!D135+'Controle Central'!K135) -> 4181.93 | D6: =SUM('Controle Central'!D6+'Controle Central'!K6+'Controle Central'!R6+'Controle Central'!Y6+'Controle Central'!D25+'Controle Central'!K25+'Controle Central'!R25+'Controle Central'!Y25+'Controle Central'!D44+'Controle Central'!K44+'Controle Central'!R44+'Controle Central'!Y44+'Controle Central'!D63+'Controle Central'!K63+'Controle Central'!R63+'Controle Central'!Y63+'Controle Central'!D82+'Controle Central'!K82+'Controle Central'!R82+'Controle Central'!Y82+'Controle Central'!D100+'Controle Central'!K100+'Controle Central'!R100+'Controle Central'!Y100+'Controle Central'!D118+'Controle Central'!K118+'Controle Central'!R118+'Controle Central'!Y118+'Controle Central'!D136+'Controle Central'!K136) -> 4045.79 | E6: ='Controle Central'!D7+'Controle Central'!K7+'Controle Central'!R7+'Controle Central'!Y7+'Controle Central'!D26+'Controle Central'!K26+'Controle Central'!R26+'Controle Central'!Y26+'Controle Central'!D45+'Controle Central'!K45+'Controle Central'!R45+'Controle Central'!Y45+'Controle Central'!D64+'Controle Central'!K64+'Controle Central'!R64+'Controle Central'!D83+'Controle Central'!K83+'Controle Central'!R83+'Controle Central'!Y83+'Controle Central'!D101+'Controle Central'!K101+'Controle Central'!R101+'Controle Central'!Y101+'Controle Central'!D119+'Controle Central'!K119+'Controle Central'!R119+'Controle Central'!Y119+'Controle Central'!D137+'Controle Central'!K137 -> 2208.94 | F6: =SUM('Controle Central'!D8+'Controle Central'!K8+'Controle Central'!R8+'Controle Central'!Y8+'Controle Central'!D27+'Controle Central'!K27+'Controle Central'!R27+'Controle Central'!Y27+'Controle Central'!D46+'Controle Central'!K46+'Controle Central'!R46+'Controle Central'!Y46+'Controle Central'!D65+'Controle Central'!K65+'Controle Central'!R65+'Controle Central'!Y65+'Controle Central'!D84+'Controle Central'!K84+'Controle Central'!R84+'Controle Central'!Y84+'Controle Central'!D102+'Controle Central'!K102+'Controle Central'!R102+'Controle Central'!Y102+'Controle Central'!D120+'Controle Central'!K120+'Controle Central'!R120+'Controle Central'!Y120+'Controle Central'!D138+'Controle Central'!K138) -> 2104.71 | G6: =SUM('Controle Central'!D9+'Controle Central'!K9+'Controle Central'!R9+'Controle Central'!Y9+'Controle Central'!D28+'Controle Central'!K28+'Controle Central'!R28+'Controle Central'!Y28+'Controle Central'!D47+'Controle Central'!K47+'Controle Central'!R47+'Controle Central'!Y47+'Controle Central'!D66+'Controle Central'!K66+'Controle Central'!R66+'Controle Central'!Y66+'Controle Central'!D85+'Controle Central'!K85+'Controle Central'!R85+'Controle Central'!Y85+'Controle Central'!D103+'Controle Central'!K103+'Controle Central'!R103+'Controle Central'!Y103+'Controle Central'!D121+'Controle Central'!K121+'Controle Central'!R121+'Controle Central'!Y121+'Controle Central'!D139+'Controle Central'!K139) -> 2237.94 | H6: =SUM('Controle Central'!D10+'Controle Central'!K10+'Controle Central'!R10+'Controle Central'!Y10+'Controle Central'!D29+'Controle Central'!K29+'Controle Central'!R29+'Controle Central'!D48+'Controle Central'!K48+'Controle Central'!R48+'Controle Central'!Y48+'Controle Central'!D67+'Controle Central'!K67+'Controle Central'!R67+'Controle Central'!Y67+'Controle Central'!D86+'Controle Central'!K86+'Controle Central'!R86+'Controle Central'!Y86+'Controle Central'!D104+'Controle Central'!K104+'Controle Central'!R104+'Controle Central'!Y104+'Controle Central'!D122+'Controle Central'!K122+'Controle Central'!R122+'Controle Central'!Y122+'Controle Central'!D140+'Controle Central'!K140) -> 3314.66 | I6: =SUM('Controle Central'!D11+'Controle Central'!K11+'Controle Central'!R11+'Controle Central'!Y11+'Controle Central'!D30+'Controle Central'!K30+'Controle Central'!R30+'Controle Central'!Y30+'Controle Central'!D49+'Controle Central'!K49+'Controle Central'!R49+'Controle Central'!Y49+'Controle Central'!D68+'Controle Central'!K68+'Controle Central'!R68+'Controle Central'!Y68+'Controle Central'!D87+'Controle Central'!K87+'Controle Central'!R87+'Controle Central'!Y87+'Controle Central'!D105+'Controle Central'!K105+'Controle Central'!R105+'Controle Central'!Y105+'Controle Central'!D123+'Controle Central'!K123+'Controle Central'!R123+'Controle Central'!Y123+'Controle Central'!D141+'Controle Central'!K141) -> 2693.66 | J6: =SUM('Controle Central'!D12+'Controle Central'!K12+'Controle Central'!R12+'Controle Central'!Y12+'Controle Central'!D31+'Controle Central'!K31+'Controle Central'!R31+'Controle Central'!Y31+'Controle Central'!D50+'Controle Central'!K50+'Controle Central'!R50+'Controle Central'!Y50+'Controle Central'!D69+'Controle Central'!K69+'Controle Central'!R69+'Controle Central'!Y69+'Controle Central'!D88+'Controle Central'!K88+'Controle Central'!R88+'Controle Central'!Y88+'Controle Central'!D106+'Controle Central'!K106+'Controle Central'!R106+'Controle Central'!Y106+'Controle Central'!D124+'Controle Central'!K124+'Controle Central'!R124+'Controle Central'!Y124+'Controle Central'!D142+'Controle Central'!K142) -> 2720.56 | K6: =SUM('Controle Central'!D13+'Controle Central'!K13+'Controle Central'!R13+'Controle Central'!Y13+'Controle Central'!D32+'Controle Central'!K32+'Controle Central'!R32+'Controle Central'!Y32+'Controle Central'!D51+'Controle Central'!K51+'Controle Central'!R51+'Controle Central'!Y51+'Controle Central'!D70+'Controle Central'!K70+'Controle Central'!R70+'Controle Central'!Y70+'Controle Central'!D89+'Controle Central'!K89+'Controle Central'!R89+'Controle Central'!Y89+'Controle Central'!D107+'Controle Central'!K107+'Controle Central'!R107+'Controle Central'!Y107+'Controle Central'!D125+'Controle Central'!K125+'Controle Central'!R125+'Controle Central'!Y125+'Controle Central'!D143+'Controle Central'!K143) -> 2087.61 | L6: =SUM('Controle Central'!D14+'Controle Central'!K14+'Controle Central'!R14+'Controle Central'!Y14+'Controle Central'!D33+'Controle Central'!K33+'Controle Central'!R33+'Controle Central'!Y33+'Controle Central'!D52+'Controle Central'!K52+'Controle Central'!R52+'Controle Central'!Y52+'Controle Central'!D71+'Controle Central'!K71+'Controle Central'!R71+'Controle Central'!Y71+'Controle Central'!D90+'Controle Central'!K90+'Controle Central'!R90+'Controle Central'!Y90+'Controle Central'!D108+'Controle Central'!K108+'Controle Central'!R108+'Controle Central'!Y108+'Controle Central'!D126+'Controle Central'!K126+'Controle Central'!R126+'Controle Central'!Y126+'Controle Central'!D144+'Controle Central'!K144) -> 2469.71 | M6: =SUM('Controle Central'!D15+'Controle Central'!K15+'Controle Central'!R15+'Controle Central'!Y15+'Controle Central'!D34+'Controle Central'!K34+'Controle Central'!R34+'Controle Central'!Y34+'Controle Central'!D53+'Controle Central'!K53+'Controle Central'!R53+'Controle Central'!Y53+'Controle Central'!D72+'Controle Central'!K72+'Controle Central'!R72+'Controle Central'!Y72+'Controle Central'!D91+'Controle Central'!K91+'Controle Central'!R91+'Controle Central'!Y91+'Controle Central'!D109+'Controle Central'!K109+'Controle Central'!R109+'Controle Central'!Y109+'Controle Central'!D127+'Controle Central'!K127+'Controle Central'!R127+'Controle Central'!Y127+'Controle Central'!D145+'Controle Central'!K145) -> 2665.21
A8: LAVA_RAPIDO | B8: =SUM('Controle Central'!E4+'Controle Central'!L4+'Controle Central'!S4+'Controle Central'!Z4+'Controle Central'!E23+'Controle Central'!L23+'Controle Central'!S23+'Controle Central'!Z23+'Controle Central'!E42+'Controle Central'!L42+'Controle Central'!S42+'Controle Central'!Z42+'Controle Central'!E61+'Controle Central'!L61+'Controle Central'!S61+'Controle Central'!Z61+'Controle Central'!E80+'Controle Central'!L80+'Controle Central'!S80+'Controle Central'!Z80+'Controle Central'!E98+'Controle Central'!L98+'Controle Central'!S98+'Controle Central'!Z98+'Controle Central'!E116+'Controle Central'!L116+'Controle Central'!S116+'Controle Central'!Z116+'Controle Central'!E134+'Controle Central'!L134) -> 0 | C8: =SUM('Controle Central'!E5,'Controle Central'!L5,'Controle Central'!S5,'Controle Central'!Z5,'Controle Central'!E24,'Controle Central'!L24,'Controle Central'!S24,'Controle Central'!Z24,'Controle Central'!E43,'Controle Central'!L43,'Controle Central'!S43,'Controle Central'!Z43,'Controle Central'!E62,'Controle Central'!L62,'Controle Central'!S62,'Controle Central'!Z62,'Controle Central'!E81,'Controle Central'!L81,'Controle Central'!S81,'Controle Central'!Z81,'Controle Central'!E99,'Controle Central'!L99,'Controle Central'!S99,'Controle Central'!Z99,'Controle Central'!E117,'Controle Central'!L117,'Controle Central'!S117,'Controle Central'!Z117,'Controle Central'!E135,'Controle Central'!L135) -> 60 | D8: =SUM('Controle Central'!E6,'Controle Central'!L6,'Controle Central'!S6,'Controle Central'!Z6,'Controle Central'!E25,'Controle Central'!L25,'Controle Central'!S25,'Controle Central'!Z25,'Controle Central'!E44,'Controle Central'!L44,'Controle Central'!S44,'Controle Central'!Z44,'Controle Central'!E63,'Controle Central'!L63,'Controle Central'!S63,'Controle Central'!Z63,'Controle Central'!E82,'Controle Central'!L82,'Controle Central'!S82,'Controle Central'!Z82,'Controle Central'!E100,'Controle Central'!L100,'Controle Central'!S100,'Controle Central'!Z100,'Controle Central'!E118,'Controle Central'!L118,'Controle Central'!S118,'Controle Central'!Z118,'Controle Central'!E136,'Controle Central'!L136) -> 460 | E8: =SUM('Controle Central'!E7,'Controle Central'!L7,'Controle Central'!S7,'Controle Central'!Z7,'Controle Central'!E26,'Controle Central'!L26,'Controle Central'!S26,'Controle Central'!Z26,'Controle Central'!E45,'Controle Central'!L45,'Controle Central'!S45,'Controle Central'!Z45,'Controle Central'!E64,'Controle Central'!L64,'Controle Central'!S64,'Controle Central'!Z64,'Controle Central'!E83,'Controle Central'!L83,'Controle Central'!S83,'Controle Central'!Z83,'Controle Central'!E101,'Controle Central'!L101,'Controle Central'!S101,'Controle Central'!Z101,'Controle Central'!E119,'Controle Central'!L119,'Controle Central'!S119,'Controle Central'!Z119,'Controle Central'!E137,'Controle Central'!L137) -> 0 | F8: =SUM('Controle Central'!E8,'Controle Central'!L8,'Controle Central'!S8,'Controle Central'!Z8,'Controle Central'!E27,'Controle Central'!L27,'Controle Central'!S27,'Controle Central'!Z27,'Controle Central'!E46,'Controle Central'!L46,'Controle Central'!S46,'Controle Central'!Z46,'Controle Central'!E65,'Controle Central'!L65,'Controle Central'!S65,'Controle Central'!Z65,'Controle Central'!E84,'Controle Central'!L84,'Controle Central'!S84,'Controle Central'!Z84,'Controle Central'!E102,'Controle Central'!L102,'Controle Central'!S102,'Controle Central'!Z102,'Controle Central'!E120,'Controle Central'!L120,'Controle Central'!S120,'Controle Central'!Z120,'Controle Central'!E138,'Controle Central'!L138) -> 0 | G8: =SUM('Controle Central'!E9,'Controle Central'!L9,'Controle Central'!S9,'Controle Central'!Z9,'Controle Central'!E28,'Controle Central'!L28,'Controle Central'!S28,'Controle Central'!Z28,'Controle Central'!E47,'Controle Central'!L47,'Controle Central'!S47,'Controle Central'!Z47,'Controle Central'!E66,'Controle Central'!L66,'Controle Central'!S66,'Controle Central'!Z66,'Controle Central'!E85,'Controle Central'!L85,'Controle Central'!S85,'Controle Central'!Z85,'Controle Central'!E103,'Controle Central'!L103,'Controle Central'!S103,'Controle Central'!Z103,'Controle Central'!E121,'Controle Central'!L121,'Controle Central'!S121,'Controle Central'!Z121,'Controle Central'!E139+'Controle Central'!L139) -> 0 | H8: =SUM('Controle Central'!E10,'Controle Central'!L10,'Controle Central'!S10,'Controle Central'!Z10,'Controle Central'!E29,'Controle Central'!L29,'Controle Central'!S29,'Controle Central'!Z29,'Controle Central'!E48,'Controle Central'!L48,'Controle Central'!S48,'Controle Central'!Z48,'Controle Central'!E67,'Controle Central'!L67,'Controle Central'!S67,'Controle Central'!Z67,'Controle Central'!E86,'Controle Central'!L86,'Controle Central'!S86,'Controle Central'!Z86,'Controle Central'!E104,'Controle Central'!L104,'Controle Central'!S104,'Controle Central'!Z104,'Controle Central'!E122,'Controle Central'!L122,'Controle Central'!S122,'Controle Central'!Z122,'Controle Central'!E140,'Controle Central'!L140) -> 0 | I8: =SUM('Controle Central'!L11,'Controle Central'!S11,'Controle Central'!E11,'Controle Central'!Z11,'Controle Central'!Z30,'Controle Central'!S30,'Controle Central'!L30,'Controle Central'!E30,'Controle Central'!E49,'Controle Central'!L49,'Controle Central'!S49,'Controle Central'!Z49,'Controle Central'!Z68,'Controle Central'!S68,'Controle Central'!L68,'Controle Central'!E68,'Controle Central'!E87,'Controle Central'!L87,'Controle Central'!S87,'Controle Central'!Z87,'Controle Central'!Z105,'Controle Central'!Z123,'Controle Central'!S105,'Controle Central'!S123,'Controle Central'!L123,'Controle Central'!L105,'Controle Central'!E123,'Controle Central'!E105,'Controle Central'!E141,'Controle Central'!L141) -> 0 | J8: =SUM('Controle Central'!E12,'Controle Central'!E31,'Controle Central'!L12,'Controle Central'!L31,'Controle Central'!S12,'Controle Central'!S31,'Controle Central'!Z12,'Controle Central'!Z31,'Controle Central'!Z50,'Controle Central'!Z69,'Controle Central'!S50,'Controle Central'!S69,'Controle Central'!L50,'Controle Central'!L69,'Controle Central'!E50,'Controle Central'!E69,'Controle Central'!E88,'Controle Central'!E106,'Controle Central'!L88,'Controle Central'!L106,'Controle Central'!S88,'Controle Central'!S106,'Controle Central'!Z88,'Controle Central'!Z106,'Controle Central'!Z124,'Controle Central'!S124,'Controle Central'!L124,'Controle Central'!E124,'Controle Central'!E142,'Controle Central'!L142) -> 0 | K8: =SUM('Controle Central'!E13,'Controle Central'!L13,'Controle Central'!E32,'Controle Central'!L32,'Controle Central'!S13,'Controle Central'!S32,'Controle Central'!Z13,'Controle Central'!Z32,'Controle Central'!Z51,'Controle Central'!Z70,'Controle Central'!S51,'Controle Central'!S70,'Controle Central'!L51,'Controle Central'!L70,'Controle Central'!E51,'Controle Central'!E70,'Controle Central'!E89,'Controle Central'!E107,'Controle Central'!L89,'Controle Central'!L107,'Controle Central'!S89,'Controle Central'!S107,'Controle Central'!Z107,'Controle Central'!Z89,'Controle Central'!Z125,'Controle Central'!S125,'Controle Central'!L143,'Controle Central'!L125,'Controle Central'!E125,'Controle Central'!E143) -> 0 | L8: =SUM('Controle Central'!E14,'Controle Central'!E33,'Controle Central'!L14,'Controle Central'!L33,'Controle Central'!S14,'Controle Central'!S33,'Controle Central'!Z14,'Controle Central'!Z33,'Controle Central'!Z52,'Controle Central'!Z71,'Controle Central'!S52,'Controle Central'!S71,'Controle Central'!L52,'Controle Central'!L71,'Controle Central'!E52,'Controle Central'!E71,'Controle Central'!E90,'Controle Central'!E108,'Controle Central'!L90,'Controle Central'!L108,'Controle Central'!S90,'Controle Central'!S108,'Controle Central'!Z90,'Controle Central'!Z108,'Controle Central'!Z126,'Controle Central'!S126,'Controle Central'!L126,'Controle Central'!L144,'Controle Central'!E126,'Controle Central'!E144) -> 0 | M8: =SUM('Controle Central'!E15,'Controle Central'!E34,'Controle Central'!L15,'Controle Central'!L34,'Controle Central'!S15,'Controle Central'!S34,'Controle Central'!Z15,'Controle Central'!Z34,'Controle Central'!Z53,'Controle Central'!Z72,'Controle Central'!S53,'Controle Central'!S72,'Controle Central'!L53,'Controle Central'!L72,'Controle Central'!E53,'Controle Central'!E72,'Controle Central'!E91,'Controle Central'!E109,'Controle Central'!L91,'Controle Central'!L109,'Controle Central'!S91,'Controle Central'!S109,'Controle Central'!Z91,'Controle Central'!Z109,'Controle Central'!Z127,'Controle Central'!S127,'Controle Central'!L127,'Controle Central'!E127,'Controle Central'!E145,'Controle Central'!L145) -> 0
A10: BORRACHARIA | B10: =SUM('Controle Central'!F4,'Controle Central'!M4,'Controle Central'!M23,'Controle Central'!F23,'Controle Central'!T4,'Controle Central'!T23,'Controle Central'!AA4,'Controle Central'!AA23,'Controle Central'!AA61,'Controle Central'!AA42,'Controle Central'!T42,'Controle Central'!M42,'Controle Central'!M61,'Controle Central'!F61,'Controle Central'!F42,'Controle Central'!F98,'Controle Central'!F80,'Controle Central'!M80,'Controle Central'!M98,'Controle Central'!T80,'Controle Central'!T98,'Controle Central'!AA80,'Controle Central'!AA98,'Controle Central'!AA116,'Controle Central'!T116,'Controle Central'!M116,'Controle Central'!F116,'Controle Central'!F134,'Controle Central'!M134) -> 0 | C10: =SUM('Controle Central'!F5,'Controle Central'!F24,'Controle Central'!M5,'Controle Central'!M24,'Controle Central'!T24,'Controle Central'!T5,'Controle Central'!AA5,'Controle Central'!AA24,'Controle Central'!AA43,'Controle Central'!AA62,'Controle Central'!T43,'Controle Central'!T62,'Controle Central'!M43,'Controle Central'!M62,'Controle Central'!F43,'Controle Central'!F62,'Controle Central'!F81,'Controle Central'!F99,'Controle Central'!M99,'Controle Central'!M81,'Controle Central'!T99,'Controle Central'!T81,'Controle Central'!AA81,'Controle Central'!AA99,'Controle Central'!AA117,'Controle Central'!T117,'Controle Central'!M117,'Controle Central'!F117,'Controle Central'!F135,'Controle Central'!M135) -> 0 | D10: =SUM('Controle Central'!F6,'Controle Central'!F25,'Controle Central'!M6,'Controle Central'!M25,'Controle Central'!T6,'Controle Central'!T25,'Controle Central'!AA25,'Controle Central'!AA6,'Controle Central'!AA44,'Controle Central'!AA63,'Controle Central'!T63,'Controle Central'!T44,'Controle Central'!M44,'Controle Central'!M63,'Controle Central'!F63,'Controle Central'!F44,'Controle Central'!F82,'Controle Central'!F100,'Controle Central'!M100,'Controle Central'!M82,'Controle Central'!T82,'Controle Central'!T100,'Controle Central'!AA100,'Controle Central'!AA82,'Controle Central'!AA118,'Controle Central'!T118,'Controle Central'!M118,'Controle Central'!M136,'Controle Central'!F118,'Controle Central'!F136) -> 0 | E10: =SUM('Controle Central'!F7,'Controle Central'!F26,'Controle Central'!M26,'Controle Central'!M7,'Controle Central'!T7,'Controle Central'!T26,'Controle Central'!AA7,'Controle Central'!AA26,'Controle Central'!AA45,'Controle Central'!T45,'Controle Central'!AA64,'Controle Central'!T64,'Controle Central'!M45,'Controle Central'!M64,'Controle Central'!F45,'Controle Central'!F64,'Controle Central'!F83,'Controle Central'!F101,'Controle Central'!M83,'Controle Central'!M101,'Controle Central'!T83,'Controle Central'!T101,'Controle Central'!AA83,'Controle Central'!AA101,'Controle Central'!AA119,'Controle Central'!T119,'Controle Central'!M119,'Controle Central'!M137,'Controle Central'!F137,'Controle Central'!F119) -> 0 | F10: =SUM('Controle Central'!F8,'Controle Central'!F27,'Controle Central'!M8,'Controle Central'!M27,'Controle Central'!T8,'Controle Central'!T27,'Controle Central'!AA27,'Controle Central'!AA8,'Controle Central'!AA46,'Controle Central'!AA65,'Controle Central'!T46,'Controle Central'!T65,'Controle Central'!M65,'Controle Central'!M46,'Controle Central'!F46,'Controle Central'!F65,'Controle Central'!F84,'Controle Central'!F102,'Controle Central'!M84,'Controle Central'!M102,'Controle Central'!T84,'Controle Central'!T102,'Controle Central'!AA84,'Controle Central'!AA102,'Controle Central'!AA120,'Controle Central'!T120,'Controle Central'!M120,'Controle Central'!M138,'Controle Central'!F120,'Controle Central'!F138) -> 0 | G10: =SUM('Controle Central'!F9,'Controle Central'!F28,'Controle Central'!M9,'Controle Central'!M28,'Controle Central'!T9,'Controle Central'!T28,'Controle Central'!AA9,'Controle Central'!AA28,'Controle Central'!AA47,'Controle Central'!AA66,'Controle Central'!T47,'Controle Central'!T66,'Controle Central'!M47,'Controle Central'!M66,'Controle Central'!F47,'Controle Central'!F66,'Controle Central'!F85,'Controle Central'!F103,'Controle Central'!M85,'Controle Central'!M103,'Controle Central'!T85,'Controle Central'!T103,'Controle Central'!AA85,'Controle Central'!AA103,'Controle Central'!AA121,'Controle Central'!T121,'Controle Central'!M121,'Controle Central'!M139,'Controle Central'!F139) -> 0 | H10: =SUM('Controle Central'!F10,'Controle Central'!F29,'Controle Central'!M10,'Controle Central'!M29,'Controle Central'!T10,'Controle Central'!T29,'Controle Central'!AA10,'Controle Central'!AA29,'Controle Central'!AA48,'Controle Central'!T48,'Controle Central'!AA67,'Controle Central'!T67,'Controle Central'!M48,'Controle Central'!M67,'Controle Central'!F48,'Controle Central'!F67,'Controle Central'!F86,'Controle Central'!F104,'Controle Central'!M104,'Controle Central'!M86,'Controle Central'!T86,'Controle Central'!T104,'Controle Central'!AA86,'Controle Central'!AA104,'Controle Central'!AA122,'Controle Central'!T122,'Controle Central'!M122,'Controle Central'!M140,'Controle Central'!F122,'Controle Central'!F140) -> 0 | I10: =SUM('Controle Central'!F11,'Controle Central'!F30,'Controle Central'!M11,'Controle Central'!M30,'Controle Central'!T11,'Controle Central'!T30,'Controle Central'!AA11,'Controle Central'!AA30,'Controle Central'!AA49,'Controle Central'!AA68,'Controle Central'!T49,'Controle Central'!T68,'Controle Central'!M49,'Controle Central'!M68,'Controle Central'!F68,'Controle Central'!F49,'Controle Central'!F87,'Controle Central'!F105,'Controle Central'!M87,'Controle Central'!M105,'Controle Central'!T87,'Controle Central'!T105,'Controle Central'!AA87,'Controle Central'!AA105,'Controle Central'!AA123,'Controle Central'!T123,'Controle Central'!M123,'Controle Central'!M141,'Controle Central'!F123,'Controle Central'!F141) -> 0 | J10: =SUM('Controle Central'!F12,'Controle Central'!F31,'Controle Central'!M12,'Controle Central'!M31,'Controle Central'!T12,'Controle Central'!T31,'Controle Central'!AA12,'Controle Central'!AA31,'Controle Central'!AA50,'Controle Central'!T50,'Controle Central'!T69,'Controle Central'!AA69,'Controle Central'!M50,'Controle Central'!M69,'Controle Central'!F69,'Controle Central'!F50,'Controle Central'!F88,'Controle Central'!F106,'Controle Central'!M88,'Controle Central'!M106,'Controle Central'!T88,'Controle Central'!T106,'Controle Central'!AA88,'Controle Central'!AA106,'Controle Central'!AA124,'Controle Central'!T124,'Controle Central'!M124,'Controle Central'!F124,'Controle Central'!F142,'Controle Central'!M142) -> 0 | K10: =SUM('Controle Central'!F13,'Controle Central'!F32,'Controle Central'!M13,'Controle Central'!M32,'Controle Central'!T13,'Controle Central'!T32,'Controle Central'!AA13,'Controle Central'!AA32,'Controle Central'!AA51,'Controle Central'!T51,'Controle Central'!T70,'Controle Central'!AA70,'Controle Central'!M51,'Controle Central'!M70,'Controle Central'!F70,'Controle Central'!F51,'Controle Central'!F89,'Controle Central'!F107,'Controle Central'!M89,'Controle Central'!M107,'Controle Central'!T89,'Controle Central'!T107,'Controle Central'!AA107,'Controle Central'!AA89,'Controle Central'!AA125,'Controle Central'!T125,'Controle Central'!M125,'Controle Central'!F125,'Controle Central'!F143,'Controle Central'!M143) -> 0 | L10: =SUM('Controle Central'!F14,'Controle Central'!M14,'Controle Central'!F33,'Controle Central'!M33,'Controle Central'!T14,'Controle Central'!T33,'Controle Central'!AA33,'Controle Central'!AA14,'Controle Central'!AA52,'Controle Central'!T52,'Controle Central'!M52,'Controle Central'!M71,'Controle Central'!T71,'Controle Central'!AA71,'Controle Central'!AA90,'Controle Central'!T90,'Controle Central'!M90,'Controle Central'!F90,'Controle Central'!F108,'Controle Central'!F126,'Controle Central'!M108,'Controle Central'!M126,'Controle Central'!T108,'Controle Central'!T126,'Controle Central'!AA108,'Controle Central'!AA126,'Controle Central'!M144,'Controle Central'!F144) -> 0 | M10: =SUM('Controle Central'!F15,'Controle Central'!F34,'Controle Central'!M15,'Controle Central'!M34,'Controle Central'!T15,'Controle Central'!T34,'Controle Central'!AA15,'Controle Central'!AA34,'Controle Central'!AA53,'Controle Central'!T53,'Controle Central'!AA72,'Controle Central'!T72,'Controle Central'!M53,'Controle Central'!F53,'Controle Central'!F72,'Controle Central'!M72,'Controle Central'!F91,'Controle Central'!F109,'Controle Central'!M91,'Controle Central'!M109,'Controle Central'!T91,'Controle Central'!T109,'Controle Central'!AA91,'Controle Central'!AA109,'Controle Central'!AA127,'Controle Central'!T127,'Controle Central'!M127,'Controle Central'!M145,'Controle Central'!F127,'Controle Central'!F145) -> 0
B14: JAN | C14: FEV | D14: MAR | E14: ABR | F14: MAI | G14: JUN | H14: JUL | I14: AGO | J14: SET | K14: OUT | L14: NOV | M14: DEZ
A15: Medição
A17: Contrato de Locação
A19: Lucro Car's | B19: =B15-B17 -> 0 | C19: =C15-C17 -> 0 | D19: =D15-D17 -> 0 | E19: =E15-E17 -> 0 | F19: =F15-F17 -> 0 | G19: =G15-G17 -> 0 | H19: =H15-H17 -> 0 | I19: =I15-I17 -> 0 | ... M19: =M15-M17 -> 0

Sheet Controle Central
B2: CAR_01 | I2: CAR_02 | P2: CAR_03 | W2: CAR_04
B3: KM RODADO | C3: KM MENSAL | D3: ABASTECIMENTO | E3: LAVA_RAPIDO | F3: BORRACHARIA | I3: KM RODADO | J3: KM MENSAL | K3: ABASTECIMENTO | L3: LAVA_RAPIDO | M3: BORRACHARIA | P3: KM RODADO | Q3: KM MENSAL | R3: ABASTECIMENTO | S3: LAVA_RAPIDO | T3: BORRACHARIA | W3: KM RODADO | X3: KM MENSAL | Y3: ABASTECIMENTO | Z3: LAVA_RAPIDO | AA3: BORRACHARIA
A4: JAN | C4: 0 | D4: 0 | E4: 0 | F4: 0 | H4: JAN | J4: 0 | K4: 0 | L4: 0 | M4: 0 | O4: JAN | Q4: 0 | R4: 0 | S4: 0 | T4: 0 | V4: JAN | X4: 0 | Y4: 0 | Z4: 0 | AA4: 0
A5: FEV | B5: ='Ualace-Desmob'!H13 -> 0 | C5: =SUM(5000-B5) -> 5000 | D5: ='Ualace-Desmob'!U14 -> 0 | E5: ='Ualace-Desmob'!AC14 -> 0 | F5: ='Ualace-Desmob'!AK14 -> 0 | H5: FEV | I5: ='André Plácido-Desmob'!H16 -> 1828 | J5: =SUM(5000-I5) -> 3172 | K5: ='André Plácido-Desmob'!U17 -> 962.7 | L5: ='André Plácido-Desmob'!AC17 -> 60 | M5: ='André Plácido-Desmob'!AK17 -> 0 | O5: FEV | P5: ='Wendel Matias-Desmob'!H14 -> 1843 | Q5: =SUM(5000-P5) -> 3157 | R5: ='Wendel Matias-Desmob'!U15 -> 1156.78 | S5: ='Wendel Matias-Desmob'!AI15 -> 0 | T5: ='Wendel Matias-Desmob'!AR15 -> 0 | V5: FEV | W5: ='Ednei-Desmob'!H14 -> 1588 | X5: =SUM(5000-W5) -> 3412 | Y5: ='Ednei-Desmob'!U15 -> 1154.69 | Z5: ='Ednei-Desmob'!AI15 -> 0 | AA5: ='Ednei-Desmob'!AR15 -> 0
A6: MAR | B6: ='Ualace-Desmob'!H17 -> 0 | C6: =SUM(5000-B6) -> 5000 | D6: ='Ualace-Desmob'!U18 -> 0 | E6: ='Ualace-Desmob'!AC18 -> 0 | F6: ='Ualace-Desmob'!AK18 -> 0 | H6: MAR | I6: ='André Plácido-Desmob'!H20 -> 1857 | J6: =SUM(5000-I6) -> 3143 | K6: ='André Plácido-Desmob'!U21 -> 792.09 | L6: ='André Plácido-Desmob'!AC21 -> 240 | M6: ='André Plácido-Desmob'!AK21 -> 0 | O6: MAR | P6: ='Wendel Matias-Desmob'!H18 -> 1069 | Q6: =SUM(5000-P6) -> 3931 | R6: ='Wendel Matias-Desmob'!U19 -> 816.11 | S6: ='Wendel Matias-Desmob'!AI19 -> 0 | T6: ='Wendel Matias-Desmob'!AR19 -> 0 | V6: MAR | W6: ='Ednei-Desmob'!H18 -> 925 | X6: =SUM(5000-W6) -> 4075 | Y6: ='Ednei-Desmob'!U19 -> 644.32 | Z6: ='Ednei-Desmob'!AI19 -> 0 | AA6: ='Ednei-Desmob'!AR19 -> 0
A7: ABR | B7: ='Ualace-Desmob'!H21 -> 0 | C7: =SUM(5000-B7) -> 5000 | D7: ='Ualace-Desmob'!U22 -> 0 | E7: ='Ualace-Desmob'!AC22 -> 0 | F7: ='Ualace-Desmob'!AK22 -> 0 | H7: ABR | I7: ='André Plácido-Desmob'!H24 -> 257 | J7: =SUM(5000-I7) -> 4743 | K7: ='André Plácido-Desmob'!U25 -> 0 | L7: ='André Plácido-Desmob'!AC25 -> 0 | M7: ='André Plácido-Desmob'!AK25 -> 0 | O7: ABR | P7: ='Wendel Matias-Desmob'!H22 -> 1649 | Q7: =SUM(5000-P7) -> 3351 | R7: ='Wendel Matias-Desmob'!Z23 -> 0 | S7: ='Wendel Matias-Desmob'!AI23 -> 0 | T7: ='Wendel Matias-Desmob'!AR23 -> 0 | V7: ABR | W7: ='Ednei-Desmob'!H22 -> 1461 | X7: =SUM(5000-W7) -> 3539 | Y7: ='Ednei-Desmob'!Z23 -> 0 | Z7: ='Ednei-Desmob'!AI23 -> 0 | AA7: ='Ednei-Desmob'!AR23 -> 0
A8: MAI | B8: ='Ualace-Desmob'!H25 -> 0 | C8: =SUM(5000-B8) -> 5000 | D8: ='Ualace-Desmob'!U26 -> 0 | E8: ='Ualace-Desmob'!AC26 -> 0 | F8: ='Ualace-Desmob'!AK26 -> 0 | H8: MAI | I8: ='André Plácido-Desmob'!H28 -> 2297 | J8: =SUM(5000-I8) -> 2703 | K8: ='André Plácido-Desmob'!U29 -> 0 | L8: ='André Plácido-Desmob'!AC29 -> 0 | M8: ='André Plácido-Desmob'!AK29 -> 0 | O8: MAI | P8: ='Wendel Matias-Desmob'!H26 -> 876 | Q8: =SUM(5000-P8) -> 4124 | R8: ='Wendel Matias-Desmob'!Z27 -> 0 | S8: ='Wendel Matias-Desmob'!AI27 -> 0 | T8: ='Wendel Matias-Desmob'!AR27 -> 0 | V8: MAI | W8: ='Ednei-Desmob'!H26 -> 1515 | X8: =SUM(5000-W8) -> 3485 | Y8: ='Ednei-Desmob'!Z27 -> 0 | Z8: ='Ednei-Desmob'!AI27 -> 0 | AA8: ='Ednei-Desmob'!AR27 -> 0
A9: JUN | B9: ='Ualace-Desmob'!H29 -> 0 | C9: =SUM(5000-B9) -> 5000 | D9: ='Ualace-Desmob'!U30 -> 0 | E9: ='Ualace-Desmob'!AC30 -> 0 | F9: ='Ualace-Desmob'!AK30 -> 0 | H9: JUN | I9: ='André Plácido-Desmob'!H32 -> 1355 | J9: =SUM(5000-I9) -> 3645 | K9: ='André Plácido-Desmob'!U33 -> 407.55 | L9: ='André Plácido-Desmob'!AC33 -> 0 | M9: ='Ualace-Desmob'!AK30 -> 0 | O9: JUN | P9: ='Wendel Matias-Desmob'!H30 -> 1648 | Q9: =SUM(5000-P9) -> 3352 | R9: ='Wendel Matias-Desmob'!Z31 -> 0 | S9: ='Wendel Matias-Desmob'!AI31 -> 0 | T9: ='Wendel Matias-Desmob'!AR31 -> 0 | V9: JUN | W9: ='Ednei-Desmob'!H30 -> 1696 | X9: =SUM(5000-W9) -> 3304 | Y9: ='Ednei-Desmob'!Z31 -> 0 | Z9: ='Ednei-Desmob'!AI31 -> 0 | AA9: ='Ednei-Desmob'!AR31 -> 0
A10: JUL | B10: ='Ualace-Desmob'!H33 -> 0 | C10: =SUM(5000-B10) -> 5000 | D10: ='Ualace-Desmob'!U34 -> 0 | E10: ='Ualace-Desmob'!AC34 -> 0 | F10: ='Ualace-Desmob'!AK34 -> 0 | H10: JUL | I10: ='André Plácido-Desmob'!H36 -> 1498 | J10: =SUM(5000-I10) -> 3502 | K10: ='André Plácido-Desmob'!U37 -> 859.81 | L10: ='André Plácido-Desmob'!AC37 -> 0 | M10: ='André Plácido-Desmob'!AK37 -> 0 | O10: JUL | P10: ='Wendel Matias-Desmob'!H34 -> 1821 | Q10: =SUM(5000-P10) -> 3179 | R10: ='Wendel Matias-Desmob'!Z35 -> 0 | S10: ='Wendel Matias-Desmob'!AI35 -> 0 | T10: ='Wendel Matias-Desmob'!AR35 -> 0 | V10: JUL | W10: ='Ednei-Desmob'!H34 -> 1816 | X10: =SUM(5000-W10) -> 3184 | Y10: ='Ednei-Desmob'!Z35 -> 0 | Z10: ='Ednei-Desmob'!AI35 -> 0 | AA10: ='Ednei-Desmob'!AR35 -> 0
A11: AGO | B11: ='Ualace-Desmob'!H37 -> 0 | C11: =SUM(5000-B11) -> 5000 | D11: ='Ualace-Desmob'!U38 -> 0 | E11: ='Ualace-Desmob'!AC38 -> 0 | F11: ='Ualace-Desmob'!AK38 -> 0 | H11: AGO | I11: ='André Plácido-Desmob'!H40 -> 1090 | J11: =SUM(5000-I11) -> 3910 | K11: ='André Plácido-Desmob'!U41 -> 966.28 | L11: ='André Plácido-Desmob'!AC41 -> 0 | M11: ='André Plácido-Desmob'!AK41 -> 0 | O11: AGO | P11: ='Wendel Matias-Desmob'!H38 -> 964 | Q11: =SUM(5000-P11) -> 4036 | R11: ='Wendel Matias-Desmob'!Z39 -> 0 | S11: ='Wendel Matias-Desmob'!AI39 -> 0 | T11: ='Wendel Matias-Desmob'!AR39 -> 0 | V11: AGO | W11: ='Ednei-Desmob'!H38 -> 2021 | X11: =SUM(5000-W11) -> 2979 | Y11: ='Ednei-Desmob'!Z39 -> 0 | Z11: ='Ednei-Desmob'!AI39 -> 0 | AA11: ='Ednei-Desmob'!AR39 -> 0
A12: SET | B12: ='Ualace-Desmob'!H41 -> 0 | C12: =SUM(5000-B12) -> 5000 | D12: ='Ualace-Desmob'!U42 -> 0 | E12: ='Ualace-Desmob'!AC42 -> 0 | F12: ='Ualace-Desmob'!AK42 -> 0 | H12: SET | I12: ='André Plácido-Desmob'!H44 -> 1335 | J12: =SUM(5000-I12) -> 3665 | K12: ='André Plácido-Desmob'!U45 -> 723.78 | L12: ='André Plácido-Desmob'!AC45 -> 0 | M12: ='André Plácido-Desmob'!AK45 -> 0 | O12: SET | P12: ='Wendel Matias-Desmob'!H38 -> 964 | Q12: =SUM(5000-P12) -> 4036 | R12: ='Wendel Matias-Desmob'!Z43 -> 0 | S12: ='Wendel Matias-Desmob'!AI43 -> 0 | T12: ='Wendel Matias-Desmob'!AR43 -> 0 | V12: SET | W12: ='Ednei-Desmob'!H42 -> 1648 | X12: =SUM(5000-W12) -> 3352 | Y12: ='Ednei-Desmob'!Z43 -> 0 | Z12: ='Ednei-Desmob'!AI43 -> 0 | AA12: ='Ednei-Desmob'!AR43 -> 0
A13: OUT | B13: ='Ualace-Desmob'!H45 -> 726 | C13: =SUM(5000-B13) -> 4274 | D13: ='Ualace-Desmob'!U46 -> 0 | E13: ='Ualace-Desmob'!AC46 -> 0 | F13: ='Ualace-Desmob'!AK46 -> 0 | H13: OUT | I13: ='André Plácido-Desmob'!H48 -> 2624 | J13: =SUM(5000-I13) -> 2376 | K13: ='André Plácido-Desmob'!U49 -> 643.44 | L13: ='André Plácido-Desmob'!AC49 -> 0 | M13: ='André Plácido-Desmob'!AK49 -> 0 | O13: OUT | P13: ='Wendel Matias-Desmob'!H42 -> 1939 | Q13: =SUM(5000-P13) -> 3061 | R13: ='Wendel Matias-Desmob'!Z47 -> 0 | S13: ='Wendel Matias-Desmob'!AI47 -> 0 | T13: ='Wendel Matias-Desmob'!AR47 -> 0 | V13: OUT | W13: ='Ednei-Desmob'!H46 -> 1564 | X13: =SUM(5000-W13) -> 3436 | Y13: ='Ednei-Desmob'!Z47 -> 0 | Z13: ='Ednei-Desmob'!AI47 -> 0 | AA13: ='Ednei-Desmob'!AR47 -> 0
A14: NOV | B14: ='Ualace-Desmob'!H49 -> 3829 | C14: =SUM(5000-B14) -> 1171 | D14: ='Ualace-Desmob'!U50 -> 0 | E14: ='Ualace-Desmob'!AC50 -> 0 | F14: ='Ualace-Desmob'!AK50 -> 0 | H14: NOV | I14: ='André Plácido-Desmob'!H52 -> 896 | J14: =SUM(5000-I14) -> 4104 | K14: ='André Plácido-Desmob'!U53 -> 400.06 | L14: ='André Plácido-Desmob'!AC53 -> 0 | M14: ='André Plácido-Desmob'!AK53 -> 0 | O14: NOV | P14: ='Wendel Matias-Desmob'!H46 -> 2022 | Q14: =SUM(5000-P14) -> 2978 | R14: ='Wendel Matias-Desmob'!Z51 -> 0 | S14: ='Wendel Matias-Desmob'!AI51 -> 0 | T14: ='Wendel Matias-Desmob'!AR51 -> 0 | V14: NOV | W14: ='Ednei-Desmob'!H50 -> 1462 | X14: =SUM(5000-W14) -> 3538 | Y14: ='Ednei-Desmob'!Z51 -> 0 | Z14: ='Ednei-Desmob'!AI51 -> 0 | AA14: ='Ednei-Desmob'!AR51 -> 0
A15: DEZ | B15: ='Ualace-Desmob'!H53 -> 1771 | C15: =SUM(5000-B15) -> 3229 | D15: ='Ualace-Desmob'!U54 -> 1384.87 | E15: ='Ualace-Desmob'!AC54 -> 0 | F15: ='Ualace-Desmob'!AK54 -> 0 | H15: DEZ | I15: ='André Plácido-Desmob'!H56 -> 719 | J15: =SUM(5000-I15) -> 4281 | K15: ='André Plácido-Desmob'!U57 -> 500.31 | L15: ='André Plácido-Desmob'!AC53 -> 0 | M15: ='André Plácido-Desmob'!AK53 -> 0 | O15: DEZ | P15: ='Wendel Matias-Desmob'!H50 -> 1848 | Q15: =SUM(5000-P15) -> 3152 | R15: ='Wendel Matias-Desmob'!Z55 -> 0 | S15: ='Wendel Matias-Desmob'!AI51 -> 0 | T15: ='Wendel Matias-Desmob'!AR55 -> 0 | V15: DEZ | W15: ='Ednei-Desmob'!H54 -> 1564 | X15: =SUM(5000-W15) -> 3436 | Y15: ='Ednei-Desmob'!Z55 -> 0 | Z15: ='Ednei-Desmob'!AI55 -> 0 | AA15: ='Ednei-Desmob'!AR55 -> 0
A17: TOTAL | B17: =SUM(B4:B15) -> 6326 | D17: =SUM(D4:D15) -> 1384.87 | E17: =SUM(E4:E15) -> 0 | F17: =SUM(F4:F15) -> 0 | H17: TOTAL | I17: =SUM(I4:I15) -> 15756 | K17: =SUM(K4:K15) -> 6256.02 | L17: =SUM(L4:L15) -> 300 | M17: =SUM(M4:M15) -> 0 | O17: TOTAL | P17: =SUM(P4:P15) -> 16643 | R17: =SUM(R4:R15) -> 1972.89 | S17: =SUM(S4:S15) -> 0 | T17: =SUM(T4:T15) -> 0 | V17: TOTAL | W17: =SUM(W4:W15) -> 17260 | Y17: =SUM(Y4:Y15) -> 1799.01 | Z17: =SUM(Z4:Z15) -> 0 | AA17: =SUM(AA4:AA15) -> 0
A18: SALDO KM | B18: =SUM(60000-B17) -> 53674 | H18: SALDO KM | I18: =SUM(60000-I17) -> 44244 | O18: SALDO KM | P18: =SUM(60000-P17) -> 43357 | V18: SALDO KM | W18: =SUM(60000-W17) -> 42740
B21: CAR_05 | I21: CAR_06 | P21: CAR_07 | W21: CAR_08
B22: KM RODADO | C22: KM MENSAL | D22: ABASTECIMENTO | E22: LAVA_RAPIDO | F22: BORRACHARIA | I22: KM RODADO | J22: KM MENSAL | K22: ABASTECIMENTO | L22: LAVA_RAPIDO | M22: BORRACHARIA | P22: KM RODADO | Q22: KM MENSAL | R22: ABASTECIMENTO | S22: LAVA_RAPIDO | T22: BORRACHARIA | W22: KM RODADO | X22: KM MENSAL | Y22: ABASTECIMENTO | Z22: LAVA_RAPIDO | AA22: BORRACHARIA
A23: JAN | C23: 0 | D23: 0 | E23: 0 | F23: 0 | H23: JAN | J23: 0 | K23: 0 | L23: 0 | M23: 0 | O23: JAN | Q23: 0 | R23: 0 | S23: 0 | T23: 0 | V23: JAN | X23: 0 | Y23: 0 | Z23: 0 | AA23: 0
A24: FEV | B24: ='Ualace-Desmob2'!H15 -> 1610 | C24: =SUM(5000-B24) -> 3390 | D24: ='Ualace-Desmob2'!U16 -> 907.76 | E24: ='Ualace-Desmob2'!AC16 -> 0 | F24: ='Ualace-Desmob2'!AK16 -> 0 | H24: FEV | I24: ='Claudio-Desmob'!H13 -> 0 | J24: =SUM(5000-I24) -> 5000 | K24: ='Claudio-Desmob'!U14 -> 0 | L24: ='Claudio-Desmob'!AC14 -> 0 | M24: ='Claudio-Desmob'!AK14 -> 0 | O24: FEV | P24: ='Andre Placido'!H11 -> 0 | Q24: =SUM(5000-P24) -> 5000 | R24: ='Andre Placido'!U12 -> 0 | S24: ='Andre Placido'!AC12 -> 0 | T24: ='Andre Placido'!AK12 -> 0 | V24: FEV | W24: =Ednei!H11 -> 0 | X24: =SUM(5000-W24) -> 5000 | Y24: =Ednei!U12 -> 0 | Z24: =Ednei!AE12 -> 0 | AA24: =Ednei!AN12 -> 0
A25: MAR | B25: ='Ualace-Desmob2'!H19 -> 1827 | C25: =SUM(5000-B25) -> 3173 | D25: ='Ualace-Desmob2'!U20 -> 980.03 | E25: ='Ualace-Desmob2'!AC20 -> 180 | F25: ='Ualace-Desmob2'!AK20 -> 0 | H25: MAR | I25: ='Claudio-Desmob'!H17 -> 1341 | J25: =SUM(5000-I25) -> 3659 | K25: ='Claudio-Desmob'!U18 -> 813.24 | L25: ='Claudio-Desmob'!AC18 -> 40 | M25: ='Claudio-Desmob'!AK18 -> 0 | O25: MAR | P25: ='Andre Placido'!H15 -> 0 | Q25: =SUM(5000-P25) -> 5000 | R25: ='Andre Placido'!U16 -> 0 | S25: ='Andre Placido'!AC16 -> 0 | T25: ='Andre Placido'!AK16 -> 0 | V25: MAR | W25: =Ednei!H15 -> 0 | X25: =SUM(5000-W25) -> 5000 | Y25: =Ednei!U16 -> 0 | Z25: =Ednei!AE16 -> 0 | AA25: =Ednei!AN16 -> 0
A26: ABR | B26: ='Ualace-Desmob2'!H23 -> 1101 | C26: =SUM(5000-B26) -> 3899 | D26: ='Ualace-Desmob2'!U24 -> 930.52 | E26: ='Ualace-Desmob2'!AC24 -> 0 | F26: ='Ualace-Desmob2'!AK24 -> 0 | H26: ABR | I26: ='Claudio-Desmob'!H21 -> 2114 | J26: =SUM(5000-I26) -> 2886 | K26: ='Claudio-Desmob'!U22 -> 1278.42 | L26: ='Claudio-Desmob'!AC22 -> 0 | M26: ='Claudio-Desmob'!AK22 -> 0 | O26: ABR | P26: ='Andre Placido'!H19 -> -964 | Q26: =SUM(5000-P26) -> 5964 | R26: ='Andre Placido'!U20 -> 0 | S26: ='Andre Placido'!AC20 -> 0 | T26: ='Andre Placido'!AK20 -> 0 | V26: ABR | W26: =Ednei!H19 -> 938 | X26: =SUM(5000-W26) -> 4062 | Y26: =Ednei!U200 -> 0 | Z26: =Ednei!AE20 -> 0 | AA26: =Ednei!AN200 -> 0
A27: MAI | B27: ='Ualace-Desmob2'!H27 -> 1326 | C27: =SUM(5000-B27) -> 3674 | D27: ='Ualace-Desmob2'!U28 -> 838.34 | E27: ='Ualace-Desmob2'!AC28 -> 0 | F27: ='Ualace-Desmob2'!AK28 -> 0 | H27: MAI | I27: ='Claudio-Desmob'!H25 -> 2068 | J27: =SUM(5000-I27) -> 2932 | K27: ='Claudio-Desmob'!U26 -> 1266.37 | L27: ='Claudio-Desmob'!AC26 -> 0 | M27: ='Claudio-Desmob'!AK26 -> 0 | O27: MAI | P27: ='Andre Placido'!H27 -> 1724 | Q27: =SUM(5000-P27) -> 3276 | R27: ='Andre Placido'!U28 -> 0 | S27: ='Andre Placido'!AC28 -> 0 | T27: ='Andre Placido'!AK28 -> 0 | V27: MAI | W27: =Ednei!H23 -> 2160 | X27: =SUM(5000-W27) -> 2840 | Y27: =Ednei!U24 -> 0 | Z27: =Ednei!AE24 -> 0 | AA27: =Ednei!AN24 -> 0
A28: JUN | B28: ='Ualace-Desmob2'!H31 -> 2563 | C28: =SUM(5000-B28) -> 2437 | D28: ='Ualace-Desmob2'!U32 -> 848.51 | E28: ='Ualace-Desmob2'!AC32 -> 0 | F28: ='Ualace-Desmob2'!AK32 -> 0 | H28: JUN | I28: ='Claudio-Desmob'!H29 -> 1338 | J28: =SUM(5000-I28) -> 3662 | K28: ='Claudio-Desmob'!U30 -> 981.88 | L28: ='Claudio-Desmob'!AC30 -> 0 | M28: ='Claudio-Desmob'!AK30 -> 0 | O28: JUN | P28: ='Andre Placido'!H31 -> 0 | Q28: =SUM(5000-P28) -> 5000 | R28: ='Andre Placido'!U32 -> 0 | S28: ='Andre Placido'!AC32 -> 0 | T28: ='Andre Placido'!AK32 -> 0 | V28: JUN | W28: =Ednei!H27 -> 0 | X28: =SUM(5000-W28) -> 5000 | Y28: =Ednei!U28 -> 0 | Z28: =Ednei!AE28 -> 0 | AA28: =Ednei!AN28 -> 0
A29: JUL | B29: ='Ualace-Desmob2'!H35 -> 1661 | C29: =SUM(5000-B29) -> 3339 | D29: ='Ualace-Desmob2'!U36 -> 1105.78 | E29: ='Ualace-Desmob2'!AC36 -> 0 | F29: ='Ualace-Desmob2'!AK36 -> 0 | H29: JUL | I29: ='Claudio-Desmob'!H33 -> 2288 | J29: =SUM(5000-I29) -> 2712 | K29: ='Claudio-Desmob'!U34 -> 1349.07 | L29: ='Claudio-Desmob'!AC34 -> 0 | M29: ='Claudio-Desmob'!AK34 -> 0 | O29: JUL | P29: ='Andre Placido'!H35 -> 0 | Q29: =SUM(5000-P29) -> 5000 | R29: ='Andre Placido'!U36 -> 0 | S29: ='Andre Placido'!AC36 -> 0 | T29: ='Andre Placido'!AK36 -> 0 | V29: JUL | W29: =Ednei!H31 -> 0 | X29: =SUM(5000-W29) -> 5000 | Y29: =Ednei!U32 -> 0 | Z29: =Ednei!AE32 -> 0 | AA29: =Ednei!AN32 -> 0
A30: AGO | B30: ='Ualace-Desmob2'!H39 -> 1255 | C30: =SUM(5000-B30) -> 3745 | D30: ='Ualace-Desmob2'!U40 -> 864.63 | E30: ='Ualace-Desmob2'!AC40 -> 0 | F30: ='Ualace-Desmob2'!AK40 -> 0 | H30: AGO | I30: ='Claudio-Desmob'!H37 -> 1594 | J30: =SUM(5000-I30) -> 3406 | K30: ='Claudio-Desmob'!U38 -> 862.75 | L30: ='Claudio-Desmob'!AC38 -> 0 | M30: ='Claudio-Desmob'!AK38 -> 0 | O30: AGO | P30: ='Andre Placido'!H39 -> 0 | Q30: =SUM(5000-P30) -> 5000 | R30: ='Andre Placido'!U40 -> 0 | S30: ='Andre Placido'!AC40 -> 0 | T30: ='Andre Placido'!AK40 -> 0 | V30: AGO | W30: =Ednei!H35 -> 0 | X30: =SUM(5000-W30) -> 5000 | Y30: =Ednei!U36 -> 0 | Z30: =Ednei!AE36 -> 0 | AA30: =Ednei!AN36 -> 0
A31: SET | B31: ='Ualace-Desmob2'!H43 -> 2193 | C31: =SUM(5000-B31) -> 2807 | D31: ='Ualace-Desmob2'!U44 -> 1071.8 | E31: ='Ualace-Desmob2'!AC44 -> 0 | F31: ='Ualace-Desmob2'!AK5 -> 0 | H31: SET | I31: ='Claudio-Desmob'!H41 -> 2121 | J31: =SUM(5000-I31) -> 2879 | K31: ='Claudio-Desmob'!U42 -> 924.98 | L31: ='Claudio-Desmob'!AC42 -> 0 | M31: ='Claudio-Desmob'!AK42 -> 0 | O31: SET | P31: ='Andre Placido'!H43 -> 0 | Q31: =SUM(5000-P31) -> 5000 | R31: ='Andre Placido'!U44 -> 0 | S31: ='Andre Placido'!AC44 -> 0 | T31: ='Andre Placido'!AK44 -> 0 | V31: SET | W31: =Ednei!H39 -> 0 | X31: =SUM(5000-W31) -> 5000 | Y31: =Ednei!U40 -> 0 | Z31: =Ednei!AE40 -> 0 | AA31: =Ednei!AN40 -> 0
A32: OUT | B32: ='Ualace-Desmob2'!H47 -> 1991 | C32: =SUM(5000-B32) -> 3009 | D32: ='Ualace-Desmob2'!U48 -> 1444.17 | E32: ='Ualace-Desmob2'!AC48 -> 0 | F32: ='Ualace-Desmob2'!AK48 -> 0 | H32: OUT | I32: ='Claudio-Desmob'!H45 -> 1825 | J32: =SUM(5000-I32) -> 3175 | K32: ='Claudio-Desmob'!U46 -> 0 | L32: ='Claudio-Desmob'!AC46 -> 0 | M32: ='Claudio-Desmob'!AK46 -> 0 | O32: OUT | P32: ='Andre Placido'!H47 -> 0 | Q32: =SUM(5000-P32) -> 5000 | R32: ='Andre Placido'!U48 -> 0 | S32: ='Andre Placido'!AC48 -> 0 | T32: ='Andre Placido'!AK48 -> 0 | V32: OUT | W32: =Ednei!H43 -> 0 | X32: =SUM(5000-W32) -> 5000 | Y32: =Ednei!U44 -> 0 | Z32: =Ednei!AE44 -> 0 | AA32: =Ednei!AN44 -> 0
A33: NOV | B33: ='Ualace-Desmob2'!H51 -> 2050 | C33: =SUM(5000-B33) -> 2950 | D33: ='Ualace-Desmob2'!U52 -> 777.06 | E33: ='Ualace-Desmob2'!AC52 -> 0 | F33: ='Ualace-Desmob2'!AK52 -> 0 | H33: NOV | I33: ='Claudio-Desmob'!H53 -> 2596 | J33: =SUM(5000-I33) -> 2404 | K33: ='Claudio-Desmob'!U54 -> 1292.59 | L33: ='Claudio-Desmob'!AC54 -> 0 | M33: ='Claudio-Desmob'!AK54 -> 0 | O33: NOV | P33: ='Andre Placido'!H51 -> 0 | Q33: =SUM(5000-P33) -> 5000 | R33: ='Andre Placido'!U52 -> 0 | S33: ='Andre Placido'!AC52 -> 0 | T33: ='Andre Placido'!AK52 -> 0 | V33: NOV | W33: =Ednei!H47 -> 0 | X33: =SUM(5000-W33) -> 5000 | Y33: =Ednei!U48 -> 0 | Z33: =Ednei!AE48 -> 0 | AA33: =Ednei!AN48 -> 0
A34: DEZ | B34: ='Ualace-Desmob2'!H55 -> 765 | C34: =SUM(5000-B34) -> 4235 | D34: ='Ualace-Desmob2'!U56 -> 0 | E34: ='Ualace-Desmob2'!AC56 -> 0 | F34: ='Ualace-Desmob2'!AK56 -> 0 | H34: DEZ | I34: ='Claudio-Desmob'!H57 -> 1544 | J34: =SUM(5000-I34) -> 3456 | K34: ='Claudio-Desmob'!U58 -> 780.03 | L34: ='Claudio-Desmob'!AC58 -> 0 | M34: ='Claudio-Desmob'!AK58 -> 0 | O34: DEZ | P34: ='Andre Placido'!H55 -> 0 | Q34: =SUM(5000-P34) -> 5000 | R34: ='Andre Placido'!U56 -> 0 | S34: ='Andre Placido'!AC56 -> 0 | T34: ='Andre Placido'!AK56 -> 0 | V34: DEZ | W34: =Ednei!H51 -> 0 | X34: =SUM(5000-W34) -> 5000 | Y34: =Ednei!U52 -> 0 | Z34: =Ednei!AE52 -> 0 | AA34: =Ednei!AN52 -> 0
A36: TOTAL | B36: =SUM(B23:B34) -> 18342 | D36: =SUM(D23:D34) -> 9768.6 | E36: =SUM(E23:E34) -> 180 | F36: =SUM(F23:F34) -> 0 | H36: TOTAL | I36: =SUM(I23:I34) -> 18829 | K36: =SUM(K23:K34) -> 9549.33 | L36: =SUM(L23:L34) -> 40 | M36: =SUM(M23:M34) -> 0 | O36: TOTAL | P36: =SUM(P23:P34) -> 760 | R36: =SUM(R23:R34) -> 0 | S36: =SUM(S23:S34) -> 0 | T36: =SUM(T23:T34) -> 0 | V36: TOTAL | W36: =SUM(W23:W34) -> 3098 | Y36: =SUM(Y23:Y34) -> 0 | Z36: =SUM(Z23:Z34) -> 0 | AA36: =SUM(AA23:AA34) -> 0
A37: SALDO KM | B37: =SUM(60000-B36) -> 41658 | H37: SALDO KM | I37: =SUM(60000-I36) -> 41171 | O37: SALDO KM | P37: =SUM(60000-P36) -> 59240 | V37: SALDO KM | W37: =SUM(60000-W36) -> 56902
B40: CAR_09 | I40: CAR_10 | P40: CAR_11 | W40: CAR_12
B41: KM | C41: KM MENSAL | D41: ABASTECIMENTO | E41: LAVA_RAPIDO | F41: BORRACHARIA | I41: KM | J41: KM MENSAL | K41: ABASTECIMENTO | L41: LAVA_RAPIDO | M41: BORRACHARIA | P41: KM | Q41: KM MENSAL | R41: ABASTECIMENTO | S41: LAVA_RAPIDO | T41: BORRACHARIA | W41: KM | X41: KM MENSAL | Y41: ABASTECIMENTO | Z41: LAVA_RAPIDO | AA41: BORRACHARIA
A42: JAN | H42: JAN | O42: JAN | V42: JAN
A43: FEV | B43: ='Ualace-Desmob3'!H11 -> 0 | C43: =SUM(5000-B43) -> 5000 | D43: ='Ualace-Desmob3'!U12 -> 0 | E43: ='Ualace-Desmob3'!AE12 -> 0 | F43: ='Ualace-Desmob3'!AN12 -> 0 | H43: FEV | I43: =CAR_10!H11 -> 0 | J43: =SUM(5000-I43) -> 5000 | K43: =CAR_10!U12 -> 0 | L43: =CAR_10!AE12 -> 0 | M43: =CAR_10!AN12 -> 0 | O43: FEV | P43: =CAR_11!H11 -> 0 | Q43: =SUM(5000-P43) -> 5000 | R43: =CAR_11!U12 -> 0 | S43: =CAR_11!AE12 -> 0 | T43: =CAR_11!AN12 -> 0 | V43: FEV | W43: =CAR_12!H11 -> 0 | X43: =SUM(5000-W43) -> 5000 | Y43: =CAR_12!U12 -> 0 | Z43: =CAR_12!AE12 -> 0 | AA43: =CAR_12!AN12 -> 0
A44: MAR | B44: ='Ualace-Desmob3'!H15 -> 0 | C44: =SUM(5000-B44) -> 5000 | D44: ='Ualace-Desmob3'!U16 -> 0 | E44: ='Ualace-Desmob3'!AE16 -> 0 | F44: ='Ualace-Desmob3'!AN16 -> 0 | H44: MAR | I44: =CAR_10!H15 -> 0 | J44: =SUM(5000-I44) -> 5000 | K44: =CAR_10!U16 -> 0 | L44: =CAR_10!AE16 -> 0 | M44: =CAR_10!AN16 -> 0 | O44: MAR | P44: =CAR_11!H15 -> 0 | Q44: =SUM(5000-P44) -> 5000 | R44: =CAR_11!U16 -> 0 | S44: =CAR_11!AE16 -> 0 | T44: =CAR_11!AN16 -> 0 | V44: MAR | W44: =CAR_12!H15 -> 0 | X44: =SUM(5000-W44) -> 5000 | Y44: =CAR_12!U16 -> 0 | Z44: =CAR_12!AE16 -> 0 | AA44: =CAR_12!AN16 -> 0
A45: ABR | B45: ='Ualace-Desmob3'!H19 -> 826 | C45: =SUM(5000-B45) -> 4174 | D45: ='Ualace-Desmob3'!U20 -> 0 | E45: ='Ualace-Desmob3'!AE20 -> 0 | F45: ='Ualace-Desmob3'!AN20 -> 0 | H45: ABR | I45: =CAR_10!H19 -> 0 | J45: =SUM(5000-I45) -> 5000 | K45: =CAR_10!U20 -> 0 | L45: =CAR_10!AE20 -> 0 | M45: =CAR_10!AN20 -> 0 | O45: ABR | P45: =CAR_11!H19 -> 0 | Q45: =SUM(5000-P45) -> 5000 | R45: =CAR_11!U20 -> 0 | S45: =CAR_11!AE20 -> 0 | T45: =CAR_11!AN20 -> 0 | V45: ABR | W45: =CAR_12!H19 -> 0 | X45: =SUM(5000-W45) -> 5000 | Y45: =CAR_12!U20 -> 0 | Z45: =CAR_12!AE20 -> 0 | AA45: =CAR_12!AN20 -> 0
A46: MAI | B46: ='Ualace-Desmob3'!H23 -> 1523 | C46: =SUM(5000-B46) -> 3477 | D46: ='Ualace-Desmob3'!U24 -> 0 | E46: ='Ualace-Desmob3'!AE24 -> 0 | F46: ='Ualace-Desmob3'!AN24 -> 0 | H46: MAI | I46: =CAR_10!H23 -> 0 | J46: =SUM(5000-I46) -> 5000 | K46: =CAR_10!U24 -> 0 | L46: =CAR_10!AE24 -> 0 | M46: =CAR_10!AN24 -> 0 | O46: MAI | P46: =CAR_11!H23 -> 0 | Q46: =SUM(5000-P46) -> 5000 | R46: =CAR_11!U24 -> 0 | S46: =CAR_11!AE24 -> 0 | T46: =CAR_11!AN24 -> 0 | V46: MAI | W46: =CAR_12!H23 -> 0 | X46: =SUM(5000-W46) -> 5000 | Y46: =CAR_12!U24 -> 0 | Z46: =CAR_12!AE24 -> 0 | AA46: =CAR_12!AN24 -> 0
A47: JUN | B47: ='Ualace-Desmob3'!H27 -> 0 | C47: =SUM(5000-B47) -> 5000 | D47: ='Ualace-Desmob3'!U28 -> 0 | E47: ='Ualace-Desmob3'!AE28 -> 0 | F47: ='Ualace-Desmob3'!AN28 -> 0 | H47: JUN | I47: =CAR_10!H27 -> 0 | J47: =SUM(5000-I47) -> 5000 | K47: =CAR_10!U28 -> 0 | L47: =CAR_10!AE28 -> 0 | M47: =CAR_10!AN28 -> 0 | O47: JUN | P47: =CAR_11!H27 -> 0 | Q47: =SUM(5000-P47) -> 5000 | R47: =CAR_11!U28 -> 0 | S47: =CAR_11!AE28 -> 0 | T47: =CAR_11!AN28 -> 0 | V47: JUN | W47: =CAR_12!H27 -> 0 | X47: =SUM(5000-W47) -> 5000 | Y47: =CAR_12!U28 -> 0 | Z47: =CAR_12!AE28 -> 0 | AA47: =CAR_12!AN28 -> 0
A48: JUL | B48: ='Ualace-Desmob3'!H31 -> 0 | C48: =SUM(5000-B48) -> 5000 | D48: ='Ualace-Desmob3'!U32 -> 0 | E48: ='Ualace-Desmob3'!AE32 -> 0 | F48: ='Ualace-Desmob3'!AN32 -> 0 | H48: JUL | I48: =CAR_10!H31 -> 0 | J48: =SUM(5000-I48) -> 5000 | K48: =CAR_10!U32 -> 0 | L48: =CAR_10!AE32 -> 0 | M48: =CAR_10!AN32 -> 0 | O48: JUL | P48: =CAR_11!H31 -> 0 | Q48: =SUM(5000-P48) -> 5000 | R48: =CAR_11!U32 -> 0 | S48: =CAR_11!AE32 -> 0 | T48: =CAR_11!AN32 -> 0 | V48: JUL | W48: =CAR_12!H31 -> 0 | X48: =SUM(5000-W48) -> 5000 | Y48: =CAR_12!U32 -> 0 | Z48: =CAR_12!AE32 -> 0 | AA48: =CAR_12!AN32 -> 0
A49: AGO | B49: ='Ualace-Desmob3'!H35 -> 0 | C49: =SUM(5000-B49) -> 5000 | D49: ='Ualace-Desmob3'!U36 -> 0 | E49: ='Ualace-Desmob3'!AE36 -> 0 | F49: ='Ualace-Desmob3'!AN36 -> 0 | H49: AGO | I49: =CAR_10!H35 -> 0 | J49: =SUM(5000-I49) -> 5000 | K49: =CAR_10!U36 -> 0 | L49: =CAR_10!AE36 -> 0 | M49: =CAR_10!AN36 -> 0 | O49: AGO | P49: =CAR_11!H35 -> 0 | Q49: =SUM(5000-P49) -> 5000 | R49: =CAR_11!U36 -> 0 | S49: =CAR_11!AE36 -> 0 | T49: =CAR_11!AN36 -> 0 | V49: AGO | W49: =CAR_12!H35 -> 0 | X49: =SUM(5000-W49) -> 5000 | Y49: =CAR_12!U36 -> 0 | Z49: =CAR_12!AE36 -> 0 | AA49: =CAR_12!AN36 -> 0
A50: SET | B50: ='Ualace-Desmob3'!H39 -> 0 | C50: =SUM(5000-B50) -> 5000 | D50: ='Ualace-Desmob3'!U40 -> 0 | E50: ='Ualace-Desmob3'!AE40 -> 0 | F50: ='Ualace-Desmob3'!AN40 -> 0 | H50: SET | I50: =CAR_10!H39 -> 0 | J50: =SUM(5000-I50) -> 5000 | K50: =CAR_10!U40 -> 0 | L50: =CAR_10!AE40 -> 0 | M50: =CAR_10!AN40 -> 0 | O50: SET | P50: =CAR_11!H39 -> 0 | Q50: =SUM(5000-P50) -> 5000 | R50: =CAR_11!U40 -> 0 | S50: =CAR_11!AE40 -> 0 | T50: =CAR_11!AN40 -> 0 | V50: SET | W50: =CAR_12!H39 -> 0 | X50: =SUM(5000-W50) -> 5000 | Y50: =CAR_12!U40 -> 0 | Z50: =CAR_12!AE40 -> 0 | AA50: =CAR_12!AN40 -> 0
A51: OUT | B51: ='Ualace-Desmob3'!H43 -> 0 | C51: =SUM(5000-B51) -> 5000 | D51: ='Ualace-Desmob3'!U44 -> 0 | E51: ='Ualace-Desmob3'!AE44 -> 0 | F51: ='Ualace-Desmob3'!AN44 -> 0 | H51: OUT | I51: =CAR_10!H43 -> 0 | J51: =SUM(5000-I51) -> 5000 | K51: =CAR_10!U44 -> 0 | L51: =CAR_10!AE44 -> 0 | M51: =CAR_10!AN44 -> 0 | O51: OUT | P51: =CAR_11!H43 -> 0 | Q51: =SUM(5000-P51) -> 5000 | R51: =CAR_11!U44 -> 0 | S51: =CAR_11!AE44 -> 0 | T51: =CAR_11!AN44 -> 0 | V51: OUT | W51: =CAR_12!H43 -> 0 | X51: =SUM(5000-W51) -> 5000 | Y51: =CAR_12!U44 -> 0 | Z51: =CAR_12!AE44 -> 0 | AA51: =CAR_12!AN44 -> 0
A52: NOV | B52: ='Ualace-Desmob3'!H47 -> 0 | C52: =SUM(5000-B52) -> 5000 | D52: ='Ualace-Desmob3'!U48 -> 0 | E52: ='Ualace-Desmob3'!AE48 -> 0 | F52: ='Ualace-Desmob3'!AN48 -> 0 | H52: NOV | I52: =CAR_10!H47 -> 0 | J52: =SUM(5000-I52) -> 5000 | K52: =CAR_10!U48 -> 0 | L52: =CAR_10!AE48 -> 0 | M52: =CAR_10!AN48 -> 0 | O52: NOV | P52: =CAR_11!H47 -> 0 | Q52: =SUM(5000-P52) -> 5000 | R52: =CAR_11!U48 -> 0 | S52: =CAR_11!AE48 -> 0 | T52: =CAR_11!AN48 -> 0 | V52: NOV | W52: =CAR_12!H47 -> 0 | X52: =SUM(5000-W52) -> 5000 | Y52: =CAR_12!U48 -> 0 | Z52: =CAR_12!AE48 -> 0 | AA52: =CAR_12!AN48 -> 0
A53: DEZ | B53: ='Ualace-Desmob3'!H51 -> 0 | C53: =SUM(5000-B53) -> 5000 | D53: ='Ualace-Desmob3'!U52 -> 0 | E53: ='Ualace-Desmob3'!AE52 -> 0 | F53: ='Ualace-Desmob3'!AN52 -> 0 | H53: DEZ | I53: =CAR_10!H51 -> 0 | J53: =SUM(5000-I53) -> 5000 | K53: =CAR_10!U52 -> 0 | L53: =CAR_10!AE52 -> 0 | M53: =CAR_10!AN52 -> 0 | O53: DEZ | P53: =CAR_11!H51 -> 0 | Q53: =SUM(5000-P53) -> 5000 | R53: =CAR_11!U52 -> 0 | S53: =CAR_11!AE52 -> 0 | T53: =CAR_11!AN52 -> 0 | V53: DEZ | W53: =CAR_12!H51 -> 0 | X53: =SUM(5000-W53) -> 5000 | Y53: =CAR_12!U52 -> 0 | Z53: =CAR_12!AE52 -> 0 | AA53: =CAR_12!AN52 -> 0
A55: TOTAL | B55: =SUM(B42:B53) -> 2349 | D55: =SUM(D42:D53) -> 0 | E55: =SUM(E42:E53) -> 0 | F55: =SUM(F42:F53) -> 0 | H55: TOTAL | I55: =SUM(I42:I53) -> 0 | K55: =SUM(K42:K53) -> 0 | L55: =SUM(L42:L53) -> 0 | M55: =SUM(M42:M53) -> 0 | O55: TOTAL | P55: =SUM(P42:P53) -> 0 | R55: =SUM(R42:R53) -> 0 | S55: =SUM(S42:S53) -> 0 | T55: =SUM(T42:T53) -> 0 | V55: TOTAL | W55: =SUM(W42:W53) -> 0 | Y55: =SUM(Y42:Y53) -> 0 | Z55: =SUM(Z42:Z53) -> 0 | AA55: =SUM(AA42:AA53) -> 0
A56: SALDO KM | B56: =SUM(60000-B55) -> 57651 | H56: SALDO KM | I56: =SUM(60000-I55) -> 60000 | O56: SALDO KM | P56: =SUM(60000-P55) -> 60000 | V56: SALDO KM | W56: =SUM(60000-W55) -> 60000
B59: CAR_13 | I59: CAR_14 | P59: CAR_15 | W59: CAR_16
B60: KM | C60: KM MENSAL | D60: ABASTECIMENTO | E60: LAVA_RAPIDO | F60: BORRACHARIA | I60: KM | J60: KM MENSAL | K60: ABASTECIMENTO | L60: LAVA_RAPIDO | M60: BORRACHARIA | P60: KM | Q60: KM MENSAL | R60: ABASTECIMENTO | S60: LAVA_RAPIDO | T60: BORRACHARIA | W60: KM | X60: KM MENSAL | Y60: ABASTECIMENTO | Z60: LAVA_RAPIDO | AA60: BORRACHARIA
A61: JAN | H61: JAN | O61: JAN | V61: JAN
A62: FEV | B62: =CAR_13!H11 -> 0 | C62: =SUM(5000-B62) -> 5000 | D62: =CAR_13!U12 -> 0 | E62: =CAR_13!AE12 -> 0 | F62: =CAR_13!AN12 -> 0 | H62: FEV | I62: =CAR_14!H11 -> 0 | J62: =SUM(5000-I62) -> 5000 | K62: =CAR_14!U12 -> 0 | L62: =CAR_14!AE12 -> 0 | M62: =CAR_14!AN12 -> 0 | O62: FEV | P62: =CAR_15!H11 -> 0 | Q62: =SUM(5000-P62) -> 5000 | R62: =CAR_15!U12 -> 0 | S62: =CAR_15!AE12 -> 0 | T62: =CAR_15!AN12 -> 0 | V62: FEV | W62: =CAR_16!H11 -> 0 | X62: =SUM(5000-W62) -> 5000 | Y62: =CAR_16!U12 -> 0 | Z62: =CAR_16!AE12 -> 0 | AA62: =CAR_16!AN12 -> 0
A63: MAR | B63: =CAR_13!H15 -> 0 | C63: =SUM(5000-B63) -> 5000 | D63: =CAR_13!U16 -> 0 | E63: =CAR_13!AE16 -> 0 | F63: =CAR_13!AN16 -> 0 | H63: MAR | I63: =CAR_14!H15 -> 0 | J63: =SUM(5000-I63) -> 5000 | K63: =CAR_14!U16 -> 0 | L63: =CAR_14!AE16 -> 0 | M63: =CAR_14!AN16 -> 0 | O63: MAR | P63: =CAR_15!H15 -> 0 | Q63: =SUM(5000-P63) -> 5000 | R63: =CAR_15!U16 -> 0 | S63: =CAR_15!AE16 -> 0 | T63: =CAR_15!AN16 -> 0 | V63: MAR | W63: =CAR_16!H15 -> 0 | X63: =SUM(5000-W63) -> 5000 | Y63: =CAR_16!U16 -> 0 | Z63: =CAR_16!AE16 -> 0 | AA63: =CAR_16!AN16 -> 0
A64: ABR | B64: =CAR_13!H19 -> 0 | C64: =SUM(5000-B64) -> 5000 | D64: =CAR_13!U20 -> 0 | E64: =CAR_13!AE20 -> 0 | F64: =CAR_13!AN20 -> 0 | H64: ABR | I64: =CAR_14!H19 -> 0 | J64: =SUM(5000-I64) -> 5000 | K64: =CAR_14!U20 -> 0 | L64: =CAR_14!AE20 -> 0 | M64: =CAR_14!AN20 -> 0 | O64: ABR | P64: =CAR_15!H19 -> 0 | Q64: =SUM(5000-P64) -> 5000 | R64: =CAR_15!U20 -> 0 | S64: =CAR_15!AE20 -> 0 | T64: =CAR_15!AN20 -> 0 | V64: ABR | W64: =CAR_16!H19 -> 0 | X64: =SUM(5000-W64) -> 5000 | Y64: =CAR_16!U20 -> 0 | Z64: =CAR_16!AE20 -> 0 | AA64: =CAR_16!AN20 -> 0
A65: MAI | B65: =CAR_13!H23 -> 0 | C65: =SUM(5000-B65) -> 5000 | D65: =CAR_13!U24 -> 0 | E65: =CAR_13!AE224 -> 0 | F65: =CAR_13!AN24 -> 0 | H65: MAI | I65: =CAR_14!H23 -> 0 | J65: =SUM(5000-I65) -> 5000 | K65: =CAR_14!U24 -> 0 | L65: =CAR_14!AE24 -> 0 | M65: =CAR_14!AN24 -> 0 | O65: MAI | P65: =CAR_15!H23 -> 0 | Q65: =SUM(5000-P65) -> 5000 | R65: =CAR_15!U24 -> 0 | S65: =CAR_15!AE24 -> 0 | T65: =CAR_15!AN24 -> 0 | V65: MAI | W65: =CAR_16!H23 -> 0 | X65: =SUM(5000-W65) -> 5000 | Y65: =CAR_16!U24 -> 0 | Z65: =CAR_16!AE24 -> 0 | AA65: =CAR_16!AN24 -> 0
A66: JUN | B66: =CAR_13!H27 -> 0 | C66: =SUM(5000-B66) -> 5000 | D66: =CAR_13!U28 -> 0 | E66: =CAR_13!AE28 -> 0 | F66: =CAR_13!AN28 -> 0 | H66: JUN | I66: =CAR_14!H27 -> 0 | J66: =SUM(5000-I66) -> 5000 | K66: =CAR_14!U28 -> 0 | L66: =CAR_14!AE28 -> 0 | M66: =CAR_14!AN28 -> 0 | O66: JUN | P66: =CAR_15!H27 -> 0 | Q66: =SUM(5000-P66) -> 5000 | R66: =CAR_15!U28 -> 0 | S66: =CAR_15!AE28 -> 0 | T66: =CAR_15!AN28 -> 0 | V66: JUN | W66: =CAR_16!H27 -> 0 | X66: =SUM(5000-W66) -> 5000 | Y66: =CAR_16!U28 -> 0 | Z66: =CAR_16!AE28 -> 0 | AA66: =CAR_16!AN28 -> 0
A67: JUL | B67: =CAR_13!H31 -> 0 | C67: =SUM(5000-B67) -> 5000 | D67: =CAR_13!U32 -> 0 | E67: =CAR_13!AE32 -> 0 | F67: =CAR_13!AN32 -> 0 | H67: JUL | I67: =CAR_14!H31 -> 0 | J67: =SUM(5000-I67) -> 5000 | K67: =CAR_14!U32 -> 0 | L67: =CAR_14!AE32 -> 0 | M67: =CAR_14!AN32 -> 0 | O67: JUL | P67: =CAR_15!H31 -> 0 | Q67: =SUM(5000-P67) -> 5000 | R67: =CAR_15!U32 -> 0 | S67: =CAR_15!AE32 -> 0 | T67: =CAR_15!AN32 -> 0 | V67: JUL | W67: =CAR_16!H31 -> 0 | X67: =SUM(5000-W67) -> 5000 | Y67: =CAR_16!U32 -> 0 | Z67: =CAR_16!AE32 -> 0 | AA67: =CAR_16!AN32 -> 0
A68: AGO | B68: =CAR_13!H35 -> 0 | C68: =SUM(5000-B68) -> 5000 | D68: =CAR_13!U36 -> 0 | E68: =CAR_13!AE36 -> 0 | F68: =CAR_13!AN36 -> 0 | H68: AGO | I68: =CAR_14!H35 -> 0 | J68: =SUM(5000-I68) -> 5000 | K68: =CAR_14!U36 -> 0 | L68: =CAR_14!AE36 -> 0 | M68: =CAR_14!AN36 -> 0 | O68: AGO | P68: =CAR_15!H35 -> 0 | Q68: =SUM(5000-P68) -> 5000 | R68: =CAR_15!U36 -> 0 | S68: =CAR_15!AE36 -> 0 | T68: =CAR_15!AN36 -> 0 | V68: AGO | W68: =CAR_16!H35 -> 0 | X68: =SUM(5000-W68) -> 5000 | Y68: =CAR_16!U36 -> 0 | Z68: =CAR_16!AE36 -> 0 | AA68: =CAR_16!AN36 -> 0
A69: SET | B69: =CAR_13!H39 -> 0 | C69: =SUM(5000-B69) -> 5000 | D69: =CAR_13!U40 -> 0 | E69: =CAR_13!AE40 -> 0 | F69: =CAR_13!AN400 -> 0 | H69: SET | I69: =CAR_14!H39 -> 0 | J69: =SUM(5000-I69) -> 5000 | K69: =CAR_14!U40 -> 0 | L69: =CAR_14!AE40 -> 0 | M69: =CAR_14!AN40 -> 0 | O69: SET | P69: =CAR_15!H39 -> 0 | Q69: =SUM(5000-P69) -> 5000 | R69: =CAR_15!U40 -> 0 | S69: =CAR_15!AE40 -> 0 | T69: =CAR_15!AN40 -> 0 | V69: SET | W69: =CAR_16!H39 -> 0 | X69: =SUM(5000-W69) -> 5000 | Y69: =CAR_16!U40 -> 0 | Z69: =CAR_16!AE40 -> 0 | AA69: =CAR_16!AN40 -> 0
A70: OUT | B70: =CAR_13!H43 -> 0 | C70: =SUM(5000-B70) -> 5000 | D70: =CAR_13!U44 -> 0 | E70: =CAR_13!AE44 -> 0 | F70: =CAR_13!AN44 -> 0 | H70: OUT | I70: =CAR_14!H43 -> 0 | J70: =SUM(5000-I70) -> 5000 | K70: =CAR_14!U44 -> 0 | L70: =CAR_14!AE44 -> 0 | M70: =CAR_14!AN44 -> 0 | O70: OUT | P70: =CAR_15!H43 -> 0 | Q70: =SUM(5000-P70) -> 5000 | R70: =CAR_15!U44 -> 0 | S70: =CAR_15!AE44 -> 0 | T70: =CAR_15!AN44 -> 0 | V70: OUT | W70: =CAR_16!H43 -> 0 | X70: =SUM(5000-W70) -> 5000 | Y70: =CAR_16!U44 -> 0 | Z70: =CAR_16!AE44 -> 0 | AA70: =CAR_16!AN44 -> 0
A71: NOV | B71: =CAR_13!H47 -> 0 | C71: =SUM(5000-B71) -> 5000 | D71: =CAR_13!U48 -> 0 | E71: =CAR_13!AE48 -> 0 | F71: =CAR_13!AN48 -> 0 | H71: NOV | I71: =CAR_14!H47 -> 0 | J71: =SUM(5000-I71) -> 5000 | K71: =CAR_14!U48 -> 0 | L71: =CAR_14!AE48 -> 0 | M71: =CAR_14!AN48 -> 0 | O71: NOV | P71: =CAR_15!H47 -> 0 | Q71: =SUM(5000-P71) -> 5000 | R71: =CAR_15!U48 -> 0 | S71: =CAR_15!AE48 -> 0 | T71: =CAR_15!AN48 -> 0 | V71: NOV | W71: =CAR_16!H47 -> 0 | X71: =SUM(5000-W71) -> 5000 | Y71: =CAR_16!U48 -> 0 | Z71: =CAR_16!AE48 -> 0 | AA71: =CAR_16!AN48 -> 0
A72: DEZ | B72: =CAR_13!H51 -> 0 | C72: =SUM(5000-B72) -> 5000 | D72: =CAR_13!U52 -> 0 | E72: =CAR_13!AE52 -> 0 | F72: =CAR_13!AN52 -> 0 | H72: DEZ | I72: =CAR_14!H51 -> 0 | J72: =SUM(5000-I72) -> 5000 | K72: =CAR_14!U52 -> 0 | L72: =CAR_14!AE52 -> 0 | M72: =CAR_14!AN52 -> 0 | O72: DEZ | P72: =CAR_15!H51 -> 0 | Q72: =SUM(5000-P72) -> 5000 | R72: =CAR_15!U52 -> 0 | S72: =CAR_15!AE52 -> 0 | T72: =CAR_15!AN52 -> 0 | V72: DEZ | W72: =CAR_16!H51 -> 0 | X72: =SUM(5000-W72) -> 5000 | Y72: =CAR_16!U52 -> 0 | Z72: =CAR_16!AE52 -> 0 | AA72: =CAR_16!AN52 -> 0
A74: TOTAL | B74: =SUM(B61:B72) -> 0 | D74: =SUM(D61:D72) -> 0 | E74: =SUM(E61:E72) -> 0 | F74: =SUM(F61:F72) -> 0 | H74: TOTAL | I74: =SUM(I61:I72) -> 0 | K74: =SUM(K61:K72) -> 0 | L74: =SUM(L61:L72) -> 0 | M74: =SUM(M61:M72) -> 0 | O74: TOTAL | P74: =SUM(P61:P72) -> 0 | R74: =SUM(R61:R72) -> 0 | S74: =SUM(S61:S72) -> 0 | T74: =SUM(T61:T72) -> 0 | V74: TOTAL | W74: =SUM(W61:W72) -> 0 | Y74: =SUM(Y61:Y72) -> 0 | Z74: =SUM(Z61:Z72) -> 0 | AA74: =SUM(AA61:AA72) -> 0
A75: SALDO KM | B75: =SUM(60000-B74) -> 60000 | H75: SALDO KM | I75: =SUM(60000-I74) -> 60000 | O75: SALDO KM | P75: =SUM(60000-P74) -> 60000 | V75: SALDO KM | W75: =SUM(60000-W74) -> 60000
B78: CAR_17 | I78: CAR_18 | P78: CAR_19 | W78: CAR_20
B79: KM | C79: KM MENSAL | D79: ABASTECIMENTO | E79: LAVA_RAPIDO | F79: BORRACHARIA | I79: KM | J79: KM MENSAL | K79: ABASTECIMENTO | L79: LAVA_RAPIDO | M79: BORRACHARIA | P79: KM | Q79: KM MENSAL | R79: ABASTECIMENTO | S79: LAVA_RAPIDO | T79: BORRACHARIA | W79: KM | X79: KM MENSAL | Y79: ABASTECIMENTO | Z79: LAVA_RAPIDO | AA79: BORRACHARIA
A80: JAN | H80: JAN | O80: JAN | V80: JAN
A81: FEV | B81: =CAR_17!H11 -> 0 | C81: =SUM(5000-B81) -> 5000 | D81: =CAR_17!U12 -> 0 | E81: =CAR_17!AE12 -> 0 | F81: =CAR_17!AN12 -> 0 | H81: FEV | I81: =CAR_18!H11 -> 0 | J81: =SUM(5000-I81) -> 5000 | K81: =CAR_18!U12 -> 0 | L81: =CAR_18!AE12 -> 0 | M81: =CAR_18!AE12 -> 0 | O81: FEV | P81: =CAR_19!H11 -> 0 | Q81: =SUM(5000-P81) -> 5000 | R81: =CAR_19!U12 -> 0 | S81: =CAR_19!AE12 -> 0 | T81: =CAR_19!AE12 -> 0 | V81: FEV | W81: =CAR_20!H11 -> 0 | X81: =SUM(5000-W81) -> 5000 | Y81: =CAR_20!U12 -> 0 | Z81: =CAR_20!AE12 -> 0 | AA81: =CAR_20!AE12 -> 0
A82: MAR | B82: =CAR_17!H15 -> 0 | C82: =SUM(5000-B82) -> 5000 | D82: =CAR_17!U16 -> 0 | E82: =CAR_17!AE16 -> 0 | F82: =CAR_17!AN16 -> 0 | H82: MAR | I82: =CAR_18!H15 -> 0 | J82: =SUM(5000-I82) -> 5000 | K82: =CAR_18!U16 -> 0 | L82: =CAR_18!AE16 -> 0 | M82: =CAR_18!AE16 -> 0 | O82: MAR | P82: =CAR_19!H15 -> 0 | Q82: =SUM(5000-P82) -> 5000 | R82: =CAR_19!U16 -> 0 | S82: =CAR_19!AE16 -> 0 | T82: =CAR_19!AE16 -> 0 | V82: MAR | W82: =CAR_20!H15 -> 0 | X82: =SUM(5000-W82) -> 5000 | Y82: =CAR_20!U16 -> 0 | Z82: =CAR_20!AE16 -> 0 | AA82: =CAR_20!AE16 -> 0
A83: ABR | B83: =CAR_17!H19 -> 0 | C83: =SUM(5000-B83) -> 5000 | D83: =CAR_17!U20 -> 0 | E83: =CAR_17!AE20 -> 0 | F83: =CAR_17!AN20 -> 0 | H83: ABR | I83: =CAR_18!H19 -> 0 | J83: =SUM(5000-I83) -> 5000 | K83: =CAR_18!U20 -> 0 | L83: =CAR_18!AE120 -> 0 | M83: =CAR_18!AE20 -> 0 | O83: ABR | P83: =CAR_19!H19 -> 0 | Q83: =SUM(5000-P83) -> 5000 | R83: =CAR_19!U20 -> 0 | S83: =CAR_19!AE20 -> 0 | T83: =CAR_19!AE20 -> 0 | V83: ABR | W83: =CAR_20!H19 -> 0 | X83: =SUM(5000-W83) -> 5000 | Y83: =CAR_20!U20 -> 0 | Z83: =CAR_20!AE20 -> 0 | AA83: =CAR_20!AE20 -> 0
A84: MAI | B84: =CAR_17!H23 -> 0 | C84: =SUM(5000-B84) -> 5000 | D84: =CAR_17!U24 -> 0 | E84: =CAR_17!AE24 -> 0 | F84: =CAR_17!AN24 -> 0 | H84: MAI | I84: =CAR_18!H23 -> 0 | J84: =SUM(5000-I84) -> 5000 | K84: =CAR_18!U24 -> 0 | L84: =CAR_18!AE24 -> 0 | M84: =CAR_18!AE24 -> 0 | O84: MAI | P84: =CAR_19!H23 -> 0 | Q84: =SUM(5000-P84) -> 5000 | R84: =CAR_19!U24 -> 0 | S84: =CAR_19!AE24 -> 0 | T84: =CAR_19!AE24 -> 0 | V84: MAI | W84: =CAR_20!H23 -> 0 | X84: =SUM(5000-W84) -> 5000 | Y84: =CAR_20!U24 -> 0 | Z84: =CAR_20!AE24 -> 0 | AA84: =CAR_20!AE24 -> 0
A85: JUN | B85: =CAR_17!H27 -> 0 | C85: =SUM(5000-B85) -> 5000 | D85: =CAR_17!U28 -> 0 | E85: =CAR_17!AE28 -> 0 | F85: =CAR_17!AN28 -> 0 | H85: JUN | I85: =CAR_18!H27 -> 0 | J85: =SUM(5000-I85) -> 5000 | K85: =CAR_18!U28 -> 0 | L85: =CAR_18!AE28 -> 0 | M85: =CAR_18!AE28 -> 0 | O85: JUN | P85: =CAR_19!H27 -> 0 | Q85: =SUM(5000-P85) -> 5000 | R85: =CAR_19!U28 -> 0 | S85: =CAR_19!AE28 -> 0 | T85: =CAR_19!AE28 -> 0 | V85: JUN | W85: =CAR_20!H27 -> 0 | X85: =SUM(5000-W85) -> 5000 | Y85: =CAR_20!U28 -> 0 | Z85: =CAR_20!AE28 -> 0 | AA85: =CAR_20!AE28 -> 0
A86: JUL | B86: =CAR_17!H31 -> 0 | C86: =SUM(5000-B86) -> 5000 | D86: =CAR_17!U32 -> 0 | E86: =CAR_17!AE32 -> 0 | F86: =CAR_17!AN32 -> 0 | H86: JUL | I86: =CAR_18!H31 -> 0 | J86: =SUM(5000-I86) -> 5000 | K86: =CAR_18!U32 -> 0 | L86: =CAR_18!AE32 -> 0 | M86: =CAR_18!AE32 -> 0 | O86: JUL | P86: =CAR_19!H31 -> 0 | Q86: =SUM(5000-P86) -> 5000 | R86: =CAR_19!U32 -> 0 | S86: =CAR_19!AE32 -> 0 | T86: =CAR_19!AE32 -> 0 | V86: JUL | W86: =CAR_20!H31 -> 0 | X86: =SUM(5000-W86) -> 5000 | Y86: =CAR_20!U32 -> 0 | Z86: =CAR_20!AE32 -> 0 | AA86: =CAR_20!AE32 -> 0
A87: AGO | B87: =CAR_17!H35 -> 0 | C87: =SUM(5000-B87) -> 5000 | D87: =CAR_17!U36 -> 0 | E87: =CAR_17!AE36 -> 0 | F87: =CAR_17!AN36 -> 0 | H87: AGO | I87: =CAR_18!H35 -> 0 | J87: =SUM(5000-I87) -> 5000 | K87: =CAR_18!U36 -> 0 | L87: =CAR_18!AE36 -> 0 | M87: =CAR_18!AE36 -> 0 | O87: AGO | P87: =CAR_19!H35 -> 0 | Q87: =SUM(5000-P87) -> 5000 | R87: =CAR_19!U36 -> 0 | S87: =CAR_19!AE36 -> 0 | T87: =CAR_19!AE36 -> 0 | V87: AGO | W87: =CAR_20!H35 -> 0 | X87: =SUM(5000-W87) -> 5000 | Y87: =CAR_20!U36 -> 0 | Z87: =CAR_20!AE36 -> 0 | AA87: =CAR_20!AE36 -> 0
A88: SET | B88: =CAR_17!H39 -> 0 | C88: =SUM(5000-B88) -> 5000 | D88: =CAR_17!U40 -> 0 | E88: =CAR_17!AE40 -> 0 | F88: =CAR_17!AN40 -> 0 | H88: SET | I88: =CAR_18!H39 -> 0 | J88: =SUM(5000-I88) -> 5000 | K88: =CAR_18!U40 -> 0 | L88: =CAR_18!AE40 -> 0 | M88: =CAR_18!AE40 -> 0 | O88: SET | P88: =CAR_19!H39 -> 0 | Q88: =SUM(5000-P88) -> 5000 | R88: =CAR_19!U40 -> 0 | S88: =CAR_19!AE40 -> 0 | T88: =CAR_19!AE40 -> 0 | V88: SET | W88: =CAR_20!H39 -> 0 | X88: =SUM(5000-W88) -> 5000 | Y88: =CAR_20!U40 -> 0 | Z88: =CAR_20!AE40 -> 0 | AA88: =CAR_20!AE40 -> 0
A89: OUT | B89: =CAR_17!H43 -> 0 | C89: =SUM(5000-B89) -> 5000 | D89: =CAR_17!U44 -> 0 | E89: =CAR_17!AE44 -> 0 | F89: =CAR_17!AN44 -> 0 | H89: OUT | I89: =CAR_18!H43 -> 0 | J89: =SUM(5000-I89) -> 5000 | K89: =CAR_18!U44 -> 0 | L89: =CAR_18!AE44 -> 0 | M89: =CAR_18!AE44 -> 0 | O89: OUT | P89: =CAR_19!H43 -> 0 | Q89: =SUM(5000-P89) -> 5000 | R89: =CAR_19!U44 -> 0 | S89: =CAR_19!AE44 -> 0 | T89: =CAR_19!AE44 -> 0 | V89: OUT | W89: =CAR_20!H43 -> 0 | X89: =SUM(5000-W89) -> 5000 | Y89: =CAR_20!U44 -> 0 | Z89: =CAR_20!AE44 -> 0 | AA89: =CAR_20!AE44 -> 0
A90: NOV | B90: =CAR_17!H47 -> 0 | C90: =SUM(5000-B90) -> 5000 | D90: =CAR_17!U48 -> 0 | E90: =CAR_17!AE48 -> 0 | F90: =CAR_17!AN48 -> 0 | H90: NOV | I90: =CAR_18!H47 -> 0 | J90: =SUM(5000-I90) -> 5000 | K90: =CAR_18!U48 -> 0 | L90: =CAR_18!AE48 -> 0 | M90: =CAR_18!AE48 -> 0 | O90: NOV | P90: =CAR_19!H47 -> 0 | Q90: =SUM(5000-P90) -> 5000 | R90: =CAR_19!U48 -> 0 | S90: =CAR_19!AE48 -> 0 | T90: =CAR_19!AE48 -> 0 | V90: NOV | W90: =CAR_20!H47 -> 0 | X90: =SUM(5000-W90) -> 5000 | Y90: =CAR_20!U48 -> 0 | Z90: =CAR_20!AE48 -> 0 | AA90: =CAR_20!AE48 -> 0
A91: DEZ | B91: =CAR_17!H51 -> 0 | C91: =SUM(5000-B91) -> 5000 | D91: =CAR_17!U52 -> 0 | E91: =CAR_17!AE52 -> 0 | F91: =CAR_17!AN52 -> 0 | H91: DEZ | I91: =CAR_18!H51 -> 0 | J91: =SUM(5000-I91) -> 5000 | K91: =CAR_18!U52 -> 0 | L91: =CAR_18!AE52 -> 0 | M91: =CAR_18!AE52 -> 0 | O91: DEZ | P91: =CAR_19!H51 -> 0 | Q91: =SUM(5000-P91) -> 5000 | R91: =CAR_19!U52 -> 0 | S91: =CAR_19!AE52 -> 0 | T91: =CAR_19!AE52 -> 0 | V91: DEZ | W91: =CAR_20!H51 -> 0 | X91: =SUM(5000-W91) -> 5000 | Y91: =CAR_20!U52 -> 0 | Z91: =CAR_20!AE52 -> 0 | AA91: =CAR_20!AE52 -> 0
A93: TOTAL | B93: =SUM(B80:B91) -> 0 | D93: =SUM(D80:D91) -> 0 | E93: =SUM(E80:E91) -> 0 | F93: =SUM(F80:F91) -> 0 | H93: TOTAL | I93: =SUM(I80:I91) -> 0 | K93: =SUM(K80:K91) -> 0 | L93: =SUM(L80:L91) -> 0 | M93: =SUM(M80:M91) -> 0 | O93: TOTAL | P93: =SUM(P80:P91) -> 0 | R93: =SUM(R80:R91) -> 0 | S93: =SUM(S80:S91) -> 0 | T93: =SUM(T80:T91) -> 0 | V93: TOTAL | W93: =SUM(W80:W91) -> 0 | Y93: =SUM(Y80:Y91) -> 0 | Z93: =SUM(Z80:Z91) -> 0 | AA93: =SUM(AA80:AA91) -> 0
A94: SALDO KM | B94: =SUM(60000-B93) -> 60000 | H94: SALDO KM | I94: =SUM(60000-I93) -> 60000 | O94: SALDO KM | P94: =SUM(60000-P93) -> 60000 | V94: SALDO KM | W94: =SUM(60000-W93) -> 60000
B96: CAR_21 | I96: CAR_22 | P96: CAR_23 | W96: CAR_24
B97: KM | C97: KM MENSAL | D97: ABASTECIMENTO | E97: LAVA_RAPIDO | F97: BORRACHARIA | I97: KM | J97: KM MENSAL | K97: ABASTECIMENTO | L97: LAVA_RAPIDO | M97: BORRACHARIA | P97: KM | Q97: KM MENSAL | R97: ABASTECIMENTO | S97: LAVA_RAPIDO | T97: BORRACHARIA | W97: KM | X97: KM MENSAL | Y97: ABASTECIMENTO | Z97: LAVA_RAPIDO | AA97: BORRACHARIA
A98: JAN | H98: JAN | O98: JAN | V98: JAN
A99: FEV | B99: =CAR_21!H11 -> 0 | C99: =SUM(5000-B99) -> 5000 | D99: =CAR_21!U12 -> 0 | E99: =CAR_21!AE12 -> 0 | F99: =CAR_21!AN12 -> 0 | H99: FEV | I99: =CAR_22!H11 -> 0 | J99: =SUM(5000-I99) -> 5000 | K99: =CAR_22!U12 -> 0 | L99: =CAR_22!AE12 -> 0 | M99: =CAR_22!AN12 -> 0 | O99: FEV | P99: =CAR_23!H11 -> 0 | Q99: =SUM(5000-P99) -> 5000 | R99: =CAR_23!U12 -> 0 | S99: =CAR_23!AE12 -> 0 | T99: =CAR_23!AN12 -> 0 | V99: FEV | W99: =CAR_24!H11 -> 0 | X99: =SUM(5000-W99) -> 5000 | Y99: =CAR_24!U12 -> 0 | Z99: =CAR_24!AE12 -> 0 | AA99: =CAR_24!AN12 -> 0
A100: MAR | B100: =CAR_21!H15 -> 0 | C100: =SUM(5000-B100) -> 5000 | D100: =CAR_21!U16 -> 0 | E100: =CAR_21!AE16 -> 0 | F100: =CAR_21!AN16 -> 0 | H100: MAR | I100: =CAR_22!H15 -> 0 | J100: =SUM(5000-I100) -> 5000 | K100: =CAR_22!U16 -> 0 | L100: =CAR_22!AE16 -> 0 | M100: =CAR_22!AN16 -> 0 | O100: MAR | P100: =CAR_23!H19 -> 0 | Q100: =SUM(5000-P100) -> 5000 | R100: =CAR_23!U16 -> 0 | S100: =CAR_23!AE16 -> 0 | T100: =CAR_23!AN16 -> 0 | V100: MAR | W100: =CAR_24!H15 -> 0 | X100: =SUM(5000-W100) -> 5000 | Y100: =CAR_24!U16 -> 0 | Z100: =CAR_24!AE16 -> 0 | AA100: =CAR_24!AN16 -> 0
A101: ABR | B101: =CAR_21!H19 -> 0 | C101: =SUM(5000-B101) -> 5000 | D101: =CAR_21!U20 -> 0 | E101: =CAR_21!AE20 -> 0 | F101: =CAR_21!AN220 -> 0 | H101: ABR | I101: =CAR_22!H19 -> 0 | J101: =SUM(5000-I101) -> 5000 | K101: =CAR_22!U20 -> 0 | L101: =CAR_22!AE20 -> 0 | M101: =CAR_22!AN20 -> 0 | O101: ABR | P101: =CAR_23!H19 -> 0 | Q101: =SUM(5000-P101) -> 5000 | R101: =CAR_23!U20 -> 0 | S101: =CAR_23!AE20 -> 0 | T101: =CAR_23!AN20 -> 0 | V101: ABR | W101: =CAR_24!H19 -> 0 | X101: =SUM(5000-W101) -> 5000 | Y101: =CAR_24!U20 -> 0 | Z101: =CAR_24!AE20 -> 0 | AA101: =CAR_24!AN20 -> 0
A102: MAI | B102: =CAR_21!H23 -> 0 | C102: =SUM(5000-B102) -> 5000 | D102: =CAR_21!U24 -> 0 | E102: =CAR_21!AE24 -> 0 | F102: =CAR_21!AN24 -> 0 | H102: MAI | I102: =CAR_22!H23 -> 0 | J102: =SUM(5000-I102) -> 5000 | K102: =CAR_22!U24 -> 0 | L102: =CAR_22!AE24 -> 0 | M102: =CAR_22!AN24 -> 0 | O102: MAI | P102: =CAR_23!H23 -> 0 | Q102: =SUM(5000-P102) -> 5000 | R102: =CAR_23!U24 -> 0 | S102: =CAR_23!AE24 -> 0 | T102: =CAR_23!AN24 -> 0 | V102: MAI | W102: =CAR_24!H23 -> 0 | X102: =SUM(5000-W102) -> 5000 | Y102: =CAR_24!U24 -> 0 | Z102: =CAR_24!AE24 -> 0 | AA102: =CAR_24!AN24 -> 0
A103: JUN | B103: =CAR_21!H27 -> 0 | C103: =SUM(5000-B103) -> 5000 | D103: =CAR_21!U28 -> 0 | E103: =CAR_21!AE28 -> 0 | F103: =CAR_21!AN28 -> 0 | H103: JUN | I103: =CAR_22!H27 -> 0 | J103: =SUM(5000-I103) -> 5000 | K103: =CAR_22!U28 -> 0 | L103: =CAR_22!AE28 -> 0 | M103: =CAR_22!AN28 -> 0 | O103: JUN | P103: =CAR_23!H27 -> 0 | Q103: =SUM(5000-P103) -> 5000 | R103: =CAR_23!U28 -> 0 | S103: =CAR_23!AE28 -> 0 | T103: =CAR_23!AN28 -> 0 | V103: JUN | W103: =CAR_24!H27 -> 0 | X103: =SUM(5000-W103) -> 5000 | Y103: =CAR_24!U28 -> 0 | Z103: =CAR_24!AE28 -> 0 | AA103: =CAR_24!AN28 -> 0
A104: JUL | B104: =CAR_21!H31 -> 0 | C104: =SUM(5000-B104) -> 5000 | D104: =CAR_21!U32 -> 0 | E104: =CAR_21!AE32 -> 0 | F104: =CAR_21!AN32 -> 0 | H104: JUL | I104: =CAR_22!H31 -> 0 | J104: =SUM(5000-I104) -> 5000 | K104: =CAR_22!U32 -> 0 | L104: =CAR_22!AE32 -> 0 | M104: =CAR_22!AN32 -> 0 | O104: JUL | P104: =CAR_23!H27 -> 0 | Q104: =SUM(5000-P104) -> 5000 | R104: =CAR_23!U32 -> 0 | S104: =CAR_23!AE32 -> 0 | T104: =CAR_23!AN32 -> 0 | V104: JUL | W104: =CAR_24!H31 -> 0 | X104: =SUM(5000-W104) -> 5000 | Y104: =CAR_24!U32 -> 0 | Z104: =CAR_24!AE32 -> 0 | AA104: =CAR_24!AN32 -> 0
A105: AGO | B105: =CAR_21!H35 -> 0 | C105: =SUM(5000-B105) -> 5000 | D105: =CAR_21!U36 -> 0 | E105: =CAR_21!AE36 -> 0 | F105: =CAR_21!AN36 -> 0 | H105: AGO | I105: =CAR_22!H35 -> 0 | J105: =SUM(5000-I105) -> 5000 | K105: =CAR_22!U36 -> 0 | L105: =CAR_22!AE36 -> 0 | M105: =CAR_22!AN36 -> 0 | O105: AGO | P105: =CAR_23!H35 -> 0 | Q105: =SUM(5000-P105) -> 5000 | R105: =CAR_23!U36 -> 0 | S105: =CAR_23!AE36 -> 0 | T105: =CAR_23!AN36 -> 0 | V105: AGO | W105: =CAR_24!H35 -> 0 | X105: =SUM(5000-W105) -> 5000 | Y105: =CAR_24!U36 -> 0 | Z105: =CAR_24!AE36 -> 0 | AA105: =CAR_24!AN36 -> 0
A106: SET | B106: =CAR_21!H39 -> 0 | C106: =SUM(5000-B106) -> 5000 | D106: =CAR_21!U40 -> 0 | E106: =CAR_21!AE40 -> 0 | F106: =CAR_21!AN40 -> 0 | H106: SET | I106: =CAR_22!H39 -> 0 | J106: =SUM(5000-I106) -> 5000 | K106: =CAR_22!U40 -> 0 | L106: =CAR_22!AE40 -> 0 | M106: =CAR_22!AN40 -> 0 | O106: SET | P106: =CAR_23!H39 -> 0 | Q106: =SUM(5000-P106) -> 5000 | R106: =CAR_23!U40 -> 0 | S106: =CAR_23!AE40 -> 0 | T106: =CAR_23!AN40 -> 0 | V106: SET | W106: =CAR_24!H39 -> 0 | X106: =SUM(5000-W106) -> 5000 | Y106: =CAR_24!U40 -> 0 | Z106: =CAR_24!AE40 -> 0 | AA106: =CAR_24!AN40 -> 0
A107: OUT | B107: =CAR_21!H43 -> 0 | C107: =SUM(5000-B107) -> 5000 | D107: =CAR_21!U44 -> 0 | E107: =CAR_21!AE44 -> 0 | F107: =CAR_21!AN44 -> 0 | H107: OUT | I107: =CAR_22!H43 -> 0 | J107: =SUM(5000-I107) -> 5000 | K107: =CAR_22!U44 -> 0 | L107: =CAR_22!AE44 -> 0 | M107: =CAR_22!AN44 -> 0 | O107: OUT | P107: =CAR_23!H43 -> 0 | Q107: =SUM(5000-P107) -> 5000 | R107: =CAR_23!U44 -> 0 | S107: =CAR_23!AE44 -> 0 | T107: =CAR_23!AN44 -> 0 | V107: OUT | W107: =CAR_24!H43 -> 0 | X107: =SUM(5000-W107) -> 5000 | Y107: =CAR_24!U44 -> 0 | Z107: =CAR_24!AE44 -> 0 | AA107: =CAR_24!AN44 -> 0
A108: NOV | B108: =CAR_21!H47 -> 0 | C108: =SUM(5000-B108) -> 5000 | D108: =CAR_21!U48 -> 0 | E108: =CAR_21!AE48 -> 0 | F108: =CAR_21!AN48 -> 0 | H108: NOV | I108: =CAR_22!H47 -> 0 | J108: =SUM(5000-I108) -> 5000 | K108: =CAR_22!U48 -> 0 | L108: =CAR_22!AE48 -> 0 | M108: =CAR_22!AN48 -> 0 | O108: NOV | P108: =CAR_23!H47 -> 0 | Q108: =SUM(5000-P108) -> 5000 | R108: =CAR_23!U48 -> 0 | S108: =CAR_23!AE48 -> 0 | T108: =CAR_23!AN48 -> 0 | V108: NOV | W108: =CAR_24!H47 -> 0 | X108: =SUM(5000-W108) -> 5000 | Y108: =CAR_24!U48 -> 0 | Z108: =CAR_24!AE48 -> 0 | AA108: =CAR_24!AN48 -> 0
A109: DEZ | B109: =CAR_21!H51 -> 0 | C109: =SUM(5000-B109) -> 5000 | D109: =CAR_21!U52 -> 0 | E109: =CAR_21!AE52 -> 0 | F109: =CAR_21!AN52 -> 0 | H109: DEZ | I109: =CAR_22!H51 -> 0 | J109: =SUM(5000-I109) -> 5000 | K109: =CAR_22!U52 -> 0 | L109: =CAR_22!AE52 -> 0 | M109: =CAR_22!AN52 -> 0 | O109: DEZ | P109: =CAR_23!H51 -> 0 | Q109: =SUM(5000-P109) -> 5000 | R109: =CAR_23!U52 -> 0 | S109: =CAR_23!AE52 -> 0 | T109: =CAR_23!AN52 -> 0 | V109: DEZ | W109: =CAR_24!H51 -> 0 | X109: =SUM(5000-W109) -> 5000 | Y109: =CAR_24!U52 -> 0 | Z109: =CAR_24!AE52 -> 0 | AA109: =CAR_24!AN52 -> 0
A111: TOTAL | B111: =SUM(B98:B109) -> 0 | D111: =SUM(D98:D109) -> 0 | E111: =SUM(E98:E109) -> 0 | F111: =SUM(F98:F109) -> 0 | H111: TOTAL | I111: =SUM(I98:I109) -> 0 | K111: =SUM(K98:K109) -> 0 | L111: =SUM(L98:L109) -> 0 | M111: =SUM(M98:M109) -> 0 | O111: TOTAL | P111: =SUM(P98:P109) -> 0 | R111: =SUM(R98:R109) -> 0 | S111: =SUM(S98:S109) -> 0 | T111: =SUM(T98:T109) -> 0 | V111: TOTAL | W111: =SUM(W98:W109) -> 0 | Y111: =SUM(Y98:Y109) -> 0 | Z111: =SUM(Z98:Z109) -> 0 | AA111: =SUM(AA98:AA109) -> 0
A112: SALDO KM | B112: =SUM(60000-B111) -> 60000 | H112: SALDO KM | I112: =SUM(60000-I111) -> 60000 | O112: SALDO KM | P112: =SUM(60000-P111) -> 60000 | V112: SALDO KM | W112: =SUM(60000-W111) -> 60000
B114: CAR_25 | I114: CAR_26 | P114: CAR_27 | W114: CAR_28
B115: KM | C115: KM MENSAL | D115: ABASTECIMENTO | E115: LAVA_RAPIDO | F115: BORRACHARIA | I115: KM | J115: KM MENSAL | K115: ABASTECIMENTO | L115: LAVA_RAPIDO | M115: BORRACHARIA | P115: KM | Q115: KM MENSAL | R115: ABASTECIMENTO | S115: LAVA_RAPIDO | T115: BORRACHARIA | W115: KM | X115: KM MENSAL | Y115: ABASTECIMENTO | Z115: LAVA_RAPIDO | AA115: BORRACHARIA
A116: JAN | H116: JAN | O116: JAN | V116: JAN
A117: FEV | B117: =CAR_25!H11 -> 0 | C117: =SUM(5000-B117) -> 5000 | D117: =CAR_25!U12 -> 0 | E117: =CAR_25!AE12 -> 0 | F117: =CAR_25!AN12 -> 0 | H117: FEV | I117: =CAR_26!H11 -> 0 | J117: =SUM(5000-I117) -> 5000 | K117: =CAR_26!U12 -> 0 | L117: =CAR_26!AE12 -> 0 | M117: =CAR_26!AN12 -> 0 | O117: FEV | P117: =CAR_27!H11 -> 0 | Q117: =SUM(5000-P117) -> 5000 | R117: =CAR_27!U12 -> 0 | S117: =CAR_27!AE12 -> 0 | T117: =CAR_27!AN12 -> 0 | V117: FEV | W117: =CAR_28!H11 -> 0 | X117: =SUM(5000-W117) -> 5000 | Y117: =CAR_28!U12 -> 0 | Z117: =CAR_28!AE12 -> 0 | AA117: =CAR_28!AN12 -> 0
...

Sheet Andre Placido
A2: Veiculo | B2: UEK4H95 | D2: Placa: | E2: Polo | H2: km | I2: 3000
A3: Substituição (data) | B3: 46137 | D3: Placa: | E3: TDY8E51 | H3: Modelo | I3: Argo
A4: Contrato de Locação | B4: 2484 | D4: Rastreador | E4: Unidas - 3s | H4: Data mob. | I4: 46132
A7: REGISTRO DE KM | J7: ABASTECIMENTO | W7: LAVA_RAPIDO | AE7: BORRACHARIA
B9: Fevereiro | J9: Fevereiro | W9: Fevereiro | AE9: Fevereiro
A10: KM (Rodados) | B10: 1ª Leitura | C10: 2ª Leitura | D10: 3ª Leitura | E10: 4ª Leitura | F10: 15 dias Rodados | G10: 30 dias Rodados | H10: Total Mensal | J10: DATA | W10: DATA | AE10: DATA
F11: =SUM(C11-B11) -> 0 | G11: =SUM(E11-D11) -> 0 | H11: =SUM(F11:G11) -> 0 | J11: VALOR | W11: VALOR | AE11: VALOR
T12: TOTAL | U12: =SUM(K11:U11) -> 0 | AB12: TOTAL | AC12: =SUM(X11:AC11) -> 0 | AJ12: TOTAL | AK12: =SUM(AF11:AK11) -> 0
B13: Março | J13: Março | W13: =J13 -> Março | AE13: =W13 -> Março
A14: KM (Rodados) | B14: 1ª Leitura | C14: 2ª Leitura | D14: 3ª Leitura | E14: 4ª Leitura | F14: 15 dias Rodados | G14: 30 dias Rodados | H14: Total Mensal | J14: DATA | W14: DATA | AE14: DATA
F15: =SUM(C15-B15) -> 0 | G15: =SUM(E15-D15) -> 0 | H15: =SUM(F15:G15) -> 0 | J15: VALOR | W15: VALOR | AE15: VALOR
T16: TOTAL | U16: =SUM(K15:U15) -> 0 | AB16: TOTAL | AC16: =SUM(X15:AC15) -> 0 | AJ16: TOTAL | AK16: =SUM(AF15:AK15) -> 0
A17: UEK4H95 | B17: Abril | J17: Abril | W17: =J17 -> Abril | AE17: =W17 -> Abril
A18: KM (Rodados) | B18: 1ª Leitura | C18: 2ª Leitura | D18: 3ª Leitura | E18: 4ª Leitura | F18: 15 dias Rodados | G18: 30 dias Rodados | H18: Total Mensal | J18: DATA | W18: DATA | AE18: DATA
D19: 964 | F19: =SUM(C19-B19) -> 0 | G19: =SUM(E19-D19) -> -964 | H19: =SUM(F19:G19) -> -964 | J19: VALOR | W19: VALOR | AE19: VALOR
T20: TOTAL | U20: =SUM(K19:U19) -> 0 | AB20: TOTAL | AC20: =SUM(X19:AC19) -> 0 | AJ20: TOTAL | AK20: =SUM(AF19:AK19) -> 0
A21: TDY8E51 | B21: Abril | J21: Abril | W21: =J21 -> Abril | AE21: =W21 -> Abril
A22: KM (Rodados) | B22: 1ª Leitura | C22: 2ª Leitura | D22: 3ª Leitura | E22: 4ª Leitura | F22: 15 dias Rodados | G22: 30 dias Rodados | H22: Total Mensal | J22: DATA | W22: DATA | AE22: DATA
D23: 32749 | E23: 33100 | F23: =SUM(C23-B23) -> 0 | G23: =SUM(E23-D23) -> 351 | H23: =SUM(F23:G23) -> 351 | J23: VALOR | W23: VALOR | AE23: VALOR
T24: TOTAL | U24: =SUM(K23:U23) -> 0 | AB24: TOTAL | AC24: =SUM(X23:AC23) -> 0 | AJ24: TOTAL | AK24: =SUM(AF23:AK23) -> 0
B25: Maio | J25: Maio | W25: =J25 -> Maio | AE25: =W25 -> Maio
A26: KM (Rodados) | B26: 1ª Leitura | C26: 2ª Leitura | D26: 3ª Leitura | E26: 4ª Leitura | F26: 15 dias Rodados | G26: 30 dias Rodados | H26: Total Mensal | J26: DATA | W26: DATA | AE26: DATA
B27: 33100 | E27: 34824 | F27: =SUM(C27-B27) -> -33100 | G27: =SUM(E27-D27) -> 34824 | H27: =SUM(F27:G27) -> 1724 | J27: VALOR | W27: VALOR | AE27: VALOR
T28: TOTAL | U28: =SUM(K27:U27) -> 0 | AB28: TOTAL | AC28: =SUM(X27:AC27) -> 0 | AJ28: TOTAL | AK28: =SUM(AF27:AK27) -> 0
B29: Junho | J29: Junho | W29: =J29 -> Junho | AE29: =W29 -> Junho
A30: KM (Rodados) | B30: 1ª Leitura | C30: 2ª Leitura | D30: 3ª Leitura | E30: 4ª Leitura | F30: 15 dias Rodados | G30: 30 dias Rodados | H30: Total Mensal | J30: DATA | W30: DATA | AE30: DATA
F31: =SUM(C31-B31) -> 0 | G31: =SUM(E31-D31) -> 0 | H31: =SUM(F31:G31) -> 0 | J31: VALOR | W31: VALOR | AE31: VALOR
T32: TOTAL | U32: =SUM(K31:U31) -> 0 | AB32: TOTAL | AC32: =SUM(X31:AC31) -> 0 | AJ32: TOTAL | AK32: =SUM(AF31:AK31) -> 0
B33: Julho | J33: Julho | W33: =J33 -> Julho | AE33: =W33 -> Julho
A34: KM (Rodados) | B34: 1ª Leitura | C34: 2ª Leitura | D34: 3ª Leitura | E34: 4ª Leitura | F34: 15 dias Rodados | G34: 30 dias Rodados | H34: Total Mensal | J34: DATA | W34: DATA | AE34: DATA
F35: =SUM(C35-B35) -> 0 | G35: =SUM(E35-D35) -> 0 | H35: =SUM(F35:G35) -> 0 | J35: VALOR | W35: VALOR | AE35: VALOR
T36: TOTAL | U36: =SUM(K35:U35) -> 0 | AB36: TOTAL | AC36: =SUM(X35:AC35) -> 0 | AJ36: TOTAL | AK36: =SUM(AF35:AK35) -> 0
B37: Agosto | J37: Agosto | W37: =J37 -> Agosto | AE37: =W37 -> Agosto
A38: KM (Rodados) | B38: 1ª Leitura | C38: 2ª Leitura | D38: 3ª Leitura | E38: 4ª Leitura | F38: 15 dias Rodados | G38: 30 dias Rodados | H38: Total Mensal | J38: DATA | W38: DATA | AE38: DATA
F39: =SUM(C39-B39) -> 0 | G39: =SUM(E39-D39) -> 0 | H39: =SUM(F39:G39) -> 0 | J39: VALOR | W39: VALOR | AE39: VALOR
T40: TOTAL | U40: =SUM(K39:U39) -> 0 | AB40: TOTAL | AC40: =SUM(X39:AC39) -> 0 | AJ40: TOTAL | AK40: =SUM(AF39:AK39) -> 0
B41: Setembro | J41: Setembro | W41: =J41 -> Setembro | AE41: =W41 -> Setembro
A42: KM (Rodados) | B42: 1ª Leitura | C42: 2ª Leitura | D42: 3ª Leitura | E42: 4ª Leitura | F42: 15 dias Rodados | G42: 30 dias Rodados | H42: Total Mensal | J42: DATA | W42: DATA | AE42: DATA
F43: =SUM(C43-B43) -> 0 | G43: =SUM(E43-D43) -> 0 | H43: =SUM(F43:G43) -> 0 | J43: VALOR | W43: VALOR | AE43: VALOR
T44: TOTAL | U44: =SUM(K43:U43) -> 0 | AB44: TOTAL | AC44: =SUM(X43:AC43) -> 0 | AJ44: TOTAL | AK44: =SUM(AF43:AK43) -> 0
B45: Outubro | J45: Outubro | W45: =J45 -> Outubro | AE45: =W45 -> Outubro
A46: KM (Rodados) | B46: 1ª Leitura | C46: 2ª Leitura | D46: 3ª Leitura | E46: 4ª Leitura | F46: 15 dias Rodados | G46: 30 dias Rodados | H46: Total Mensal | J46: DATA | W46: DATA | AE46: DATA
F47: =SUM(C47-B47) -> 0 | G47: =SUM(E47-D47) -> 0 | H47: =SUM(F47:G47) -> 0 | J47: VALOR | W47: VALOR | AE47: VALOR
T48: TOTAL | U48: =SUM(K47:U47) -> 0 | AB48: TOTAL | AC48: =SUM(X47:AC47) -> 0 | AJ48: TOTAL | AK48: =SUM(AF47:AK47) -> 0
B49: Novembro | J49: Novembro | W49: =J49 -> Novembro | AE49: =W49 -> Novembro
A50: KM (Rodados) | B50: 1ª Leitura | C50: 2ª Leitura | D50: 3ª Leitura | E50: 4ª Leitura | F50: 15 dias Rodados | G50: 30 dias Rodados | H50: Total Mensal | J50: DATA | W50: DATA | AE50: DATA
F51: =SUM(C51-B51) -> 0 | G51: =SUM(E51-D51) -> 0 | H51: =SUM(F51:G51) -> 0 | J51: VALOR | W51: VALOR | AE51: VALOR
T52: TOTAL | U52: =SUM(K51:U51) -> 0 | AB52: TOTAL | AC52: =SUM(X51:AC51) -> 0 | AJ52: TOTAL | AK52: =SUM(AF51:AK51) -> 0
B53: Dezembro | J53: Dezembro | W53: =J53 -> Dezembro | AE53: =W53 -> Dezembro
A54: KM (Rodados) | B54: 1ª Leitura | C54: 2ª Leitura | D54: 3ª Leitura | E54: 4ª Leitura | F54: 15 dias Rodados | G54: 30 dias Rodados | H54: Total Mensal | J54: DATA | W54: DATA | AE54: DATA
F55: =SUM(C55-B55) -> 0 | G55: =SUM(E55-D55) -> 0 | H55: =SUM(F55:G55) -> 0 | J55: VALOR | W55: VALOR | AE55: VALOR
T56: TOTAL | U56: =SUM(K55:U55) -> 0 | AB56: TOTAL | AC56: =SUM(X55:AC55) -> 0 | AJ56: TOTAL | AK56: =SUM(AF55:AK55) -> 0

Sheet Ednei
A2: Veiculo | B2: Onix | D2: Placa: | E2: SYS9D28 | H2: km | I2: 3000
A3: Substituição (data) | D3: Placa: | H3: Modelo
A4: Contrato de Locação | B4: 2484 | D4: Rastreador | E4: Unidas - 3s | H4: Data Desmob | I4: 46132
A7: REGISTRO DE KM | J7: ABASTECIMENTO | Y7: LAVA_RAPIDO | AH7: BORRACHARIA
B9: Fevereiro | J9: Fevereiro | Y9: Fevereiro | AH9: Fevereiro
A10: KM (Rodados) | B10: 1ª Leitura | C10: 2ª Leitura | D10: 3ª Leitura | E10: 4ª Leitura | F10: 15 dias Rodados | G10: 30 dias Rodados | H10: Total Mensal | J10: DATA | Y10: DATA | AH10: DATA
F11: =SUM(C11-B11) -> 0 | G11: =SUM(E11-D11) -> 0 | H11: =SUM(F11:G11) -> 0 | J11: VALOR | Y11: VALOR | AH11: VALOR
T12: TOTAL | U12: =SUM(K11:U11) -> 0 | AD12: TOTAL | AE12: =SUM(Z11:AE11) -> 0 | AM12: TOTAL | AN12: =SUM(AI11:AN11) -> 0
B13: Março | J13: Março | Y13: =J13 -> Março | AH13: =Y13 -> Março
A14: KM (Rodados) | B14: 1ª Leitura | C14: 2ª Leitura | D14: 3ª Leitura | E14: 4ª Leitura | F14: 15 dias Rodados | G14: 30 dias Rodados | H14: Total Mensal | J14: DATA | Y14: DATA | AH14: DATA
F15: =SUM(C15-B15) -> 0 | G15: =SUM(E15-D15) -> 0 | H15: =SUM(F15:G15) -> 0 | J15: VALOR | Y15: VALOR | AH15: VALOR
T16: TOTAL | U16: =SUM(K15:U15) -> 0 | AD16: TOTAL | AE16: =SUM(Z15:AE15) -> 0 | AM16: TOTAL | AN16: =SUM(AI15:AN15) -> 0
B17: Abril | J17: Abril | Y17: =J17 -> Abril | AH17: =Y17 -> Abril
A18: KM (Rodados) | B18: 1ª Leitura | C18: 2ª Leitura | D18: 3ª Leitura | E18: 4ª Leitura | F18: 15 dias Rodados | G18: 30 dias Rodados | H18: Total Mensal | J18: DATA | Y18: DATA | AH18: DATA
D19: 52737 | E19: 53675 | F19: =SUM(C19-B19) -> 0 | G19: =SUM(E19-D19) -> 938 | H19: =SUM(F19:G19) -> 938 | J19: VALOR | Y19: VALOR | AH19: VALOR
T20: TOTAL | U20: =SUM(K19:U19) -> 0 | AD20: TOTAL | AE20: =SUM(Z19:AE19) -> 0 | AM20: TOTAL | AN20: =SUM(AI19:AN19) -> 0
B21: Maio | J21: Maio | Y21: =J21 -> Maio | AH21: =Y21 -> Maio
A22: KM (Rodados) | B22: 1ª Leitura | C22: 2ª Leitura | D22: 3ª Leitura | E22: 4ª Leitura | F22: 15 dias Rodados | G22: 30 dias Rodados | H22: Total Mensal | J22: DATA | Y22: DATA | AH22: DATA
B23: 53675 | E23: 55835 | F23: =SUM(C23-B23) -> -53675 | G23: =SUM(E23-D23) -> 55835 | H23: =SUM(F23:G23) -> 2160 | J23: VALOR | Y23: VALOR | AH23: VALOR
T24: TOTAL | U24: =SUM(K23:U23) -> 0 | AD24: TOTAL | AE24: =SUM(Z23:AE23) -> 0 | AM24: TOTAL | AN24: =SUM(AI23:AN23) -> 0
B25: Junho | J25: Junho | Y25: =J25 -> Junho | AH25: =Y25 -> Junho
A26: KM (Rodados) | B26: 1ª Leitura | C26: 2ª Leitura | D26: 3ª Leitura | E26: 4ª Leitura | F26: 15 dias Rodados | G26: 30 dias Rodados | H26: Total Mensal | J26: DATA | Y26: DATA | AH26: DATA
F27: =SUM(C27-B27) -> 0 | G27: =SUM(E27-D27) -> 0 | H27: =SUM(F27:G27) -> 0 | J27: VALOR | Y27: VALOR | AH27: VALOR
T28: TOTAL | U28: =SUM(K27:U27) -> 0 | AD28: TOTAL | AE28: =SUM(Z27:AE27) -> 0 | AM28: TOTAL | AN28: =SUM(AI27:AN27) -> 0
B29: Julho | J29: Julho | Y29: =J29 -> Julho | AH29: =Y29 -> Julho
A30: KM (Rodados) | B30: 1ª Leitura | C30: 2ª Leitura | D30: 3ª Leitura | E30: 4ª Leitura | F30: 15 dias Rodados | G30: 30 dias Rodados | H30: Total Mensal | J30: DATA | Y30: DATA | AH30: DATA
F31: =SUM(C31-B31) -> 0 | G31: =SUM(E31-D31) -> 0 | H31: =SUM(F31:G31) -> 0 | J31: VALOR | Y31: VALOR | AH31: VALOR
T32: TOTAL | U32: =SUM(K31:U31) -> 0 | AD32: TOTAL | AE32: =SUM(Z31:AE31) -> 0 | AM32: TOTAL | AN32: =SUM(AI31:AN31) -> 0
B33: Agosto | J33: Agosto | Y33: =J33 -> Agosto | AH33: =Y33 -> Agosto
A34: KM (Rodados) | B34: 1ª Leitura | C34: 2ª Leitura | D34: 3ª Leitura | E34: 4ª Leitura | F34: 15 dias Rodados | G34: 30 dias Rodados | H34: Total Mensal | J34: DATA | Y34: DATA | AH34: DATA
F35: =SUM(C35-B35) -> 0 | G35: =SUM(E35-D35) -> 0 | H35: =SUM(F35:G35) -> 0 | J35: VALOR | Y35: VALOR | AH35: VALOR
T36: TOTAL | U36: =SUM(K35:U35) -> 0 | AD36: TOTAL | AE36: =SUM(Z35:AE35) -> 0 | AM36: TOTAL | AN36: =SUM(AI35:AN35) -> 0
B37: Setembro | J37: Setembro | Y37: =J37 -> Setembro | AH37: =Y37 -> Setembro
A38: KM (Rodados) | B38: 1ª Leitura | C38: 2ª Leitura | D38: 3ª Leitura | E38: 4ª Leitura | F38: 15 dias Rodados | G38: 30 dias Rodados | H38: Total Mensal | J38: DATA | Y38: DATA | AH38: DATA
F39: =SUM(C39-B39) -> 0 | G39: =SUM(E39-D39) -> 0 | H39: =SUM(F39:G39) -> 0 | J39: VALOR | Y39: VALOR | AH39: VALOR
T40: TOTAL | U40: =SUM(K39:U39) -> 0 | AD40: TOTAL | AE40: =SUM(Z39:AE39) -> 0 | AM40: TOTAL | AN40: =SUM(AI39:AN39) -> 0
B41: Outubro | J41: Outubro | Y41: =J41 -> Outubro | AH41: =Y41 -> Outubro
A42: KM (Rodados) | B42: 1ª Leitura | C42: 2ª Leitura | D42: 3ª Leitura | E42: 4ª Leitura | F42: 15 dias Rodados | G42: 30 dias Rodados | H42: Total Mensal | J42: DATA | Y42: DATA | AH42: DATA
F43: =SUM(C43-B43) -> 0 | G43: =SUM(E43-D43) -> 0 | H43: =SUM(F43:G43) -> 0 | J43: VALOR | Y43: VALOR | AH43: VALOR
T44: TOTAL | U44: =SUM(K43:U43) -> 0 | AD44: TOTAL | AE44: =SUM(Z43:AE43) -> 0 | AM44: TOTAL | AN44: =SUM(AI43:AN43) -> 0
B45: Novembro | J45: Novembro | Y45: =J45 -> Novembro | AH45: =Y45 -> Novembro
A46: KM (Rodados) | B46: 1ª Leitura | C46: 2ª Leitura | D46: 3ª Leitura | E46: 4ª Leitura | F46: 15 dias Rodados | G46: 30 dias Rodados | H46: Total Mensal | J46: DATA | Y46: DATA | AH46: DATA
F47: =SUM(C47-B47) -> 0 | G47: =SUM(E47-D47) -> 0 | H47: =SUM(F47:G47) -> 0 | J47: VALOR | Y47: VALOR | AH47: VALOR
T48: TOTAL | U48: =SUM(K47:U47) -> 0 | AD48: TOTAL | AE48: =SUM(Z47:AE47) -> 0 | AM48: TOTAL | AN48: =SUM(AI47:AN47) -> 0
B49: Dezembro | J49: Dezembro | Y49: =J49 -> Dezembro | AH49: =Y49 -> Dezembro
A50: KM (Rodados) | B50: 1ª Leitura | C50: 2ª Leitura | D50: 3ª Leitura | E50: 4ª Leitura | F50: 15 dias Rodados | G50: 30 dias Rodados | H50: Total Mensal | J50: DATA | Y50: DATA | AH50: DATA
F51: =SUM(C51-B51) -> 0 | G51: =SUM(E51-D51) -> 0 | H51: =SUM(F51:G51) -> 0 | J51: VALOR | Y51: VALOR | AH51: VALOR
T52: TOTAL | U52: =SUM(K51:U51) -> 0 | AD52: TOTAL | AE52: =SUM(Z51:AE51) -> 0 | AM52: TOTAL | AN52: =SUM(AI51:AN51) -> 0

Sheet Claudio-Desmob
A2: Veiculo | B2: Argo | D2: Placa: | E2: TCY1C25 | H2: KM | I2: 3000km
A3: Substituição 1ª | B3: 45955 | D3: Placa: | E3: TCV9F12 | H3: Modelo | I3: Argo
A4: Substituição 2ª | B4: 45962 | D4: Placa: | E4: TES6H46 | H4: Modelo | I4: C3
A5: Substituição 3ª | B5: 46122 | D5: Placa: | E5: SHK5D77 | H5: Modelo | I5: Onix
A6: Contrato de Locação | B6: 2484 | D6: Rastreador | E6: Unidas - 3S | H6: Data mob. | I6: 45728 | J6: Data desmob. | K6: 46179
A9: REGISTRO DE KM | J9: ABASTECIMENTO | W9: LAVA_RAPIDO | AE9: BORRACHARIA
B11: Fevereiro | J11: Fevereiro | W11: Fevereiro | AE11: Fevereiro
A12: KM (Rodados) | B12: 1ª Leitura | C12: 2ª Leitura | D12: 3ª Leitura | E12: 4ª Leitura | F12: 15 dias Rodados | G12: 30 dias Rodados | H12: Total Mensal | J12: DATA | W12: DATA | AE12: DATA
F13: =SUM(C13-B13) -> 0 | G13: =SUM(E13-D13) -> 0 | H13: =SUM(F13:G13) -> 0 | J13: VALOR | W13: VALOR | AE13: VALOR
T14: TOTAL | U14: =SUM(K13:U13) -> 0 | AB14: TOTAL | AC14: =SUM(X13:AC13) -> 0 | AJ14: TOTAL | AK14: =SUM(AF13:AK13) -> 0
A15: Retirado 12/03/2025 | B15: Março | J15: Março | W15: =J15 -> Março | AE15: =W15 -> Março
A16: KM (Rodados) | B16: 1ª Leitura | C16: 2ª Leitura | D16: 3ª Leitura | E16: 4ª Leitura | F16: 15 dias Rodados | G16: 30 dias Rodados | H16: Total Mensal | J16: DATA | K16: 45730 | L16: 45734 | M16: 45741 | N16: 45744 | W16: DATA | X16: 45738 | AE16: DATA
B17: 12832 | C17: 13247 | D17: 13247 | E17: 14173 | F17: =SUM(C17-B17) -> 415 | G17: =SUM(E17-D17) -> 926 | H17: =SUM(F17:G17) -> 1341 | J17: VALOR | K17: 253.28 | L17: 190.8 | M17: 260.11 | N17: 109.05 | W17: VALOR | X17: 40 | AE17: VALOR
T18: TOTAL | U18: =SUM(K17:U17) -> 813.24 | AB18: TOTAL | AC18: =SUM(X17:AC17) -> 40 | AJ18: TOTAL | AK18: =SUM(AF17:AK17) -> 0
B19: Abril | J19: Abril | W19: =J19 -> Abril | AE19: =W19 -> Abril
A20: KM (Rodados) | B20: 1ª Leitura | C20: 2ª Leitura | D20: 3ª Leitura | E20: 4ª Leitura | F20: 15 dias Rodados | G20: 30 dias Rodados | H20: Total Mensal | J20: DATA | K20: 45751 | L20: 45755 | M20: 45762 | N20: 45769 | O20: 45772 | P20: 45776 | W20: DATA | AE20: DATA
B21: 14173 | C21: 15178 | D21: 15178 | E21: 16287 | F21: =SUM(C21-B21) -> 1005 | G21: =SUM(E21-D21) -> 1109 | H21: =SUM(F21:G21) -> 2114 | J21: VALOR | K21: 248.2 | L21: 264.26 | M21: 171.33 | N21: 214.66 | O21: 166.21 | P21: 213.76 | W21: VALOR | AE21: VALOR
T22: TOTAL | U22: =SUM(K21:U21) -> 1278.42 | AB22: TOTAL | AC22: =SUM(X21:AC21) -> 0 | AJ22: TOTAL | AK22: =SUM(AF21:AK21) -> 0
B23: Maio | J23: Maio | W23: =J23 -> Maio | AE23: =W23 -> Maio
A24: KM (Rodados) | B24: 1ª Leitura | C24: 2ª Leitura | D24: 3ª Leitura | E24: 4ª Leitura | F24: 15 dias Rodados | G24: 30 dias Rodados | H24: Total Mensal | J24: DATA | K24: 45779 | L24: 45783 | M24: 45790 | N24: 45793 | O24: 45797 | P24: 45800 | Q24: 45804 | W24: DATA | AE24: DATA
B25: 16287 | C25: 17230 | D25: 17230 | E25: 18355 | F25: =SUM(C25-B25) -> 943 | G25: =SUM(E25-D25) -> 1125 | H25: =SUM(F25:G25) -> 2068 | J25: VALOR | K25: 138.88 | L25: 166.27 | M25: 266.18 | N25: 187.97 | O25: 187.9 | P25: 131.33 | Q25: 187.84 | W25: VALOR | AE25: VALOR
T26: TOTAL | U26: =SUM(K25:U25) -> 1266.37 | AB26: TOTAL | AC26: =SUM(X25:AC25) -> 0 | AJ26: TOTAL | AK26: =SUM(AF25:AK25) -> 0
B27: Junho | J27: Junho | W27: =J27 -> Junho | AE27: =W27 -> Junho
A28: KM (Rodados) | B28: 1ª Leitura | C28: 2ª Leitura | D28: 3ª Leitura | E28: 4ª Leitura | F28: 15 dias Rodados | G28: 30 dias Rodados | H28: Total Mensal | J28: DATA | K28: 45811 | L28: 45814 | M28: 45818 | N28: 45821 | O28: 45835 | W28: DATA | AE28: DATA
B29: 18355 | C29: 19295 | D29: 19295 | E29: 19693 | F29: =SUM(C29-B29) -> 940 | G29: =SUM(E29-D29) -> 398 | H29: =SUM(F29:G29) -> 1338 | J29: VALOR | K29: 241.6 | L29: 191.1 | M29: 197.82 | N29: 157.95 | O29: 193.41 | W29: VALOR | AE29: VALOR
T30: TOTAL | U30: =SUM(K29:U29) -> 981.88 | AB30: TOTAL | AC30: =SUM(X29:AC29) -> 0 | AJ30: TOTAL | AK30: =SUM(AF29:AK29) -> 0
B31: Julho | J31: Julho | W31: =J31 -> Julho | AE31: =W31 -> Julho
A32: KM (Rodados) | B32: 1ª Leitura | C32: 2ª Leitura | D32: 3ª Leitura | E32: 4ª Leitura | F32: 15 dias Rodados | G32: 30 dias Rodados | H32: Total Mensal | J32: DATA | K32: 45841 | L32: 45846 | M32: 45849 | N32: 45853 | O32: 45856 | P32: 45860 | Q32: 45863 | W32: DATA | AE32: DATA
B33: 19693 | C33: 20782 | D33: 20782 | E33: 21981 | F33: =SUM(C33-B33) -> 1089 | G33: =SUM(E33-D33) -> 1199 | H33: =SUM(F33:G33) -> 2288 | J33: VALOR | K33: 258.9 | L33: 249.33 | M33: 145.73 | N33: 208.2 | O33: 117 | P33: 189.48 | Q33: 180.43 | W33: VALOR | AE33: VALOR
T34: TOTAL | U34: =SUM(K33:U33) -> 1349.07 | AB34: TOTAL | AC34: =SUM(X33:AC33) -> 0 | AJ34: TOTAL | AK34: =SUM(AF33:AK33) -> 0
B35: Agosto | J35: Agosto | W35: =J35 -> Agosto | AE35: =W35 -> Agosto
A36: KM (Rodados) | B36: 1ª Leitura | C36: 2ª Leitura | D36: 3ª Leitura | E36: 4ª Leitura | F36: 15 dias Rodados | G36: 30 dias Rodados | H36: Total Mensal | J36: DATA | K36: 45874 | L36: 45884 | M36: 45888 | N36: 45891 | O36: 45895 | W36: DATA | AE36: DATA
B37: 21981 | C37: 22618 | D37: 22618 | E37: 23575 | F37: =SUM(C37-B37) -> 637 | G37: =SUM(E37-D37) -> 957 | H37: =SUM(F37:G37) -> 1594 | J37: VALOR | K37: 219.24 | L37: 163.93 | M37: 151.26 | N37: 144.24 | O37: 184.08 | W37: VALOR | AE37: VALOR
T38: TOTAL | U38: =SUM(K37:U37) -> 862.75 | AB38: TOTAL | AC38: =SUM(X37:AC37) -> 0 | AJ38: TOTAL | AK38: =SUM(AF37:AK37) -> 0
B39: Setembro | J39: Setembro | W39: =J39 -> Setembro | AE39: =W39 -> Setembro
A40: KM (Rodados) | B40: 1ª Leitura | C40: 2ª Leitura | D40: 3ª Leitura | E40: 4ª Leitura | F40: 15 dias Rodados | G40: 30 dias Rodados | H40: Total Mensal | J40: DATA | K40: 45902 | L40: 45905 | M40: 45909 | N40: 45912 | O40: 45916 | W40: DATA | AE40: DATA
B41: 23575 | C41: 24809 | D41: 24809 | E41: 25696 | F41: =SUM(C41-B41) -> 1234 | G41: =SUM(E41-D41) -> 887 | H41: =SUM(F41:G41) -> 2121 | J41: VALOR | K41: 229.39 | L41: 184.01 | M41: 192.67 | N41: 50.78 | O41: 268.13 | W41: VALOR | AE41: VALOR
T42: TOTAL | U42: =SUM(K41:U41) -> 924.98 | AB42: TOTAL | AC42: =SUM(X41:AC41) -> 0 | AJ42: TOTAL | AK42: =SUM(AF41:AK41) -> 0
A43: TCY1C25 | B43: Outubro | J43: Outubro | W43: =J43 -> Outubro | AE43: =W43 -> Outubro
A44: KM (Rodados) | B44: 1ª Leitura | C44: 2ª Leitura | D44: 3ª Leitura | E44: 4ª Leitura | F44: 15 dias Rodados | G44: 30 dias Rodados | H44: Total Mensal | J44: DATA | W44: DATA | AE44: DATA
B45: 25696 | C45: 26661 | D45: 26661 | E45: 27521 | F45: =SUM(C45-B45) -> 965 | G45: =SUM(E45-D45) -> 860 | H45: =SUM(F45:G45) -> 1825 | J45: VALOR | W45: VALOR | AE45: VALOR
T46: TOTAL | U46: =SUM(K45:U45) -> 0 | AB46: TOTAL | AC46: =SUM(X45:AC45) -> 0 | AJ46: TOTAL | AK46: =SUM(AF45:AK45) -> 0
A47: TCV9F12 | B47: Outubro | J47: Outubro | W47: =J47 -> Outubro | AE47: =W47 -> Outubro
A48: KM (Rodados) | B48: 1ª Leitura | C48: 2ª Leitura | D48: 3ª Leitura | E48: 4ª Leitura | F48: 15 dias Rodados | G48: 30 dias Rodados | H48: Total Mensal | J48: DATA | K48: 45958 | L48: 45961 | M48: 45962 | W48: DATA | AE48: DATA
D49: 21757 | E49: 22624 | F49: =SUM(C49-B49) -> 0 | G49: =SUM(E49-D49) -> 867 | H49: =SUM(F49:G49) -> 867 | J49: VALOR | K49: 260 | L49: 240.18 | M49: 46.3 | W49: VALOR | AE49: VALOR
T50: TOTAL | U50: =SUM(K49:U49) -> 546.48 | AB50: TOTAL | AC50: =SUM(X49:AC49) -> 0 | AJ50: TOTAL | AK50: =SUM(AF49:AK49) -> 0
A51: TES6H46 | B51: Novembro | J51: Novembro | W51: =J51 -> Novembro | AE51: =W51 -> Novembro
A52: KM (Rodados) | B52: 1ª Leitura | C52: 2ª Leitura | D52: 3ª Leitura | E52: 4ª Leitura | F52: 15 dias Rodados | G52: 30 dias Rodados | H52: Total Mensal | J52: DATA | K52: 45965 | L52: 45968 | M52: 45972 | N52: 45975 | O52: 45982 | P52: 45986 | W52: DATA | AE52: DATA
B53: 8164 | C53: 9698 | D53: 9698 | E53: 10760 | F53: =SUM(C53-B53) -> 1534 | G53: =SUM(E53-D53) -> 1062 | H53: =SUM(F53:G53) -> 2596 | J53: VALOR | K53: 265.47 | L53: 214.82 | M53: 192.97 | N53: 242.18 | O53: 221.16 | P53: 155.99 | W53: VALOR | AE53: VALOR
T54: TOTAL | U54: =SUM(K53:U53) -> 1292.59 | AB54: TOTAL | AC54: =SUM(X53:AC53) -> 0 | AJ54: TOTAL | AK54: =SUM(AF53:AK53) -> 0
B55: Dezembro | J55: Dezembro | W55: =J55 -> Dezembro | AE55: =W55 -> Dezembro
A56: KM (Rodados) | B56: 1ª Leitura | C56: 2ª Leitura | D56: 3ª Leitura | E56: 4ª Leitura | F56: 15 dias Rodados | G56: 30 dias Rodados | H56: Total Mensal | J56: DATA | K56: 45993 | L56: 45997 | M56: 46007 | W56: DATA | AE56: DATA
B57: 10760 | C57: 12085 | D57: 12085 | E57: 12304 | F57: =SUM(C57-B57) -> 1325 | G57: =SUM(E57-D57) -> 219 | H57: =SUM(F57:G57) -> 1544 | J57: VALOR | K57: 275 | L57: 266.44 | M57: 238.59 | W57: VALOR | AE57: VALOR
T58: TOTAL | U58: =SUM(K57:U57) -> 780.03 | AB58: TOTAL | AC58: =SUM(X57:AC57) -> 0 | AJ58: TOTAL | AK58: =SUM(AF57:AK57) -> 0
A59: 2026 | B59: Janeiro | J59: Janeiro | W59: Janeiro | AE59: Janeiro
A60: KM (Rodados) | B60: 1ª Leitura | C60: 2ª Leitura | D60: 3ª Leitura | E60: 4ª Leitura | F60: 15 dias Rodados | G60: 30 dias Rodados | H60: Total Mensal | J60: DATA | W60: DATA | AE60: DATA
B61: 12304 | E61: 14398 | F61: =SUM(C61-B61) -> -12304 | G61: =SUM(E61-D61) -> 14398 | H61: =SUM(F61:G61) -> 2094 | J61: VALOR | W61: VALOR | AE61: VALOR
T62: TOTAL | U62: =SUM(K61:U61) -> 0 | AB62: TOTAL | AC62: =SUM(X61:AC61) -> 0 | AJ62: TOTAL | AK62: =SUM(AF61:AK61) -> 0
B63: Fevereiro | J63: Fevereiro | W63: Fevereiro | AE63: Fevereiro
A64: KM (Rodados) | B64: 1ª Leitura | C64: 2ª Leitura | D64: 3ª Leitura | E64: 4ª Leitura | F64: 15 dias Rodados | G64: 30 dias Rodados | H64: Total Mensal | J64: DATA | W64: DATA | AE64: DATA
B65: 14398 | E65: 16721 | F65: =SUM(C65-B65) -> -14398 | G65: =SUM(E65-D65) -> 16721 | H65: =SUM(F65:G65) -> 2323 | J65: VALOR | W65: VALOR | AE65: VALOR
T66: TOTAL | U66: =SUM(K65:U65) -> 0 | AB66: TOTAL | AC66: =SUM(X65:AC65) -> 0 | AJ66: TOTAL | AK66: =SUM(AF65:AK65) -> 0
B67: Março | J67: Março | W67: =J67 -> Março | AE67: =W67 -> Março
A68: KM (Rodados) | B68: 1ª Leitura | C68: 2ª Leitura | D68: 3ª Leitura | E68: 4ª Leitura | F68: 15 dias Rodados | G68: 30 dias Rodados | H68: Total Mensal | J68: DATA | W68: DATA | AE68: DATA
B69: 16721 | E69: 18824 | F69: =SUM(C69-B69) -> -16721 | G69: =SUM(E69-D69) -> 18824 | H69: =SUM(F69:G69) -> 2103 | J69: VALOR | W69: VALOR | AE69: VALOR
T70: TOTAL | U70: =SUM(K69:U69) -> 0 | AB70: TOTAL | AC70: =SUM(X69:AC69) -> 0 | AJ70: TOTAL | AK70: =SUM(AF69:AK69) -> 0
A71: C3 TES6H46 | B71: Abril | J71: Abril | W71: =J71 -> Abril | AE71: =W71 -> Abril
A72: KM (Rodados) | B72: 1ª Leitura | C72: 2ª Leitura | D72: 3ª Leitura | E72: 4ª Leitura | F72: 15 dias Rodados | G72: 30 dias Rodados | H72: Total Mensal | J72: DATA | W72: DATA | AE72: DATA
B73: 18824 | C73: 18848 | F73: =SUM(C73-B73) -> 24 | G73: =SUM(E73-D73) -> 0 | H73: =SUM(F73:G73) -> 24 | J73: VALOR | W73: VALOR | AE73: VALOR
T74: TOTAL | U74: =SUM(K73:U73) -> 0 | AB74: TOTAL | AC74: =SUM(X73:AC73) -> 0 | AJ74: TOTAL | AK74: =SUM(AF73:AK73) -> 0
A75: SHK5D77 | B75: Abril | J75: Abril | W75: =J75 -> Abril | AE75: =W75 -> Abril
A76: KM (Rodados) | B76: 1ª Leitura | C76: 2ª Leitura | D76: 3ª Leitura | E76: 4ª Leitura | F76: 15 dias Rodados | G76: 30 dias Rodados | H76: Total Mensal | J76: DATA | W76: DATA | AE76: DATA
B77: 67298 | E77: 69491 | F77: =SUM(C77-B77) -> -67298 | G77: =SUM(E77-D77) -> 69491 | H77: =SUM(F77:G77) -> 2193 | J77: VALOR | W77: VALOR | AE77: VALOR
T78: TOTAL | U78: =SUM(K77:U77) -> 0 | AB78: TOTAL | AC78: =SUM(X77:AC77) -> 0 | AJ78: TOTAL | AK78: =SUM(AF77:AK77) -> 0
B79: Maio | J79: Maio | W79: =J79 -> Maio | AE79: =W79 -> Maio
A80: KM (Rodados) | B80: 1ª Leitura | C80: 2ª Leitura | D80: 3ª Leitura | E80: 4ª Leitura | F80: 15 dias Rodados | G80: 30 dias Rodados | H80: Total Mensal | J80: DATA | W80: DATA | AE80: DATA
B81: 69491 | E81: 72033 | F81: =SUM(C81-B81) -> -69491 | G81: =SUM(E81-D81) -> 72033 | H81: =SUM(F81:G81) -> 2542 | J81: VALOR | W81: VALOR | AE81: VALOR
T82: TOTAL | U82: =SUM(K81:U81) -> 0 | AB82: TOTAL | AC82: =SUM(X81:AC81) -> 0 | AJ82: TOTAL | AK82: =SUM(AF81:AK81) -> 0
B83: Junho | J83: Junho | W83: =J83 -> Junho | AE83: =W83 -> Junho
A84: KM (Rodados) | B84: 1ª Leitura | C84: 2ª Leitura | D84: 3ª Leitura | E84: 4ª Leitura | F84: 15 dias Rodados | G84: 30 dias Rodados | H84: Total Mensal | J84: DATA | W84: DATA | AE84: DATA
B85: 72033 | C85: 72638 | F85: =SUM(C85-B85) -> 605 | G85: =SUM(E85-D85) -> 0 | H85: =SUM(F85:G85) -> 605 | J85: VALOR | W85: VALOR | AE85: VALOR
T86: TOTAL | U86: =SUM(K85:U85) -> 0 | AB86: TOTAL | AC86: =SUM(X85:AC85) -> 0 | AJ86: TOTAL | AK86: =SUM(AF85:AK85) -> 0
B87: Julho | J87: Julho | W87: =J87 -> Julho | AE87: =W87 -> Julho
A88: KM (Rodados) | B88: 1ª Leitura | C88: 2ª Leitura | D88: 3ª Leitura | E88: 4ª Leitura | F88: 15 dias Rodados | G88: 30 dias Rodados | H88: Total Mensal | J88: DATA | W88: DATA | AE88: DATA
F89: =SUM(C89-B89) -> 0 | G89: =SUM(E89-D89) -> 0 | H89: =SUM(F89:G89) -> 0 | J89: VALOR | W89: VALOR | AE89: VALOR
T90: TOTAL | U90: =SUM(K89:U89) -> 0 | AB90: TOTAL | AC90: =SUM(X89:AC89) -> 0 | AJ90: TOTAL | AK90: =SUM(AF89:AK89) -> 0
B91: Agosto | J91: Agosto | W91: =J91 -> Agosto | AE91: =W91 -> Agosto
A92: KM (Rodados) | B92: 1ª Leitura | C92: 2ª Leitura | D92: 3ª Leitura | E92: 4ª Leitura | F92: 15 dias Rodados | G92: 30 dias Rodados | H92: Total Mensal | J92: DATA | W92: DATA | AE92: DATA
F93: =SUM(C93-B93) -> 0 | G93: =SUM(E93-D93) -> 0 | H93: =SUM(F93:G93) -> 0 | J93: VALOR | W93: VALOR | AE93: VALOR
T94: TOTAL | U94: =SUM(K93:U93) -> 0 | AB94: TOTAL | AC94: =SUM(X93:AC93) -> 0 | AJ94: TOTAL | AK94: =SUM(AF93:AK93) -> 0
B95: Setembro | J95: Setembro | W95: =J95 -> Setembro | AE95: =W95 -> Setembro
A96: KM (Rodados) | B96: 1ª Leitura | C96: 2ª Leitura | D96: 3ª Leitura | E96: 4ª Leitura | F96: 15 dias Rodados | G96: 30 dias Rodados | H96: Total Mensal | J96: DATA | W96: DATA | AE96: DATA
F97: =SUM(C97-B97) -> 0 | G97: =SUM(E97-D97) -> 0 | H97: =SUM(F97:G97) -> 0 | J97: VALOR | W97: VALOR | AE97: VALOR
T98: TOTAL | U98: =SUM(K97:U97) -> 0 | AB98: TOTAL | AC98: =SUM(X97:AC97) -> 0 | AJ98: TOTAL | AK98: =SUM(AF97:AK97) -> 0

Sheet Ualace-Desmob3
A2: Veiculo | B2: Argo | D2: Placa: | E2: TCY1C84 | H2: km | I2: 3000
A3: Substituição (data) | D3: Placa: | H3: Modelo
A4: Contrato de Locação | B4: 2484 | D4: Rastreador | E4: Unidas - 3s | H4: Data Desmob | I4: 46132
A7: REGISTRO DE KM | J7: ABASTECIMENTO | Y7: LAVA_RAPIDO | AH7: BORRACHARIA
A8: Antes era do projeto 24.024 Riacho e a partir de 04/05/26 o veículo TCY1C84 está sendo medido no projeto 25.031 - Filtro Harmõnico
B9: Fevereiro | J9: Fevereiro | Y9: Fevereiro | AH9: Fevereiro
A10: KM (Rodados) | B10: 1ª Leitura | C10: 2ª Leitura | D10: 3ª Leitura | E10: 4ª Leitura | F10: 15 dias Rodados | G10: 30 dias Rodados | H10: Total Mensal | J10: DATA | Y10: DATA | AH10: DATA
F11: =SUM(C11-B11) -> 0 | G11: =SUM(E11-D11) -> 0 | H11: =SUM(F11:G11) -> 0 | J11: VALOR | Y11: VALOR | AH11: VALOR
T12: TOTAL | U12: =SUM(K11:U11) -> 0 | AD12: TOTAL | AE12: =SUM(Z11:AE11) -> 0 | AM12: TOTAL | AN12: =SUM(AI11:AN11) -> 0
B13: Março | J13: Março | Y13: =J13 -> Março | AH13: =Y13 -> Março
A14: KM (Rodados) | B14: 1ª Leitura | C14: 2ª Leitura | D14: 3ª Leitura | E14: 4ª Leitura | F14: 15 dias Rodados | G14: 30 dias Rodados | H14: Total Mensal | J14: DATA | Y14: DATA | AH14: DATA
F15: =SUM(C15-B15) -> 0 | G15: =SUM(E15-D15) -> 0 | H15: =SUM(F15:G15) -> 0 | J15: VALOR | Y15: VALOR | AH15: VALOR
T16: TOTAL | U16: =SUM(K15:U15) -> 0 | AD16: TOTAL | AE16: =SUM(Z15:AE15) -> 0 | AM16: TOTAL | AN16: =SUM(AI15:AN15) -> 0
B17: Abril | J17: Abril | Y17: =J17 -> Abril | AH17: =Y17 -> Abril
A18: KM (Rodados) | B18: 1ª Leitura | C18: 2ª Leitura | D18: 3ª Leitura | E18: 4ª Leitura | F18: 15 dias Rodados | G18: 30 dias Rodados | H18: Total Mensal | J18: DATA | Y18: DATA | AH18: DATA
D19: 39790 | E19: 40616 | F19: =SUM(C19-B19) -> 0 | G19: =SUM(E19-D19) -> 826 | H19: =SUM(F19:G19) -> 826 | J19: VALOR | Y19: VALOR | AH19: VALOR
T20: TOTAL | U20: =SUM(K19:U19) -> 0 | AD20: TOTAL | AE20: =SUM(Z19:AE19) -> 0 | AM20: TOTAL | AN20: =SUM(AI19:AN19) -> 0
B21: Maio | J21: Maio | Y21: =J21 -> Maio | AH21: =Y21 -> Maio
A22: KM (Rodados) | B22: 1ª Leitura | C22: 2ª Leitura | D22: 3ª Leitura | E22: 4ª Leitura | F22: 15 dias Rodados | G22: 30 dias Rodados | H22: Total Mensal | J22: DATA | Y22: DATA | AH22: DATA
B23: 40616 | E23: 42139 | F23: =SUM(C23-B23) -> -40616 | G23: =SUM(E23-D23) -> 42139 | H23: =SUM(F23:G23) -> 1523 | J23: VALOR | Y23: VALOR | AH23: VALOR
T24: TOTAL | U24: =SUM(K23:U23) -> 0 | AD24: TOTAL | AE24: =SUM(Z23:AE23) -> 0 | AM24: TOTAL | AN24: =SUM(AI23:AN23) -> 0
B25: Junho | J25: Junho | Y25: =J25 -> Junho | AH25: =Y25 -> Junho
A26: KM (Rodados) | B26: 1ª Leitura | C26: 2ª Leitura | D26: 3ª Leitura | E26: 4ª Leitura | F26: 15 dias Rodados | G26: 30 dias Rodados | H26: Total Mensal | J26: DATA | Y26: DATA | AH26: DATA
F27: =SUM(C27-B27) -> 0 | G27: =SUM(E27-D27) -> 0 | H27: =SUM(F27:G27) -> 0 | J27: VALOR | Y27: VALOR | AH27: VALOR
T28: TOTAL | U28: =SUM(K27:U27) -> 0 | AD28: TOTAL | AE28: =SUM(Z27:AE27) -> 0 | AM28: TOTAL | AN28: =SUM(AI27:AN27) -> 0
B29: Julho | J29: Julho | Y29: =J29 -> Julho | AH29: =Y29 -> Julho
A30: KM (Rodados) | B30: 1ª Leitura | C30: 2ª Leitura | D30: 3ª Leitura | E30: 4ª Leitura | F30: 15 dias Rodados | G30: 30 dias Rodados | H30: Total Mensal | J30: DATA | Y30: DATA | AH30: DATA
F31: =SUM(C31-B31) -> 0 | G31: =SUM(E31-D31) -> 0 | H31: =SUM(F31:G31) -> 0 | J31: VALOR | Y31: VALOR | AH31: VALOR
T32: TOTAL | U32: =SUM(K31:U31) -> 0 | AD32: TOTAL | AE32: =SUM(Z31:AE31) -> 0 | AM32: TOTAL | AN32: =SUM(AI31:AN31) -> 0
B33: Agosto | J33: Agosto | Y33: =J33 -> Agosto | AH33: =Y33 -> Agosto
A34: KM (Rodados) | B34: 1ª Leitura | C34: 2ª Leitura | D34: 3ª Leitura | E34: 4ª Leitura | F34: 15 dias Rodados | G34: 30 dias Rodados | H34: Total Mensal | J34: DATA | Y34: DATA | AH34: DATA
F35: =SUM(C35-B35) -> 0 | G35: =SUM(E35-D35) -> 0 | H35: =SUM(F35:G35) -> 0 | J35: VALOR | Y35: VALOR | AH35: VALOR
T36: TOTAL | U36: =SUM(K35:U35) -> 0 | AD36: TOTAL | AE36: =SUM(Z35:AE35) -> 0 | AM36: TOTAL | AN36: =SUM(AI35:AN35) -> 0
B37: Setembro | J37: Setembro | Y37: =J37 -> Setembro | AH37: =Y37 -> Setembro
A38: KM (Rodados) | B38: 1ª Leitura | C38: 2ª Leitura | D38: 3ª Leitura | E38: 4ª Leitura | F38: 15 dias Rodados | G38: 30 dias Rodados | H38: Total Mensal | J38: DATA | Y38: DATA | AH38: DATA
F39: =SUM(C39-B39) -> 0 | G39: =SUM(E39-D39) -> 0 | H39: =SUM(F39:G39) -> 0 | J39: VALOR | Y39: VALOR | AH39: VALOR
T40: TOTAL | U40: =SUM(K39:U39) -> 0 | AD40: TOTAL | AE40: =SUM(Z39:AE39) -> 0 | AM40: TOTAL | AN40: =SUM(AI39:AN39) -> 0
B41: Outubro | J41: Outubro | Y41: =J41 -> Outubro | AH41: =Y41 -> Outubro
A42: KM (Rodados) | B42: 1ª Leitura | C42: 2ª Leitura | D42: 3ª Leitura | E42: 4ª Leitura | F42: 15 dias Rodados | G42: 30 dias Rodados | H42: Total Mensal | J42: DATA | Y42: DATA | AH42: DATA
F43: =SUM(C43-B43) -> 0 | G43: =SUM(E43-D43) -> 0 | H43: =SUM(F43:G43) -> 0 | J43: VALOR | Y43: VALOR | AH43: VALOR
T44: TOTAL | U44: =SUM(K43:U43) -> 0 | AD44: TOTAL | AE44: =SUM(Z43:AE43) -> 0 | AM44: TOTAL | AN44: =SUM(AI43:AN43) -> 0
B45: Novembro | J45: Novembro | Y45: =J45 -> Novembro | AH45: =Y45 -> Novembro
A46: KM (Rodados) | B46: 1ª Leitura | C46: 2ª Leitura | D46: 3ª Leitura | E46: 4ª Leitura | F46: 15 dias Rodados | G46: 30 dias Rodados | H46: Total Mensal | J46: DATA | Y46: DATA | AH46: DATA
F47: =SUM(C47-B47) -> 0 | G47: =SUM(E47-D47) -> 0 | H47: =SUM(F47:G47) -> 0 | J47: VALOR | Y47: VALOR | AH47: VALOR
T48: TOTAL | U48: =SUM(K47:U47) -> 0 | AD48: TOTAL | AE48: =SUM(Z47:AE47) -> 0 | AM48: TOTAL | AN48: =SUM(AI47:AN47) -> 0
B49: Dezembro | J49: Dezembro | Y49: =J49 -> Dezembro | AH49: =Y49 -> Dezembro
A50: KM (Rodados) | B50: 1ª Leitura | C50: 2ª Leitura | D50: 3ª Leitura | E50: 4ª Leitura | F50: 15 dias Rodados | G50: 30 dias Rodados | H50: Total Mensal | J50: DATA | Y50: DATA | AH50: DATA
F51: =SUM(C51-B51) -> 0 | G51: =SUM(E51-D51) -> 0 | H51: =SUM(F51:G51) -> 0 | J51: VALOR | Y51: VALOR | AH51: VALOR
T52: TOTAL | U52: =SUM(K51:U51) -> 0 | AD52: TOTAL | AE52: =SUM(Z51:AE51) -> 0 | AM52: TOTAL | AN52: =SUM(AI51:AN51) -> 0

Sheet Ualace-Desmob2
A2: Veiculo | B2: T-Cross | D2: Placa: | E2: FZP1E71 | H2: Medição | I2: 3000km
A3: Troca de Condutor | B3: 46094 | D3: Placa: | E3: FZP1E71 | H3: Condutores | I3: Isaac para Ualace
A4: Substituição | B4: 46109 | D4: Placa: | E4: SVR2H85 | H4: Modelo | I4: T-Cross
A5: Contrato de Locação | B5: 3511.2 | D5: Rastreador | E5: 45 | H5: Data mob. | I5: 45675 | J5: Data desmob. | K5: 46133
A8: REGISTRO DE KM | J8: ABASTECIMENTO | W8: LAVA_RAPIDO | AE8: BORRACHARIA
A9: 45675 | B9: Janeiro | J9: Janeiro | W9: Janeiro | AE9: Janeiro
A10: KM (Rodados) | B10: 1ª Leitura | C10: 2ª Leitura | D10: 3ª Leitura | E10: 4ª Leitura | F10: 15 dias Rodados | G10: 30 dias Rodados | H10: Total Mensal | J10: DATA | K10: 45678 | L10: 45681 | M10: 45685 | N10: 45688 | W10: DATA | AE10: DATA
D11: 7543 | E11: 8909 | F11: =SUM(C11-B11) -> 0 | G11: =SUM(E11-D11) -> 1366 | H11: =SUM(F11:G11) -> 1366 | J11: VALOR | K11: 270.94 | L11: 178.09 | M11: 298.35 | N11: 264.61 | W11: VALOR | AE11: VALOR
T12: TOTAL | U12: =SUM(K11:U11) -> 1011.99 | AB12: TOTAL | AC12: =SUM(X11:AC11) -> 0 | AJ12: TOTAL | AK12: =SUM(AF11:AK11) -> 0
B13: Fevereiro | J13: Fevereiro | W13: Fevereiro | AE13: Fevereiro
A14: KM (Rodados) | B14: 1ª Leitura | C14: 2ª Leitura | D14: 3ª Leitura | E14: 4ª Leitura | F14: 15 dias Rodados | G14: 30 dias Rodados | H14: Total Mensal | J14: DATA | K14: 45692 | L14: 45695 | M14: 45702 | N14: 45706 | O14: 45709 | W14: DATA | AE14: DATA
B15: 8909 | C15: 10032 | D15: 10032 | E15: 10519 | F15: =SUM(C15-B15) -> 1123 | G15: =SUM(E15-D15) -> 487 | H15: =SUM(F15:G15) -> 1610 | J15: VALOR | K15: 122.83 | L15: 194.01 | M15: 271.88 | N15: 124.9 | O15: 194.14 | W15: VALOR | AE15: VALOR
T16: TOTAL | U16: =SUM(K15:U15) -> 907.76 | AB16: TOTAL | AC16: =SUM(X15:AC15) -> 0 | AJ16: TOTAL | AK16: =SUM(AF15:AK15) -> 0
B17: Março | J17: Março | W17: =J17 -> Março | AE17: =W17 -> Março
A18: KM (Rodados) | B18: 1ª Leitura | C18: 2ª Leitura | D18: 3ª Leitura | E18: 4ª Leitura | F18: 15 dias Rodados | G18: 30 dias Rodados | H18: Total Mensal | J18: DATA | K18: 45723 | L18: 45727 | M18: 45730 | N18: 45737 | O18: 45744 | W18: DATA | X18: 45724 | Y18: 45731 | Z18: 45744 | AE18: DATA
B19: 10519 | C19: 11119 | D19: 11119 | E19: 12346 | F19: =SUM(C19-B19) -> 600 | G19: =SUM(E19-D19) -> 1227 | H19: =SUM(F19:G19) -> 1827 | J19: VALOR | K19: 143.84 | L19: 101.96 | M19: 188.39 | N19: 264.46 | O19: 281.38 | W19: VALOR | X19: 60 | Y19: 60 | Z19: 60 | AE19: VALOR
T20: TOTAL | U20: =SUM(K19:U19) -> 980.03 | AB20: TOTAL | AC20: =SUM(X19:AC19) -> 180 | AJ20: TOTAL | AK20: =SUM(AF19:AK19) -> 0
B21: Abril | J21: Abril | W21: =J21 -> Abril | AE21: =W21 -> Abril
A22: KM (Rodados) | B22: 1ª Leitura | C22: 2ª Leitura | D22: 3ª Leitura | E22: 4ª Leitura | F22: 15 dias Rodados | G22: 30 dias Rodados | H22: Total Mensal | J22: DATA | K22: 45748 | L22: 45755 | M22: 45758 | N22: 45762 | O22: 45769 | W22: DATA | AE22: DATA
B23: 12346 | C23: 13051 | D23: 13051 | E23: 13447 | F23: =SUM(C23-B23) -> 705 | G23: =SUM(E23-D23) -> 396 | H23: =SUM(F23:G23) -> 1101 | J23: VALOR | K23: 294.36 | L23: 196.02 | M23: 154.41 | N23: 133.6 | O23: 152.13 | W23: VALOR | AE23: VALOR
T24: TOTAL | U24: =SUM(K23:U23) -> 930.52 | AB24: TOTAL | AC24: =SUM(X23:AC23) -> 0 | AJ24: TOTAL | AK24: =SUM(AF23:AK23) -> 0
B25: Maio | J25: Maio | W25: =J25 -> Maio | AE25: =W25 -> Maio
A26: KM (Rodados) | B26: 1ª Leitura | C26: 2ª Leitura | D26: 3ª Leitura | E26: 4ª Leitura | F26: 15 dias Rodados | G26: 30 dias Rodados | H26: Total Mensal | J26: DATA | K26: 45783 | L26: 45790 | M26: 45797 | N26: 45804 | W26: DATA | AE26: DATA
B27: 13447 | C27: 13975 | D27: 13975 | E27: 14773 | F27: =SUM(C27-B27) -> 528 | G27: =SUM(E27-D27) -> 798 | H27: =SUM(F27:G27) -> 1326 | J27: VALOR | K27: 177.28 | L27: 187.07 | M27: 229.38 | N27: 244.61 | W27: VALOR | AE27: VALOR
T28: TOTAL | U28: =SUM(K27:U27) -> 838.34 | AB28: TOTAL | AC28: =SUM(X27:AC27) -> 0 | AJ28: TOTAL | AK28: =SUM(AF27:AK27) -> 0
B29: Junho | J29: Junho | W29: =J29 -> Junho | AE29: =W29 -> Junho
A30: KM (Rodados) | B30: 1ª Leitura | C30: 2ª Leitura | D30: 3ª Leitura | E30: 4ª Leitura | F30: 15 dias Rodados | G30: 30 dias Rodados | H30: Total Mensal | J30: DATA | K30: 45811 | L30: 45814 | M30: 45818 | N30: 45821 | O30: 45828 | W30: DATA | AE30: DATA
B31: 14773 | C31: 15474 | D31: 15474 | E31: 17336 | F31: =SUM(C31-B31) -> 701 | G31: =SUM(E31-D31) -> 1862 | H31: =SUM(F31:G31) -> 2563 | J31: VALOR | K31: 199.1 | L31: 161.28 | M31: 93.63 | N31: 115.2 | O31: 279.3 | W31: VALOR | AE31: VALOR
T32: TOTAL | U32: =SUM(K31:U31) -> 848.51 | AB32: TOTAL | AC32: =SUM(X31:AC31) -> 0 | AJ32: TOTAL | AK32: =SUM(AF31:AK31) -> 0
B33: Julho | J33: Julho | W33: =J33 -> Julho | AE33: =W33 -> Julho
A34: KM (Rodados) | B34: 1ª Leitura | C34: 2ª Leitura | D34: 3ª Leitura | E34: 4ª Leitura | F34: 15 dias Rodados | G34: 30 dias Rodados | H34: Total Mensal | J34: DATA | K34: 45839 | L34: 45849 | M34: 45856 | N34: 45860 | O34: 45863 | P34: 45867 | W34: DATA | AE34: DATA
B35: 17336 | C35: 18095 | D35: 18095 | E35: 18997 | F35: =SUM(C35-B35) -> 759 | G35: =SUM(E35-D35) -> 902 | H35: =SUM(F35:G35) -> 1661 | J35: VALOR | K35: 224.19 | L35: 290.48 | M35: 244.92 | N35: 102.43 | O35: 111.48 | P35: 132.28 | W35: VALOR | AE35: VALOR
T36: TOTAL | U36: =SUM(K35:U35) -> 1105.78 | AB36: TOTAL | AC36: =SUM(X35:AC35) -> 0 | AJ36: TOTAL | AK36: =SUM(AF35:AK35) -> 0
B37: Agosto | J37: Agosto | W37: =J37 -> Agosto | AE37: =W37 -> Agosto
A38: KM (Rodados) | B38: 1ª Leitura | C38: 2ª Leitura | D38: 3ª Leitura | E38: 4ª Leitura | F38: 15 dias Rodados | G38: 30 dias Rodados | H38: Total Mensal | J38: DATA | K38: 45877 | L38: 45884 | M38: 45891 | N38: 45898 | W38: DATA | AE38: DATA
B39: 18997 | C39: 19580 | D39: 19580 | E39: 20252 | F39: =SUM(C39-B39) -> 583 | G39: =SUM(E39-D39) -> 672 | H39: =SUM(F39:G39) -> 1255 | J39: VALOR | K39: 241.93 | L39: 228.6 | M39: 225.1 | N39: 169 | W39: VALOR | AE39: VALOR
T40: TOTAL | U40: =SUM(K39:U39) -> 864.63 | AB40: TOTAL | AC40: =SUM(X39:AC39) -> 0 | AJ40: TOTAL | AK40: =SUM(AF39:AK39) -> 0
B41: Setembro | J41: Setembro | W41: =J41 -> Setembro | AE41: =W41 -> Setembro
A42: KM (Rodados) | B42: 1ª Leitura | C42: 2ª Leitura | D42: 3ª Leitura | E42: 4ª Leitura | F42: 15 dias Rodados | G42: 30 dias Rodados | H42: Total Mensal | J42: DATA | K42: 45902 | L42: 45905 | M42: 45909 | N42: 45919 | O42: 45923 | W42: DATA | AE42: DATA
B43: 20252 | C43: 21459 | D43: 21459 | E43: 22445 | F43: =SUM(C43-B43) -> 1207 | G43: =SUM(E43-D43) -> 986 | H43: =SUM(F43:G43) -> 2193 | J43: VALOR | K43: 114.02 | L43: 133.58 | M43: 269.42 | N43: 262.28 | O43: 292.5 | W43: VALOR | AE43: VALOR
T44: TOTAL | U44: =SUM(K43:U43) -> 1071.8 | AB44: TOTAL | AC44: =SUM(X43:AC43) -> 0 | AJ44: TOTAL | AK44: =SUM(AF43:AK43) -> 0
B45: Outubro | J45: Outubro | W45: =J45 -> Outubro | AE45: =W45 -> Outubro
A46: KM (Rodados) | B46: 1ª Leitura | C46: 2ª Leitura | D46: 3ª Leitura | E46: 4ª Leitura | F46: 15 dias Rodados | G46: 30 dias Rodados | H46: Total Mensal | J46: DATA | K46: 45933 | L46: 45937 | M46: 45944 | N46: 45951 | O46: 45954 | P46: 45958 | Q46: 45961 | W46: DATA | AE46: DATA
B47: 22445 | C47: 23275 | D47: 23275 | E47: 24436 | F47: =SUM(C47-B47) -> 830 | G47: =SUM(E47-D47) -> 1161 | H47: =SUM(F47:G47) -> 1991 | J47: VALOR | K47: 290.49 | L47: 208.98 | M47: 276.31 | N47: 188.96 | O47: 184.98 | P47: 141.83 | Q47: 152.62 | W47: VALOR | AE47: VALOR
T48: TOTAL | U48: =SUM(K47:U47) -> 1444.17 | AB48: TOTAL | AC48: =SUM(X47:AC47) -> 0 | AJ48: TOTAL | AK48: =SUM(AF47:AK47) -> 0
B49: Novembro | J49: Novembro | W49: =J49 -> Novembro | AE49: =W49 -> Novembro
A50: KM (Rodados) | B50: 1ª Leitura | C50: 2ª Leitura | D50: 3ª Leitura | E50: 4ª Leitura | F50: 15 dias Rodados | G50: 30 dias Rodados | H50: Total Mensal | J50: DATA | K50: 45968 | L50: 45975 | M50: 45982 | N50: 45986 | W50: DATA | AE50: DATA
B51: 24436 | C51: 25804 | D51: 25804 | E51: 26486 | F51: =SUM(C51-B51) -> 1368 | G51: =SUM(E51-D51) -> 682 | H51: =SUM(F51:G51) -> 2050 | J51: VALOR | K51: 203.12 | L51: 242.64 | M51: 213.92 | N51: 117.38 | W51: VALOR | AE51: VALOR
T52: TOTAL | U52: =SUM(K51:U51) -> 777.06 | AB52: TOTAL | AC52: =SUM(X51:AC51) -> 0 | AJ52: TOTAL | AK52: =SUM(AF51:AK51) -> 0
B53: Dezembro | J53: Dezembro | W53: =J53 -> Dezembro | AE53: =W53 -> Dezembro
A54: KM (Rodados) | B54: 1ª Leitura | C54: 2ª Leitura | D54: 3ª Leitura | E54: 4ª Leitura | F54: 15 dias Rodados | G54: 30 dias Rodados | H54: Total Mensal | J54: DATA | W54: DATA | AE54: DATA
B55: 26476 | C55: 27156 | D55: 27156 | E55: 27241 | F55: =SUM(C55-B55) -> 680 | G55: =SUM(E55-D55) -> 85 | H55: =SUM(F55:G55) -> 765 | J55: VALOR | W55: VALOR | AE55: VALOR
T56: TOTAL | U56: =SUM(K55:U55) -> 0 | AB56: TOTAL | AC56: =SUM(X55:AC55) -> 0 | AJ56: TOTAL | AK56: =SUM(AF55:AK55) -> 0
B57: Janeiro | J57: Janeiro | W57: Janeiro | AE57: Janeiro
A58: KM (Rodados) | B58: 1ª Leitura | C58: 2ª Leitura | D58: 3ª Leitura | E58: 4ª Leitura | F58: 15 dias Rodados | G58: 30 dias Rodados | H58: Total Mensal | J58: DATA | W58: DATA | AE58: DATA
B59: 27241 | E59: 29445 | F59: =SUM(C59-B59) -> -27241 | G59: =SUM(E59-D59) -> 29445 | H59: =SUM(F59:G59) -> 2204 | J59: VALOR | W59: VALOR | AE59: VALOR
T60: TOTAL | U60: =SUM(K59:U59) -> 0 | AB60: TOTAL | AC60: =SUM(X59:AC59) -> 0 | AJ60: TOTAL | AK60: =SUM(AF59:AK59) -> 0
B61: Fevereiro | J61: Fevereiro | W61: Fevereiro | AE61: Fevereiro
A62: KM (Rodados) | B62: 1ª Leitura | C62: 2ª Leitura | D62: 3ª Leitura | E62: 4ª Leitura | F62: 15 dias Rodados | G62: 30 dias Rodados | H62: Total Mensal | J62: DATA | W62: DATA | AE62: DATA
B63: 29445 | E63: 30320 | F63: =SUM(C63-B63) -> -29445 | G63: =SUM(E63-D63) -> 30320 | H63: =SUM(F63:G63) -> 875 | J63: VALOR | W63: VALOR | AE63: VALOR
T64: TOTAL | U64: =SUM(K63:U63) -> 0 | AB64: TOTAL | AC64: =SUM(X63:AC63) -> 0 | AJ64: TOTAL | AK64: =SUM(AF63:AK63) -> 0
A65: FZP1E71 | B65: Março | J65: Março | W65: =J65 -> Março | AE65: =W65 -> Março
A66: KM (Rodados) | B66: 1ª Leitura | C66: 2ª Leitura | D66: 3ª Leitura | E66: 4ª Leitura | F66: 15 dias Rodados | G66: 30 dias Rodados | H66: Total Mensal | J66: DATA | W66: DATA | AE66: DATA
B67: 30320 | C67: 31871 | D67: 31871 | E67: 32852 | F67: =SUM(C67-B67) -> 1551 | G67: =SUM(E67-D67) -> 981 | H67: =SUM(F67:G67) -> 2532 | J67: VALOR | W67: VALOR | AE67: VALOR
T68: TOTAL | U68: =SUM(K67:U67) -> 0 | AB68: TOTAL | AC68: =SUM(X67:AC67) -> 0 | AJ68: TOTAL | AK68: =SUM(AF67:AK67) -> 0
A69: SVR2H85 | B69: Março/Abril | J69: Abril | W69: =J69 -> Abril | AE69: =W69 -> Abril
A70: KM (Rodados) | B70: 1ª Leitura | C70: 2ª Leitura | D70: 3ª Leitura | E70: 4ª Leitura | F70: 15 dias Rodados | G70: 30 dias Rodados | H70: Total Mensal | J70: DATA | W70: DATA | AE70: DATA
B71: 39895 | E71: 42111 | F71: =SUM(C71-B71) -> -39895 | G71: =SUM(E71-D71) -> 42111 | H71: =SUM(F71:G71) -> 2216 | J71: VALOR | W71: VALOR | AE71: VALOR
T72: TOTAL | U72: =SUM(K71:U71) -> 0 | AB72: TOTAL | AC72: =SUM(X71:AC71) -> 0 | AJ72: TOTAL | AK72: =SUM(AF71:AK71) -> 0
B73: Maio | J73: Maio | W73: =J73 -> Maio | AE73: =W73 -> Maio
A74: KM (Rodados) | B74: 1ª Leitura | C74: 2ª Leitura | D74: 3ª Leitura | E74: 4ª Leitura | F74: 15 dias Rodados | G74: 30 dias Rodados | H74: Total Mensal | J74: DATA | W74: DATA | AE74: DATA
F75: =SUM(C75-B75) -> 0 | G75: =SUM(E75-D75) -> 0 | H75: =SUM(F75:G75) -> 0 | J75: VALOR | W75: VALOR | AE75: VALOR
T76: TOTAL | U76: =SUM(K75:U75) -> 0 | AB76: TOTAL | AC76: =SUM(X75:AC75) -> 0 | AJ76: TOTAL | AK76: =SUM(AF75:AK75) -> 0
B77: Junho | J77: Junho | W77: =J77 -> Junho | AE77: =W77 -> Junho
A78: KM (Rodados) | B78: 1ª Leitura | C78: 2ª Leitura | D78: 3ª Leitura | E78: 4ª Leitura | F78: 15 dias Rodados | G78: 30 dias Rodados | H78: Total Mensal | J78: DATA | W78: DATA | AE78: DATA
F79: =SUM(C79-B79) -> 0 | G79: =SUM(E79-D79) -> 0 | H79: =SUM(F79:G79) -> 0 | J79: VALOR | W79: VALOR | AE79: VALOR
T80: TOTAL | U80: =SUM(K79:U79) -> 0 | AB80: TOTAL | AC80: =SUM(X79:AC79) -> 0 | AJ80: TOTAL | AK80: =SUM(AF79:AK79) -> 0
B81: Julho | J81: Julho | W81: =J81 -> Julho | AE81: =W81 -> Julho
A82: KM (Rodados) | B82: 1ª Leitura | C82: 2ª Leitura | D82: 3ª Leitura | E82: 4ª Leitura | F82: 15 dias Rodados | G82: 30 dias Rodados | H82: Total Mensal | J82: DATA | W82: DATA | AE82: DATA
F83: =SUM(C83-B83) -> 0 | G83: =SUM(E83-D83) -> 0 | H83: =SUM(F83:G83) -> 0 | J83: VALOR | W83: VALOR | AE83: VALOR
T84: TOTAL | U84: =SUM(K83:U83) -> 0 | AB84: TOTAL | AC84: =SUM(X83:AC83) -> 0 | AJ84: TOTAL | AK84: =SUM(AF83:AK83) -> 0
B85: Agosto | J85: Agosto | W85: =J85 -> Agosto | AE85: =W85 -> Agosto
A86: KM (Rodados) | B86: 1ª Leitura | C86: 2ª Leitura | D86: 3ª Leitura | E86: 4ª Leitura | F86: 15 dias Rodados | G86: 30 dias Rodados | H86: Total Mensal | J86: DATA | W86: DATA | AE86: DATA
F87: =SUM(C87-B87) -> 0 | G87: =SUM(E87-D87) -> 0 | H87: =SUM(F87:G87) -> 0 | J87: VALOR | W87: VALOR | AE87: VALOR
T88: TOTAL | U88: =SUM(K87:U87) -> 0 | AB88: TOTAL | AC88: =SUM(X87:AC87) -> 0 | AJ88: TOTAL | AK88: =SUM(AF87:AK87) -> 0
B89: Setembro | J89: Setembro | W89: =J89 -> Setembro | AE89: =W89 -> Setembro
A90: KM (Rodados) | B90: 1ª Leitura | C90: 2ª Leitura | D90: 3ª Leitura | E90: 4ª Leitura | F90: 15 dias Rodados | G90: 30 dias Rodados | H90: Total Mensal | J90: DATA | W90: DATA | AE90: DATA
F91: =SUM(C91-B91) -> 0 | G91: =SUM(E91-D91) -> 0 | H91: =SUM(F91:G91) -> 0 | J91: VALOR | W91: VALOR | AE91: VALOR
T92: TOTAL | U92: =SUM(K91:U91) -> 0 | AB92: TOTAL | AC92: =SUM(X91:AC91) -> 0 | AJ92: TOTAL | AK92: =SUM(AF91:AK91) -> 0

Sheet André Plácido-Desmob
A2: Veiculo | B2: Creta | D2: Placa: | E2: SIX0G88 | H2: km | I2: 4500
A3: Substituição (data) | B3: 45687 | D3: Placa: | E3: SIN8J85 | H3: Modelo | I3: Renegade
A4: Substituição (data) | B4: 45751 | D4: Placa: | F4: SVW5E64 | H4: Modelo | I4: Tcross
A5: Contrato de Locação | D5: Rastreador | E5: 45 | H5: Data mob. | I5: 45666 | J5: Data desmob. | K5: 46132
A8: REGISTRO DE KM | J8: ABASTECIMENTO | W8: LAVA_RAPIDO | AE8: BORRACHARIA
A10: 30/01/2025 SIN8J85 | B10: Janeiro | J10: Janeiro | W10: Janeiro | AE10: Janeiro
A11: KM (Rodados) | B11: 1ª Leitura | C11: 2ª Leitura | D11: 3ª Leitura | E11: 4ª Leitura | F11: 15 dias Rodados | G11: 30 dias Rodados | H11: Total Mensal | J11: DATA | K11: 45670 | L11: 45674 | M11: 45678 | N11: 45681 | O11: 45685 | P11: 45687 | W11: DATA | AE11: DATA
B12: 39318 | C12: 41432 | D12: 41432 | E12: 42871 | F12: =SUM(C12-B12) -> 2114 | G12: =SUM(E12-D12) -> 1439 | H12: =SUM(F12:G12) -> 3553 | J12: VALOR | K12: 254.56 | L12: 186.69 | M12: 218.03 | N12: 150.04 | O12: 110.04 | P12: 174.57 | W12: VALOR | AE12: VALOR
T13: TOTAL | U13: =SUM(K12:U12) -> 1093.93 | AB13: TOTAL | AC13: =SUM(X12:AC12) -> 0 | AJ13: TOTAL | AK13: =SUM(AF12:AK12) -> 0
B14: Fevereiro | J14: Fevereiro | W14: Fevereiro | AE14: Fevereiro
A15: KM (Rodados) | B15: 1ª Leitura | C15: 2ª Leitura | D15: 3ª Leitura | E15: 4ª Leitura | F15: 15 dias Rodados | G15: 30 dias Rodados | H15: Total Mensal | J15: DATA | K15: 45699 | L15: 45702 | M15: 45709 | N15: 45713 | W15: DATA | X15: 45716 | AE15: DATA
B16: 25699 | C16: 26424 | D16: 26424 | E16: 27527 | F16: =SUM(C16-B16) -> 725 | G16: =SUM(E16-D16) -> 1103 | H16: =SUM(F16:G16) -> 1828 | J16: VALOR | K16: 185.05 | L16: 167.05 | M16: 309.88 | N16: 300.72 | W16: VALOR | X16: 60 | AE16: VALOR
T17: TOTAL | U17: =SUM(K16:U16) -> 962.7 | AB17: TOTAL | AC17: =SUM(X16:AC16) -> 60 | AJ17: TOTAL | AK17: =SUM(AF16:AK16) -> 0
B18: Março | J18: Março | W18: =J18 -> Março | AE18: =W18 -> Março
A19: KM (Rodados) | B19: 1ª Leitura | C19: 2ª Leitura | D19: 3ª Leitura | E19: 4ª Leitura | F19: 15 dias Rodados | G19: 30 dias Rodados | H19: Total Mensal | J19: DATA | K19: 45723 | L19: 45727 | M19: 45730 | N19: 45734 | O19: 45741 | W19: DATA | X19: 45724 | Y19: 45731 | Z19: 45737 | AA19: 45745 | AE19: DATA
B20: 27527 | C20: 28747 | D20: 28747 | E20: 29384 | F20: =SUM(C20-B20) -> 1220 | G20: =SUM(E20-D20) -> 637 | H20: =SUM(F20:G20) -> 1857 | J20: VALOR | K20: 148.05 | L20: 123.5 | M20: 135 | N20: 137.81 | O20: 247.73 | W20: VALOR | X20: 60 | Y20: 60 | Z20: 60 | AA20: 60 | AE20: VALOR
T21: TOTAL | U21: =SUM(K20:U20) -> 792.09 | AB21: TOTAL | AC21: =SUM(X20:AC20) -> 240 | AJ21: TOTAL | AK21: =SUM(AF20:AK20) -> 0
A22: SVW5E64 | B22: Abril | J22: Abril | W22: =J22 -> Abril | AE22: =W22 -> Abril
A23: KM (Rodados) | B23: 1ª Leitura | C23: 2ª Leitura | D23: 3ª Leitura | E23: 4ª Leitura | F23: 15 dias Rodados | G23: 30 dias Rodados | H23: Total Mensal | J23: DATA | W23: DATA | AE23: DATA
B24: 19789 | E24: 20046 | F24: =SUM(C24-B24) -> -19789 | G24: =SUM(E24-D24) -> 20046 | H24: =SUM(F24:G24) -> 257 | J24: VALOR | W24: VALOR | AE24: VALOR
T25: TOTAL | U25: =SUM(K24:U24) -> 0 | AB25: TOTAL | AC25: =SUM(X24:AC24) -> 0 | AJ25: TOTAL | AK25: =SUM(AF24:AK24) -> 0
B26: Maio | J26: Maio | W26: =J26 -> Maio | AE26: =W26 -> Maio
A27: KM (Rodados) | B27: 1ª Leitura | C27: 2ª Leitura | D27: 3ª Leitura | E27: 4ª Leitura | F27: 15 dias Rodados | G27: 30 dias Rodados | H27: Total Mensal | J27: DATA | W27: DATA | AE27: DATA
B28: 20046 | C28: 21541 | D28: 21541 | E28: 22343 | F28: =SUM(C28-B28) -> 1495 | G28: =SUM(E28-D28) -> 802 | H28: =SUM(F28:G28) -> 2297 | J28: VALOR | W28: VALOR | AE28: VALOR
T29: TOTAL | U29: =SUM(K28:U28) -> 0 | AB29: TOTAL | AC29: =SUM(X28:AC28) -> 0 | AJ29: TOTAL | AK29: =SUM(AF28:AK28) -> 0
B30: Junho | J30: Junho | W30: =J30 -> Junho | AE30: =W30 -> Junho
A31: KM (Rodados) | B31: 1ª Leitura | C31: 2ª Leitura | D31: 3ª Leitura | E31: 4ª Leitura | F31: 15 dias Rodados | G31: 30 dias Rodados | H31: Total Mensal | J31: DATA | K31: 45825 | L31: 45835 | W31: DATA | AE31: DATA
B32: 22343 | C32: 23151 | D32: 23151 | E32: 23698 | F32: =SUM(C32-B32) -> 808 | G32: =SUM(E32-D32) -> 547 | H32: =SUM(F32:G32) -> 1355 | J32: VALOR | K32: 192.99 | L32: 214.56 | W32: VALOR | AE32: VALOR
T33: TOTAL | U33: =SUM(K32:U32) -> 407.55 | AB33: TOTAL | AC33: =SUM(X32:AC32) -> 0 | AJ33: TOTAL | AK33: =SUM(AF32:AK32) -> 0
B34: Julho | J34: Julho | W34: =J34 -> Julho | AE34: =W34 -> Julho
A35: KM (Rodados) | B35: 1ª Leitura | C35: 2ª Leitura | D35: 3ª Leitura | E35: 4ª Leitura | F35: 15 dias Rodados | G35: 30 dias Rodados | H35: Total Mensal | J35: DATA | K35: 45839 | L35: 45842 | M35: 45849 | N35: 45860 | O35: 45863 | W35: DATA | AE35: DATA
B36: 23698 | C36: 24438 | D36: 24438 | E36: 25196 | F36: =SUM(C36-B36) -> 740 | G36: =SUM(E36-D36) -> 758 | H36: =SUM(F36:G36) -> 1498 | J36: VALOR | K36: 99.64 | L36: 187.33 | M36: 204.62 | N36: 249.08 | O36: 119.14 | W36: VALOR | AE36: VALOR
T37: TOTAL | U37: =SUM(K36:U36) -> 859.81 | AB37: TOTAL | AC37: =SUM(X36:AC36) -> 0 | AJ37: TOTAL | AK37: =SUM(AF36:AK36) -> 0
B38: Agosto | J38: Agosto | W38: =J38 -> Agosto | AE38: =W38 -> Agosto
A39: KM (Rodados) | B39: 1ª Leitura | C39: 2ª Leitura | D39: 3ª Leitura | E39: 4ª Leitura | F39: 15 dias Rodados | G39: 30 dias Rodados | H39: Total Mensal | J39: DATA | K39: 45870 | L39: 45874 | M39: 45881 | N39: 45895 | O39: 45898 | W39: DATA | AE39: DATA
B40: 25196 | C40: 25858 | D40: 25858 | E40: 26286 | F40: =SUM(C40-B40) -> 662 | G40: =SUM(E40-D40) -> 428 | H40: =SUM(F40:G40) -> 1090 | J40: VALOR | K40: 260 | L40: 138.83 | M40: 196.89 | N40: 233.68 | O40: 136.88 | W40: VALOR | AE40: VALOR
T41: TOTAL | U41: =SUM(K40:U40) -> 966.28 | AB41: TOTAL | AC41: =SUM(X40:AC40) -> 0 | AJ41: TOTAL | AK41: =SUM(AF40:AK40) -> 0
B42: Setembro | J42: Setembro | W42: =J42 -> Setembro | AE42: =W42 -> Setembro
A43: KM (Rodados) | B43: 1ª Leitura | C43: 2ª Leitura | D43: 3ª Leitura | E43: 4ª Leitura | F43: 15 dias Rodados | G43: 30 dias Rodados | H43: Total Mensal | J43: DATA | K43: 45905 | L43: 45912 | M43: 45919 | N43: 45930 | W43: DATA | AE43: DATA
B44: 26286 | C44: 26841 | D44: 26841 | E44: 27621 | F44: =SUM(C44-B44) -> 555 | G44: =SUM(E44-D44) -> 780 | H44: =SUM(F44:G44) -> 1335 | J44: VALOR | K44: 202.09 | L44: 161.85 | M44: 217.3 | N44: 142.54 | W44: VALOR | AE44: VALOR
T45: TOTAL | U45: =SUM(K44:U44) -> 723.78 | AB45: TOTAL | AC45: =SUM(X44:AC44) -> 0 | AJ45: TOTAL | AK45: =SUM(AF44:AK44) -> 0
B46: Outubro | J46: Outubro | W46: =J46 -> Outubro | AE46: =W46 -> Outubro
A47: KM (Rodados) | B47: 1ª Leitura | C47: 2ª Leitura | D47: 3ª Leitura | E47: 4ª Leitura | F47: 15 dias Rodados | G47: 30 dias Rodados | H47: Total Mensal | J47: DATA | K47: 45940 | L47: 45944 | M47: 45960 | W47: DATA | AE47: DATA
B48: 27621 | C48: 28119 | D48: 28119 | E48: 30245 | F48: =SUM(C48-B48) -> 498 | G48: =SUM(E48-D48) -> 2126 | H48: =SUM(F48:G48) -> 2624 | J48: VALOR | K48: 241.74 | L48: 128.7 | M48: 273 | W48: VALOR | AE48: VALOR
T49: TOTAL | U49: =SUM(K48:U48) -> 643.44 | AB49: TOTAL | AC49: =SUM(X48:AC48) -> 0 | AJ49: TOTAL | AK49: =SUM(AF48:AK48) -> 0
B50: Novembro | J50: Novembro | W50: =J50 -> Novembro | AE50: =W50 -> Novembro
A51: KM (Rodados) | B51: 1ª Leitura | C51: 2ª Leitura | D51: 3ª Leitura | E51: 4ª Leitura | F51: 15 dias Rodados | G51: 30 dias Rodados | H51: Total Mensal | J51: DATA | K51: 45968 | L51: 45975 | W51: DATA | AE51: DATA
B52: 30245 | C52: 30700 | D52: 30700 | E52: 31141 | F52: =SUM(C52-B52) -> 455 | G52: =SUM(E52-D52) -> 441 | H52: =SUM(F52:G52) -> 896 | J52: VALOR | K52: 212.86 | L52: 187.2 | W52: VALOR | AE52: VALOR
T53: TOTAL | U53: =SUM(K52:U52) -> 400.06 | AB53: TOTAL | AC53: =SUM(X52:AC52) -> 0 | AJ53: TOTAL | AK53: =SUM(AF52:AK52) -> 0
B54: Dezembro | J54: Dezembro | W54: =J54 -> Dezembro | AE54: =W54 -> Dezembro
A55: KM (Rodados) | B55: 1ª Leitura | C55: 2ª Leitura | D55: 3ª Leitura | E55: 4ª Leitura | F55: 15 dias Rodados | G55: 30 dias Rodados | H55: Total Mensal | J55: DATA | K55: 45996 | L55: 46008 | W55: DATA | AE55: DATA
B56: 31141 | C56: 31651 | D56: 31651 | E56: 31860 | F56: =SUM(C56-B56) -> 510 | G56: =SUM(E56-D56) -> 209 | H56: =SUM(F56:G56) -> 719 | J56: VALOR | K56: 248.71 | L56: 251.6 | W56: VALOR | AE56: VALOR
T57: TOTAL | U57: =SUM(K56:U56) -> 500.31 | AB57: TOTAL | AC57: =SUM(X56:AC56) -> 0 | AJ57: TOTAL | AK57: =SUM(AF56:AK56) -> 0
A58: 2026 | B58: Janeiro | J58: Janeiro | W58: Janeiro | AE58: Janeiro
A59: KM (Rodados) | B59: 1ª Leitura | C59: 2ª Leitura | D59: 3ª Leitura | E59: 4ª Leitura | F59: 15 dias Rodados | G59: 30 dias Rodados | H59: Total Mensal | J59: DATA | W59: DATA | AE59: DATA
B60: 31860 | E60: 33503 | F60: =SUM(C60-B60) -> -31860 | G60: =SUM(E60-D60) -> 33503 | H60: =SUM(F60:G60) -> 1643 | J60: VALOR | W60: VALOR | AE60: VALOR
T61: TOTAL | U61: =SUM(K60:U60) -> 0 | AB61: TOTAL | AC61: =SUM(X60:AC60) -> 0 | AJ61: TOTAL | AK61: =SUM(AF60:AK60) -> 0
B62: Fevereiro | J62: Fevereiro | W62: Fevereiro | AE62: Fevereiro
A63: KM (Rodados) | B63: 1ª Leitura | C63: 2ª Leitura | D63: 3ª Leitura | E63: 4ª Leitura | F63: 15 dias Rodados | G63: 30 dias Rodados | H63: Total Mensal | J63: DATA | W63: DATA | AE63: DATA
B64: 33503 | E64: 34966 | F64: =SUM(C64-B64) -> -33503 | G64: =SUM(E64-D64) -> 34966 | H64: =SUM(F64:G64) -> 1463 | J64: VALOR | W64: VALOR | AE64: VALOR
T65: TOTAL | U65: =SUM(K64:U64) -> 0 | AB65: TOTAL | AC65: =SUM(X64:AC64) -> 0 | AJ65: TOTAL | AK65: =SUM(AF64:AK64) -> 0
B66: Março | J66: Março | W66: =J66 -> Março | AE66: =W66 -> Março
A67: KM (Rodados) | B67: 1ª Leitura | C67: 2ª Leitura | D67: 3ª Leitura | E67: 4ª Leitura | F67: 15 dias Rodados | G67: 30 dias Rodados | H67: Total Mensal | J67: DATA | W67: DATA | AE67: DATA
B68: 34966 | E68: 36213 | F68: =SUM(C68-B68) -> -34966 | G68: =SUM(E68-D68) -> 36213 | H68: =SUM(F68:G68) -> 1247 | J68: VALOR | W68: VALOR | AE68: VALOR
T69: TOTAL | U69: =SUM(K68:U68) -> 0 | AB69: TOTAL | AC69: =SUM(X68:AC68) -> 0 | AJ69: TOTAL | AK69: =SUM(AF68:AK68) -> 0
B70: Abril | J70: Abril | W70: =J70 -> Abril | AE70: =W70 -> Abril
A71: KM (Rodados) | B71: 1ª Leitura | C71: 2ª Leitura | D71: 3ª Leitura | E71: 4ª Leitura | F71: 15 dias Rodados | G71: 30 dias Rodados | H71: Total Mensal | J71: DATA | W71: DATA | AE71: DATA
B72: 36213 | E72: 37370 | F72: =SUM(C72-B72) -> -36213 | G72: =SUM(E72-D72) -> 37370 | H72: =SUM(F72:G72) -> 1157 | J72: VALOR | W72: VALOR | AE72: VALOR
T73: TOTAL | U73: =SUM(K72:U72) -> 0 | AB73: TOTAL | AC73: =SUM(X72:AC72) -> 0 | AJ73: TOTAL | AK73: =SUM(AF72:AK72) -> 0
B74: Maio | J74: Maio | W74: =J74 -> Maio | AE74: =W74 -> Maio
A75: KM (Rodados) | B75: 1ª Leitura | C75: 2ª Leitura | D75: 3ª Leitura | E75: 4ª Leitura | F75: 15 dias Rodados | G75: 30 dias Rodados | H75: Total Mensal | J75: DATA | W75: DATA | AE75: DATA
F76: =SUM(C76-B76) -> 0 | G76: =SUM(E76-D76) -> 0 | H76: =SUM(F76:G76) -> 0 | J76: VALOR | W76: VALOR | AE76: VALOR
T77: TOTAL | U77: =SUM(K76:U76) -> 0 | AB77: TOTAL | AC77: =SUM(X76:AC76) -> 0 | AJ77: TOTAL | AK77: =SUM(AF76:AK76) -> 0
B78: Junho | J78: Junho | W78: =J78 -> Junho | AE78: =W78 -> Junho
A79: KM (Rodados) | B79: 1ª Leitura | C79: 2ª Leitura | D79: 3ª Leitura | E79: 4ª Leitura | F79: 15 dias Rodados | G79: 30 dias Rodados | H79: Total Mensal | J79: DATA | W79: DATA | AE79: DATA
F80: =SUM(C80-B80) -> 0 | G80: =SUM(E80-D80) -> 0 | H80: =SUM(F80:G80) -> 0 | J80: VALOR | W80: VALOR | AE80: VALOR
T81: TOTAL | U81: =SUM(K80:U80) -> 0 | AB81: TOTAL | AC81: =SUM(X80:AC80) -> 0 | AJ81: TOTAL | AK81: =SUM(AF80:AK80) -> 0
B82: Julho | J82: Julho | W82: =J82 -> Julho | AE82: =W82 -> Julho
A83: KM (Rodados) | B83: 1ª Leitura | C83: 2ª Leitura | D83: 3ª Leitura | E83: 4ª Leitura | F83: 15 dias Rodados | G83: 30 dias Rodados | H83: Total Mensal | J83: DATA | W83: DATA | AE83: DATA
F84: =SUM(C84-B84) -> 0 | G84: =SUM(E84-D84) -> 0 | H84: =SUM(F84:G84) -> 0 | J84: VALOR | W84: VALOR | AE84: VALOR
T85: TOTAL | U85: =SUM(K84:U84) -> 0 | AB85: TOTAL | AC85: =SUM(X84:AC84) -> 0 | AJ85: TOTAL | AK85: =SUM(AF84:AK84) -> 0
B86: Agosto | J86: Agosto | W86: =J86 -> Agosto | AE86: =W86 -> Agosto
A87: KM (Rodados) | B87: 1ª Leitura | C87: 2ª Leitura | D87: 3ª Leitura | E87: 4ª Leitura | F87: 15 dias Rodados | G87: 30 dias Rodados | H87: Total Mensal | J87: DATA | W87: DATA | AE87: DATA
F88: =SUM(C88-B88) -> 0 | G88: =SUM(E88-D88) -> 0 | H88: =SUM(F88:G88) -> 0 | J88: VALOR | W88: VALOR | AE88: VALOR
T89: TOTAL | U89: =SUM(K88:U88) -> 0 | AB89: TOTAL | AC89: =SUM(X88:AC88) -> 0 | AJ89: TOTAL | AK89: =SUM(AF88:AK88) -> 0
B90: Setembro | J90: Setembro | W90: =J90 -> Setembro | AE90: =W90 -> Setembro
A91: KM (Rodados) | B91: 1ª Leitura | C91: 2ª Leitura | D91: 3ª Leitura | E91: 4ª Leitura | F91: 15 dias Rodados | G91: 30 dias Rodados | H91: Total Mensal | J91: DATA | W91: DATA | AE91: DATA
F92: =SUM(C92-B92) -> 0 | G92: =SUM(E92-D92) -> 0 | H92: =SUM(F92:G92) -> 0 | J92: VALOR | W92: VALOR | AE92: VALOR
T93: TOTAL | U93: =SUM(K92:U92) -> 0 | AB93: TOTAL | AC93: =SUM(X92:AC92) -> 0 | AJ93: TOTAL | AK93: =SUM(AF92:AK92) -> 0

Sheet Ednei-Desmob
A2: Veiculo | B2: HB20 | D2: Placa: | E2: TCZ6B67 | H2: KM | I2: 3000km
A3: Substituição (data) | D3: Placa: | H3: Modelo
A4: Contrato de Locação | B4: 2294.35 | D4: Rastreador | E4: 45 | H4: Data mob. | I4: 45684 | J4: Data Desmob. | K4: 46119
A7: REGISTRO DE KM | J7: ABASTECIMENTO | W7: LAVA_RAPIDO | AE7: BORRACHARIA
A8: 45684 | B8: Janeiro | J8: Janeiro | W8: Janeiro | AE8: Janeiro
A9: KM (Rodados) | B9: 1ª Leitura | C9: 2ª Leitura | D9: 3ª Leitura | E9: 4ª Leitura | F9: 15 dias Rodados | G9: 30 dias Rodados | H9: Total Mensal | J9: DATA | K9: 45685 | L9: 45688 | W9: DATA | AE9: DATA
D10: 5601 | E10: 6062 | F10: =SUM(C10-B10) -> 0 | G10: =SUM(E10-D10) -> 461 | H10: =SUM(F10:G10) -> 461 | J10: VALOR | K10: 201.86 | L10: 170.23 | W10: VALOR | AE10: VALOR
T11: TOTAL | U11: =SUM(K10:U10) -> 372.09 | AB11: TOTAL | AC11: =SUM(X10:AC10) -> 0 | AJ11: TOTAL | AK11: =SUM(AF10:AK10) -> 0
B12: Fevereiro | J12: Fevereiro | W12: Fevereiro | AE12: Fevereiro
A13: KM (Rodados) | B13: 1ª Leitura | C13: 2ª Leitura | D13: 3ª Leitura | E13: 4ª Leitura | F13: 15 dias Rodados | G13: 30 dias Rodados | H13: Total Mensal | J13: DATA | K13: 45692 | L13: 45694 | M13: 45699 | N13: 45702 | O13: 45706 | P13: 45709 | Q13: 45716 | W13: DATA | AE13: DATA
B14: 6062 | C14: 6902 | D14: 6902 | E14: 7650 | F14: =SUM(C14-B14) -> 840 | G14: =SUM(E14-D14) -> 748 | H14: =SUM(F14:G14) -> 1588 | J14: VALOR | K14: 125.37 | L14: 135.67 | M14: 141.76 | N14: 127.51 | O14: 240.64 | P14: 142.36 | Q14: 241.38 | W14: VALOR | AE14: VALOR
T15: TOTAL | U15: =SUM(K14:U14) -> 1154.69 | AB15: TOTAL | AC15: =SUM(X14:AC14) -> 0 | AJ15: TOTAL | AK15: =SUM(AF14:AK14) -> 0
B16: Março | J16: Março | W16: =J16 -> Março | AE16: =W16 -> Março
A17: KM (Rodados) | B17: 1ª Leitura | C17: 2ª Leitura | D17: 3ª Leitura | E17: 4ª Leitura | F17: 15 dias Rodados | G17: 30 dias Rodados | H17: Total Mensal | J17: DATA | K17: 45723 | L17: 45730 | M17: 45744 | W17: DATA | X17: 45717 | Y17: 45723 | Z17: 45730 | AA17: 45744 | AE17: DATA
B18: 7650 | C18: 8225 | D18: 8225 | E18: 8575 | F18: =SUM(C18-B18) -> 575 | G18: =SUM(E18-D18) -> 350 | H18: =SUM(F18:G18) -> 925 | J18: VALOR | K18: 211.34 | L18: 255.83 | M18: 177.15 | W18: VALOR | X18: 40 | Y18: 40 | Z18: 40 | AA18: 40 | AE18: VALOR
T19: TOTAL | U19: =SUM(K18:U18) -> 644.32 | AB19: TOTAL | AC19: =SUM(X18:AC18) -> 160 | AJ19: TOTAL | AK19: =SUM(AF18:AK18) -> 0
B20: Abril | J20: Abril | W20: =J20 -> Abril | AE20: =W20 -> Abril
A21: KM (Rodados) | B21: 1ª Leitura | C21: 2ª Leitura | D21: 3ª Leitura | E21: 4ª Leitura | F21: 15 dias Rodados | G21: 30 dias Rodados | H21: Total Mensal | J21: DATA | K21: 45751 | L21: 45755 | M21: 45762 | N21: 45772 | O21: 45776 | W21: DATA | AE21: DATA
B22: 8575 | C22: 9371 | D22: 9371 | E22: 10036 | F22: =SUM(C22-B22) -> 796 | G22: =SUM(E22-D22) -> 665 | H22: =SUM(F22:G22) -> 1461 | J22: VALOR | K22: 224.65 | L22: 166.85 | M22: 217.83 | N22: 224.64 | O22: 134.91 | W22: VALOR | AE22: VALOR
T23: TOTAL | U23: =SUM(K22:U22) -> 968.88 | AB23: TOTAL | AC23: =SUM(X22:AC22) -> 0 | AJ23: TOTAL | AK23: =SUM(AF22:AK22) -> 0
B24: Maio | J24: Maio | W24: =J24 -> Maio | AE24: =W24 -> Maio
A25: KM (Rodados) | B25: 1ª Leitura | C25: 2ª Leitura | D25: 3ª Leitura | E25: 4ª Leitura | F25: 15 dias Rodados | G25: 30 dias Rodados | H25: Total Mensal | J25: DATA | K25: 45783 | L25: 45790 | M25: 45800 | N25: 45807 | W25: DATA | AE25: DATA
B26: 10036 | C26: 10842 | D26: 10842 | E26: 11551 | F26: =SUM(C26-B26) -> 806 | G26: =SUM(E26-D26) -> 709 | H26: =SUM(F26:G26) -> 1515 | J26: VALOR | K26: 238.59 | L26: 230.91 | M26: 236.8 | N26: 236.74 | W26: VALOR | AE26: VALOR
T27: TOTAL | U27: =SUM(K26:U26) -> 943.04 | AB27: TOTAL | AC27: =SUM(X26:AC26) -> 0 | AJ27: TOTAL | AK27: =SUM(AF26:AK26) -> 0
B28: Junho | J28: Junho | W28: =J28 -> Junho | AE28: =W28 -> Junho
A29: KM (Rodados) | B29: 1ª Leitura | C29: 2ª Leitura | D29: 3ª Leitura | E29: 4ª Leitura | F29: 15 dias Rodados | G29: 30 dias Rodados | H29: Total Mensal | J29: DATA | K29: 45811 | L29: 45818 | M29: 45824 | N29: 45832 | O29: 45835 | W29: DATA | AE29: DATA
B30: 11551 | C30: 12422 | D30: 12422 | E30: 13247 | F30: =SUM(C30-B30) -> 871 | G30: =SUM(E30-D30) -> 825 | H30: =SUM(F30:G30) -> 1696 | J30: VALOR | K30: 157.44 | L30: 239.74 | M30: 187.47 | N30: 175.3 | O30: 115.64 | W30: VALOR | AE30: VALOR
T31: TOTAL | U31: =SUM(K30:U30) -> 875.59 | AB31: TOTAL | AC31: =SUM(X30:AC30) -> 0 | AJ31: TOTAL | AK31: =SUM(AF30:AK30) -> 0
B32: Julho | J32: Julho | W32: =J32 -> Julho | AE32: =W32 -> Julho
A33: KM (Rodados) | B33: 1ª Leitura | C33: 2ª Leitura | D33: 3ª Leitura | E33: 4ª Leitura | F33: 15 dias Rodados | G33: 30 dias Rodados | H33: Total Mensal | J33: DATA | K33: 45842 | L33: 45849 | M33: 45860 | N33: 45863 | W33: DATA | AE33: DATA
B34: 13247 | C34: 14242 | D34: 14242 | E34: 15063 | F34: =SUM(C34-B34) -> 995 | G34: =SUM(E34-D34) -> 821 | H34: =SUM(F34:G34) -> 1816 | J34: VALOR | K34: R$ 240.88 | L34: 236.4 | M34: 249.08 | N34: 119.14 | W34: VALOR | AE34: VALOR
T35: TOTAL | U35: =SUM(K34:U34) -> 604.62 | AB35: TOTAL | AC35: =SUM(X34:AC34) -> 0 | AJ35: TOTAL | AK35: =SUM(AF34:AK34) -> 0
B36: Agosto | J36: Agosto | W36: =J36 -> Agosto | AE36: =W36 -> Agosto
A37: KM (Rodados) | B37: 1ª Leitura | C37: 2ª Leitura | D37: 3ª Leitura | E37: 4ª Leitura | F37: 15 dias Rodados | G37: 30 dias Rodados | H37: Total Mensal | J37: DATA | K37: 45877 | L37: 45881 | M37: 45884 | N37: 45888 | O37: 45891 | P37: 45895 | Q37: 45898 | W37: DATA | AE37: DATA
B38: 15063 | C38: 16103 | D38: 16103 | E38: 17084 | F38: =SUM(C38-B38) -> 1040 | G38: =SUM(E38-D38) -> 981 | H38: =SUM(F38:G38) -> 2021 | J38: VALOR | K38: 264.03 | L38: 120.7 | M38: 145.47 | N38: 141.97 | O38: 130.59 | P38: 137.28 | Q38: 151 | W38: VALOR | AE38: VALOR
T39: TOTAL | U39: =SUM(K38:U38) -> 1091.04 | AB39: TOTAL | AC39: =SUM(X38:AC38) -> 0 | AJ39: TOTAL | AK39: =SUM(AF38:AK38) -> 0
B40: Setembro | J40: Setembro | W40: =J40 -> Setembro | AE40: =W40 -> Setembro
A41: KM (Rodados) | B41: 1ª Leitura | C41: 2ª Leitura | D41: 3ª Leitura | E41: 4ª Leitura | F41: 15 dias Rodados | G41: 30 dias Rodados | H41: Total Mensal | J41: DATA | K41: 45909 | L41: 45916 | M41: 45919 | N41: 45923 | O41: 45926 | P41: 45930 | W41: DATA | AE41: DATA
B42: 17084 | C42: 17624 | D42: 17624 | E42: 18732 | F42: =SUM(C42-B42) -> 540 | G42: =SUM(E42-D42) -> 1108 | H42: =SUM(F42:G42) -> 1648 | J42: VALOR | K42: 147.82 | L42: 209.62 | M42: 189.67 | N42: 169 | O42: 182 | P42: 137.48 | W42: VALOR | AE42: VALOR
T43: TOTAL | U43: =SUM(K42:U42) -> 1035.59 | AB43: TOTAL | AC43: =SUM(X42:AC42) -> 0 | AJ43: TOTAL | AK43: =SUM(AF42:AK42) -> 0
B44: Outubro | J44: Outubro | W44: =J44 -> Outubro | AE44: =W44 -> Outubro
A45: KM (Rodados) | B45: 1ª Leitura | C45: 2ª Leitura | D45: 3ª Leitura | E45: 4ª Leitura | F45: 15 dias Rodados | G45: 30 dias Rodados | H45: Total Mensal | J45: DATA | K45: 45933 | L45: 45937 | M45: 45940 | N45: 45954 | O45: 45956 | P45: 45958 | W45: DATA | AE45: DATA
B46: 18732 | C46: 19414 | D46: 19414 | E46: 20296 | F46: =SUM(C46-B46) -> 682 | G46: =SUM(E46-D46) -> 882 | H46: =SUM(F46:G46) -> 1564 | J46: VALOR | K46: 158.22 | L46: 122.79 | M46: 149.5 | N46: 190.64 | O46: 150 | P46: 101.99 | W46: VALOR | AE46: VALOR
T47: TOTAL | U47: =SUM(K46:U46) -> 873.14 | AB47: TOTAL | AC47: =SUM(X46:AC46) -> 0 | AJ47: TOTAL | AK47: =SUM(AF46:AK46) -> 0
B48: Novembro | J48: Novembro | W48: =J48 -> Novembro | AE48: =W48 -> Novembro
A49: KM (Rodados) | B49: 1ª Leitura | C49: 2ª Leitura | D49: 3ª Leitura | E49: 4ª Leitura | F49: 15 dias Rodados | G49: 30 dias Rodados | H49: Total Mensal | J49: DATA | K49: 45968 | L49: 45975 | M49: 45979 | N49: 45982 | O49: 45986 | P49: 45989 | W49: DATA | AE49: DATA
B50: 20296 | C50: 20911 | D50: 20911 | E50: 21758 | F50: =SUM(C50-B50) -> 615 | G50: =SUM(E50-D50) -> 847 | H50: =SUM(F50:G50) -> 1462 | J50: VALOR | K50: 274.3 | L50: 235.17 | M50: 167.94 | N50: 88.06 | O50: 147.88 | P50: 135.11 | W50: VALOR | AE50: VALOR
T51: TOTAL | U51: =SUM(K50:U50) -> 1048.46 | AB51: TOTAL | AC51: =SUM(X50:AC50) -> 0 | AJ51: TOTAL | AK51: =SUM(AF50:AK50) -> 0
B52: Dezembro | J52: Dezembro | W52: =J52 -> Dezembro | AE52: =W52 -> Dezembro
A53: KM (Rodados) | B53: 1ª Leitura | C53: 2ª Leitura | D53: 3ª Leitura | E53: 4ª Leitura | F53: 15 dias Rodados | G53: 30 dias Rodados | H53: Total Mensal | J53: DATA | K53: 45993 | L53: 45996 | M53: 46000 | N53: 46007 | W53: DATA | AE53: DATA
B54: 21758 | C54: 22916 | D54: 22916 | E54: 23322 | F54: =SUM(C54-B54) -> 1158 | G54: =SUM(E54-D54) -> 406 | H54: =SUM(F54:G54) -> 1564 | J54: VALOR | K54: 124.16 | L54: 144.16 | M54: 149.32 | N54: 273.74 | W54: VALOR | AE54: VALOR
T55: TOTAL | U55: =SUM(K54:U54) -> 691.38 | AB55: TOTAL | AC55: =SUM(X54:AC54) -> 0 | AJ55: TOTAL | AK55: =SUM(AF54:AK54) -> 0
A56: 2026 | B56: Janeiro | J56: Janeiro | W56: Janeiro | AE56: Janeiro
A57: KM (Rodados) | B57: 1ª Leitura | C57: 2ª Leitura | D57: 3ª Leitura | E57: 4ª Leitura | F57: 15 dias Rodados | G57: 30 dias Rodados | H57: Total Mensal | J57: DATA | W57: DATA | AE57: DATA
B58: 23322 | E58: 25592 | F58: =SUM(C58-B58) -> -23322 | G58: =SUM(E58-D58) -> 25592 | H58: =SUM(F58:G58) -> 2270 | J58: VALOR | W58: VALOR | AE58: VALOR
T59: TOTAL | U59: =SUM(K58:U58) -> 0 | AB59: TOTAL | AC59: =SUM(X58:AC58) -> 0 | AJ59: TOTAL | AK59: =SUM(AF58:AK58) -> 0
B60: Fevereiro | J60: Fevereiro | W60: Fevereiro | AE60: Fevereiro
A61: KM (Rodados) | B61: 1ª Leitura | C61: 2ª Leitura | D61: 3ª Leitura | E61: 4ª Leitura | F61: 15 dias Rodados | G61: 30 dias Rodados | H61: Total Mensal | J61: DATA | W61: DATA | AE61: DATA
B62: 25592 | E62: 27259 | F62: =SUM(C62-B62) -> -25592 | G62: =SUM(E62-D62) -> 27259 | H62: =SUM(F62:G62) -> 1667 | J62: VALOR | W62: VALOR | AE62: VALOR
T63: TOTAL | U63: =SUM(K62:U62) -> 0 | AB63: TOTAL | AC63: =SUM(X62:AC62) -> 0 | AJ63: TOTAL | AK63: =SUM(AF62:AK62) -> 0
B64: Março | J64: Março | W64: =J64 -> Março | AE64: =W64 -> Março
A65: KM (Rodados) | B65: 1ª Leitura | C65: 2ª Leitura | D65: 3ª Leitura | E65: 4ª Leitura | F65: 15 dias Rodados | G65: 30 dias Rodados | H65: Total Mensal | J65: DATA | W65: DATA | AE65: DATA
B66: 27259 | E66: 29605 | F66: =SUM(C66-B66) -> -27259 | G66: =SUM(E66-D66) -> 29605 | H66: =SUM(F66:G66) -> 2346 | J66: VALOR | W66: VALOR | AE66: VALOR
T67: TOTAL | U67: =SUM(K66:U66) -> 0 | AB67: TOTAL | AC67: =SUM(X66:AC66) -> 0 | AJ67: TOTAL | AK67: =SUM(AF66:AK66) -> 0
B68: Abril | J68: Abril | W68: =J68 -> Abril | AE68: =W68 -> Abril
A69: KM (Rodados) | B69: 1ª Leitura | C69: 2ª Leitura | D69: 3ª Leitura | E69: 4ª Leitura | F69: 15 dias Rodados | G69: 30 dias Rodados | H69: Total Mensal | J69: DATA | W69: DATA | AE69: DATA
B70: 29605 | C70: 30104 | F70: =SUM(C70-B70) -> 499 | G70: =SUM(E70-D70) -> 0 | H70: =SUM(F70:G70) -> 499 | J70: VALOR | W70: VALOR | AE70: VALOR
T71: TOTAL | U71: =SUM(K70:U70) -> 0 | AB71: TOTAL | AC71: =SUM(X70:AC70) -> 0 | AJ71: TOTAL | AK71: =SUM(AF70:AK70) -> 0
B72: Maio | J72: Maio | W72: =J72 -> Maio | AE72: =W72 -> Maio
A73: KM (Rodados) | B73: 1ª Leitura | C73: 2ª Leitura | D73: 3ª Leitura | E73: 4ª Leitura | F73: 15 dias Rodados | G73: 30 dias Rodados | H73: Total Mensal | J73: DATA | W73: DATA | AE73: DATA
F74: =SUM(C74-B74) -> 0 | G74: =SUM(E74-D74) -> 0 | H74: =SUM(F74:G74) -> 0 | J74: VALOR | W74: VALOR | AE74: VALOR
T75: TOTAL | U75: =SUM(K74:U74) -> 0 | AB75: TOTAL | AC75: =SUM(X74:AC74) -> 0 | AJ75: TOTAL | AK75: =SUM(AF74:AK74) -> 0
B76: Junho | J76: Junho | W76: =J76 -> Junho | AE76: =W76 -> Junho
A77: KM (Rodados) | B77: 1ª Leitura | C77: 2ª Leitura | D77: 3ª Leitura | E77: 4ª Leitura | F77: 15 dias Rodados | G77: 30 dias Rodados | H77: Total Mensal | J77: DATA | W77: DATA | AE77: DATA
F78: =SUM(C78-B78) -> 0 | G78: =SUM(E78-D78) -> 0 | H78: =SUM(F78:G78) -> 0 | J78: VALOR | W78: VALOR | AE78: VALOR
T79: TOTAL | U79: =SUM(K78:U78) -> 0 | AB79: TOTAL | AC79: =SUM(X78:AC78) -> 0 | AJ79: TOTAL | AK79: =SUM(AF78:AK78) -> 0
B80: Julho | J80: Julho | W80: =J80 -> Julho | AE80: =W80 -> Julho
A81: KM (Rodados) | B81: 1ª Leitura | C81: 2ª Leitura | D81: 3ª Leitura | E81: 4ª Leitura | F81: 15 dias Rodados | G81: 30 dias Rodados | H81: Total Mensal | J81: DATA | W81: DATA | AE81: DATA
F82: =SUM(C82-B82) -> 0 | G82: =SUM(E82-D82) -> 0 | H82: =SUM(F82:G82) -> 0 | J82: VALOR | W82: VALOR | AE82: VALOR
T83: TOTAL | U83: =SUM(K82:U82) -> 0 | AB83: TOTAL | AC83: =SUM(X82:AC82) -> 0 | AJ83: TOTAL | AK83: =SUM(AF82:AK82) -> 0
B84: Agosto | J84: Agosto | W84: =J84 -> Agosto | AE84: =W84 -> Agosto
A85: KM (Rodados) | B85: 1ª Leitura | C85: 2ª Leitura | D85: 3ª Leitura | E85: 4ª Leitura | F85: 15 dias Rodados | G85: 30 dias Rodados | H85: Total Mensal | J85: DATA | W85: DATA | AE85: DATA
F86: =SUM(C86-B86) -> 0 | G86: =SUM(E86-D86) -> 0 | H86: =SUM(F86:G86) -> 0 | J86: VALOR | W86: VALOR | AE86: VALOR
T87: TOTAL | U87: =SUM(K86:U86) -> 0 | AB87: TOTAL | AC87: =SUM(X86:AC86) -> 0 | AJ87: TOTAL | AK87: =SUM(AF86:AK86) -> 0
B88: Setembro | J88: Setembro | W88: =J88 -> Setembro | AE88: =W88 -> Setembro
A89: KM (Rodados) | B89: 1ª Leitura | C89: 2ª Leitura | D89: 3ª Leitura | E89: 4ª Leitura | F89: 15 dias Rodados | G89: 30 dias Rodados | H89: Total Mensal | J89: DATA | W89: DATA | AE89: DATA
F90: =SUM(C90-B90) -> 0 | G90: =SUM(E90-D90) -> 0 | H90: =SUM(F90:G90) -> 0 | J90: VALOR | W90: VALOR | AE90: VALOR
T91: TOTAL | U91: =SUM(K90:U90) -> 0 | AB91: TOTAL | AC91: =SUM(X90:AC90) -> 0 | AJ91: TOTAL | AK91: =SUM(AF90:AK90) -> 0

Sheet Wendel Matias-Desmob
A2: Veiculo | B2: Polo Track | D2: Placa: | E2: DKU8J41 | H2: km | I2: 3000
A3: Substituição (data) | B3: 46081 | D3: Placa: | E3: TDY8E51 | H3: Modelo | I3: Argo
A4: Contrato de Locação | B4: 2294.35 | D4: Rastreador | E4: 45 | H4: Data mob. | I4: 45680 | J4: Data Desmob. | K4: 46113
A7: REGISTRO DE KM | J7: ABASTECIMENTO | W7: LAVA_RAPIDO | AE7: BORRACHARIA
A8: 45680 | B8: Janeiro | J8: Janeiro | W8: Janeiro | AE8: Janeiro
A9: KM (Rodados) | B9: 1ª Leitura | C9: 2ª Leitura | D9: 3ª Leitura | E9: 4ª Leitura | F9: 15 dias Rodados | G9: 30 dias Rodados | H9: Total Mensal | J9: DATA | K9: 45685 | L9: 45688 | W9: DATA | AE9: DATA
D10: 9377 | E10: 9988 | F10: =SUM(C10-B10) -> 0 | G10: =SUM(E10-D10) -> 611 | H10: =SUM(F10:G10) -> 611 | J10: VALOR | K10: 274.77 | L10: 171.83 | W10: VALOR | AE10: VALOR
T11: TOTAL | U11: =SUM(K10:U10) -> 446.6 | AB11: TOTAL | AC11: =SUM(X10:AC10) -> 0 | AJ11: TOTAL | AK11: =SUM(AF10:AK10) -> 0
B12: Fevereiro | J12: Fevereiro | W12: Fevereiro | AE12: Fevereiro
A13: KM (Rodados) | B13: 1ª Leitura | C13: 2ª Leitura | D13: 3ª Leitura | E13: 4ª Leitura | F13: 15 dias Rodados | G13: 30 dias Rodados | H13: Total Mensal | J13: DATA | K13: 45692 | L13: 45695 | M13: 45702 | N13: 45706 | O13: 45713 | P13: 45716 | W13: DATA | X13: 45716 | AE13: DATA
B14: 9988 | C14: 10895 | D14: 10895 | E14: 11831 | F14: =SUM(C14-B14) -> 907 | G14: =SUM(E14-D14) -> 936 | H14: =SUM(F14:G14) -> 1843 | J14: VALOR | K14: 155.88 | L14: 124.97 | M14: 295.7 | N14: 270.68 | O14: 134.34 | P14: 175.21 | W14: VALOR | X14: 40 | AE14: VALOR
T15: TOTAL | U15: =SUM(K14:U14) -> 1156.78 | AB15: TOTAL | AC15: =SUM(X14:AC14) -> 40 | AJ15: TOTAL | AK15: =SUM(AF14:AK14) -> 0
B16: Março | J16: Março | W16: =J16 -> Março | AE16: =W16 -> Março
A17: KM (Rodados) | B17: 1ª Leitura | C17: 2ª Leitura | D17: 3ª Leitura | E17: 4ª Leitura | F17: 15 dias Rodados | G17: 30 dias Rodados | H17: Total Mensal | J17: DATA | K17: 45720 | L17: 45723 | M17: 45727 | N17: 45741 | O17: 45744 | W17: DATA | X17: 45723 | Y17: 45730 | Z17: 45747 | AE17: DATA
B18: 11831 | C18: 12506 | D18: 12506 | E18: 12900 | F18: =SUM(C18-B18) -> 675 | G18: =SUM(E18-D18) -> 394 | H18: =SUM(F18:G18) -> 1069 | J18: VALOR | K18: 142.3 | L18: 149.05 | M18: 139.35 | N18: 213.21 | O18: 172.2 | W18: VALOR | X18: 40 | Y18: 40 | Z18: 40 | AE18: VALOR
T19: TOTAL | U19: =SUM(K18:U18) -> 816.11 | AB19: TOTAL | AC19: =SUM(X18:AC18) -> 120 | AJ19: TOTAL | AK19: =SUM(AF18:AK18) -> 0
B20: Abril | J20: Abril | W20: =J20 -> Abril | AE20: =W20 -> Abril
A21: KM (Rodados) | B21: 1ª Leitura | C21: 2ª Leitura | D21: 3ª Leitura | E21: 4ª Leitura | F21: 15 dias Rodados | G21: 30 dias Rodados | H21: Total Mensal | J21: DATA | K21: 45751 | L21: 45755 | M21: 45758 | N21: 45762 | O21: 45769 | P21: 45772 | Q21: 45776 | W21: DATA | AE21: DATA
B22: 12900 | C22: 13704 | D22: 13704 | E22: 14549 | F22: =SUM(C22-B22) -> 804 | G22: =SUM(E22-D22) -> 845 | H22: =SUM(F22:G22) -> 1649 | J22: VALOR | K22: 218.9 | L22: 170.33 | M22: 162.63 | N22: 127.44 | O22: 183.74 | P22: 124.93 | Q22: 142.4 | W22: VALOR | AE22: VALOR
T23: TOTAL | U23: =SUM(K22:U22) -> 1130.37 | AB23: TOTAL | AC23: =SUM(X22:AC22) -> 0 | AJ23: TOTAL | AK23: =SUM(AF22:AK22) -> 0
B24: Maio | J24: Maio | W24: =J24 -> Maio | AE24: =W24 -> Maio
A25: KM (Rodados) | B25: 1ª Leitura | C25: 2ª Leitura | D25: 3ª Leitura | E25: 4ª Leitura | F25: 15 dias Rodados | G25: 30 dias Rodados | H25: Total Mensal | J25: DATA | K25: 45779 | L25: 45786 | M25: 45797 | N25: 45807 | W25: DATA | AE25: DATA
B26: 14549 | C26: 15055 | D26: 15055 | E26: 15425 | F26: =SUM(C26-B26) -> 506 | G26: =SUM(E26-D26) -> 370 | H26: =SUM(F26:G26) -> 876 | J26: VALOR | K26: 103.68 | L26: 191.42 | M26: 110.4 | N26: 110.53 | W26: VALOR | AE26: VALOR
T27: TOTAL | U27: =SUM(K26:U26) -> 516.03 | AB27: TOTAL | AC27: =SUM(X26:AC26) -> 0 | AJ27: TOTAL | AK27: =SUM(AF26:AK26) -> 0
B28: Junho | J28: Junho | W28: =J28 -> Junho | AE28: =W28 -> Junho
A29: KM (Rodados) | B29: 1ª Leitura | C29: 2ª Leitura | D29: 3ª Leitura | E29: 4ª Leitura | F29: 15 dias Rodados | G29: 30 dias Rodados | H29: Total Mensal | J29: DATA | K29: 45811 | L29: 45814 | M29: 45818 | N29: 45821 | O29: 45825 | P29: 45828 | Q29: 45832 | R29: 45835 | W29: DATA | AE29: DATA
B30: 15425 | C30: 16204 | D30: 16204 | E30: 17073 | F30: =SUM(C30-B30) -> 779 | G30: =SUM(E30-D30) -> 869 | H30: =SUM(F30:G30) -> 1648 | J30: VALOR | K30: 121.09 | L30: 92.93 | M30: 93.76 | N30: 102.4 | O30: 124.61 | P30: 119.68 | Q30: 122.5 | R30: 95.68 | W30: VALOR | AE30: VALOR
T31: TOTAL | U31: =SUM(K30:U30) -> 872.65 | AB31: TOTAL | AC31: =SUM(X30:AC30) -> 0 | AJ31: TOTAL | AK31: =SUM(AF30:AK30) -> 0
B32: Julho | J32: Julho | W32: =J32 -> Julho | AE32: =W32 -> Julho
A33: KM (Rodados) | B33: 1ª Leitura | C33: 2ª Leitura | D33: 3ª Leitura | E33: 4ª Leitura | F33: 15 dias Rodados | G33: 30 dias Rodados | H33: Total Mensal | J33: DATA | K33: 45839 | L33: 45842 | M33: 45846 | N33: 45853 | O33: 45856 | P33: 45860 | Q33: 45863 | R33: 45867 | W33: DATA | AE33: DATA
B34: 17073 | C34: 17949 | D34: 17949 | E34: 18894 | F34: =SUM(C34-B34) -> 876 | G34: =SUM(E34-D34) -> 945 | H34: =SUM(F34:G34) -> 1821 | J34: VALOR | K34: 88.06 | L34: 106.3 | M34: 118.91 | N34: 112.26 | O34: 131.5 | P34: 130.05 | Q34: 112.45 | R34: 90.87 | W34: VALOR | AE34: VALOR
T35: TOTAL | U35: =SUM(K34:U34) -> 890.4 | AB35: TOTAL | AC35: =SUM(X34:AC34) -> 0 | AJ35: TOTAL | AK35: =SUM(AF34:AK34) -> 0
B36: Agosto | J36: Agosto | W36: =J36 -> Agosto | AE36: =W36 -> Agosto
A37: KM (Rodados) | B37: 1ª Leitura | C37: 2ª Leitura | D37: 3ª Leitura | E37: 4ª Leitura | F37: 15 dias Rodados | G37: 30 dias Rodados | H37: Total Mensal | J37: DATA | K37: 45874 | L37: 45877 | M37: 45898 | W37: DATA | AE37: DATA
B38: 18894 | C38: 19550 | D38: 19550 | E38: 19858 | F38: =SUM(C38-B38) -> 656 | G38: =SUM(E38-D38) -> 308 | H38: =SUM(F38:G38) -> 964 | J38: VALOR | K38: 235.33 | L38: 129.02 | M38: 237.25 | W38: VALOR | AE38: VALOR
T39: TOTAL | U39: =SUM(K38:U38) -> 601.6 | AB39: TOTAL | AC39: =SUM(X38:AC38) -> 0 | AJ39: TOTAL | AK39: =SUM(AF38:AK38) -> 0
B40: Setembro | J40: Setembro | W40: =J40 -> Setembro | AE40: =W40 -> Setembro
A41: KM (Rodados) | B41: 1ª Leitura | C41: 2ª Leitura | D41: 3ª Leitura | E41: 4ª Leitura | F41: 15 dias Rodados | G41: 30 dias Rodados | H41: Total Mensal | J41: DATA | K41: 45902 | L41: 45905 | M41: 45909 | N41: 45912 | O41: 45916 | P41: 45919 | W41: DATA | AE41: DATA
B42: 19858 | C42: 20851 | D42: 20851 | E42: 21797 | F42: =SUM(C42-B42) -> 993 | G42: =SUM(E42-D42) -> 946 | H42: =SUM(F42:G42) -> 1939 | J42: VALOR | K42: 128 | L42: 151.17 | M42: 157.57 | N42: 121.6 | O42: 132.35 | P42: 156.2 | W42: VALOR | AE42: VALOR
T43: TOTAL | U43: =SUM(K42:U42) -> 846.89 | AB43: TOTAL | AC43: =SUM(X42:AC42) -> 0 | AJ43: TOTAL | AK43: =SUM(AF42:AK42) -> 0
B44: Outubro | J44: Outubro | W44: =J44 -> Outubro | AE44: =W44 -> Outubro
A45: KM (Rodados) | B45: 1ª Leitura | C45: 2ª Leitura | D45: 3ª Leitura | E45: 4ª Leitura | F45: 15 dias Rodados | G45: 30 dias Rodados | H45: Total Mensal | J45: DATA | K45: 45933 | L45: 45937 | M45: 45940 | N45: 45947 | O45: 45951 | P45: 45954 | Q45: 45958 | R45: 45961 | W45: DATA | AE45: DATA
B46: 21797 | C46: 22704 | D46: 22704 | E46: 23819 | F46: =SUM(C46-B46) -> 907 | G46: =SUM(E46-D46) -> 1115 | H46: =SUM(F46:G46) -> 2022 | J46: VALOR | K46: 249.79 | L46: 191.85 | M46: 148.47 | N46: 232.51 | O46: 158.8 | P46: 113.75 | Q46: 180.38 | R46: 161.4 | W46: VALOR | AE46: VALOR
T47: TOTAL | U47: =SUM(K46:U46) -> 1436.95 | AB47: TOTAL | AC47: =SUM(X46:AC46) -> 0 | AJ47: TOTAL | AK47: =SUM(AF46:AK46) -> 0
B48: Novembro | J48: Novembro | W48: =J48 -> Novembro | AE48: =W48 -> Novembro
A49: KM (Rodados) | B49: 1ª Leitura | C49: 2ª Leitura | D49: 3ª Leitura | E49: 4ª Leitura | F49: 15 dias Rodados | G49: 30 dias Rodados | H49: Total Mensal | J49: DATA | K49: 45968 | L49: 45972 | M49: 45975 | N49: 45979 | O49: 45982 | P49: 45989 | W49: DATA | AE49: DATA
B50: 23819 | C50: 24790 | D50: 24790 | E50: 25667 | F50: =SUM(C50-B50) -> 971 | G50: =SUM(E50-D50) -> 877 | H50: =SUM(F50:G50) -> 1848 | J50: VALOR | K50: 254.46 | L50: 160.45 | M50: 125.51 | N50: 131.79 | O50: 100.26 | P50: 230.27 | W50: VALOR | AE50: VALOR
T51: TOTAL | U51: =SUM(K50:U50) -> 1002.74 | AB51: TOTAL | AC51: =SUM(X50:AC50) -> 0 | AJ51: TOTAL | AK51: =SUM(AF50:AK50) -> 0
B52: Dezembro | J52: Dezembro | W52: =J52 -> Dezembro | AE52: =W52 -> Dezembro
A53: KM (Rodados) | B53: 1ª Leitura | C53: 2ª Leitura | D53: 3ª Leitura | E53: 4ª Leitura | F53: 15 dias Rodados | G53: 30 dias Rodados | H53: Total Mensal | J53: DATA | K53: 45996 | L53: 46000 | M53: 46003 | W53: DATA | AE53: DATA
B54: 25667 | C54: 26705 | D54: 26705 | E54: 26763 | F54: =SUM(C54-B54) -> 1038 | G54: =SUM(E54-D54) -> 58 | H54: =SUM(F54:G54) -> 1096 | J54: VALOR | K54: 164.84 | L54: 114.03 | M54: 166.24 | W54: VALOR | AE54: VALOR
T55: TOTAL | U55: =SUM(K54:U54) -> 445.11 | AB55: TOTAL | AC55: =SUM(X54:AC54) -> 0 | AJ55: TOTAL | AK55: =SUM(AF54:AK54) -> 0
A56: 2026 | B56: Janeiro | J56: Janeiro | W56: Janeiro | AE56: Janeiro
A57: KM (Rodados) | B57: 1ª Leitura | C57: 2ª Leitura | D57: 3ª Leitura | E57: 4ª Leitura | F57: 15 dias Rodados | G57: 30 dias Rodados | H57: Total Mensal | J57: DATA | W57: DATA | AE57: DATA
B58: 26763 | E58: 28286 | F58: =SUM(C58-B58) -> -26763 | G58: =SUM(E58-D58) -> 28286 | H58: =SUM(F58:G58) -> 1523 | J58: VALOR | W58: VALOR | AE58: VALOR
T59: TOTAL | U59: =SUM(K58:U58) -> 0 | AB59: TOTAL | AC59: =SUM(X58:AC58) -> 0 | AJ59: TOTAL | AK59: =SUM(AF58:AK58) -> 0
A60: DKU8J41 | B60: Fevereiro | J60: Fevereiro | W60: Fevereiro | AE60: Fevereiro
A61: KM (Rodados) | B61: 1ª Leitura | C61: 2ª Leitura | D61: 3ª Leitura | E61: 4ª Leitura | F61: 15 dias Rodados | G61: 30 dias Rodados | H61: Total Mensal | J61: DATA | K61: 46056 | L61: 46059 | M61: 46063 | N61: 46070 | O61: 46073 | P61: 46077 | W61: DATA | AE61: DATA
B62: 28286 | E62: 29862 | F62: =SUM(C62-B62) -> -28286 | G62: =SUM(E62-D62) -> 29862 | H62: =SUM(F62:G62) -> 1576 | J62: VALOR | K62: 191.47 | L62: 141.9 | M62: 167.5 | N62: 189.71 | O62: 177.69 | P62: 129.01 | W62: VALOR | AE62: VALOR
T63: TOTAL | U63: =SUM(K62:U62) -> 997.28 | AB63: TOTAL | AC63: =SUM(X62:AC62) -> 0 | AJ63: TOTAL | AK63: =SUM(AF62:AK62) -> 0
A64: TDY8E51 | B64: Março | J64: Março | W64: =J64 -> Março | AE64: =W64 -> Março
A65: KM (Rodados) | B65: 1ª Leitura | C65: 2ª Leitura | D65: 3ª Leitura | E65: 4ª Leitura | F65: 15 dias Rodados | G65: 30 dias Rodados | H65: Total Mensal | J65: DATA | W65: DATA | AE65: DATA
B66: 27839 | E66: 30120 | F66: =SUM(C66-B66) -> -27839 | G66: =SUM(E66-D66) -> 30120 | H66: =SUM(F66:G66) -> 2281 | J66: VALOR | W66: VALOR | AE66: VALOR
T67: TOTAL | U67: =SUM(K66:U66) -> 0 | AB67: TOTAL | AC67: =SUM(X66:AC66) -> 0 | AJ67: TOTAL | AK67: =SUM(AF66:AK66) -> 0
B68: Abril | J68: Abril | W68: =J68 -> Abril | AE68: =W68 -> Abril
A69: KM (Rodados) | B69: 1ª Leitura | C69: 2ª Leitura | D69: 3ª Leitura | E69: 4ª Leitura | F69: 15 dias Rodados | G69: 30 dias Rodados | H69: Total Mensal | J69: DATA | W69: DATA | AE69: DATA
F70: =SUM(C70-B70) -> 0 | G70: =SUM(E70-D70) -> 0 | H70: =SUM(F70:G70) -> 0 | J70: VALOR | W70: VALOR | AE70: VALOR
T71: TOTAL | U71: =SUM(K70:U70) -> 0 | AB71: TOTAL | AC71: =SUM(X70:AC70) -> 0 | AJ71: TOTAL | AK71: =SUM(AF70:AK70) -> 0
B72: Maio | J72: Maio | W72: =J72 -> Maio | AE72: =W72 -> Maio
A73: KM (Rodados) | B73: 1ª Leitura | C73: 2ª Leitura | D73: 3ª Leitura | E73: 4ª Leitura | F73: 15 dias Rodados | G73: 30 dias Rodados | H73: Total Mensal | J73: DATA | W73: DATA | AE73: DATA
F74: =SUM(C74-B74) -> 0 | G74: =SUM(E74-D74) -> 0 | H74: =SUM(F74:G74) -> 0 | J74: VALOR | W74: VALOR | AE74: VALOR
T75: TOTAL | U75: =SUM(K74:U74) -> 0 | AB75: TOTAL | AC75: =SUM(X74:AC74) -> 0 | AJ75: TOTAL | AK75: =SUM(AF74:AK74) -> 0
B76: Junho | J76: Junho | W76: =J76 -> Junho | AE76: =W76 -> Junho
A77: KM (Rodados) | B77: 1ª Leitura | C77: 2ª Leitura | D77: 3ª Leitura | E77: 4ª Leitura | F77: 15 dias Rodados | G77: 30 dias Rodados | H77: Total Mensal | J77: DATA | W77: DATA | AE77: DATA
F78: =SUM(C78-B78) -> 0 | G78: =SUM(E78-D78) -> 0 | H78: =SUM(F78:G78) -> 0 | J78: VALOR | W78: VALOR | AE78: VALOR
T79: TOTAL | U79: =SUM(K78:U78) -> 0 | AB79: TOTAL | AC79: =SUM(X78:AC78) -> 0 | AJ79: TOTAL | AK79: =SUM(AF78:AK78) -> 0
B80: Julho | J80: Julho | W80: =J80 -> Julho | AE80: =W80 -> Julho
A81: KM (Rodados) | B81: 1ª Leitura | C81: 2ª Leitura | D81: 3ª Leitura | E81: 4ª Leitura | F81: 15 dias Rodados | G81: 30 dias Rodados | H81: Total Mensal | J81: DATA | W81: DATA | AE81: DATA
F82: =SUM(C82-B82) -> 0 | G82: =SUM(E82-D82) -> 0 | H82: =SUM(F82:G82) -> 0 | J82: VALOR | W82: VALOR | AE82: VALOR
T83: TOTAL | U83: =SUM(K82:U82) -> 0 | AB83: TOTAL | AC83: =SUM(X82:AC82) -> 0 | AJ83: TOTAL | AK83: =SUM(AF82:AK82) -> 0
B84: Agosto | J84: Agosto | W84: =J84 -> Agosto | AE84: =W84 -> Agosto
A85: KM (Rodados) | B85: 1ª Leitura | C85: 2ª Leitura | D85: 3ª Leitura | E85: 4ª Leitura | F85: 15 dias Rodados | G85: 30 dias Rodados | H85: Total Mensal | J85: DATA | W85: DATA | AE85: DATA
F86: =SUM(C86-B86) -> 0 | G86: =SUM(E86-D86) -> 0 | H86: =SUM(F86:G86) -> 0 | J86: VALOR | W86: VALOR | AE86: VALOR
T87: TOTAL | U87: =SUM(K86:U86) -> 0 | AB87: TOTAL | AC87: =SUM(X86:AC86) -> 0 | AJ87: TOTAL | AK87: =SUM(AF86:AK86) -> 0
B88: Setembro | J88: Setembro | W88: =J88 -> Setembro | AE88: =W88 -> Setembro
A89: KM (Rodados) | B89: 1ª Leitura | C89: 2ª Leitura | D89: 3ª Leitura | E89: 4ª Leitura | F89: 15 dias Rodados | G89: 30 dias Rodados | H89: Total Mensal | J89: DATA | W89: DATA | AE89: DATA
F90: =SUM(C90-B90) -> 0 | G90: =SUM(E90-D90) -> 0 | H90: =SUM(F90:G90) -> 0 | J90: VALOR | W90: VALOR | AE90: VALOR
T91: TOTAL | U91: =SUM(K90:U90) -> 0 | AB91: TOTAL | AC91: =SUM(X90:AC90) -> 0 | AJ91: TOTAL | AK91: =SUM(AF90:AK90) -> 0

Sheet Ualace-Desmob
A2: Veiculo | B2: T-Cross | D2: Placa: | E2: SYD7D49 | H2: KM | I2: 3000
A3: Substituição (data) | B3: 45731 | D3: Placa: | E3: SVR2H85 | H3: Modelo | I3: T-Cross
A4: Substituição (data) 2 | B4: 46081 | D4: Placa: | E4: TXD7J30 | F4: TXD7J30 | H4: Modelo | I4: Renegade
A5: Troca de Condutor | B5: 46087 | D5: Placa: | E5: TXD7J30 | F5: TXD7J30 | H5: Condutores | I5: Lazaro para Ualasse
A6: Contrato de Locação | B6: 3511.2 | D6: Rastreador | E6: 45 | H6: Data mob. | I6: 45586 | J6: Data Desmob. | K6: 46095
A9: REGISTRO DE KM | J9: ABASTECIMENTO | W9: LAVA_RAPIDO | AE9: BORRACHARIA
B11: Fevereiro | J11: Fevereiro | W11: Fevereiro | AE11: Fevereiro
A12: KM (Rodados) | B12: 1ª Leitura | C12: 2ª Leitura | D12: 3ª Leitura | E12: 4ª Leitura | F12: 15 dias Rodados | G12: 30 dias Rodados | H12: Total Mensal | J12: DATA | W12: DATA | AE12: DATA
F13: =SUM(C13-B13) -> 0 | G13: =SUM(E13-D13) -> 0 | H13: =SUM(F13:G13) -> 0 | J13: VALOR | W13: VALOR | AE13: VALOR
T14: TOTAL | U14: =SUM(K13:U13) -> 0 | AB14: TOTAL | AC14: =SUM(X13:AC13) -> 0 | AJ14: TOTAL | AK14: =SUM(AF13:AK13) -> 0
B15: Março | J15: Março | W15: =J15 -> Março | AE15: =W15 -> Março
A16: KM (Rodados) | B16: 1ª Leitura | C16: 2ª Leitura | D16: 3ª Leitura | E16: 4ª Leitura | F16: 15 dias Rodados | G16: 30 dias Rodados | H16: Total Mensal | J16: DATA | W16: DATA | AE16: DATA
F17: =SUM(C17-B17) -> 0 | G17: =SUM(E17-D17) -> 0 | H17: =SUM(F17:G17) -> 0 | J17: VALOR | W17: VALOR | AE17: VALOR
T18: TOTAL | U18: =SUM(K17:U17) -> 0 | AB18: TOTAL | AC18: =SUM(X17:AC17) -> 0 | AJ18: TOTAL | AK18: =SUM(AF17:AK17) -> 0
B19: Abril | J19: Abril | W19: =J19 -> Abril | AE19: =W19 -> Abril
A20: KM (Rodados) | B20: 1ª Leitura | C20: 2ª Leitura | D20: 3ª Leitura | E20: 4ª Leitura | F20: 15 dias Rodados | G20: 30 dias Rodados | H20: Total Mensal | J20: DATA | W20: DATA | AE20: DATA
F21: =SUM(C21-B21) -> 0 | G21: =SUM(E21-D21) -> 0 | H21: =SUM(F21:G21) -> 0 | J21: VALOR | W21: VALOR | AE21: VALOR
T22: TOTAL | U22: =SUM(K21:U21) -> 0 | AB22: TOTAL | AC22: =SUM(X21:AC21) -> 0 | AJ22: TOTAL | AK22: =SUM(AF21:AK21) -> 0
B23: Maio | J23: Maio | W23: =J23 -> Maio | AE23: =W23 -> Maio
A24: KM (Rodados) | B24: 1ª Leitura | C24: 2ª Leitura | D24: 3ª Leitura | E24: 4ª Leitura | F24: 15 dias Rodados | G24: 30 dias Rodados | H24: Total Mensal | J24: DATA | W24: DATA | AE24: DATA
F25: =SUM(C25-B25) -> 0 | G25: =SUM(E25-D25) -> 0 | H25: =SUM(F25:G25) -> 0 | J25: VALOR | W25: VALOR | AE25: VALOR
T26: TOTAL | U26: =SUM(K25:U25) -> 0 | AB26: TOTAL | AC26: =SUM(X25:AC25) -> 0 | AJ26: TOTAL | AK26: =SUM(AF25:AK25) -> 0
B27: Junho | J27: Junho | W27: =J27 -> Junho | AE27: =W27 -> Junho
A28: KM (Rodados) | B28: 1ª Leitura | C28: 2ª Leitura | D28: 3ª Leitura | E28: 4ª Leitura | F28: 15 dias Rodados | G28: 30 dias Rodados | H28: Total Mensal | J28: DATA | W28: DATA | AE28: DATA
F29: =SUM(C29-B29) -> 0 | G29: =SUM(E29-D29) -> 0 | H29: =SUM(F29:G29) -> 0 | J29: VALOR | W29: VALOR | AE29: VALOR
T30: TOTAL | U30: =SUM(K29:U29) -> 0 | AB30: TOTAL | AC30: =SUM(X29:AC29) -> 0 | AJ30: TOTAL | AK30: =SUM(AF29:AK29) -> 0
B31: Julho | J31: Julho | W31: =J31 -> Julho | AE31: =W31 -> Julho
A32: KM (Rodados) | B32: 1ª Leitura | C32: 2ª Leitura | D32: 3ª Leitura | E32: 4ª Leitura | F32: 15 dias Rodados | G32: 30 dias Rodados | H32: Total Mensal | J32: DATA | W32: DATA | AE32: DATA
F33: =SUM(C33-B33) -> 0 | G33: =SUM(E33-D33) -> 0 | H33: =SUM(F33:G33) -> 0 | J33: VALOR | W33: VALOR | AE33: VALOR
T34: TOTAL | U34: =SUM(K33:U33) -> 0 | AB34: TOTAL | AC34: =SUM(X33:AC33) -> 0 | AJ34: TOTAL | AK34: =SUM(AF33:AK33) -> 0
B35: Agosto | J35: Agosto | W35: =J35 -> Agosto | AE35: =W35 -> Agosto
A36: KM (Rodados) | B36: 1ª Leitura | C36: 2ª Leitura | D36: 3ª Leitura | E36: 4ª Leitura | F36: 15 dias Rodados | G36: 30 dias Rodados | H36: Total Mensal | J36: DATA | W36: DATA | AE36: DATA
F37: =SUM(C37-B37) -> 0 | G37: =SUM(E37-D37) -> 0 | H37: =SUM(F37:G37) -> 0 | J37: VALOR | W37: VALOR | AE37: VALOR
T38: TOTAL | U38: =SUM(K37:U37) -> 0 | AB38: TOTAL | AC38: =SUM(X37:AC37) -> 0 | AJ38: TOTAL | AK38: =SUM(AF37:AK37) -> 0
B39: Setembro | J39: Setembro | W39: =J39 -> Setembro | AE39: =W39 -> Setembro
A40: KM (Rodados) | B40: 1ª Leitura | C40: 2ª Leitura | D40: 3ª Leitura | E40: 4ª Leitura | F40: 15 dias Rodados | G40: 30 dias Rodados | H40: Total Mensal | J40: DATA | W40: DATA | AE40: DATA
F41: =SUM(C41-B41) -> 0 | G41: =SUM(E41-D41) -> 0 | H41: =SUM(F41:G41) -> 0 | J41: VALOR | W41: VALOR | AE41: VALOR
T42: TOTAL | U42: =SUM(K41:U41) -> 0 | AB42: TOTAL | AC42: =SUM(X41:AC41) -> 0 | AJ42: TOTAL | AK42: =SUM(AF41:AK41) -> 0
B43: Outubro | J43: Outubro | W43: =J43 -> Outubro | AE43: =W43 -> Outubro
A44: KM (Rodados) | B44: 1ª Leitura | C44: 2ª Leitura | D44: 3ª Leitura | E44: 4ª Leitura | F44: 15 dias Rodados | G44: 30 dias Rodados | H44: Total Mensal | J44: DATA | W44: DATA | AE44: DATA
D45: 33485 | E45: 34211 | F45: =SUM(C45-B45) -> 0 | G45: =SUM(E45-D45) -> 726 | H45: =SUM(F45:G45) -> 726 | J45: VALOR | W45: VALOR | AE45: VALOR
T46: TOTAL | U46: =SUM(K45:U45) -> 0 | AB46: TOTAL | AC46: =SUM(X45:AC45) -> 0 | AJ46: TOTAL | AK46: =SUM(AF45:AK45) -> 0
B47: Novembro | J47: Novembro | W47: =J47 -> Novembro | AE47: =W47 -> Novembro
A48: KM (Rodados) | B48: 1ª Leitura | C48: 2ª Leitura | D48: 3ª Leitura | E48: 4ª Leitura | F48: 15 dias Rodados | G48: 30 dias Rodados | H48: Total Mensal | J48: DATA | W48: DATA | AE48: DATA
B49: 34211 | C49: 36542 | D49: 36542 | E49: 38040 | F49: =SUM(C49-B49) -> 2331 | G49: =SUM(E49-D49) -> 1498 | H49: =SUM(F49:G49) -> 3829 | J49: VALOR | W49: VALOR | AE49: VALOR
T50: TOTAL | U50: =SUM(K49:U49) -> 0 | AB50: TOTAL | AC50: =SUM(X49:AC49) -> 0 | AJ50: TOTAL | AK50: =SUM(AF49:AK49) -> 0
B51: Dezembro | J51: Dezembro | W51: =J51 -> Dezembro | AE51: =W51 -> Dezembro
A52: KM (Rodados) | B52: 1ª Leitura | C52: 2ª Leitura | D52: 3ª Leitura | E52: 4ª Leitura | F52: 15 dias Rodados | G52: 30 dias Rodados | H52: Total Mensal | J52: DATA | K52: 45629 | L52: 45632 | M52: 45636 | N52: 45639 | O52: 45643 | P52: 45646 | W52: DATA | AE52: DATA
B53: 38040 | C53: 39337 | D53: 39500 | E53: 39974 | F53: =SUM(C53-B53) -> 1297 | G53: =SUM(E53-D53) -> 474 | H53: =SUM(F53:G53) -> 1771 | J53: VALOR | K53: 262.04 | L53: 233.93 | M53: 277.07 | N53: 245.81 | O53: 83.66 | P53: 282.36 | W53: VALOR | AE53: VALOR
T54: TOTAL | U54: =SUM(K53:U53) -> 1384.87 | AB54: TOTAL | AC54: =SUM(X53:AC53) -> 0 | AJ54: TOTAL | AK54: =SUM(AF53:AK53) -> 0
A55: 2025 | B55: Janeiro | J55: Janeiro | W55: =J55 -> Janeiro | AE55: =W55 -> Janeiro
A56: KM (Rodados) | B56: 1ª Leitura | C56: 2ª Leitura | D56: 3ª Leitura | E56: 4ª Leitura | F56: 15 dias Rodados | G56: 30 dias Rodados | H56: Total Mensal | J56: DATA | K56: 45664 | L56: 45667 | M56: 45670 | N56: 45674 | O56: 45678 | P56: 45681 | Q56: 45685 | R56: 45688 | W56: DATA | AE56: DATA
B57: 39974 | C57: 41179 | D57: 41179 | E57: 42380 | F57: =SUM(C57-B57) -> 1205 | G57: =SUM(E57-D57) -> 1201 | H57: =SUM(F57:G57) -> 2406 | J57: VALOR | K57: 283.05 | L57: 242.04 | M57: 246.95 | N57: 255 | O57: 296.82 | P57: 255.86 | Q57: 238.35 | R57: 159.24 | W57: VALOR | AE57: VALOR
T58: TOTAL | U58: =SUM(K57:U57) -> 1977.31 | AB58: TOTAL | AC58: =SUM(X57:AC57) -> 0 | AJ58: TOTAL | AK58: =SUM(AF57:AK57) -> 0
B59: Fevereiro | J59: Fevereiro | W59: Fevereiro | AE59: Fevereiro
A60: KM (Rodados) | B60: 1ª Leitura | C60: 2ª Leitura | D60: 3ª Leitura | E60: 4ª Leitura | F60: 15 dias Rodados | G60: 30 dias Rodados | H60: Total Mensal | J60: DATA | K60: 45692 | L60: 45695 | M60: 45699 | N60: 45702 | O60: 45706 | P60: 45709 | Q60: 45713 | W60: DATA | AE60: DATA
B61: 42380 | C61: 43542 | D61: 43542 | E61: 44418 | F61: =SUM(C61-B61) -> 1162 | G61: =SUM(E61-D61) -> 876 | H61: =SUM(F61:G61) -> 2038 | J61: VALOR | K61: 280.91 | L61: 203.84 | M61: 245.26 | N61: 267.2 | O61: 243.32 | P61: 309.01 | Q61: 129.92 | W61: VALOR | AE61: VALOR
T62: TOTAL | U62: =SUM(K61:U61) -> 1679.46 | AB62: TOTAL | AC62: =SUM(X61:AC61) -> 0 | AJ62: TOTAL | AK62: =SUM(AF61:AK61) -> 0
A63: Substituição 15/03/2025 | B63: Março | J63: Março | W63: =J63 -> Março | AE63: =W63 -> Março
A64: KM (Rodados) | B64: 1ª Leitura | C64: 2ª Leitura | D64: 3ª Leitura | E64: 4ª Leitura | F64: 15 dias Rodados | G64: 30 dias Rodados | H64: Total Mensal | J64: DATA | K64: 45723 | L64: 45727 | M64: 45730 | N64: 45734 | O64: 45737 | P64: 45741 | Q64: 45744 | W64: DATA | X64: 45725 | Y64: 45730 | Z64: 45738 | AA64: 45745 | AE64: DATA
B65: 44418 | C65: 45541 | D65: 13036 | E65: 14568 | F65: =SUM(C65-B65) -> 1123 | G65: =SUM(E65-D65) -> 1532 | H65: =SUM(F65:G65) -> 2655 | J65: VALOR | K65: 321.05 | L65: 250.88 | M65: 292.55 | N65: 268.4 | O65: 279.51 | P65: 197.76 | Q65: 239.7 | W65: VALOR | X65: 60 | Y65: 60 | Z65: 60 | AA65: 60 | AE65: VALOR
T66: TOTAL | U66: =SUM(K65:U65) -> 1849.85 | AB66: TOTAL | AC66: =SUM(X65:AC65) -> 240 | AJ66: TOTAL | AK66: =SUM(AF65:AK65) -> 0
B67: Abril | J67: Abril | W67: =J67 -> Abril | AE67: =W67 -> Abril
A68: KM (Rodados) | B68: 1ª Leitura | C68: 2ª Leitura | D68: 3ª Leitura | E68: 4ª Leitura | F68: 15 dias Rodados | G68: 30 dias Rodados | H68: Total Mensal | J68: DATA | K68: 45748 | L68: 45751 | M68: 45755 | N68: 45758 | O68: 45762 | P68: 45776 | W68: DATA | AE68: DATA
B69: 14601 | C69: 15776 | D69: 15776 | E69: 16189 | F69: =SUM(C69-B69) -> 1175 | G69: =SUM(E69-D69) -> 413 | H69: =SUM(F69:G69) -> 1588 | J69: VALOR | K69: 267.6 | L69: 220.97 | M69: 250.61 | N69: 205.99 | O69: 169.86 | P69: 211.2 | W69: VALOR | AE69: VALOR
T70: TOTAL | U70: =SUM(K69:U69) -> 1326.23 | AB70: TOTAL | AC70: =SUM(X69:AC69) -> 0 | AJ70: TOTAL | AK70: =SUM(AF69:AK69) -> 0
B71: Maio | J71: Maio | W71: =J71 -> Maio | AE71: =W71 -> Maio
A72: KM (Rodados) | B72: 1ª Leitura | C72: 2ª Leitura | D72: 3ª Leitura | E72: 4ª Leitura | F72: 15 dias Rodados | G72: 30 dias Rodados | H72: Total Mensal | J72: DATA | K72: 45779 | L72: 45783 | M72: 45786 | N72: 45790 | O72: 45793 | P72: 45797 | Q72: 45800 | R72: 45804 | S72: 45807 | W72: DATA | AE72: DATA
B73: 16189 | C73: 17421 | D73: 17421 | E73: 18762 | F73: =SUM(C73-B73) -> 1232 | G73: =SUM(E73-D73) -> 1341 | H73: =SUM(F73:G73) -> 2573 | J73: VALOR | K73: 141.25 | L73: 174.91 | M73: 165.63 | N73: 192 | O73: 201.02 | P73: 179.01 | Q73: 226.75 | R73: 220.99 | S73: 170.18 | W73: VALOR | AE73: VALOR
T74: TOTAL | U74: =SUM(K73:U73) -> 1671.74 | AB74: TOTAL | AC74: =SUM(X73:AC73) -> 0 | AJ74: TOTAL | AK74: =SUM(AF73:AK73) -> 0
B75: Junho | J75: Junho | W75: =J75 -> Junho | AE75: =W75 -> Junho
A76: KM (Rodados) | B76: 1ª Leitura | C76: 2ª Leitura | D76: 3ª Leitura | E76: 4ª Leitura | F76: 15 dias Rodados | G76: 30 dias Rodados | H76: Total Mensal | J76: DATA | K76: 45811 | L76: 45814 | M76: 45818 | N76: 45821 | O76: 45825 | P76: 45832 | W76: DATA | AE76: DATA
B77: 18762 | C77: 19849 | D77: 19849 | E77: 20516 | F77: =SUM(C77-B77) -> 1087 | G77: =SUM(E77-D77) -> 667 | H77: =SUM(F77:G77) -> 1754 | J77: VALOR | K77: 210.05 | L77: 140.8 | M77: 218.43 | N77: 207.55 | O77: 137.15 | P77: 152.04 | W77: VALOR | AE77: VALOR
T78: TOTAL | U78: =SUM(K77:U77) -> 1066.02 | AB78: TOTAL | AC78: =SUM(X77:AC77) -> 0 | AJ78: TOTAL | AK78: =SUM(AF77:AK77) -> 0
B79: Julho | J79: Julho | W79: =J79 -> Julho | AE79: =W79 -> Julho
A80: KM (Rodados) | B80: 1ª Leitura | C80: 2ª Leitura | D80: 3ª Leitura | E80: 4ª Leitura | F80: 15 dias Rodados | G80: 30 dias Rodados | H80: Total Mensal | J80: DATA | K80: 45839 | L80: 45842 | M80: 45846 | N80: 45849 | O80: 45853 | P80: 45856 | Q80: 45860 | R80: 45863 | S80: 45867 | W80: DATA | AE80: DATA
B81: 20516 | C81: 21767 | D81: 21767 | E81: 23130 | F81: =SUM(C81-B81) -> 1251 | G81: =SUM(E81-D81) -> 1363 | H81: =SUM(F81:G81) -> 2614 | J81: VALOR | K81: 241.86 | L81: 154.24 | M81: 201.04 | N81: 211.44 | O81: 209.04 | P81: 254.09 | Q81: 231.6 | R81: 164.39 | S81: 156 | W81: VALOR | AE81: VALOR
T82: TOTAL | U82: =SUM(K81:U81) -> 1823.7 | AB82: TOTAL | AC82: =SUM(X81:AC81) -> 0 | AJ82: TOTAL | AK82: =SUM(AF81:AK81) -> 0
B83: Agosto | J83: Agosto | W83: =J83 -> Agosto | AE83: =W83 -> Agosto
A84: KM (Rodados) | B84: 1ª Leitura | C84: 2ª Leitura | D84: 3ª Leitura | E84: 4ª Leitura | F84: 15 dias Rodados | G84: 30 dias Rodados | H84: Total Mensal | J84: DATA | K84: 45870 | L84: 45874 | M84: 45877 | N84: 45881 | O84: 45884 | P84: 45888 | Q84: 45891 | W84: DATA | AE84: DATA
B85: 23130 | C85: 24354 | D85: 24354 | E85: 25605 | F85: =SUM(C85-B85) -> 1224 | G85: =SUM(E85-D85) -> 1251 | H85: =SUM(F85:G85) -> 2475 | J85: VALOR | K85: 182.46 | L85: 159.71 | M85: 193.24 | N85: 199.68 | O85: 185.7 | P85: 200.79 | Q85: 212.49 | W85: VALOR | AE85: VALOR
T86: TOTAL | U86: =SUM(K85:U85) -> 1334.07 | AB86: TOTAL | AC86: =SUM(X85:AC85) -> 0 | AJ86: TOTAL | AK86: =SUM(AF85:AK85) -> 0
B87: Setembro | J87: Setembro | W87: =J87 -> Setembro | AE87: =W87 -> Setembro
A88: KM (Rodados) | B88: 1ª Leitura | C88: 2ª Leitura | D88: 3ª Leitura | E88: 4ª Leitura | F88: 15 dias Rodados | G88: 30 dias Rodados | H88: Total Mensal | J88: DATA | K88: 45902 | L88: 45905 | M88: 45909 | N88: 45912 | O88: 45916 | P88: 45923 | Q88: 45926 | R88: 45930 | W88: DATA | AE88: DATA
B89: 25605 | C89: 26743 | D89: 26743 | E89: 27993 | F89: =SUM(C89-B89) -> 1138 | G89: =SUM(E89-D89) -> 1250 | H89: =SUM(F89:G89) -> 2388 | J89: VALOR | K89: 226 | L89: 180.76 | M89: 235.63 | N89: 250.31 | O89: 214.5 | P89: 216.97 | Q89: 172.12 | R89: 208.71 | W89: VALOR | AE89: VALOR
T90: TOTAL | U90: =SUM(K89:U89) -> 1705 | AB90: TOTAL | AC90: =SUM(X89:AC89) -> 0 | AJ90: TOTAL | AK90: =SUM(AF89:AK89) -> 0
B91: Outubro | J91: Outubro | W91: =J91 -> Outubro | AE91: =W91 -> Outubro
A92: KM (Rodados) | B92: 1ª Leitura | C92: 2ª Leitura | D92: 3ª Leitura | E92: 4ª Leitura | F92: 15 dias Rodados | G92: 30 dias Rodados | H92: Total Mensal | J92: DATA | K92: 45933 | L92: 45937 | M92: 45940 | N92: 45944 | O92: 45947 | P92: 45951 | Q92: 45954 | R92: 45958 | S92: 45961 | W92: DATA | AE92: DATA
B93: 27993 | C93: 29186 | D93: 29186 | E93: 30644 | F93: =SUM(C93-B93) -> 1193 | G93: =SUM(E93-D93) -> 1458 | H93: =SUM(F93:G93) -> 2651 | J93: VALOR | K93: 174.07 | L93: 196.82 | M93: 193.38 | N93: 155.02 | O93: 234.71 | P93: 240.96 | Q93: 219.54 | R93: 115.76 | S93: 228.48 | W93: VALOR | AE93: VALOR
T94: TOTAL | U94: =SUM(K93:U93) -> 1758.74 | AB94: TOTAL | AC94: =SUM(X93:AC93) -> 0 | AJ94: TOTAL | AK94: =SUM(AF93:AK93) -> 0
B95: Novembro | J95: Novembro | W95: =J95 -> Novembro | AE95: =W95 -> Novembro
A96: KM (Rodados) | B96: 1ª Leitura | C96: 2ª Leitura | D96: 3ª Leitura | E96: 4ª Leitura | F96: 15 dias Rodados | G96: 30 dias Rodados | H96: Total Mensal | J96: DATA | K96: 45965 | L96: 45968 | M96: 45972 | N96: 45986 | O96: 45989 | W96: DATA | AE96: DATA
B97: 30644 | C97: 31649 | D97: 31649 | E97: 32116 | F97: =SUM(C97-B97) -> 1005 | G97: =SUM(E97-D97) -> 467 | H97: =SUM(F97:G97) -> 1472 | J97: VALOR | K97: 214.96 | L97: 221 | M97: 130.27 | N97: 201.71 | O97: 187.76 | W97: VALOR | AE97: VALOR
T98: TOTAL | U98: =SUM(K97:U97) -> 955.7 | AB98: TOTAL | AC98: =SUM(X97:AC97) -> 0 | AJ98: TOTAL | AK98: =SUM(AF97:AK97) -> 0
B99: Dezembro | J99: Dezembro | W99: =J99 -> Dezembro | AE99: =W99 -> Dezembro
A100: KM (Rodados) | B100: 1ª Leitura | C100: 2ª Leitura | D100: 3ª Leitura | E100: 4ª Leitura | F100: 15 dias Rodados | G100: 30 dias Rodados | H100: Total Mensal | J100: DATA | K100: 45993 | L100: 45996 | M100: 46000 | N100: 46003 | O100: 46006 | W100: DATA | AE100: DATA
B101: 32116 | C101: 33353 | D101: 33353 | E101: 33455 | F101: =SUM(C101-B101) -> 1237 | G101: =SUM(E101-D101) -> 102 | H101: =SUM(F101:G101) -> 1339 | J101: VALOR | K101: 156.62 | L101: 175.61 | M101: 214.24 | N101: 202.03 | O101: 145.1 | W101: VALOR | AE101: VALOR
T102: TOTAL | U102: =SUM(K101:U101) -> 893.6 | AB102: TOTAL | AC102: =SUM(X101:AC101) -> 0 | AJ102: TOTAL | AK102: =SUM(AF101:AK101) -> 0
A103: 2026 | B103: Janeiro | J103: Janeiro | W103: Janeiro | AE103: Janeiro
A104: KM (Rodados) | B104: 1ª Leitura | C104: 2ª Leitura | D104: 3ª Leitura | E104: 4ª Leitura | F104: 15 dias Rodados | G104: 30 dias Rodados | H104: Total Mensal | J104: DATA | W104: DATA | AE104: DATA
...

Sheet CAR_10
A2: Veiculo | D2: Placa: | H2: Medição | I2: 5325
A3: Substituição (data) | D3: Placa: | H3: Modelo
A4: Contrato de Locação | D4: Rastreador
A7: REGISTRO DE KM | J7: ABASTECIMENTO | Y7: LAVA_RAPIDO | AH7: BORRACHARIA
B9: Fevereiro | J9: Fevereiro | Y9: Fevereiro | AH9: Fevereiro
A10: KM (Rodados) | B10: 1ª Leitura | C10: 2ª Leitura | D10: 3ª Leitura | E10: 4ª Leitura | F10: 15 dias Rodados | G10: 30 dias Rodados | H10: Total Mensal | J10: DATA | Y10: DATA | AH10: DATA
F11: =SUM(C11-B11) -> 0 | G11: =SUM(E11-D11) -> 0 | H11: =SUM(F11:G11) -> 0 | J11: VALOR | Y11: VALOR | AH11: VALOR
T12: TOTAL | U12: =SUM(K11:U11) -> 0 | AD12: TOTAL | AE12: =SUM(Z11:AE11) -> 0 | AM12: TOTAL | AN12: =SUM(AI11:AN11) -> 0
B13: Março | J13: Março | Y13: =J13 -> Março | AH13: =Y13 -> Março
A14: KM (Rodados) | B14: 1ª Leitura | C14: 2ª Leitura | D14: 3ª Leitura | E14: 4ª Leitura | F14: 15 dias Rodados | G14: 30 dias Rodados | H14: Total Mensal | J14: DATA | Y14: DATA | AH14: DATA
F15: =SUM(C15-B15) -> 0 | G15: =SUM(E15-D15) -> 0 | H15: =SUM(F15:G15) -> 0 | J15: VALOR | Y15: VALOR | AH15: VALOR
T16: TOTAL | U16: =SUM(K15:U15) -> 0 | AD16: TOTAL | AE16: =SUM(Z15:AE15) -> 0 | AM16: TOTAL | AN16: =SUM(AI15:AN15) -> 0
B17: Abril | J17: Abril | Y17: =J17 -> Abril | AH17: =Y17 -> Abril
A18: KM (Rodados) | B18: 1ª Leitura | C18: 2ª Leitura | D18: 3ª Leitura | E18: 4ª Leitura | F18: 15 dias Rodados | G18: 30 dias Rodados | H18: Total Mensal | J18: DATA | Y18: DATA | AH18: DATA
F19: =SUM(C19-B19) -> 0 | G19: =SUM(E19-D19) -> 0 | H19: =SUM(F19:G19) -> 0 | J19: VALOR | Y19: VALOR | AH19: VALOR
T20: TOTAL | U20: =SUM(K19:U19) -> 0 | AD20: TOTAL | AE20: =SUM(Z19:AE19) -> 0 | AM20: TOTAL | AN20: =SUM(AI19:AN19) -> 0
B21: Maio | J21: Maio | Y21: =J21 -> Maio | AH21: =Y21 -> Maio
A22: KM (Rodados) | B22: 1ª Leitura | C22: 2ª Leitura | D22: 3ª Leitura | E22: 4ª Leitura | F22: 15 dias Rodados | G22: 30 dias Rodados | H22: Total Mensal | J22: DATA | Y22: DATA | AH22: DATA
F23: =SUM(C23-B23) -> 0 | G23: =SUM(E23-D23) -> 0 | H23: =SUM(F23:G23) -> 0 | J23: VALOR | Y23: VALOR | AH23: VALOR
T24: TOTAL | U24: =SUM(K23:U23) -> 0 | AD24: TOTAL | AE24: =SUM(Z23:AE23) -> 0 | AM24: TOTAL | AN24: =SUM(AI23:AN23) -> 0
B25: Junho | J25: Junho | Y25: =J25 -> Junho | AH25: =Y25 -> Junho
A26: KM (Rodados) | B26: 1ª Leitura | C26: 2ª Leitura | D26: 3ª Leitura | E26: 4ª Leitura | F26: 15 dias Rodados | G26: 30 dias Rodados | H26: Total Mensal | J26: DATA | Y26: DATA | AH26: DATA
F27: =SUM(C27-B27) -> 0 | G27: =SUM(E27-D27) -> 0 | H27: =SUM(F27:G27) -> 0 | J27: VALOR | Y27: VALOR | AH27: VALOR
T28: TOTAL | U28: =SUM(K27:U27) -> 0 | AD28: TOTAL | AE28: =SUM(Z27:AE27) -> 0 | AM28: TOTAL | AN28: =SUM(AI27:AN27) -> 0
B29: Julho | J29: Julho | Y29: =J29 -> Julho | AH29: =Y29 -> Julho
A30: KM (Rodados) | B30: 1ª Leitura | C30: 2ª Leitura | D30: 3ª Leitura | E30: 4ª Leitura | F30: 15 dias Rodados | G30: 30 dias Rodados | H30: Total Mensal | J30: DATA | Y30: DATA | AH30: DATA
F31: =SUM(C31-B31) -> 0 | G31: =SUM(E31-D31) -> 0 | H31: =SUM(F31:G31) -> 0 | J31: VALOR | Y31: VALOR | AH31: VALOR
T32: TOTAL | U32: =SUM(K31:U31) -> 0 | AD32: TOTAL | AE32: =SUM(Z31:AE31) -> 0 | AM32: TOTAL | AN32: =SUM(AI31:AN31) -> 0
B33: Agosto | J33: Agosto | Y33: =J33 -> Agosto | AH33: =Y33 -> Agosto
A34: KM (Rodados) | B34: 1ª Leitura | C34: 2ª Leitura | D34: 3ª Leitura | E34: 4ª Leitura | F34: 15 dias Rodados | G34: 30 dias Rodados | H34: Total Mensal | J34: DATA | Y34: DATA | AH34: DATA
F35: =SUM(C35-B35) -> 0 | G35: =SUM(E35-D35) -> 0 | H35: =SUM(F35:G35) -> 0 | J35: VALOR | Y35: VALOR | AH35: VALOR
T36: TOTAL | U36: =SUM(K35:U35) -> 0 | AD36: TOTAL | AE36: =SUM(Z35:AE35) -> 0 | AM36: TOTAL | AN36: =SUM(AI35:AN35) -> 0
B37: Setembro | J37: Setembro | Y37: =J37 -> Setembro | AH37: =Y37 -> Setembro
A38: KM (Rodados) | B38: 1ª Leitura | C38: 2ª Leitura | D38: 3ª Leitura | E38: 4ª Leitura | F38: 15 dias Rodados | G38: 30 dias Rodados | H38: Total Mensal | J38: DATA | Y38: DATA | AH38: DATA
F39: =SUM(C39-B39) -> 0 | G39: =SUM(E39-D39) -> 0 | H39: =SUM(F39:G39) -> 0 | J39: VALOR | Y39: VALOR | AH39: VALOR
T40: TOTAL | U40: =SUM(K39:U39) -> 0 | AD40: TOTAL | AE40: =SUM(Z39:AE39) -> 0 | AM40: TOTAL | AN40: =SUM(AI39:AN39) -> 0
B41: Outubro | J41: Outubro | Y41: =J41 -> Outubro | AH41: =Y41 -> Outubro
A42: KM (Rodados) | B42: 1ª Leitura | C42: 2ª Leitura | D42: 3ª Leitura | E42: 4ª Leitura | F42: 15 dias Rodados | G42: 30 dias Rodados | H42: Total Mensal | J42: DATA | Y42: DATA | AH42: DATA
F43: =SUM(C43-B43) -> 0 | G43: =SUM(E43-D43) -> 0 | H43: =SUM(F43:G43) -> 0 | J43: VALOR | Y43: VALOR | AH43: VALOR
T44: TOTAL | U44: =SUM(K43:U43) -> 0 | AD44: TOTAL | AE44: =SUM(Z43:AE43) -> 0 | AM44: TOTAL | AN44: =SUM(AI43:AN43) -> 0
B45: Novembro | J45: Novembro | Y45: =J45 -> Novembro | AH45: =Y45 -> Novembro
A46: KM (Rodados) | B46: 1ª Leitura | C46: 2ª Leitura | D46: 3ª Leitura | E46: 4ª Leitura | F46: 15 dias Rodados | G46: 30 dias Rodados | H46: Total Mensal | J46: DATA | Y46: DATA | AH46: DATA
F47: =SUM(C47-B47) -> 0 | G47: =SUM(E47-D47) -> 0 | H47: =SUM(F47:G47) -> 0 | J47: VALOR | Y47: VALOR | AH47: VALOR
T48: TOTAL | U48: =SUM(K47:U47) -> 0 | AD48: TOTAL | AE48: =SUM(Z47:AE47) -> 0 | AM48: TOTAL | AN48: =SUM(AI47:AN47) -> 0
B49: Dezembro | J49: Dezembro | Y49: =J49 -> Dezembro | AH49: =Y49 -> Dezembro
A50: KM (Rodados) | B50: 1ª Leitura | C50: 2ª Leitura | D50: 3ª Leitura | E50: 4ª Leitura | F50: 15 dias Rodados | G50: 30 dias Rodados | H50: Total Mensal | J50: DATA | Y50: DATA | AH50: DATA
F51: =SUM(C51-B51) -> 0 | G51: =SUM(E51-D51) -> 0 | H51: =SUM(F51:G51) -> 0 | J51: VALOR | Y51: VALOR | AH51: VALOR
T52: TOTAL | U52: =SUM(K51:U51) -> 0 | AD52: TOTAL | AE52: =SUM(Z51:AE51) -> 0 | AM52: TOTAL | AN52: =SUM(AI51:AN51) -> 0

Sheet CAR_11
A2: Veiculo | D2: Placa: | H2: Medição
A3: Substituição (data) | D3: Placa: | H3: Modelo
A4: Contrato de Locação | D4: Rastreador
A7: REGISTRO DE KM | J7: ABASTECIMENTO | Y7: LAVA_RAPIDO | AH7: BORRACHARIA
B9: Fevereiro | J9: Fevereiro | Y9: Fevereiro | AH9: Fevereiro
A10: KM (Rodados) | B10: 1ª Leitura | C10: 2ª Leitura | D10: 3ª Leitura | E10: 4ª Leitura | F10: 15 dias Rodados | G10: 30 dias Rodados | H10: Total Mensal | J10: DATA | Y10: DATA | AH10: DATA
F11: =SUM(C11-B11) -> 0 | G11: =SUM(E11-D11) -> 0 | H11: =SUM(F11:G11) -> 0 | J11: VALOR | Y11: VALOR | AH11: VALOR
T12: TOTAL | U12: =SUM(K11:U11) -> 0 | AD12: TOTAL | AE12: =SUM(Z11:AE11) -> 0 | AM12: TOTAL | AN12: =SUM(AI11:AN11) -> 0
B13: Março | J13: Março | Y13: =J13 -> Março | AH13: =Y13 -> Março
A14: KM (Rodados) | B14: 1ª Leitura | C14: 2ª Leitura | D14: 3ª Leitura | E14: 4ª Leitura | F14: 15 dias Rodados | G14: 30 dias Rodados | H14: Total Mensal | J14: DATA | Y14: DATA | AH14: DATA
F15: =SUM(C15-B15) -> 0 | G15: =SUM(E15-D15) -> 0 | H15: =SUM(F15:G15) -> 0 | J15: VALOR | Y15: VALOR | AH15: VALOR
T16: TOTAL | U16: =SUM(K15:U15) -> 0 | AD16: TOTAL | AE16: =SUM(Z15:AE15) -> 0 | AM16: TOTAL | AN16: =SUM(AI15:AN15) -> 0
B17: Abril | J17: Abril | Y17: =J17 -> Abril | AH17: =Y17 -> Abril
A18: KM (Rodados) | B18: 1ª Leitura | C18: 2ª Leitura | D18: 3ª Leitura | E18: 4ª Leitura | F18: 15 dias Rodados | G18: 30 dias Rodados | H18: Total Mensal | J18: DATA | Y18: DATA | AH18: DATA
F19: =SUM(C19-B19) -> 0 | G19: =SUM(E19-D19) -> 0 | H19: =SUM(F19:G19) -> 0 | J19: VALOR | Y19: VALOR | AH19: VALOR
T20: TOTAL | U20: =SUM(K19:U19) -> 0 | AD20: TOTAL | AE20: =SUM(Z19:AE19) -> 0 | AM20: TOTAL | AN20: =SUM(AI19:AN19) -> 0
B21: Maio | J21: Maio | Y21: =J21 -> Maio | AH21: =Y21 -> Maio
A22: KM (Rodados) | B22: 1ª Leitura | C22: 2ª Leitura | D22: 3ª Leitura | E22: 4ª Leitura | F22: 15 dias Rodados | G22: 30 dias Rodados | H22: Total Mensal | J22: DATA | Y22: DATA | AH22: DATA
F23: =SUM(C23-B23) -> 0 | G23: =SUM(E23-D23) -> 0 | H23: =SUM(F23:G23) -> 0 | J23: VALOR | Y23: VALOR | AH23: VALOR
T24: TOTAL | U24: =SUM(K23:U23) -> 0 | AD24: TOTAL | AE24: =SUM(Z23:AE23) -> 0 | AM24: TOTAL | AN24: =SUM(AI23:AN23) -> 0
B25: Junho | J25: Junho | Y25: =J25 -> Junho | AH25: =Y25 -> Junho
A26: KM (Rodados) | B26: 1ª Leitura | C26: 2ª Leitura | D26: 3ª Leitura | E26: 4ª Leitura | F26: 15 dias Rodados | G26: 30 dias Rodados | H26: Total Mensal | J26: DATA | Y26: DATA | AH26: DATA
F27: =SUM(C27-B27) -> 0 | G27: =SUM(E27-D27) -> 0 | H27: =SUM(F27:G27) -> 0 | J27: VALOR | Y27: VALOR | AH27: VALOR
T28: TOTAL | U28: =SUM(K27:U27) -> 0 | AD28: TOTAL | AE28: =SUM(Z27:AE27) -> 0 | AM28: TOTAL | AN28: =SUM(AI27:AN27) -> 0
B29: Julho | J29: Julho | Y29: =J29 -> Julho | AH29: =Y29 -> Julho
A30: KM (Rodados) | B30: 1ª Leitura | C30: 2ª Leitura | D30: 3ª Leitura | E30: 4ª Leitura | F30: 15 dias Rodados | G30: 30 dias Rodados | H30: Total Mensal | J30: DATA | Y30: DATA | AH30: DATA
F31: =SUM(C31-B31) -> 0 | G31: =SUM(E31-D31) -> 0 | H31: =SUM(F31:G31) -> 0 | J31: VALOR | Y31: VALOR | AH31: VALOR
T32: TOTAL | U32: =SUM(K31:U31) -> 0 | AD32: TOTAL | AE32: =SUM(Z31:AE31) -> 0 | AM32: TOTAL | AN32: =SUM(AI31:AN31) -> 0
B33: Agosto | J33: Agosto | Y33: =J33 -> Agosto | AH33: =Y33 -> Agosto
A34: KM (Rodados) | B34: 1ª Leitura | C34: 2ª Leitura | D34: 3ª Leitura | E34: 4ª Leitura | F34: 15 dias Rodados | G34: 30 dias Rodados | H34: Total Mensal | J34: DATA | Y34: DATA | AH34: DATA
F35: =SUM(C35-B35) -> 0 | G35: =SUM(E35-D35) -> 0 | H35: =SUM(F35:G35) -> 0 | J35: VALOR | Y35: VALOR | AH35: VALOR
T36: TOTAL | U36: =SUM(K35:U35) -> 0 | AD36: TOTAL | AE36: =SUM(Z35:AE35) -> 0 | AM36: TOTAL | AN36: =SUM(AI35:AN35) -> 0
B37: Setembro | J37: Setembro | Y37: =J37 -> Setembro | AH37: =Y37 -> Setembro
A38: KM (Rodados) | B38: 1ª Leitura | C38: 2ª Leitura | D38: 3ª Leitura | E38: 4ª Leitura | F38: 15 dias Rodados | G38: 30 dias Rodados | H38: Total Mensal | J38: DATA | Y38: DATA | AH38: DATA
F39: =SUM(C39-B39) -> 0 | G39: =SUM(E39-D39) -> 0 | H39: =SUM(F39:G39) -> 0 | J39: VALOR | Y39: VALOR | AH39: VALOR
T40: TOTAL | U40: =SUM(K39:U39) -> 0 | AD40: TOTAL | AE40: =SUM(Z39:AE39) -> 0 | AM40: TOTAL | AN40: =SUM(AI39:AN39) -> 0
B41: Outubro | J41: Outubro | Y41: =J41 -> Outubro | AH41: =Y41 -> Outubro
A42: KM (Rodados) | B42: 1ª Leitura | C42: 2ª Leitura | D42: 3ª Leitura | E42: 4ª Leitura | F42: 15 dias Rodados | G42: 30 dias Rodados | H42: Total Mensal | J42: DATA | Y42: DATA | AH42: DATA
F43: =SUM(C43-B43) -> 0 | G43: =SUM(E43-D43) -> 0 | H43: =SUM(F43:G43) -> 0 | J43: VALOR | Y43: VALOR | AH43: VALOR
T44: TOTAL | U44: =SUM(K43:U43) -> 0 | AD44: TOTAL | AE44: =SUM(Z43:AE43) -> 0 | AM44: TOTAL | AN44: =SUM(AI43:AN43) -> 0
B45: Novembro | J45: Novembro | Y45: =J45 -> Novembro | AH45: =Y45 -> Novembro
A46: KM (Rodados) | B46: 1ª Leitura | C46: 2ª Leitura | D46: 3ª Leitura | E46: 4ª Leitura | F46: 15 dias Rodados | G46: 30 dias Rodados | H46: Total Mensal | J46: DATA | Y46: DATA | AH46: DATA
F47: =SUM(C47-B47) -> 0 | G47: =SUM(E47-D47) -> 0 | H47: =SUM(F47:G47) -> 0 | J47: VALOR | Y47: VALOR | AH47: VALOR
T48: TOTAL | U48: =SUM(K47:U47) -> 0 | AD48: TOTAL | AE48: =SUM(Z47:AE47) -> 0 | AM48: TOTAL | AN48: =SUM(AI47:AN47) -> 0
B49: Dezembro | J49: Dezembro | Y49: =J49 -> Dezembro | AH49: =Y49 -> Dezembro
A50: KM (Rodados) | B50: 1ª Leitura | C50: 2ª Leitura | D50: 3ª Leitura | E50: 4ª Leitura | F50: 15 dias Rodados | G50: 30 dias Rodados | H50: Total Mensal | J50: DATA | Y50: DATA | AH50: DATA
F51: =SUM(C51-B51) -> 0 | G51: =SUM(E51-D51) -> 0 | H51: =SUM(F51:G51) -> 0 | J51: VALOR | Y51: VALOR | AH51: VALOR
T52: TOTAL | U52: =SUM(K51:U51) -> 0 | AD52: TOTAL | AE52: =SUM(Z51:AE51) -> 0 | AM52: TOTAL | AN52: =SUM(AI51:AN51) -> 0

Sheet CAR_12
A2: Veiculo | D2: Placa: | H2: Medição
A3: Substituição (data) | D3: Placa: | H3: Modelo
A4: Contrato de Locação | D4: Rastreador
A7: REGISTRO DE KM | J7: ABASTECIMENTO | Y7: LAVA_RAPIDO | AH7: BORRACHARIA
B9: Fevereiro | J9: Fevereiro | Y9: Fevereiro | AH9: Fevereiro
A10: KM (Rodados) | B10: 1ª Leitura | C10: 2ª Leitura | D10: 3ª Leitura | E10: 4ª Leitura | F10: 15 dias Rodados | G10: 30 dias Rodados | H10: Total Mensal | J10: DATA | Y10: DATA | AH10: DATA
F11: =SUM(C11-B11) -> 0 | G11: =SUM(E11-D11) -> 0 | H11: =SUM(F11:G11) -> 0 | J11: VALOR | Y11: VALOR | AH11: VALOR
T12: TOTAL | U12: =SUM(K11:U11) -> 0 | AD12: TOTAL | AE12: =SUM(Z11:AE11) -> 0 | AM12: TOTAL | AN12: =SUM(AI11:AN11) -> 0
B13: Março | J13: Março | Y13: =J13 -> Março | AH13: =Y13 -> Março
A14: KM (Rodados) | B14: 1ª Leitura | C14: 2ª Leitura | D14: 3ª Leitura | E14: 4ª Leitura | F14: 15 dias Rodados | G14: 30 dias Rodados | H14: Total Mensal | J14: DATA | Y14: DATA | AH14: DATA
F15: =SUM(C15-B15) -> 0 | G15: =SUM(E15-D15) -> 0 | H15: =SUM(F15:G15) -> 0 | J15: VALOR | Y15: VALOR | AH15: VALOR
T16: TOTAL | U16: =SUM(K15:U15) -> 0 | AD16: TOTAL | AE16: =SUM(Z15:AE15) -> 0 | AM16: TOTAL | AN16: =SUM(AI15:AN15) -> 0
B17: Abril | J17: Abril | Y17: =J17 -> Abril | AH17: =Y17 -> Abril
A18: KM (Rodados) | B18: 1ª Leitura | C18: 2ª Leitura | D18: 3ª Leitura | E18: 4ª Leitura | F18: 15 dias Rodados | G18: 30 dias Rodados | H18: Total Mensal | J18: DATA | Y18: DATA | AH18: DATA
F19: =SUM(C19-B19) -> 0 | G19: =SUM(E19-D19) -> 0 | H19: =SUM(F19:G19) -> 0 | J19: VALOR | Y19: VALOR | AH19: VALOR
T20: TOTAL | U20: =SUM(K19:U19) -> 0 | AD20: TOTAL | AE20: =SUM(Z19:AE19) -> 0 | AM20: TOTAL | AN20: =SUM(AI19:AN19) -> 0
B21: Maio | J21: Maio | Y21: =J21 -> Maio | AH21: =Y21 -> Maio
A22: KM (Rodados) | B22: 1ª Leitura | C22: 2ª Leitura | D22: 3ª Leitura | E22: 4ª Leitura | F22: 15 dias Rodados | G22: 30 dias Rodados | H22: Total Mensal | J22: DATA | Y22: DATA | AH22: DATA
F23: =SUM(C23-B23) -> 0 | G23: =SUM(E23-D23) -> 0 | H23: =SUM(F23:G23) -> 0 | J23: VALOR | Y23: VALOR | AH23: VALOR
T24: TOTAL | U24: =SUM(K23:U23) -> 0 | AD24: TOTAL | AE24: =SUM(Z23:AE23) -> 0 | AM24: TOTAL | AN24: =SUM(AI23:AN23) -> 0
B25: Junho | J25: Junho | Y25: =J25 -> Junho | AH25: =Y25 -> Junho
A26: KM (Rodados) | B26: 1ª Leitura | C26: 2ª Leitura | D26: 3ª Leitura | E26: 4ª Leitura | F26: 15 dias Rodados | G26: 30 dias Rodados | H26: Total Mensal | J26: DATA | Y26: DATA | AH26: DATA
F27: =SUM(C27-B27) -> 0 | G27: =SUM(E27-D27) -> 0 | H27: =SUM(F27:G27) -> 0 | J27: VALOR | Y27: VALOR | AH27: VALOR
T28: TOTAL | U28: =SUM(K27:U27) -> 0 | AD28: TOTAL | AE28: =SUM(Z27:AE27) -> 0 | AM28: TOTAL | AN28: =SUM(AI27:AN27) -> 0
B29: Julho | J29: Julho | Y29: =J29 -> Julho | AH29: =Y29 -> Julho
A30: KM (Rodados) | B30: 1ª Leitura | C30: 2ª Leitura | D30: 3ª Leitura | E30: 4ª Leitura | F30: 15 dias Rodados | G30: 30 dias Rodados | H30: Total Mensal | J30: DATA | Y30: DATA | AH30: DATA
F31: =SUM(C31-B31) -> 0 | G31: =SUM(E31-D31) -> 0 | H31: =SUM(F31:G31) -> 0 | J31: VALOR | Y31: VALOR | AH31: VALOR
T32: TOTAL | U32: =SUM(K31:U31) -> 0 | AD32: TOTAL | AE32: =SUM(Z31:AE31) -> 0 | AM32: TOTAL | AN32: =SUM(AI31:AN31) -> 0
B33: Agosto | J33: Agosto | Y33: =J33 -> Agosto | AH33: =Y33 -> Agosto
A34: KM (Rodados) | B34: 1ª Leitura | C34: 2ª Leitura | D34: 3ª Leitura | E34: 4ª Leitura | F34: 15 dias Rodados | G34: 30 dias Rodados | H34: Total Mensal | J34: DATA | Y34: DATA | AH34: DATA
F35: =SUM(C35-B35) -> 0 | G35: =SUM(E35-D35) -> 0 | H35: =SUM(F35:G35) -> 0 | J35: VALOR | Y35: VALOR | AH35: VALOR
T36: TOTAL | U36: =SUM(K35:U35) -> 0 | AD36: TOTAL | AE36: =SUM(Z35:AE35) -> 0 | AM36: TOTAL | AN36: =SUM(AI35:AN35) -> 0
B37: Setembro | J37: Setembro | Y37: =J37 -> Setembro | AH37: =Y37 -> Setembro
A38: KM (Rodados) | B38: 1ª Leitura | C38: 2ª Leitura | D38: 3ª Leitura | E38: 4ª Leitura | F38: 15 dias Rodados | G38: 30 dias Rodados | H38: Total Mensal | J38: DATA | Y38: DATA | AH38: DATA
F39: =SUM(C39-B39) -> 0 | G39: =SUM(E39-D39) -> 0 | H39: =SUM(F39:G39) -> 0 | J39: VALOR | Y39: VALOR | AH39: VALOR
T40: TOTAL | U40: =SUM(K39:U39) -> 0 | AD40: TOTAL | AE40: =SUM(Z39:AE39) -> 0 | AM40: TOTAL | AN40: =SUM(AI39:AN39) -> 0
B41: Outubro | J41: Outubro | Y41: =J41 -> Outubro | AH41: =Y41 -> Outubro
A42: KM (Rodados) | B42: 1ª Leitura | C42: 2ª Leitura | D42: 3ª Leitura | E42: 4ª Leitura | F42: 15 dias Rodados | G42: 30 dias Rodados | H42: Total Mensal | J42: DATA | Y42: DATA | AH42: DATA
F43: =SUM(C43-B43) -> 0 | G43: =SUM(E43-D43) -> 0 | H43: =SUM(F43:G43) -> 0 | J43: VALOR | Y43: VALOR | AH43: VALOR
T44: TOTAL | U44: =SUM(K43:U43) -> 0 | AD44: TOTAL | AE44: =SUM(Z43:AE43) -> 0 | AM44: TOTAL | AN44: =SUM(AI43:AN43) -> 0
B45: Novembro | J45: Novembro | Y45: =J45 -> Novembro | AH45: =Y45 -> Novembro
A46: KM (Rodados) | B46: 1ª Leitura | C46: 2ª Leitura | D46: 3ª Leitura | E46: 4ª Leitura | F46: 15 dias Rodados | G46: 30 dias Rodados | H46: Total Mensal | J46: DATA | Y46: DATA | AH46: DATA
F47: =SUM(C47-B47) -> 0 | G47: =SUM(E47-D47) -> 0 | H47: =SUM(F47:G47) -> 0 | J47: VALOR | Y47: VALOR | AH47: VALOR
T48: TOTAL | U48: =SUM(K47:U47) -> 0 | AD48: TOTAL | AE48: =SUM(Z47:AE47) -> 0 | AM48: TOTAL | AN48: =SUM(AI47:AN47) -> 0
B49: Dezembro | J49: Dezembro | Y49: =J49 -> Dezembro | AH49: =Y49 -> Dezembro
A50: KM (Rodados) | B50: 1ª Leitura | C50: 2ª Leitura | D50: 3ª Leitura | E50: 4ª Leitura | F50: 15 dias Rodados | G50: 30 dias Rodados | H50: Total Mensal | J50: DATA | Y50: DATA | AH50: DATA
F51: =SUM(C51-B51) -> 0 | G51: =SUM(E51-D51) -> 0 | H51: =SUM(F51:G51) -> 0 | J51: VALOR | Y51: VALOR | AH51: VALOR
T52: TOTAL | U52: =SUM(K51:U51) -> 0 | AD52: TOTAL | AE52: =SUM(Z51:AE51) -> 0 | AM52: TOTAL | AN52: =SUM(AI51:AN51) -> 0

Sheet CAR_13
A2: Veiculo | D2: Placa: | H2: Medição
A3: Substituição (data) | D3: Placa: | H3: Modelo
A4: Contrato de Locação | D4: Rastreador
A7: REGISTRO DE KM | J7: ABASTECIMENTO | Y7: LAVA_RAPIDO | AH7: BORRACHARIA
B9: Fevereiro | J9: Fevereiro | Y9: Fevereiro | AH9: Fevereiro
A10: KM (Rodados) | B10: 1ª Leitura | C10: 2ª Leitura | D10: 3ª Leitura | E10: 4ª Leitura | F10: 15 dias Rodados | G10: 30 dias Rodados | H10: Total Mensal | J10: DATA | Y10: DATA | AH10: DATA
F11: =SUM(C11-B11) -> 0 | G11: =SUM(E11-D11) -> 0 | H11: =SUM(F11:G11) -> 0 | J11: VALOR | Y11: VALOR | AH11: VALOR
T12: TOTAL | U12: =SUM(K11:U11) -> 0 | AD12: TOTAL | AE12: =SUM(Z11:AE11) -> 0 | AM12: TOTAL | AN12: =SUM(AI11:AN11) -> 0
B13: Março | J13: Março | Y13: =J13 -> Março | AH13: =Y13 -> Março
A14: KM (Rodados) | B14: 1ª Leitura | C14: 2ª Leitura | D14: 3ª Leitura | E14: 4ª Leitura | F14: 15 dias Rodados | G14: 30 dias Rodados | H14: Total Mensal | J14: DATA | Y14: DATA | AH14: DATA
F15: =SUM(C15-B15) -> 0 | G15: =SUM(E15-D15) -> 0 | H15: =SUM(F15:G15) -> 0 | J15: VALOR | Y15: VALOR | AH15: VALOR
T16: TOTAL | U16: =SUM(K15:U15) -> 0 | AD16: TOTAL | AE16: =SUM(Z15:AE15) -> 0 | AM16: TOTAL | AN16: =SUM(AI15:AN15) -> 0
B17: Abril | J17: Abril | Y17: =J17 -> Abril | AH17: =Y17 -> Abril
A18: KM (Rodados) | B18: 1ª Leitura | C18: 2ª Leitura | D18: 3ª Leitura | E18: 4ª Leitura | F18: 15 dias Rodados | G18: 30 dias Rodados | H18: Total Mensal | J18: DATA | Y18: DATA | AH18: DATA
F19: =SUM(C19-B19) -> 0 | G19: =SUM(E19-D19) -> 0 | H19: =SUM(F19:G19) -> 0 | J19: VALOR | Y19: VALOR | AH19: VALOR
T20: TOTAL | U20: =SUM(K19:U19) -> 0 | AD20: TOTAL | AE20: =SUM(Z19:AE19) -> 0 | AM20: TOTAL | AN20: =SUM(AI19:AN19) -> 0
B21: Maio | J21: Maio | Y21: =J21 -> Maio | AH21: =Y21 -> Maio
A22: KM (Rodados) | B22: 1ª Leitura | C22: 2ª Leitura | D22: 3ª Leitura | E22: 4ª Leitura | F22: 15 dias Rodados | G22: 30 dias Rodados | H22: Total Mensal | J22: DATA | Y22: DATA | AH22: DATA
F23: =SUM(C23-B23) -> 0 | G23: =SUM(E23-D23) -> 0 | H23: =SUM(F23:G23) -> 0 | J23: VALOR | Y23: VALOR | AH23: VALOR
T24: TOTAL | U24: =SUM(K23:U23) -> 0 | AD24: TOTAL | AE24: =SUM(Z23:AE23) -> 0 | AM24: TOTAL | AN24: =SUM(AI23:AN23) -> 0
B25: Junho | J25: Junho | Y25: =J25 -> Junho | AH25: =Y25 -> Junho
A26: KM (Rodados) | B26: 1ª Leitura | C26: 2ª Leitura | D26: 3ª Leitura | E26: 4ª Leitura | F26: 15 dias Rodados | G26: 30 dias Rodados | H26: Total Mensal | J26: DATA | Y26: DATA | AH26: DATA
F27: =SUM(C27-B27) -> 0 | G27: =SUM(E27-D27) -> 0 | H27: =SUM(F27:G27) -> 0 | J27: VALOR | Y27: VALOR | AH27: VALOR
T28: TOTAL | U28: =SUM(K27:U27) -> 0 | AD28: TOTAL | AE28: =SUM(Z27:AE27) -> 0 | AM28: TOTAL | AN28: =SUM(AI27:AN27) -> 0
B29: Julho | J29: Julho | Y29: =J29 -> Julho | AH29: =Y29 -> Julho
A30: KM (Rodados) | B30: 1ª Leitura | C30: 2ª Leitura | D30: 3ª Leitura | E30: 4ª Leitura | F30: 15 dias Rodados | G30: 30 dias Rodados | H30: Total Mensal | J30: DATA | Y30: DATA | AH30: DATA
F31: =SUM(C31-B31) -> 0 | G31: =SUM(E31-D31) -> 0 | H31: =SUM(F31:G31) -> 0 | J31: VALOR | Y31: VALOR | AH31: VALOR
T32: TOTAL | U32: =SUM(K31:U31) -> 0 | AD32: TOTAL | AE32: =SUM(Z31:AE31) -> 0 | AM32: TOTAL | AN32: =SUM(AI31:AN31) -> 0
B33: Agosto | J33: Agosto | Y33: =J33 -> Agosto | AH33: =Y33 -> Agosto
A34: KM (Rodados) | B34: 1ª Leitura | C34: 2ª Leitura | D34: 3ª Leitura | E34: 4ª Leitura | F34: 15 dias Rodados | G34: 30 dias Rodados | H34: Total Mensal | J34: DATA | Y34: DATA | AH34: DATA
F35: =SUM(C35-B35) -> 0 | G35: =SUM(E35-D35) -> 0 | H35: =SUM(F35:G35) -> 0 | J35: VALOR | Y35: VALOR | AH35: VALOR
T36: TOTAL | U36: =SUM(K35:U35) -> 0 | AD36: TOTAL | AE36: =SUM(Z35:AE35) -> 0 | AM36: TOTAL | AN36: =SUM(AI35:AN35) -> 0
B37: Setembro | J37: Setembro | Y37: =J37 -> Setembro | AH37: =Y37 -> Setembro
A38: KM (Rodados) | B38: 1ª Leitura | C38: 2ª Leitura | D38: 3ª Leitura | E38: 4ª Leitura | F38: 15 dias Rodados | G38: 30 dias Rodados | H38: Total Mensal | J38: DATA | Y38: DATA | AH38: DATA
F39: =SUM(C39-B39) -> 0 | G39: =SUM(E39-D39) -> 0 | H39: =SUM(F39:G39) -> 0 | J39: VALOR | Y39: VALOR | AH39: VALOR
T40: TOTAL | U40: =SUM(K39:U39) -> 0 | AD40: TOTAL | AE40: =SUM(Z39:AE39) -> 0 | AM40: TOTAL | AN40: =SUM(AI39:AN39) -> 0
B41: Outubro | J41: Outubro | Y41: =J41 -> Outubro | AH41: =Y41 -> Outubro
A42: KM (Rodados) | B42: 1ª Leitura | C42: 2ª Leitura | D42: 3ª Leitura | E42: 4ª Leitura | F42: 15 dias Rodados | G42: 30 dias Rodados | H42: Total Mensal | J42: DATA | Y42: DATA | AH42: DATA
F43: =SUM(C43-B43) -> 0 | G43: =SUM(E43-D43) -> 0 | H43: =SUM(F43:G43) -> 0 | J43: VALOR | Y43: VALOR | AH43: VALOR
T44: TOTAL | U44: =SUM(K43:U43) -> 0 | AD44: TOTAL | AE44: =SUM(Z43:AE43) -> 0 | AM44: TOTAL | AN44: =SUM(AI43:AN43) -> 0
B45: Novembro | J45: Novembro | Y45: =J45 -> Novembro | AH45: =Y45 -> Novembro
A46: KM (Rodados) | B46: 1ª Leitura | C46: 2ª Leitura | D46: 3ª Leitura | E46: 4ª Leitura | F46: 15 dias Rodados | G46: 30 dias Rodados | H46: Total Mensal | J46: DATA | Y46: DATA | AH46: DATA
F47: =SUM(C47-B47) -> 0 | G47: =SUM(E47-D47) -> 0 | H47: =SUM(F47:G47) -> 0 | J47: VALOR | Y47: VALOR | AH47: VALOR
T48: TOTAL | U48: =SUM(K47:U47) -> 0 | AD48: TOTAL | AE48: =SUM(Z47:AE47) -> 0 | AM48: TOTAL | AN48: =SUM(AI47:AN47) -> 0
B49: Dezembro | J49: Dezembro | Y49: =J49 -> Dezembro | AH49: =Y49 -> Dezembro
