Workbook

Sheet Resumo Geral
A1: RESUMO GERAL MENSAL
B5: JAN | C5: FEV | D5: MAR | E5: ABR | F5: MAI | G5: JUN | H5: JUL | I5: AGO | J5: SET | K5: OUT | L5: NOV | M5: DEZ
A6: ABASTECIMENTO | B6: ='Resumo Individual'!D5+'Resumo Individual'!K5+'Resumo Individual'!D24+'Resumo Individual'!K24+'Resumo Individual'!D43+'Resumo Individual'!K43 -> 1045.42 | C6: ='Resumo Individual'!D6+'Resumo Individual'!K6+'Resumo Individual'!D25+'Resumo Individual'!K25+'Resumo Individual'!D44+'Resumo Individual'!K44 -> 1960.31 | D6: ='Resumo Individual'!D7+'Resumo Individual'!K7+'Resumo Individual'!D26+'Resumo Individual'!K26+'Resumo Individual'!D45+'Resumo Individual'!K45 -> 2218.6 | E6: ='Resumo Individual'!D8+'Resumo Individual'!K8+'Resumo Individual'!D27+'Resumo Individual'!K27+'Resumo Individual'!D46+'Resumo Individual'!K46 -> 2484.87 | F6: ='Resumo Individual'!D9+'Resumo Individual'!K9+'Resumo Individual'!D28+'Resumo Individual'!K28+'Resumo Individual'!D47+'Resumo Individual'!K47 -> 2290.46 | G6: ='Resumo Individual'!D10+'Resumo Individual'!K10+'Resumo Individual'!D29+'Resumo Individual'!K29+'Resumo Individual'!D48+'Resumo Individual'!K48 -> 1245.78 | H6: ='Resumo Individual'!D11+'Resumo Individual'!K11+'Resumo Individual'!D30+'Resumo Individual'!K30+'Resumo Individual'!D49+'Resumo Individual'!K49 -> 1416.65 | I6: ='Resumo Individual'!D12+'Resumo Individual'!K12+'Resumo Individual'!D31+'Resumo Individual'!K31+'Resumo Individual'!D50+'Resumo Individual'!K50 -> 4413.72 | J6: ='Resumo Individual'!D13+'Resumo Individual'!K13+'Resumo Individual'!D32+'Resumo Individual'!K32+'Resumo Individual'!D51+'Resumo Individual'!K51 -> 7627.61 | K6: ='Resumo Individual'!D14+'Resumo Individual'!K14+'Resumo Individual'!D33+'Resumo Individual'!K33+'Resumo Individual'!D52+'Resumo Individual'!K52 -> 10693.81 | L6: ='Resumo Individual'!D15+'Resumo Individual'!K15+'Resumo Individual'!D34+'Resumo Individual'!K34+'Resumo Individual'!D53+'Resumo Individual'!K53 -> 5235.49 | M6: ='Resumo Individual'!D16+'Resumo Individual'!K16+'Resumo Individual'!D35+'Resumo Individual'!K35+'Resumo Individual'!D54+'Resumo Individual'!K54 -> 6789
A8: LAVA JATO | B8: ='Resumo Individual'!E5+'Resumo Individual'!L5+'Resumo Individual'!E24+'Resumo Individual'!L24+'Resumo Individual'!E43+'Resumo Individual'!L43 -> 45 | C8: ='Resumo Individual'!E6+'Resumo Individual'!L6+'Resumo Individual'!E25+'Resumo Individual'!L25+'Resumo Individual'!E44+'Resumo Individual'!L44 -> 45 | D8: ='Resumo Individual'!E7+'Resumo Individual'!L7+'Resumo Individual'!E26+'Resumo Individual'!L26+'Resumo Individual'!E45+'Resumo Individual'!L45 -> 45 | E8: ='Resumo Individual'!E8+'Resumo Individual'!L8+'Resumo Individual'!E27+'Resumo Individual'!L27+'Resumo Individual'!E46+'Resumo Individual'!L46 -> 0 | F8: ='Resumo Individual'!E9+'Resumo Individual'!L9+'Resumo Individual'!E28+'Resumo Individual'!L28+'Resumo Individual'!E47+'Resumo Individual'!L47 -> 0 | G8: ='Resumo Individual'!E10+'Resumo Individual'!L10+'Resumo Individual'!E29+'Resumo Individual'!L29+'Resumo Individual'!E48+'Resumo Individual'!L48 -> 0 | H8: ='Resumo Individual'!E11+'Resumo Individual'!L11+'Resumo Individual'!E30+'Resumo Individual'!L30+'Resumo Individual'!E49+'Resumo Individual'!L49 -> 0 | I8: ='Resumo Individual'!E12+'Resumo Individual'!L12+'Resumo Individual'!E31+'Resumo Individual'!L31+'Resumo Individual'!E50+'Resumo Individual'!L50 -> 0 | J8: ='Resumo Individual'!E13+'Resumo Individual'!L13+'Resumo Individual'!E32+'Resumo Individual'!L32+'Resumo Individual'!E51+'Resumo Individual'!L51 -> 0 | K8: ='Resumo Individual'!E14+'Resumo Individual'!L14+'Resumo Individual'!E33+'Resumo Individual'!L33+'Resumo Individual'!E52+'Resumo Individual'!L52 -> 0 | L8: ='Resumo Individual'!E15+'Resumo Individual'!L15+'Resumo Individual'!E34+'Resumo Individual'!L34+'Resumo Individual'!E53+'Resumo Individual'!L53 -> 0 | M8: ='Resumo Individual'!E16+'Resumo Individual'!L16+'Resumo Individual'!E35+'Resumo Individual'!L35+'Resumo Individual'!E54+'Resumo Individual'!L54 -> 90
A10: BORRACHARIA | B10: ='Resumo Individual'!F5+'Resumo Individual'!M5+'Resumo Individual'!F24+'Resumo Individual'!M24+'Resumo Individual'!F43+'Resumo Individual'!M43 -> 0 | C10: ='Resumo Individual'!F6+'Resumo Individual'!M6+'Resumo Individual'!F25+'Resumo Individual'!M25+'Resumo Individual'!F44+'Resumo Individual'!M44 -> 0 | D10: ='Resumo Individual'!F7+'Resumo Individual'!M7+'Resumo Individual'!F26+'Resumo Individual'!M26+'Resumo Individual'!F45+'Resumo Individual'!M45 -> 0 | E10: ='Resumo Individual'!F8+'Resumo Individual'!M8+'Resumo Individual'!F27+'Resumo Individual'!M27+'Resumo Individual'!F46+'Resumo Individual'!M46 -> 0 | F10: ='Resumo Individual'!F9+'Resumo Individual'!M9+'Resumo Individual'!F28+'Resumo Individual'!M28+'Resumo Individual'!F47+'Resumo Individual'!M47 -> 0 | G10: ='Resumo Individual'!F10+'Resumo Individual'!M10+'Resumo Individual'!F29+'Resumo Individual'!M29+'Resumo Individual'!F48+'Resumo Individual'!M48 -> 0 | H10: ='Resumo Individual'!F11+'Resumo Individual'!M11+'Resumo Individual'!F30+'Resumo Individual'!M30+'Resumo Individual'!F49+'Resumo Individual'!M49 -> 0 | I10: ='Resumo Individual'!F12+'Resumo Individual'!M12+'Resumo Individual'!F31+'Resumo Individual'!M31+'Resumo Individual'!F50+'Resumo Individual'!M50 -> 0 | J10: ='Resumo Individual'!F13+'Resumo Individual'!M13+'Resumo Individual'!F32+'Resumo Individual'!M32+'Resumo Individual'!F51+'Resumo Individual'!M51 -> 0 | K10: ='Resumo Individual'!F14+'Resumo Individual'!M14+'Resumo Individual'!F33+'Resumo Individual'!M33+'Resumo Individual'!F52+'Resumo Individual'!M52 -> 0 | L10: ='Resumo Individual'!F15+'Resumo Individual'!M15+'Resumo Individual'!F34+'Resumo Individual'!M34+'Resumo Individual'!F53+'Resumo Individual'!M53 -> 0 | M10: ='Resumo Individual'!F16+'Resumo Individual'!M16+'Resumo Individual'!F35+'Resumo Individual'!M35+'Resumo Individual'!F54+'Resumo Individual'!M54 -> 0
B14: JAN | C14: FEV | D14: MAR | E14: ABR | F14: MAI | G14: JUN | H14: JUL | I14: AGO | J14: SET | K14: OUT | L14: NOV | M14: DEZ
A15: Medição
A17: Contrato de Locação
A19: Lucro Car's | B19: =B15-B17 -> 0 | C19: =C15-C17 -> 0 | D19: =D15-D17 -> 0 | E19: =E15-E17 -> 0 | F19: =F15-F17 -> 0 | G19: =G15-G17 -> 0 | H19: =H15-H17 -> 0 | I19: =I15-I17 -> 0 | ... M19: =M15-M17 -> 0

Sheet Resumo Individual
C1: RESUMO INDIVIDUAL POR VEÍCULO
B3: CAR 01 | I3: CAR 02
B4: KM RODADO | C4: KM MENSAL | D4: ABASTECIMENTO | E4: LAVA JATO | F4: BORRACHARIA | I4: KM RODADO | J4: KM MENSAL | K4: ABASTECIMENTO | L4: LAVA JATO | M4: BORRACHARIA
A5: JAN | B5: ='Jhonny-Devol'!H14 -> 0 | C5: =3000-B5 -> 3000 | D5: ='Jhonny-Devol'!U15 -> 0 | E5: ='Jhonny-Devol'!AD15 -> 0 | F5: ='Jhonny-Devol'!AL15 -> 0 | H5: JAN | I5: ='Roniere-Desmob'!H13 -> 0 | J5: =SUM(3000-I5) -> 3000 | K5: ='Roniere-Desmob'!U14 -> 0 | L5: ='Roniere-Desmob'!AC14 -> 0 | M5: ='Roniere-Desmob'!AK14 -> 0
A6: FEV | B6: ='Jhonny-Devol'!H18 -> 0 | C6: =3000-B6 -> 3000 | D6: ='Jhonny-Devol'!U19 -> 0 | E6: ='Jhonny-Devol'!AD19 -> 0 | F6: ='Jhonny-Devol'!AL19 -> 0 | H6: FEV | I6: ='Roniere-Desmob'!H17 -> 0 | J6: =SUM(3000-I6) -> 3000 | K6: ='Roniere-Desmob'!U18 -> 0 | L6: ='Roniere-Desmob'!AC18 -> 0 | M6: ='Roniere-Desmob'!AK18 -> 0
A7: MAR | B7: ='Jhonny-Devol'!H22 -> 0 | C7: =3000-B7 -> 3000 | D7: ='Jhonny-Devol'!U23 -> 0 | E7: ='Jhonny-Devol'!AD23 -> 0 | F7: ='Jhonny-Devol'!AL23 -> 0 | H7: MAR | I7: ='Roniere-Desmob'!H21 -> 0 | J7: =SUM(3000-I7) -> 3000 | K7: ='Roniere-Desmob'!U22 -> 0 | L7: ='Roniere-Desmob'!AC22 -> 0 | M7: ='Roniere-Desmob'!AK22 -> 0
A8: ABR | B8: ='Jhonny-Devol'!H26 -> 0 | C8: =3000-B8 -> 3000 | D8: ='Jhonny-Devol'!U27 -> 0 | E8: ='Jhonny-Devol'!AD27 -> 0 | F8: ='Jhonny-Devol'!AL27 -> 0 | H8: ABR | I8: ='Roniere-Desmob'!H25 -> 0 | J8: =SUM(3000-I8) -> 3000 | K8: ='Roniere-Desmob'!U26 -> 0 | L8: ='Roniere-Desmob'!AC26 -> 0 | M8: ='Roniere-Desmob'!AK26 -> 0
A9: MAI | B9: ='Jhonny-Devol'!H30 -> 0 | C9: =3000-B9 -> 3000 | D9: ='Jhonny-Devol'!U31 -> 0 | E9: ='Jhonny-Devol'!AD31 -> 0 | F9: ='Jhonny-Devol'!AL31 -> 0 | H9: MAI | I9: ='Roniere-Desmob'!H29 -> 0 | J9: =SUM(3000-I9) -> 3000 | K9: ='Roniere-Desmob'!U30 -> 0 | L9: ='Roniere-Desmob'!AC30 -> 0 | M9: ='Roniere-Desmob'!AK30 -> 0
A10: JUN | B10: ='Jhonny-Devol'!H34 -> 0 | C10: =3000-B10 -> 3000 | D10: ='Jhonny-Devol'!U35 -> 0 | E10: ='Jhonny-Devol'!AD35 -> 0 | F10: ='Jhonny-Devol'!AL35 -> 0 | H10: JUN | I10: ='Roniere-Desmob'!H33 -> 0 | J10: =SUM(3000-I10) -> 3000 | K10: ='Roniere-Desmob'!U34 -> 0 | L10: ='Roniere-Desmob'!AC34 -> 0 | M10: ='Roniere-Desmob'!AK34 -> 0
A11: JUL | B11: ='Jhonny-Devol'!H38 -> 0 | C11: =3000-B11 -> 3000 | D11: ='Jhonny-Devol'!U39 -> 403.52 | E11: ='Jhonny-Devol'!AD39 -> 0 | F11: ='Jhonny-Devol'!AL39 -> 0 | H11: JUL | I11: ='Roniere-Desmob'!H37 -> 0 | J11: =SUM(3000-I11) -> 3000 | K11: ='Roniere-Desmob'!U38 -> 0 | L11: ='Roniere-Desmob'!AC38 -> 0 | M11: ='Roniere-Desmob'!AK38 -> 0
A12: AGO | B12: ='Jhonny-Devol'!H42 -> 2500 | C12: =3000-B12 -> 500 | D12: ='Jhonny-Devol'!U43 -> 1726.47 | E12: ='Jhonny-Devol'!AD43 -> 0 | F12: ='Jhonny-Devol'!AL43 -> 0 | H12: AGO | I12: ='Roniere-Desmob'!H41 -> 1886 | J12: =SUM(3000-I12) -> 1114 | K12: ='Roniere-Desmob'!U42 -> 1448.15 | L12: ='Roniere-Desmob'!AC42 -> 0 | M12: ='Roniere-Desmob'!AK42 -> 0
A13: SET | B13: ='Jhonny-Devol'!H46 -> 3552 | C13: =3000-B13 -> -552 | D13: ='Jhonny-Devol'!U47 -> 1936.96 | E13: ='Jhonny-Devol'!AD47 -> 0 | F13: ='Jhonny-Devol'!AL47 -> 0 | H13: SET | I13: ='Roniere-Desmob'!H45 -> 2490 | J13: =SUM(3000-I13) -> 510 | K13: ='Roniere-Desmob'!U46 -> 1893.63 | L13: ='Roniere-Desmob'!AC46 -> 0 | M13: ='Roniere-Desmob'!AK46 -> 0
A14: OUT | B14: ='Jhonny-Devol'!H50 -> 4707 | C14: =3000-B14 -> -1707 | D14: ='Jhonny-Devol'!U51 -> 2478.9 | E14: ='Jhonny-Devol'!AD51 -> 0 | F14: ='Jhonny-Devol'!AL51 -> 0 | H14: OUT | I14: ='Roniere-Desmob'!H49 -> 46899 | J14: =SUM(3000-I14) -> -43899 | K14: ='Roniere-Desmob'!U50 -> 2339.89 | L14: ='Roniere-Desmob'!AC50 -> 0 | M14: ='Roniere-Desmob'!AK50 -> 0
A15: NOV | B15: ='Jhonny-Devol'!H54 -> 0 | C15: =3000-B15 -> 3000 | D15: ='Jhonny-Devol'!U55 -> 1496.89 | E15: ='Jhonny-Devol'!AD55 -> 0 | F15: ='Jhonny-Devol'!AL55 -> 0 | H15: NOV | I15: ='Roniere-Desmob'!H53 -> 1052 | J15: =SUM(3000-I15) -> 1948 | K15: ='Roniere-Desmob'!U54 -> 765.14 | L15: ='Roniere-Desmob'!AC54 -> 0 | M15: ='Roniere-Desmob'!AK54 -> 0
A16: DEZ | B16: ='Jhonny-Devol'!H58 -> 3743 | C16: =3000-B16 -> -743 | D16: ='Jhonny-Devol'!U59 -> 1451.13 | E16: ='Jhonny-Devol'!AD59 -> 45 | F16: ='Jhonny-Devol'!AL59 -> 0 | H16: DEZ | I16: ='Roniere-Desmob'!H57 -> 1998 | J16: =SUM(3000-I16) -> 1002 | K16: ='Roniere-Desmob'!U58 -> 1431.11 | L16: ='Roniere-Desmob'!AC58 -> 0 | M16: ='Roniere-Desmob'!AK58 -> 0
A18: TOTAL | B18: =SUM(B5:B16) -> 14502 | D18: =SUM(D5:D16) -> 9493.87 | E18: =SUM(E5:E16) -> 45 | F18: =SUM(F5:F16) -> 0 | H18: TOTAL | I18: =SUM(I5:I16) -> 54325 | K18: =SUM(K5:K16) -> 7877.92 | L18: =SUM(L5:L16) -> 0 | M18: =SUM(M5:M16) -> 0
A19: SALDO KM | B19: =SUM(36000-B18) -> 21498 | H19: SALDO KM | I19: =SUM(36000-I18) -> -18325
B22: CAR 03 | I22: CAR 04
B23: KM RODADO | C23: KM MENSAL | D23: ABASTECIMENTO | E23: LAVA JATO | F23: BORRACHARIA | I23: KM RODADO | J23: KM MENSAL | K23: ABASTECIMENTO | L23: LAVA JATO | M23: BORRACHARIA
A24: JAN | B24: ='Rute - Devolvido'!H13 -> 0 | C24: =SUM(5000-B24) -> 5000 | D24: ='Rute - Devolvido'!U14 -> 0 | E24: ='Rute - Devolvido'!AC14 -> 0 | F24: ='Rute - Devolvido'!AK14 -> 0 | H24: JAN | I24: ='Francisco de Morais-Desmob'!H14 -> 0 | J24: =SUM(5000-I24) -> 5000 | K24: ='Francisco de Morais-Desmob'!U15 -> 0 | L24: ='Francisco de Morais-Desmob'!AC15 -> 0 | M24: ='Francisco de Morais-Desmob'!AK15 -> 0
A25: FEV | B25: ='Rute - Devolvido'!H17 -> 0 | C25: =SUM(5000-B25) -> 5000 | D25: ='Rute - Devolvido'!U18 -> 0 | E25: ='Rute - Devolvido'!AC18 -> 0 | F25: ='Rute - Devolvido'!AK18 -> 0 | H25: FEV | I25: ='Francisco de Morais-Desmob'!H18 -> 0 | J25: =SUM(5000-I25) -> 5000 | K25: ='Francisco de Morais-Desmob'!U19 -> 0 | L25: ='Francisco de Morais-Desmob'!AC19 -> 0 | M25: ='Francisco de Morais-Desmob'!AK19 -> 0
A26: MAR | B26: ='Rute - Devolvido'!H21 -> 0 | C26: =SUM(5000-B26) -> 5000 | D26: ='Rute - Devolvido'!U22 -> 0 | E26: ='Rute - Devolvido'!AC22 -> 0 | F26: ='Rute - Devolvido'!AK22 -> 0 | H26: MAR | I26: ='Francisco de Morais-Desmob'!H22 -> 0 | J26: =SUM(5000-I26) -> 5000 | K26: ='Francisco de Morais-Desmob'!U23 -> 0 | L26: ='Francisco de Morais-Desmob'!AC23 -> 0 | M26: ='Francisco de Morais-Desmob'!AK23 -> 0
A27: ABR | B27: ='Rute - Devolvido'!H25 -> 0 | C27: =SUM(5000-B27) -> 5000 | D27: ='Rute - Devolvido'!U26 -> 0 | E27: ='Rute - Devolvido'!AC26 -> 0 | F27: ='Rute - Devolvido'!AK26 -> 0 | H27: ABR | I27: ='Francisco de Morais-Desmob'!H26 -> 0 | J27: =SUM(5000-I27) -> 5000 | K27: ='Francisco de Morais-Desmob'!U27 -> 0 | L27: ='Francisco de Morais-Desmob'!AC27 -> 0 | M27: ='Francisco de Morais-Desmob'!AK27 -> 0
A28: MAI | B28: ='Rute - Devolvido'!H29 -> 0 | C28: =SUM(5000-B28) -> 5000 | D28: ='Rute - Devolvido'!U30 -> 0 | E28: ='Rute - Devolvido'!AC30 -> 0 | F28: ='Rute - Devolvido'!AK30 -> 0 | H28: MAI | I28: ='Francisco de Morais-Desmob'!H30 -> 0 | J28: =SUM(5000-I28) -> 5000 | K28: ='Francisco de Morais-Desmob'!U31 -> 0 | L28: ='Francisco de Morais-Desmob'!AC31 -> 0 | M28: ='Francisco de Morais-Desmob'!AK31 -> 0
A29: JUN | B29: ='Rute - Devolvido'!H33 -> 0 | C29: =SUM(5000-B29) -> 5000 | D29: ='Rute - Devolvido'!U34 -> 0 | E29: ='Rute - Devolvido'!AC34 -> 0 | F29: ='Rute - Devolvido'!AK34 -> 0 | H29: JUN | I29: ='Francisco de Morais-Desmob'!H34 -> 0 | J29: =SUM(5000-I29) -> 5000 | K29: ='Francisco de Morais-Desmob'!U35 -> 0 | L29: ='Francisco de Morais-Desmob'!AC35 -> 0 | M29: ='Francisco de Morais-Desmob'!AK35 -> 0
A30: JUL | B30: ='Rute - Devolvido'!H37 -> 0 | C30: =SUM(5000-B30) -> 5000 | D30: ='Rute - Devolvido'!U38 -> 0 | E30: ='Rute - Devolvido'!AC38 -> 0 | F30: ='Rute - Devolvido'!AK38 -> 0 | H30: JUL | I30: ='Francisco de Morais-Desmob'!H38 -> 0 | J30: =SUM(5000-I30) -> 5000 | K30: ='Francisco de Morais-Desmob'!U39 -> 0 | L30: ='Francisco de Morais-Desmob'!AC39 -> 0 | M30: ='Francisco de Morais-Desmob'!AK39 -> 0
A31: AGO | B31: ='Rute - Devolvido'!H41 -> 1655 | C31: =SUM(5000-B31) -> 3345 | D31: ='Rute - Devolvido'!U42 -> 1239.1 | E31: ='Rute - Devolvido'!AC42 -> 0 | F31: ='Rute - Devolvido'!AK42 -> 0 | H31: AGO | I31: ='Francisco de Morais-Desmob'!H42 -> 0 | J31: =SUM(5000-I31) -> 5000 | K31: ='Francisco de Morais-Desmob'!U43 -> 0 | L31: ='Francisco de Morais-Desmob'!AC43 -> 0 | M31: ='Francisco de Morais-Desmob'!AK43 -> 0
A32: SET | B32: ='Rute - Devolvido'!H45 -> 3635 | C32: =SUM(5000-B32) -> 1365 | D32: ='Rute - Devolvido'!U46 -> 2024.56 | E32: ='Rute - Devolvido'!AC46 -> 0 | F32: ='Rute - Devolvido'!AK46 -> 0 | H32: SET | I32: ='Francisco de Morais-Desmob'!H46 -> 2920 | J32: =SUM(5000-I32) -> 2080 | K32: ='Francisco de Morais-Desmob'!U47 -> 1772.46 | L32: ='Francisco de Morais-Desmob'!AC47 -> 0 | M32: ='Francisco de Morais-Desmob'!AK47 -> 0
A33: OUT | B33: ='Rute - Devolvido'!H49 -> -47094 | C33: =SUM(5000-B33) -> 52094 | D33: ='Rute - Devolvido'!U50 -> 3211.82 | E33: ='Rute - Devolvido'!AC50 -> 0 | F33: ='Rute - Devolvido'!AK50 -> 0 | H33: OUT | I33: ='Francisco de Morais-Desmob'!H50 -> 5903 | J33: =SUM(5000-I33) -> -903 | K33: ='Francisco de Morais-Desmob'!U51 -> 2663.2 | L33: ='Francisco de Morais-Desmob'!AC51 -> 0 | M33: ='Francisco de Morais-Desmob'!AK51 -> 0
A34: NOV | B34: ='Rute - Devolvido'!H53 -> 0 | C34: =SUM(5000-B34) -> 5000 | D34: ='Rute - Devolvido'!U54 -> 1537.92 | E34: ='Rute - Devolvido'!AC54 -> 0 | F34: ='Rute - Devolvido'!AK54 -> 0 | H34: NOV | I34: ='Francisco de Morais-Desmob'!H54 -> 2037 | J34: =SUM(5000-I34) -> 2963 | K34: ='Francisco de Morais-Desmob'!U55 -> 1435.54 | L34: ='Francisco de Morais-Desmob'!AC55 -> 0 | M34: ='Francisco de Morais-Desmob'!AK55 -> 0
A35: DEZ | B35: ='Rute - Devolvido'!H57 -> 2601 | C35: =SUM(5000-B35) -> 2399 | D35: ='Rute - Devolvido'!U58 -> 2161.45 | E35: ='Rute - Devolvido'!AC58 -> 45 | F35: ='Rute - Devolvido'!AK58 -> 0 | H35: DEZ | I35: ='Francisco de Morais-Desmob'!H58 -> 3916 | J35: =SUM(5000-I35) -> 1084 | K35: ='Francisco de Morais-Desmob'!U59 -> 1745.31 | L35: ='Francisco de Morais-Desmob'!AC59 -> 0 | M35: ='Francisco de Morais-Desmob'!AK59 -> 0
A37: TOTAL | B37: =SUM(B24:B35) -> -39203 | D37: =SUM(D24:D35) -> 10174.85 | E37: =SUM(E24:E35) -> 45 | F37: =SUM(F24:F35) -> 0 | H37: TOTAL | I37: =SUM(I24:I35) -> 14776 | K37: =SUM(K24:K35) -> 7616.51 | L37: =SUM(L24:L35) -> 0 | M37: =SUM(M24:M35) -> 0
A38: SALDO KM | B38: =SUM(60000-B37) -> 99203 | H38: SALDO KM | I38: =SUM(60000-I37) -> 45224
B41: CAR 05 | I41: CAR 06
B42: KM RODADO | C42: KM MENSAL | D42: ABASTECIMENTO | E42: LAVA JATO | F42: BORRACHARIA | I42: KM RODADO | J42: KM MENSAL | K42: ABASTECIMENTO | L42: LAVA JATO | M42: BORRACHARIA
A43: JAN | B43: ='Washington-Devolvido'!H14 -> 2055 | C43: =SUM(5000-B43) -> 2945 | D43: ='Washington-Devolvido'!U15 -> 1045.42 | E43: ='Washington-Devolvido'!AC15 -> 45 | F43: ='Washington-Devolvido'!AK15 -> 0 | H43: JAN | I43: ='Francisco de Morais'!H13 -> 0 | J43: =SUM(5000-I43) -> 5000 | K43: ='Francisco de Morais'!U14 -> 0 | L43: ='Francisco de Morais'!AC14 -> 0 | M43: ='Francisco de Morais'!AK14 -> 0
A44: FEV | B44: ='Washington-Devolvido'!H18 -> 4253 | C44: =SUM(5000-B44) -> 747 | D44: ='Washington-Devolvido'!U19 -> 1960.31 | E44: ='Washington-Devolvido'!AC19 -> 45 | F44: ='Washington-Devolvido'!AK19 -> 0 | H44: FEV | I44: ='Francisco de Morais'!H17 -> 0 | J44: =SUM(5000-I44) -> 5000 | K44: ='Francisco de Morais'!U18 -> 0 | L44: ='Francisco de Morais'!AC18 -> 0 | M44: ='Francisco de Morais'!AK18 -> 0
A45: MAR | B45: ='Washington-Devolvido'!H22 -> 4514 | C45: =SUM(5000-B45) -> 486 | D45: ='Washington-Devolvido'!U23 -> 2218.6 | E45: ='Washington-Devolvido'!AC23 -> 45 | F45: ='Washington-Devolvido'!AK23 -> 0 | H45: MAR | I45: ='Francisco de Morais'!H21 -> 1419 | J45: =SUM(5000-I45) -> 3581 | K45: ='Francisco de Morais'!U22 -> 0 | L45: ='Francisco de Morais'!AC22 -> 0 | M45: ='Francisco de Morais'!AK22 -> 0
A46: ABR | B46: ='Washington-Devolvido'!H26 -> 4050 | C46: =SUM(5000-B46) -> 950 | D46: ='Washington-Devolvido'!U27 -> 2484.87 | E46: ='Washington-Devolvido'!AC27 -> 0 | F46: ='Washington-Devolvido'!AK27 -> 0 | H46: ABR | I46: ='Francisco de Morais'!H25 -> 1576 | J46: =SUM(5000-I46) -> 3424 | K46: ='Francisco de Morais'!U26 -> 0 | L46: ='Francisco de Morais'!AC26 -> 0 | M46: ='Francisco de Morais'!AK26 -> 0
A47: MAI | B47: ='Washington-Devolvido'!H30 -> 5120 | C47: =SUM(5000-B47) -> -120 | D47: ='Washington-Devolvido'!U31 -> 2290.46 | E47: ='Washington-Devolvido'!AC31 -> 0 | F47: ='Washington-Devolvido'!AK31 -> 0 | H47: MAI | I47: ='Francisco de Morais'!H29 -> 3793 | J47: =SUM(5000-I47) -> 1207 | K47: ='Francisco de Morais'!U30 -> 0 | L47: ='Francisco de Morais'!AC30 -> 0 | M47: ='Francisco de Morais'!AK30 -> 0
A48: JUN | B48: ='Washington-Devolvido'!H34 -> 2740 | C48: =SUM(5000-B48) -> 2260 | D48: ='Washington-Devolvido'!U35 -> 1245.78 | E48: ='Washington-Devolvido'!AC35 -> 0 | F48: ='Washington-Devolvido'!AK35 -> 0 | H48: JUN | I48: ='Francisco de Morais'!H33 -> 0 | J48: =SUM(5000-I48) -> 5000 | K48: ='Francisco de Morais'!U34 -> 0 | L48: ='Francisco de Morais'!AC34 -> 0 | M48: ='Francisco de Morais'!AK34 -> 0
A49: JUL | B49: ='Washington-Devolvido'!H38 -> 3229 | C49: =SUM(5000-B49) -> 1771 | D49: ='Washington-Devolvido'!U39 -> 1013.13 | E49: ='Washington-Devolvido'!AC39 -> 0 | F49: ='Washington-Devolvido'!AK39 -> 0 | H49: JUL | I49: ='Francisco de Morais'!H37 -> 0 | J49: =SUM(5000-I49) -> 5000 | K49: ='Francisco de Morais'!U38 -> 0 | L49: ='Francisco de Morais'!AC38 -> 0 | M49: ='Francisco de Morais'!AK38 -> 0
A50: AGO | B50: ='Washington-Devolvido'!H42 -> 0 | C50: =SUM(5000-B50) -> 5000 | D50: ='Washington-Devolvido'!U43 -> 0 | E50: ='Washington-Devolvido'!AC43 -> 0 | F50: ='Washington-Devolvido'!AK43 -> 0 | H50: AGO | I50: ='Francisco de Morais'!H41 -> 0 | J50: =SUM(5000-I50) -> 5000 | K50: ='Francisco de Morais'!U42 -> 0 | L50: ='Francisco de Morais'!AC42 -> 0 | M50: ='Francisco de Morais'!AK42 -> 0
A51: SET | B51: ='Washington-Devolvido'!H46 -> 0 | C51: =SUM(5000-B51) -> 5000 | D51: ='Washington-Devolvido'!U47 -> 0 | E51: ='Washington-Devolvido'!AC47 -> 0 | F51: ='Washington-Devolvido'!AK47 -> 0 | H51: SET | I51: ='Francisco de Morais'!H45 -> 0 | J51: =SUM(5000-I51) -> 5000 | K51: ='Francisco de Morais'!U46 -> 0 | L51: ='Francisco de Morais'!AC46 -> 0 | M51: ='Francisco de Morais'!AK46 -> 0
A52: OUT | B52: ='Washington-Devolvido'!H50 -> 0 | C52: =SUM(5000-B52) -> 5000 | D52: ='Washington-Devolvido'!U51 -> 0 | E52: ='Washington-Devolvido'!AC51 -> 0 | F52: ='Washington-Devolvido'!AK51 -> 0 | H52: OUT | I52: ='Francisco de Morais'!H49 -> 0 | J52: =SUM(5000-I52) -> 5000 | K52: ='Francisco de Morais'!U50 -> 0 | L52: ='Francisco de Morais'!AC50 -> 0 | M52: ='Francisco de Morais'!AK50 -> 0
A53: NOV | B53: ='Washington-Devolvido'!H54 -> 0 | C53: =SUM(5000-B53) -> 5000 | D53: ='Washington-Devolvido'!U55 -> 0 | E53: ='Washington-Devolvido'!AC55 -> 0 | F53: ='Washington-Devolvido'!AK55 -> 0 | H53: NOV | I53: ='Francisco de Morais'!H53 -> 0 | J53: =SUM(5000-I53) -> 5000 | K53: ='Francisco de Morais'!U54 -> 0 | L53: ='Francisco de Morais'!AC54 -> 0 | M53: ='Francisco de Morais'!AK54 -> 0
A54: DEZ | B54: ='Washington-Devolvido'!H58 -> 0 | C54: =SUM(5000-B54) -> 5000 | D54: ='Washington-Devolvido'!U59 -> 0 | E54: ='Washington-Devolvido'!AC59 -> 0 | F54: ='Washington-Devolvido'!AK59 -> 0 | H54: DEZ | I54: ='Francisco de Morais'!H57 -> 0 | J54: =SUM(5000-I54) -> 5000 | K54: ='Francisco de Morais'!U58 -> 0 | L54: ='Francisco de Morais'!AC58 -> 0 | M54: ='Francisco de Morais'!AK58 -> 0
A56: TOTAL | B56: =SUM(B43:B54) -> 25961 | D56: =SUM(D43:D54) -> 12258.57 | E56: =SUM(E43:E54) -> 135 | F56: =SUM(F43:F54) -> 0 | H56: TOTAL | I56: =SUM(I43:I54) -> 6788 | K56: =SUM(K43:K54) -> 0 | L56: =SUM(L43:L54) -> 0 | M56: =SUM(M43:M54) -> 0
A57: SALDO KM | B57: =SUM(60000-B56) -> 34039 | H57: SALDO KM | I57: =SUM(60000-I56) -> 53212

Sheet Luis Daladiuer
B1: GESTÃO DE FROTAS
B2: CONTROLE DE QUILOMETRAGEM, ABASTECIMENTOS, LAVAGENS E SERVIÇOS DE BORRACHARIA
A4: Veiculo: | B4: Renegade | D4: Placa: | E4: TXL2A88 | G4: km | H4: 3000
A6: Contrato Locação: | B6: 3837 | D6: Rastreador: | E6: Unidas - 3S | G6: Data mob.: | H6: 46119
A9: REGISTRO DE KM | J9: ABASTECIMENTO | W9: LAVA JATO | AE9: BORRACHARIA
B11: Janeiro | J11: Janeiro | W11: Janeiro | AE11: Janeiro
A12: KM (Rodados) | B12: 1ª Leitura | C12: 2ª Leitura | D12: 3ª Leitura | E12: 4ª Leitura | F12: 15 dias Rodados | G12: 30 dias Rodados | H12: Total Mensal | J12: DATA | W12: DATA | AE12: DATA
F13: =SUM(C13-B13) -> 0 | G13: =SUM(E13-D13) -> 0 | H13: =SUM(F13:G13) -> 0 | J13: VALOR | W13: VALOR | AE13: VALOR
T14: TOTAL | U14: =SUM(K13:U13) -> 0 | AB14: TOTAL | AC14: =SUM(X13:AC13) -> 0 | AJ14: TOTAL | AK14: =SUM(AF13:AK13) -> 0
B15: Fevereiro | J15: Fevereiro | W15: Fevereiro | AE15: Fevereiro
A16: KM (Rodados) | B16: 1ª Leitura | C16: 2ª Leitura | D16: 3ª Leitura | E16: 4ª Leitura | F16: 15 dias Rodados | G16: 30 dias Rodados | H16: Total Mensal | J16: DATA | W16: DATA | AE16: DATA
F17: =SUM(C17-B17) -> 0 | G17: =SUM(E17-D17) -> 0 | H17: =SUM(F17:G17) -> 0 | J17: VALOR | W17: VALOR | AE17: VALOR
T18: TOTAL | U18: =SUM(K17:U17) -> 0 | AB18: TOTAL | AC18: =SUM(X17:AC17) -> 0 | AJ18: TOTAL | AK18: =SUM(AF17:AK17) -> 0
B19: Março | J19: Março | W19: =J19 -> Março | AE19: =W19 -> Março
A20: KM (Rodados) | B20: 1ª Leitura | C20: 2ª Leitura | D20: 3ª Leitura | E20: 4ª Leitura | F20: 15 dias Rodados | G20: 30 dias Rodados | H20: Total Mensal | J20: DATA | W20: DATA | AE20: DATA
F21: =SUM(C21-B21) -> 0 | G21: =SUM(E21-D21) -> 0 | H21: =SUM(F21:G21) -> 0 | J21: VALOR | W21: VALOR | AE21: VALOR
T22: TOTAL | U22: =SUM(K21:U21) -> 0 | AB22: TOTAL | AC22: =SUM(X21:AC21) -> 0 | AJ22: TOTAL | AK22: =SUM(AF21:AK21) -> 0
B23: Abril | J23: Abril | W23: =J23 -> Abril | AE23: =W23 -> Abril
A24: KM (Rodados) | B24: 1ª Leitura | C24: 2ª Leitura | D24: 3ª Leitura | E24: 4ª Leitura | F24: 15 dias Rodados | G24: 30 dias Rodados | H24: Total Mensal | J24: DATA | W24: DATA | AE24: DATA
B25: 15565 | E25: 18218 | F25: =SUM(C25-B25) -> -15565 | G25: =SUM(E25-D25) -> 18218 | H25: =SUM(F25:G25) -> 2653 | J25: VALOR | W25: VALOR | AE25: VALOR
T26: TOTAL | U26: =SUM(K25:U25) -> 0 | AB26: TOTAL | AC26: =SUM(X25:AC25) -> 0 | AJ26: TOTAL | AK26: =SUM(AF25:AK25) -> 0
B27: Maio | J27: Maio | W27: =J27 -> Maio | AE27: =W27 -> Maio
A28: KM (Rodados) | B28: 1ª Leitura | C28: 2ª Leitura | D28: 3ª Leitura | E28: 4ª Leitura | F28: 15 dias Rodados | G28: 30 dias Rodados | H28: Total Mensal | J28: DATA | W28: DATA | AE28: DATA
B29: 18218 | E29: 21063 | F29: =SUM(C29-B29) -> -18218 | G29: =SUM(E29-D29) -> 21063 | H29: =SUM(F29:G29) -> 2845 | J29: VALOR | W29: VALOR | AE29: VALOR
T30: TOTAL | U30: =SUM(K29:U29) -> 0 | AB30: TOTAL | AC30: =SUM(X29:AC29) -> 0 | AJ30: TOTAL | AK30: =SUM(AF29:AK29) -> 0
B31: Junho | J31: Junho | W31: =J31 -> Junho | AE31: =W31 -> Junho
A32: KM (Rodados) | B32: 1ª Leitura | C32: 2ª Leitura | D32: 3ª Leitura | E32: 4ª Leitura | F32: 15 dias Rodados | G32: 30 dias Rodados | H32: Total Mensal | J32: DATA | W32: DATA | AE32: DATA
F33: =SUM(C33-B33) -> 0 | G33: =SUM(E33-D33) -> 0 | H33: =SUM(F33:G33) -> 0 | J33: VALOR | W33: VALOR | AE33: VALOR
T34: TOTAL | U34: =SUM(K33:U33) -> 0 | AB34: TOTAL | AC34: =SUM(X33:AC33) -> 0 | AJ34: TOTAL | AK34: =SUM(AF33:AK33) -> 0
B35: Julho | J35: Julho | W35: =J35 -> Julho | AE35: =W35 -> Julho
A36: KM (Rodados) | B36: 1ª Leitura | C36: 2ª Leitura | D36: 3ª Leitura | E36: 4ª Leitura | F36: 15 dias Rodados | G36: 30 dias Rodados | H36: Total Mensal | J36: DATA | W36: DATA | AE36: DATA
F37: =SUM(C37-B37) -> 0 | G37: =SUM(E37-D37) -> 0 | H37: =SUM(F37:G37) -> 0 | J37: VALOR | W37: VALOR | AE37: VALOR
T38: TOTAL | U38: =SUM(K37:U37) -> 0 | AB38: TOTAL | AC38: =SUM(X37:AC37) -> 0 | AJ38: TOTAL | AK38: =SUM(AF37:AK37) -> 0
B39: Agosto | J39: Agosto | W39: =J39 -> Agosto | AE39: =W39 -> Agosto
A40: KM (Rodados) | B40: 1ª Leitura | C40: 2ª Leitura | D40: 3ª Leitura | E40: 4ª Leitura | F40: 15 dias Rodados | G40: 30 dias Rodados | H40: Total Mensal | J40: DATA | W40: DATA | AE40: DATA
F41: =SUM(C41-B41) -> 0 | G41: =SUM(E41-D41) -> 0 | H41: =SUM(F41:G41) -> 0 | J41: VALOR | W41: VALOR | AE41: VALOR
T42: TOTAL | U42: =SUM(K41:U41) -> 0 | AB42: TOTAL | AC42: =SUM(X41:AC41) -> 0 | AJ42: TOTAL | AK42: =SUM(AF41:AK41) -> 0
B43: Setembro | J43: Setembro | W43: =J43 -> Setembro | AE43: =W43 -> Setembro
A44: KM (Rodados) | B44: 1ª Leitura | C44: 2ª Leitura | D44: 3ª Leitura | E44: 4ª Leitura | F44: 15 dias Rodados | G44: 30 dias Rodados | H44: Total Mensal | J44: DATA | W44: DATA | AE44: DATA
F45: =SUM(C45-B45) -> 0 | G45: =SUM(E45-D45) -> 0 | H45: =SUM(F45:G45) -> 0 | J45: VALOR | W45: VALOR | AE45: VALOR
T46: TOTAL | U46: =SUM(K45:U45) -> 0 | AB46: TOTAL | AC46: =SUM(X45:AC45) -> 0 | AJ46: TOTAL | AK46: =SUM(AF45:AK45) -> 0
B47: Outubro | J47: Outubro | W47: =J47 -> Outubro | AE47: =W47 -> Outubro
A48: KM (Rodados) | B48: 1ª Leitura | C48: 2ª Leitura | D48: 3ª Leitura | E48: 4ª Leitura | F48: 15 dias Rodados | G48: 30 dias Rodados | H48: Total Mensal | J48: DATA | W48: DATA | AE48: DATA
F49: =SUM(C49-B49) -> 0 | G49: =SUM(E49-D49) -> 0 | H49: =SUM(F49:G49) -> 0 | J49: VALOR | W49: VALOR | AE49: VALOR
T50: TOTAL | U50: =SUM(K49:U49) -> 0 | AB50: TOTAL | AC50: =SUM(X49:AC49) -> 0 | AJ50: TOTAL | AK50: =SUM(AF49:AK49) -> 0
B51: Novembro | J51: Novembro | W51: =J51 -> Novembro | AE51: =W51 -> Novembro
A52: KM (Rodados) | B52: 1ª Leitura | C52: 2ª Leitura | D52: 3ª Leitura | E52: 4ª Leitura | F52: 15 dias Rodados | G52: 30 dias Rodados | H52: Total Mensal | J52: DATA | W52: DATA | AE52: DATA
F53: =SUM(C53-B53) -> 0 | G53: =SUM(E53-D53) -> 0 | H53: =SUM(F53:G53) -> 0 | J53: VALOR | W53: VALOR | AE53: VALOR
T54: TOTAL | U54: =SUM(K53:U53) -> 0 | AB54: TOTAL | AC54: =SUM(X53:AC53) -> 0 | AJ54: TOTAL | AK54: =SUM(AF53:AK53) -> 0
B55: Dezembro | J55: Dezembro | W55: =J55 -> Dezembro | AE55: =W55 -> Dezembro
A56: KM (Rodados) | B56: 1ª Leitura | C56: 2ª Leitura | D56: 3ª Leitura | E56: 4ª Leitura | F56: 15 dias Rodados | G56: 30 dias Rodados | H56: Total Mensal | J56: DATA | W56: DATA | AE56: DATA
F57: =SUM(C57-B57) -> 0 | G57: =SUM(E57-D57) -> 0 | H57: =SUM(F57:G57) -> 0 | J57: VALOR | W57: VALOR | AE57: VALOR
T58: TOTAL | U58: =SUM(K57:U57) -> 0 | AB58: TOTAL | AC58: =SUM(X57:AC57) -> 0 | AJ58: TOTAL | AK58: =SUM(AF57:AK57) -> 0

Sheet Ronieri
B1: GESTÃO DE FROTAS
B2: CONTROLE DE QUILOMETRAGEM, ABASTECIMENTOS, LAVAGENS E SERVIÇOS DE BORRACHARIA
A4: Veiculo: | B4: Tera | D4: Placa: | E4: TXE1H23 | G4: km | H4: 3000
A6: Contrato Locação: | B6: 3837 | D6: Rastreador: | E6: Rastreador Unidas | G6: Data mob.: | H6: 46076
A9: REGISTRO DE KM | J9: ABASTECIMENTO | W9: LAVA JATO | AE9: BORRACHARIA
B11: Janeiro | J11: Janeiro | W11: Janeiro | AE11: Janeiro
A12: KM (Rodados) | B12: 1ª Leitura | C12: 2ª Leitura | D12: 3ª Leitura | E12: 4ª Leitura | F12: 15 dias Rodados | G12: 30 dias Rodados | H12: Total Mensal | J12: DATA | W12: DATA | AE12: DATA
F13: =SUM(C13-B13) -> 0 | G13: =SUM(E13-D13) -> 0 | H13: =SUM(F13:G13) -> 0 | J13: VALOR | W13: VALOR | AE13: VALOR
T14: TOTAL | U14: =SUM(K13:U13) -> 0 | AB14: TOTAL | AC14: =SUM(X13:AC13) -> 0 | AJ14: TOTAL | AK14: =SUM(AF13:AK13) -> 0
B15: Fevereiro | J15: Fevereiro | W15: Fevereiro | AE15: Fevereiro
A16: KM (Rodados) | B16: 1ª Leitura | C16: 2ª Leitura | D16: 3ª Leitura | E16: 4ª Leitura | F16: 15 dias Rodados | G16: 30 dias Rodados | H16: Total Mensal | J16: DATA | W16: DATA | AE16: DATA
D17: 13613 | E17: 14629 | F17: =SUM(C17-B17) -> 0 | G17: =SUM(E17-D17) -> 1016 | H17: =SUM(F17:G17) -> 1016 | J17: VALOR | W17: VALOR | AE17: VALOR
T18: TOTAL | U18: =SUM(K17:U17) -> 0 | AB18: TOTAL | AC18: =SUM(X17:AC17) -> 0 | AJ18: TOTAL | AK18: =SUM(AF17:AK17) -> 0
B19: Março | J19: Março | W19: =J19 -> Março | AE19: =W19 -> Março
A20: KM (Rodados) | B20: 1ª Leitura | C20: 2ª Leitura | D20: 3ª Leitura | E20: 4ª Leitura | F20: 15 dias Rodados | G20: 30 dias Rodados | H20: Total Mensal | J20: DATA | W20: DATA | AE20: DATA
B21: 14629 | E21: 17874 | F21: =SUM(C21-B21) -> -14629 | G21: =SUM(E21-D21) -> 17874 | H21: =SUM(F21:G21) -> 3245 | J21: VALOR | W21: VALOR | AE21: VALOR
T22: TOTAL | U22: =SUM(K21:U21) -> 0 | AB22: TOTAL | AC22: =SUM(X21:AC21) -> 0 | AJ22: TOTAL | AK22: =SUM(AF21:AK21) -> 0
B23: Abril | J23: Abril | W23: =J23 -> Abril | AE23: =W23 -> Abril
A24: KM (Rodados) | B24: 1ª Leitura | C24: 2ª Leitura | D24: 3ª Leitura | E24: 4ª Leitura | F24: 15 dias Rodados | G24: 30 dias Rodados | H24: Total Mensal | J24: DATA | W24: DATA | AE24: DATA
B25: 17874 | E25: 20837 | F25: =SUM(C25-B25) -> -17874 | G25: =SUM(E25-D25) -> 20837 | H25: =SUM(F25:G25) -> 2963 | J25: VALOR | W25: VALOR | AE25: VALOR
T26: TOTAL | U26: =SUM(K25:U25) -> 0 | AB26: TOTAL | AC26: =SUM(X25:AC25) -> 0 | AJ26: TOTAL | AK26: =SUM(AF25:AK25) -> 0
B27: Maio | J27: Maio | W27: =J27 -> Maio | AE27: =W27 -> Maio
A28: KM (Rodados) | B28: 1ª Leitura | C28: 2ª Leitura | D28: 3ª Leitura | E28: 4ª Leitura | F28: 15 dias Rodados | G28: 30 dias Rodados | H28: Total Mensal | J28: DATA | W28: DATA | AE28: DATA
B29: 20837 | E29: 23490 | F29: =SUM(C29-B29) -> -20837 | G29: =SUM(E29-D29) -> 23490 | H29: =SUM(F29:G29) -> 2653 | J29: VALOR | W29: VALOR | AE29: VALOR
T30: TOTAL | U30: =SUM(K29:U29) -> 0 | AB30: TOTAL | AC30: =SUM(X29:AC29) -> 0 | AJ30: TOTAL | AK30: =SUM(AF29:AK29) -> 0
B31: Junho | J31: Junho | W31: =J31 -> Junho | AE31: =W31 -> Junho
A32: KM (Rodados) | B32: 1ª Leitura | C32: 2ª Leitura | D32: 3ª Leitura | E32: 4ª Leitura | F32: 15 dias Rodados | G32: 30 dias Rodados | H32: Total Mensal | J32: DATA | W32: DATA | AE32: DATA
F33: =SUM(C33-B33) -> 0 | G33: =SUM(E33-D33) -> 0 | H33: =SUM(F33:G33) -> 0 | J33: VALOR | W33: VALOR | AE33: VALOR
T34: TOTAL | U34: =SUM(K33:U33) -> 0 | AB34: TOTAL | AC34: =SUM(X33:AC33) -> 0 | AJ34: TOTAL | AK34: =SUM(AF33:AK33) -> 0
B35: Julho | J35: Julho | W35: =J35 -> Julho | AE35: =W35 -> Julho
A36: KM (Rodados) | B36: 1ª Leitura | C36: 2ª Leitura | D36: 3ª Leitura | E36: 4ª Leitura | F36: 15 dias Rodados | G36: 30 dias Rodados | H36: Total Mensal | J36: DATA | W36: DATA | AE36: DATA
F37: =SUM(C37-B37) -> 0 | G37: =SUM(E37-D37) -> 0 | H37: =SUM(F37:G37) -> 0 | J37: VALOR | W37: VALOR | AE37: VALOR
T38: TOTAL | U38: =SUM(K37:U37) -> 0 | AB38: TOTAL | AC38: =SUM(X37:AC37) -> 0 | AJ38: TOTAL | AK38: =SUM(AF37:AK37) -> 0
B39: Agosto | J39: Agosto | W39: =J39 -> Agosto | AE39: =W39 -> Agosto
A40: KM (Rodados) | B40: 1ª Leitura | C40: 2ª Leitura | D40: 3ª Leitura | E40: 4ª Leitura | F40: 15 dias Rodados | G40: 30 dias Rodados | H40: Total Mensal | J40: DATA | W40: DATA | AE40: DATA
F41: =SUM(C41-B41) -> 0 | G41: =SUM(E41-D41) -> 0 | H41: =SUM(F41:G41) -> 0 | J41: VALOR | W41: VALOR | AE41: VALOR
T42: TOTAL | U42: =SUM(K41:U41) -> 0 | AB42: TOTAL | AC42: =SUM(X41:AC41) -> 0 | AJ42: TOTAL | AK42: =SUM(AF41:AK41) -> 0
B43: Setembro | J43: Setembro | W43: =J43 -> Setembro | AE43: =W43 -> Setembro
A44: KM (Rodados) | B44: 1ª Leitura | C44: 2ª Leitura | D44: 3ª Leitura | E44: 4ª Leitura | F44: 15 dias Rodados | G44: 30 dias Rodados | H44: Total Mensal | J44: DATA | W44: DATA | AE44: DATA
F45: =SUM(C45-B45) -> 0 | G45: =SUM(E45-D45) -> 0 | H45: =SUM(F45:G45) -> 0 | J45: VALOR | W45: VALOR | AE45: VALOR
T46: TOTAL | U46: =SUM(K45:U45) -> 0 | AB46: TOTAL | AC46: =SUM(X45:AC45) -> 0 | AJ46: TOTAL | AK46: =SUM(AF45:AK45) -> 0
B47: Outubro | J47: Outubro | W47: =J47 -> Outubro | AE47: =W47 -> Outubro
A48: KM (Rodados) | B48: 1ª Leitura | C48: 2ª Leitura | D48: 3ª Leitura | E48: 4ª Leitura | F48: 15 dias Rodados | G48: 30 dias Rodados | H48: Total Mensal | J48: DATA | W48: DATA | AE48: DATA
F49: =SUM(C49-B49) -> 0 | G49: =SUM(E49-D49) -> 0 | H49: =SUM(F49:G49) -> 0 | J49: VALOR | W49: VALOR | AE49: VALOR
T50: TOTAL | U50: =SUM(K49:U49) -> 0 | AB50: TOTAL | AC50: =SUM(X49:AC49) -> 0 | AJ50: TOTAL | AK50: =SUM(AF49:AK49) -> 0
B51: Novembro | J51: Novembro | W51: =J51 -> Novembro | AE51: =W51 -> Novembro
A52: KM (Rodados) | B52: 1ª Leitura | C52: 2ª Leitura | D52: 3ª Leitura | E52: 4ª Leitura | F52: 15 dias Rodados | G52: 30 dias Rodados | H52: Total Mensal | J52: DATA | W52: DATA | AE52: DATA
F53: =SUM(C53-B53) -> 0 | G53: =SUM(E53-D53) -> 0 | H53: =SUM(F53:G53) -> 0 | J53: VALOR | W53: VALOR | AE53: VALOR
T54: TOTAL | U54: =SUM(K53:U53) -> 0 | AB54: TOTAL | AC54: =SUM(X53:AC53) -> 0 | AJ54: TOTAL | AK54: =SUM(AF53:AK53) -> 0
B55: Dezembro | J55: Dezembro | W55: =J55 -> Dezembro | AE55: =W55 -> Dezembro
A56: KM (Rodados) | B56: 1ª Leitura | C56: 2ª Leitura | D56: 3ª Leitura | E56: 4ª Leitura | F56: 15 dias Rodados | G56: 30 dias Rodados | H56: Total Mensal | J56: DATA | W56: DATA | AE56: DATA
F57: =SUM(C57-B57) -> 0 | G57: =SUM(E57-D57) -> 0 | H57: =SUM(F57:G57) -> 0 | J57: VALOR | W57: VALOR | AE57: VALOR
T58: TOTAL | U58: =SUM(K57:U57) -> 0 | AB58: TOTAL | AC58: =SUM(X57:AC57) -> 0 | AJ58: TOTAL | AK58: =SUM(AF57:AK57) -> 0

Sheet Francisco Augusto
B1: GESTÃO DE FROTAS
B2: CONTROLE DE QUILOMETRAGEM, ABASTECIMENTOS, LAVAGENS E SERVIÇOS DE BORRACHARIA
A4: Veiculo: | B4: Creta | D4: Placa: | E4: TXZ1G58 | G4: KM | H4: 3000
A5: Troca de Condutor: | B5: 46039 | D5: Placa: | E5: TXZ1G58 | G5: Condutores: | H5: De Jurandir para Francisco Augusto
A6: Contrato Locação: | B6: 3837 | D6: Rastreador: | E6: 45 | G6: Data mob.: | H6: 46026
A9: REGISTRO DE KM | J9: ABASTECIMENTO | W9: LAVA JATO | AE9: BORRACHARIA
B11: Janeiro | J11: Janeiro | W11: Janeiro | AE11: Janeiro
A12: KM (Rodados) | B12: 1ª Leitura | C12: 2ª Leitura | D12: 3ª Leitura | E12: 4ª Leitura | F12: 15 dias Rodados | G12: 30 dias Rodados | H12: Total Mensal | J12: DATA | W12: DATA | AE12: DATA
B13: 4281 | C13: 6312 | D13: 6312 | E13: 8327 | F13: =SUM(C13-B13) -> 2031 | G13: =SUM(E13-D13) -> 2015 | H13: =SUM(F13:G13) -> 4046 | J13: VALOR | W13: VALOR | AE13: VALOR
T14: TOTAL | U14: =SUM(K13:U13) -> 0 | AB14: TOTAL | AC14: =SUM(X13:AC13) -> 0 | AJ14: TOTAL | AK14: =SUM(AF13:AK13) -> 0
B15: Fevereiro | J15: Fevereiro | W15: Fevereiro | AE15: Fevereiro
A16: KM (Rodados) | B16: 1ª Leitura | C16: 2ª Leitura | D16: 3ª Leitura | E16: 4ª Leitura | F16: 15 dias Rodados | G16: 30 dias Rodados | H16: Total Mensal | J16: DATA | K16: 46056 | L16: 46060 | M16: 46063 | N16: 46065 | O16: 46074 | P16: 46077 | Q16: 46079 | W16: DATA | AE16: DATA
B17: 8327 | E17: 11107 | F17: =SUM(C17-B17) -> -8327 | G17: =SUM(E17-D17) -> 11107 | H17: =SUM(F17:G17) -> 2780 | J17: VALOR | K17: 217.28 | L17: 203.33 | M17: 204.47 | N17: 205.11 | O17: 241.74 | P17: 179.12 | Q17: 199.76 | W17: VALOR | AE17: VALOR
T18: TOTAL | U18: =SUM(K17:U17) -> 1450.81 | AB18: TOTAL | AC18: =SUM(X17:AC17) -> 0 | AJ18: TOTAL | AK18: =SUM(AF17:AK17) -> 0
B19: Março | J19: Março | W19: =J19 -> Março | AE19: =W19 -> Março
A20: KM (Rodados) | B20: 1ª Leitura | C20: 2ª Leitura | D20: 3ª Leitura | E20: 4ª Leitura | F20: 15 dias Rodados | G20: 30 dias Rodados | H20: Total Mensal | J20: DATA | W20: DATA | AE20: DATA
B21: 11107 | E21: 13602 | F21: =SUM(C21-B21) -> -11107 | G21: =SUM(E21-D21) -> 13602 | H21: =SUM(F21:G21) -> 2495 | J21: VALOR | W21: VALOR | AE21: VALOR
T22: TOTAL | U22: =SUM(K21:U21) -> 0 | AB22: TOTAL | AC22: =SUM(X21:AC21) -> 0 | AJ22: TOTAL | AK22: =SUM(AF21:AK21) -> 0
B23: Abril | J23: Abril | W23: =J23 -> Abril | AE23: =W23 -> Abril
A24: KM (Rodados) | B24: 1ª Leitura | C24: 2ª Leitura | D24: 3ª Leitura | E24: 4ª Leitura | F24: 15 dias Rodados | G24: 30 dias Rodados | H24: Total Mensal | J24: DATA | W24: DATA | AE24: DATA
B25: 13602 | E25: 15974 | F25: =SUM(C25-B25) -> -13602 | G25: =SUM(E25-D25) -> 15974 | H25: =SUM(F25:G25) -> 2372 | J25: VALOR | W25: VALOR | AE25: VALOR
T26: TOTAL | U26: =SUM(K25:U25) -> 0 | AB26: TOTAL | AC26: =SUM(X25:AC25) -> 0 | AJ26: TOTAL | AK26: =SUM(AF25:AK25) -> 0
B27: Maio | J27: Maio | W27: =J27 -> Maio | AE27: =W27 -> Maio
A28: KM (Rodados) | B28: 1ª Leitura | C28: 2ª Leitura | D28: 3ª Leitura | E28: 4ª Leitura | F28: 15 dias Rodados | G28: 30 dias Rodados | H28: Total Mensal | J28: DATA | W28: DATA | AE28: DATA
B29: 15974 | E29: 19400 | F29: =SUM(C29-B29) -> -15974 | G29: =SUM(E29-D29) -> 19400 | H29: =SUM(F29:G29) -> 3426 | J29: VALOR | W29: VALOR | AE29: VALOR
T30: TOTAL | U30: =SUM(K29:U29) -> 0 | AB30: TOTAL | AC30: =SUM(X29:AC29) -> 0 | AJ30: TOTAL | AK30: =SUM(AF29:AK29) -> 0
B31: Junho | J31: Junho | W31: =J31 -> Junho | AE31: =W31 -> Junho
A32: KM (Rodados) | B32: 1ª Leitura | C32: 2ª Leitura | D32: 3ª Leitura | E32: 4ª Leitura | F32: 15 dias Rodados | G32: 30 dias Rodados | H32: Total Mensal | J32: DATA | W32: DATA | AE32: DATA
F33: =SUM(C33-B33) -> 0 | G33: =SUM(E33-D33) -> 0 | H33: =SUM(F33:G33) -> 0 | J33: VALOR | W33: VALOR | AE33: VALOR
T34: TOTAL | U34: =SUM(K33:U33) -> 0 | AB34: TOTAL | AC34: =SUM(X33:AC33) -> 0 | AJ34: TOTAL | AK34: =SUM(AF33:AK33) -> 0
B35: Julho | J35: Julho | W35: =J35 -> Julho | AE35: =W35 -> Julho
A36: KM (Rodados) | B36: 1ª Leitura | C36: 2ª Leitura | D36: 3ª Leitura | E36: 4ª Leitura | F36: 15 dias Rodados | G36: 30 dias Rodados | H36: Total Mensal | J36: DATA | W36: DATA | AE36: DATA
F37: =SUM(C37-B37) -> 0 | G37: =SUM(E37-D37) -> 0 | H37: =SUM(F37:G37) -> 0 | J37: VALOR | W37: VALOR | AE37: VALOR
T38: TOTAL | U38: =SUM(K37:U37) -> 0 | AB38: TOTAL | AC38: =SUM(X37:AC37) -> 0 | AJ38: TOTAL | AK38: =SUM(AF37:AK37) -> 0
B39: Agosto | J39: Agosto | W39: =J39 -> Agosto | AE39: =W39 -> Agosto
A40: KM (Rodados) | B40: 1ª Leitura | C40: 2ª Leitura | D40: 3ª Leitura | E40: 4ª Leitura | F40: 15 dias Rodados | G40: 30 dias Rodados | H40: Total Mensal | J40: DATA | W40: DATA | AE40: DATA
F41: =SUM(C41-B41) -> 0 | G41: =SUM(E41-D41) -> 0 | H41: =SUM(F41:G41) -> 0 | J41: VALOR | W41: VALOR | AE41: VALOR
T42: TOTAL | U42: =SUM(K41:U41) -> 0 | AB42: TOTAL | AC42: =SUM(X41:AC41) -> 0 | AJ42: TOTAL | AK42: =SUM(AF41:AK41) -> 0
B43: Setembro | J43: Setembro | W43: =J43 -> Setembro | AE43: =W43 -> Setembro
A44: KM (Rodados) | B44: 1ª Leitura | C44: 2ª Leitura | D44: 3ª Leitura | E44: 4ª Leitura | F44: 15 dias Rodados | G44: 30 dias Rodados | H44: Total Mensal | J44: DATA | W44: DATA | AE44: DATA
F45: =SUM(C45-B45) -> 0 | G45: =SUM(E45-D45) -> 0 | H45: =SUM(F45:G45) -> 0 | J45: VALOR | W45: VALOR | AE45: VALOR
T46: TOTAL | U46: =SUM(K45:U45) -> 0 | AB46: TOTAL | AC46: =SUM(X45:AC45) -> 0 | AJ46: TOTAL | AK46: =SUM(AF45:AK45) -> 0
B47: Outubro | J47: Outubro | W47: =J47 -> Outubro | AE47: =W47 -> Outubro
A48: KM (Rodados) | B48: 1ª Leitura | C48: 2ª Leitura | D48: 3ª Leitura | E48: 4ª Leitura | F48: 15 dias Rodados | G48: 30 dias Rodados | H48: Total Mensal | J48: DATA | W48: DATA | AE48: DATA
F49: =SUM(C49-B49) -> 0 | G49: =SUM(E49-D49) -> 0 | H49: =SUM(F49:G49) -> 0 | J49: VALOR | W49: VALOR | AE49: VALOR
T50: TOTAL | U50: =SUM(K49:U49) -> 0 | AB50: TOTAL | AC50: =SUM(X49:AC49) -> 0 | AJ50: TOTAL | AK50: =SUM(AF49:AK49) -> 0
B51: Novembro | J51: Novembro | W51: =J51 -> Novembro | AE51: =W51 -> Novembro
A52: KM (Rodados) | B52: 1ª Leitura | C52: 2ª Leitura | D52: 3ª Leitura | E52: 4ª Leitura | F52: 15 dias Rodados | G52: 30 dias Rodados | H52: Total Mensal | J52: DATA | W52: DATA | AE52: DATA
F53: =SUM(C53-B53) -> 0 | G53: =SUM(E53-D53) -> 0 | H53: =SUM(F53:G53) -> 0 | J53: VALOR | W53: VALOR | AE53: VALOR
T54: TOTAL | U54: =SUM(K53:U53) -> 0 | AB54: TOTAL | AC54: =SUM(X53:AC53) -> 0 | AJ54: TOTAL | AK54: =SUM(AF53:AK53) -> 0
B55: Dezembro | J55: Dezembro | W55: =J55 -> Dezembro | AE55: =W55 -> Dezembro
A56: KM (Rodados) | B56: 1ª Leitura | C56: 2ª Leitura | D56: 3ª Leitura | E56: 4ª Leitura | F56: 15 dias Rodados | G56: 30 dias Rodados | H56: Total Mensal | J56: DATA | W56: DATA | AE56: DATA
F57: =SUM(C57-B57) -> 0 | G57: =SUM(E57-D57) -> 0 | H57: =SUM(F57:G57) -> 0 | J57: VALOR | W57: VALOR | AE57: VALOR
T58: TOTAL | U58: =SUM(K57:U57) -> 0 | AB58: TOTAL | AC58: =SUM(X57:AC57) -> 0 | AJ58: TOTAL | AK58: =SUM(AF57:AK57) -> 0

Sheet Francisco de Morais
B1: GESTÃO DE FROTAS
B2: CONTROLE DE QUILOMETRAGEM, ABASTECIMENTOS, LAVAGENS E SERVIÇOS DE BORRACHARIA
A4: Veiculo: | B4: Creta | D4: Placa: | E4: TXW4I69 | G4: KM | H4: 3000
A6: Contrato Locação: | B6: 3837 | D6: Rastreador: | E6: Unidas | G6: Data mob.: | H6: 46102
A9: REGISTRO DE KM | J9: ABASTECIMENTO | W9: LAVA JATO | AE9: BORRACHARIA
B11: Janeiro | J11: Janeiro | W11: Janeiro | AE11: Janeiro
A12: KM (Rodados) | B12: 1ª Leitura | C12: 2ª Leitura | D12: 3ª Leitura | E12: 4ª Leitura | F12: 15 dias Rodados | G12: 30 dias Rodados | H12: Total Mensal | J12: DATA | W12: DATA | AE12: DATA
F13: =SUM(C13-B13) -> 0 | G13: =SUM(E13-D13) -> 0 | H13: =SUM(F13:G13) -> 0 | J13: VALOR | W13: VALOR | AE13: VALOR
T14: TOTAL | U14: =SUM(K13:U13) -> 0 | AB14: TOTAL | AC14: =SUM(X13:AC13) -> 0 | AJ14: TOTAL | AK14: =SUM(AF13:AK13) -> 0
B15: Fevereiro | J15: Fevereiro | W15: Fevereiro | AE15: Fevereiro
A16: KM (Rodados) | B16: 1ª Leitura | C16: 2ª Leitura | D16: 3ª Leitura | E16: 4ª Leitura | F16: 15 dias Rodados | G16: 30 dias Rodados | H16: Total Mensal | J16: DATA | W16: DATA | AE16: DATA
F17: =SUM(C17-B17) -> 0 | G17: =SUM(E17-D17) -> 0 | H17: =SUM(F17:G17) -> 0 | J17: VALOR | W17: VALOR | AE17: VALOR
T18: TOTAL | U18: =SUM(K17:U17) -> 0 | AB18: TOTAL | AC18: =SUM(X17:AC17) -> 0 | AJ18: TOTAL | AK18: =SUM(AF17:AK17) -> 0
B19: Março | J19: Março | W19: =J19 -> Março | AE19: =W19 -> Março
A20: KM (Rodados) | B20: 1ª Leitura | C20: 2ª Leitura | D20: 3ª Leitura | E20: 4ª Leitura | F20: 15 dias Rodados | G20: 30 dias Rodados | H20: Total Mensal | J20: DATA | W20: DATA | AE20: DATA
D21: 10690 | E21: 12109 | F21: =SUM(C21-B21) -> 0 | G21: =SUM(E21-D21) -> 1419 | H21: =SUM(F21:G21) -> 1419 | J21: VALOR | W21: VALOR | AE21: VALOR
T22: TOTAL | U22: =SUM(K21:U21) -> 0 | AB22: TOTAL | AC22: =SUM(X21:AC21) -> 0 | AJ22: TOTAL | AK22: =SUM(AF21:AK21) -> 0
B23: Abril | J23: Abril | W23: =J23 -> Abril | AE23: =W23 -> Abril
A24: KM (Rodados) | B24: 1ª Leitura | C24: 2ª Leitura | D24: 3ª Leitura | E24: 4ª Leitura | F24: 15 dias Rodados | G24: 30 dias Rodados | H24: Total Mensal | J24: DATA | W24: DATA | AE24: DATA
B25: 12109 | E25: 13685 | F25: =SUM(C25-B25) -> -12109 | G25: =SUM(E25-D25) -> 13685 | H25: =SUM(F25:G25) -> 1576 | J25: VALOR | W25: VALOR | AE25: VALOR
T26: TOTAL | U26: =SUM(K25:U25) -> 0 | AB26: TOTAL | AC26: =SUM(X25:AC25) -> 0 | AJ26: TOTAL | AK26: =SUM(AF25:AK25) -> 0
B27: Maio | J27: Maio | W27: =J27 -> Maio | AE27: =W27 -> Maio
A28: KM (Rodados) | B28: 1ª Leitura | C28: 2ª Leitura | D28: 3ª Leitura | E28: 4ª Leitura | F28: 15 dias Rodados | G28: 30 dias Rodados | H28: Total Mensal | J28: DATA | W28: DATA | AE28: DATA
B29: 13685 | E29: 17478 | F29: =SUM(C29-B29) -> -13685 | G29: =SUM(E29-D29) -> 17478 | H29: =SUM(F29:G29) -> 3793 | J29: VALOR | W29: VALOR | AE29: VALOR
T30: TOTAL | U30: =SUM(K29:U29) -> 0 | AB30: TOTAL | AC30: =SUM(X29:AC29) -> 0 | AJ30: TOTAL | AK30: =SUM(AF29:AK29) -> 0
B31: Junho | J31: Junho | W31: =J31 -> Junho | AE31: =W31 -> Junho
A32: KM (Rodados) | B32: 1ª Leitura | C32: 2ª Leitura | D32: 3ª Leitura | E32: 4ª Leitura | F32: 15 dias Rodados | G32: 30 dias Rodados | H32: Total Mensal | J32: DATA | W32: DATA | AE32: DATA
F33: =SUM(C33-B33) -> 0 | G33: =SUM(E33-D33) -> 0 | H33: =SUM(F33:G33) -> 0 | J33: VALOR | W33: VALOR | AE33: VALOR
T34: TOTAL | U34: =SUM(K33:U33) -> 0 | AB34: TOTAL | AC34: =SUM(X33:AC33) -> 0 | AJ34: TOTAL | AK34: =SUM(AF33:AK33) -> 0
B35: Julho | J35: Julho | W35: =J35 -> Julho | AE35: =W35 -> Julho
A36: KM (Rodados) | B36: 1ª Leitura | C36: 2ª Leitura | D36: 3ª Leitura | E36: 4ª Leitura | F36: 15 dias Rodados | G36: 30 dias Rodados | H36: Total Mensal | J36: DATA | W36: DATA | AE36: DATA
F37: =SUM(C37-B37) -> 0 | G37: =SUM(E37-D37) -> 0 | H37: =SUM(F37:G37) -> 0 | J37: VALOR | W37: VALOR | AE37: VALOR
T38: TOTAL | U38: =SUM(K37:U37) -> 0 | AB38: TOTAL | AC38: =SUM(X37:AC37) -> 0 | AJ38: TOTAL | AK38: =SUM(AF37:AK37) -> 0
B39: Agosto | J39: Agosto | W39: =J39 -> Agosto | AE39: =W39 -> Agosto
A40: KM (Rodados) | B40: 1ª Leitura | C40: 2ª Leitura | D40: 3ª Leitura | E40: 4ª Leitura | F40: 15 dias Rodados | G40: 30 dias Rodados | H40: Total Mensal | J40: DATA | W40: DATA | AE40: DATA
F41: =SUM(C41-B41) -> 0 | G41: =SUM(E41-D41) -> 0 | H41: =SUM(F41:G41) -> 0 | J41: VALOR | W41: VALOR | AE41: VALOR
T42: TOTAL | U42: =SUM(K41:U41) -> 0 | AB42: TOTAL | AC42: =SUM(X41:AC41) -> 0 | AJ42: TOTAL | AK42: =SUM(AF41:AK41) -> 0
B43: Setembro | J43: Setembro | W43: =J43 -> Setembro | AE43: =W43 -> Setembro
A44: KM (Rodados) | B44: 1ª Leitura | C44: 2ª Leitura | D44: 3ª Leitura | E44: 4ª Leitura | F44: 15 dias Rodados | G44: 30 dias Rodados | H44: Total Mensal | J44: DATA | W44: DATA | AE44: DATA
F45: =SUM(C45-B45) -> 0 | G45: =SUM(E45-D45) -> 0 | H45: =SUM(F45:G45) -> 0 | J45: VALOR | W45: VALOR | AE45: VALOR
T46: TOTAL | U46: =SUM(K45:U45) -> 0 | AB46: TOTAL | AC46: =SUM(X45:AC45) -> 0 | AJ46: TOTAL | AK46: =SUM(AF45:AK45) -> 0
B47: Outubro | J47: Outubro | W47: =J47 -> Outubro | AE47: =W47 -> Outubro
A48: KM (Rodados) | B48: 1ª Leitura | C48: 2ª Leitura | D48: 3ª Leitura | E48: 4ª Leitura | F48: 15 dias Rodados | G48: 30 dias Rodados | H48: Total Mensal | J48: DATA | W48: DATA | AE48: DATA
F49: =SUM(C49-B49) -> 0 | G49: =SUM(E49-D49) -> 0 | H49: =SUM(F49:G49) -> 0 | J49: VALOR | W49: VALOR | AE49: VALOR
T50: TOTAL | U50: =SUM(K49:U49) -> 0 | AB50: TOTAL | AC50: =SUM(X49:AC49) -> 0 | AJ50: TOTAL | AK50: =SUM(AF49:AK49) -> 0
B51: Novembro | J51: Novembro | W51: =J51 -> Novembro | AE51: =W51 -> Novembro
A52: KM (Rodados) | B52: 1ª Leitura | C52: 2ª Leitura | D52: 3ª Leitura | E52: 4ª Leitura | F52: 15 dias Rodados | G52: 30 dias Rodados | H52: Total Mensal | J52: DATA | W52: DATA | AE52: DATA
F53: =SUM(C53-B53) -> 0 | G53: =SUM(E53-D53) -> 0 | H53: =SUM(F53:G53) -> 0 | J53: VALOR | W53: VALOR | AE53: VALOR
T54: TOTAL | U54: =SUM(K53:U53) -> 0 | AB54: TOTAL | AC54: =SUM(X53:AC53) -> 0 | AJ54: TOTAL | AK54: =SUM(AF53:AK53) -> 0
B55: Dezembro | J55: Dezembro | W55: =J55 -> Dezembro | AE55: =W55 -> Dezembro
A56: KM (Rodados) | B56: 1ª Leitura | C56: 2ª Leitura | D56: 3ª Leitura | E56: 4ª Leitura | F56: 15 dias Rodados | G56: 30 dias Rodados | H56: Total Mensal | J56: DATA | W56: DATA | AE56: DATA
F57: =SUM(C57-B57) -> 0 | G57: =SUM(E57-D57) -> 0 | H57: =SUM(F57:G57) -> 0 | J57: VALOR | W57: VALOR | AE57: VALOR
T58: TOTAL | U58: =SUM(K57:U57) -> 0 | AB58: TOTAL | AC58: =SUM(X57:AC57) -> 0 | AJ58: TOTAL | AK58: =SUM(AF57:AK57) -> 0

Sheet Ana Caroline
B1: GESTÃO DE FROTAS
B2: CONTROLE DE QUILOMETRAGEM, ABASTECIMENTOS, LAVAGENS E SERVIÇOS DE BORRACHARIA
A4: Veiculo: | B4: T-Cross | D4: Placa: | E4: TJE8B31 | G4: KM | H4: 3000
A6: Contrato Locação: | B6: 3837 | D6: Rastreador: | E6: 45 | G6: Data mob.: | H6: 46027
A9: REGISTRO DE KM | J9: ABASTECIMENTO | W9: LAVA JATO | AE9: BORRACHARIA
B11: Janeiro | J11: Janeiro | W11: Janeiro | AE11: Janeiro
A12: KM (Rodados) | B12: 1ª Leitura | C12: 2ª Leitura | D12: 3ª Leitura | E12: 4ª Leitura | F12: 15 dias Rodados | G12: 30 dias Rodados | H12: Total Mensal | J12: DATA | K12: 46030 | L12: 46035 | M12: 46039 | N12: 46044 | O12: 46046 | P12: 46051 | W12: DATA | AE12: DATA
B13: 38576 | E13: 40970 | F13: =SUM(C13-B13) -> -38576 | G13: =SUM(E13-D13) -> 40970 | H13: =SUM(F13:G13) -> 2394 | J13: VALOR | K13: 201.97 | L13: 269.02 | M13: 176.85 | N13: 239.8 | O13: 156.6 | P13: 191.64 | W13: VALOR | AE13: VALOR
T14: TOTAL | U14: =SUM(K13:U13) -> 1235.88 | AB14: TOTAL | AC14: =SUM(X13:AC13) -> 0 | AJ14: TOTAL | AK14: =SUM(AF13:AK13) -> 0
B15: Fevereiro | J15: Fevereiro | W15: Fevereiro | AE15: Fevereiro
A16: KM (Rodados) | B16: 1ª Leitura | C16: 2ª Leitura | D16: 3ª Leitura | E16: 4ª Leitura | F16: 15 dias Rodados | G16: 30 dias Rodados | H16: Total Mensal | J16: DATA | W16: DATA | AE16: DATA
B17: 40970 | E17: 43418 | F17: =SUM(C17-B17) -> -40970 | G17: =SUM(E17-D17) -> 43418 | H17: =SUM(F17:G17) -> 2448 | J17: VALOR | W17: VALOR | AE17: VALOR
T18: TOTAL | U18: =SUM(K17:U17) -> 0 | AB18: TOTAL | AC18: =SUM(X17:AC17) -> 0 | AJ18: TOTAL | AK18: =SUM(AF17:AK17) -> 0
B19: Março | J19: Março | W19: =J19 -> Março | AE19: =W19 -> Março
A20: KM (Rodados) | B20: 1ª Leitura | C20: 2ª Leitura | D20: 3ª Leitura | E20: 4ª Leitura | F20: 15 dias Rodados | G20: 30 dias Rodados | H20: Total Mensal | J20: DATA | W20: DATA | AE20: DATA
B21: 43418 | E21: 45867 | F21: =SUM(C21-B21) -> -43418 | G21: =SUM(E21-D21) -> 45867 | H21: =SUM(F21:G21) -> 2449 | J21: VALOR | W21: VALOR | AE21: VALOR
T22: TOTAL | U22: =SUM(K21:U21) -> 0 | AB22: TOTAL | AC22: =SUM(X21:AC21) -> 0 | AJ22: TOTAL | AK22: =SUM(AF21:AK21) -> 0
B23: Abril | J23: Abril | W23: =J23 -> Abril | AE23: =W23 -> Abril
A24: KM (Rodados) | B24: 1ª Leitura | C24: 2ª Leitura | D24: 3ª Leitura | E24: 4ª Leitura | F24: 15 dias Rodados | G24: 30 dias Rodados | H24: Total Mensal | J24: DATA | W24: DATA | AE24: DATA
B25: 45867 | E25: 47944 | F25: =SUM(C25-B25) -> -45867 | G25: =SUM(E25-D25) -> 47944 | H25: =SUM(F25:G25) -> 2077 | J25: VALOR | W25: VALOR | AE25: VALOR
T26: TOTAL | U26: =SUM(K25:U25) -> 0 | AB26: TOTAL | AC26: =SUM(X25:AC25) -> 0 | AJ26: TOTAL | AK26: =SUM(AF25:AK25) -> 0
B27: Maio | J27: Maio | W27: =J27 -> Maio | AE27: =W27 -> Maio
A28: KM (Rodados) | B28: 1ª Leitura | C28: 2ª Leitura | D28: 3ª Leitura | E28: 4ª Leitura | F28: 15 dias Rodados | G28: 30 dias Rodados | H28: Total Mensal | J28: DATA | W28: DATA | AE28: DATA
B29: 47944 | E29: 50399 | F29: =SUM(C29-B29) -> -47944 | G29: =SUM(E29-D29) -> 50399 | H29: =SUM(F29:G29) -> 2455 | J29: VALOR | W29: VALOR | AE29: VALOR
T30: TOTAL | U30: =SUM(K29:U29) -> 0 | AB30: TOTAL | AC30: =SUM(X29:AC29) -> 0 | AJ30: TOTAL | AK30: =SUM(AF29:AK29) -> 0
B31: Junho | J31: Junho | W31: =J31 -> Junho | AE31: =W31 -> Junho
A32: KM (Rodados) | B32: 1ª Leitura | C32: 2ª Leitura | D32: 3ª Leitura | E32: 4ª Leitura | F32: 15 dias Rodados | G32: 30 dias Rodados | H32: Total Mensal | J32: DATA | W32: DATA | AE32: DATA
F33: =SUM(C33-B33) -> 0 | G33: =SUM(E33-D33) -> 0 | H33: =SUM(F33:G33) -> 0 | J33: VALOR | W33: VALOR | AE33: VALOR
T34: TOTAL | U34: =SUM(K33:U33) -> 0 | AB34: TOTAL | AC34: =SUM(X33:AC33) -> 0 | AJ34: TOTAL | AK34: =SUM(AF33:AK33) -> 0
B35: Julho | J35: Julho | W35: =J35 -> Julho | AE35: =W35 -> Julho
A36: KM (Rodados) | B36: 1ª Leitura | C36: 2ª Leitura | D36: 3ª Leitura | E36: 4ª Leitura | F36: 15 dias Rodados | G36: 30 dias Rodados | H36: Total Mensal | J36: DATA | W36: DATA | AE36: DATA
F37: =SUM(C37-B37) -> 0 | G37: =SUM(E37-D37) -> 0 | H37: =SUM(F37:G37) -> 0 | J37: VALOR | W37: VALOR | AE37: VALOR
T38: TOTAL | U38: =SUM(K37:U37) -> 0 | AB38: TOTAL | AC38: =SUM(X37:AC37) -> 0 | AJ38: TOTAL | AK38: =SUM(AF37:AK37) -> 0
B39: Agosto | J39: Agosto | W39: =J39 -> Agosto | AE39: =W39 -> Agosto
A40: KM (Rodados) | B40: 1ª Leitura | C40: 2ª Leitura | D40: 3ª Leitura | E40: 4ª Leitura | F40: 15 dias Rodados | G40: 30 dias Rodados | H40: Total Mensal | J40: DATA | W40: DATA | AE40: DATA
F41: =SUM(C41-B41) -> 0 | G41: =SUM(E41-D41) -> 0 | H41: =SUM(F41:G41) -> 0 | J41: VALOR | W41: VALOR | AE41: VALOR
T42: TOTAL | U42: =SUM(K41:U41) -> 0 | AB42: TOTAL | AC42: =SUM(X41:AC41) -> 0 | AJ42: TOTAL | AK42: =SUM(AF41:AK41) -> 0
B43: Setembro | J43: Setembro | W43: =J43 -> Setembro | AE43: =W43 -> Setembro
A44: KM (Rodados) | B44: 1ª Leitura | C44: 2ª Leitura | D44: 3ª Leitura | E44: 4ª Leitura | F44: 15 dias Rodados | G44: 30 dias Rodados | H44: Total Mensal | J44: DATA | W44: DATA | AE44: DATA
F45: =SUM(C45-B45) -> 0 | G45: =SUM(E45-D45) -> 0 | H45: =SUM(F45:G45) -> 0 | J45: VALOR | W45: VALOR | AE45: VALOR
T46: TOTAL | U46: =SUM(K45:U45) -> 0 | AB46: TOTAL | AC46: =SUM(X45:AC45) -> 0 | AJ46: TOTAL | AK46: =SUM(AF45:AK45) -> 0
B47: Outubro | J47: Outubro | W47: =J47 -> Outubro | AE47: =W47 -> Outubro
A48: KM (Rodados) | B48: 1ª Leitura | C48: 2ª Leitura | D48: 3ª Leitura | E48: 4ª Leitura | F48: 15 dias Rodados | G48: 30 dias Rodados | H48: Total Mensal | J48: DATA | W48: DATA | AE48: DATA
F49: =SUM(C49-B49) -> 0 | G49: =SUM(E49-D49) -> 0 | H49: =SUM(F49:G49) -> 0 | J49: VALOR | W49: VALOR | AE49: VALOR
T50: TOTAL | U50: =SUM(K49:U49) -> 0 | AB50: TOTAL | AC50: =SUM(X49:AC49) -> 0 | AJ50: TOTAL | AK50: =SUM(AF49:AK49) -> 0
B51: Novembro | J51: Novembro | W51: =J51 -> Novembro | AE51: =W51 -> Novembro
A52: KM (Rodados) | B52: 1ª Leitura | C52: 2ª Leitura | D52: 3ª Leitura | E52: 4ª Leitura | F52: 15 dias Rodados | G52: 30 dias Rodados | H52: Total Mensal | J52: DATA | W52: DATA | AE52: DATA
F53: =SUM(C53-B53) -> 0 | G53: =SUM(E53-D53) -> 0 | H53: =SUM(F53:G53) -> 0 | J53: VALOR | W53: VALOR | AE53: VALOR
T54: TOTAL | U54: =SUM(K53:U53) -> 0 | AB54: TOTAL | AC54: =SUM(X53:AC53) -> 0 | AJ54: TOTAL | AK54: =SUM(AF53:AK53) -> 0
B55: Dezembro | J55: Dezembro | W55: =J55 -> Dezembro | AE55: =W55 -> Dezembro
A56: KM (Rodados) | B56: 1ª Leitura | C56: 2ª Leitura | D56: 3ª Leitura | E56: 4ª Leitura | F56: 15 dias Rodados | G56: 30 dias Rodados | H56: Total Mensal | J56: DATA | W56: DATA | AE56: DATA
F57: =SUM(C57-B57) -> 0 | G57: =SUM(E57-D57) -> 0 | H57: =SUM(F57:G57) -> 0 | J57: VALOR | W57: VALOR | AE57: VALOR
T58: TOTAL | U58: =SUM(K57:U57) -> 0 | AB58: TOTAL | AC58: =SUM(X57:AC57) -> 0 | AJ58: TOTAL | AK58: =SUM(AF57:AK57) -> 0

Sheet Eric
A2: Veiculo | B2: TCROSS | D2: Placa: | E2: EVW1E22 | H2: KM | I2: 5000
A3: Substituição: | B3: 45989 | D3: Placa: | E3: TXL2A44 | H3: Modelo: | I3: Renegade
A4: Troca de Condutor: | B4: 46009 | D4: Placa: | E4: TXL2A44 | H4: Condutores: | I4: De Jurandir para Eric
A5: Contrato de Locação | B5: 4335.99 | D5: Rastreador | E5: 45 | H5: Data mob. MDC | I5: 45578
H6: Mob. VSE | I6: 45748
A7: Veículo foi Mobilizado para obra 24.019 Ventos de Santa Eugenia em 01/04/2025, antes pertencia a obra 24.019 Morro do Cruzeiro.
A8: REGISTRO DE KM | J8: ABASTECIMENTO | W8: LAVA_RAPIDO | AE8: BORRACHARIA
B10: Fevereiro | J10: Fevereiro | W10: Fevereiro | AE10: Fevereiro
A11: KM (Rodados) | B11: 1ª Leitura | C11: 2ª Leitura | D11: 3ª Leitura | E11: 4ª Leitura | F11: 15 dias Rodados | G11: 30 dias Rodados | H11: Total Mensal | J11: DATA | W11: DATA | AE11: DATA
F12: =SUM(C12-B12) -> 0 | G12: =SUM(E12-D12) -> 0 | H12: =SUM(F12:G12) -> 0 | J12: VALOR | W12: VALOR | AE12: VALOR
T13: TOTAL | U13: =SUM(K12:U12) -> 0 | AB13: TOTAL | AC13: =SUM(X12:AC12) -> 0 | AJ13: TOTAL | AK13: =SUM(AF12:AK12) -> 0
B14: Março | J14: Março | W14: =J14 -> Março | AE14: =W14 -> Março
A15: KM (Rodados) | B15: 1ª Leitura | C15: 2ª Leitura | D15: 3ª Leitura | E15: 4ª Leitura | F15: 15 dias Rodados | G15: 30 dias Rodados | H15: Total Mensal | J15: DATA | W15: DATA | AE15: DATA
F16: =SUM(C16-B16) -> 0 | G16: =SUM(E16-D16) -> 0 | H16: =SUM(F16:G16) -> 0 | J16: VALOR | W16: VALOR | AE16: VALOR
T17: TOTAL | U17: =SUM(K16:U16) -> 0 | AB17: TOTAL | AC17: =SUM(X16:AC16) -> 0 | AJ17: TOTAL | AK17: =SUM(AF16:AK16) -> 0
B18: Abril | J18: Abril | W18: =J18 -> Abril | AE18: =W18 -> Abril
A19: KM (Rodados) | B19: 1ª Leitura | C19: 2ª Leitura | D19: 3ª Leitura | E19: 4ª Leitura | F19: 15 dias Rodados | G19: 30 dias Rodados | H19: Total Mensal | J19: DATA | W19: DATA | AE19: DATA
F20: =SUM(C20-B20) -> 0 | G20: =SUM(E20-D20) -> 0 | H20: =SUM(F20:G20) -> 0 | J20: VALOR | W20: VALOR | AE20: VALOR
T21: TOTAL | U21: =SUM(K20:U20) -> 0 | AB21: TOTAL | AC21: =SUM(X20:AC20) -> 0 | AJ21: TOTAL | AK21: =SUM(AF20:AK20) -> 0
B22: Maio | J22: Maio | W22: =J22 -> Maio | AE22: =W22 -> Maio
A23: KM (Rodados) | B23: 1ª Leitura | C23: 2ª Leitura | D23: 3ª Leitura | E23: 4ª Leitura | F23: 15 dias Rodados | G23: 30 dias Rodados | H23: Total Mensal | J23: DATA | W23: DATA | AE23: DATA
F24: =SUM(C24-B24) -> 0 | G24: =SUM(E24-D24) -> 0 | H24: =SUM(F24:G24) -> 0 | J24: VALOR | W24: VALOR | AE24: VALOR
T25: TOTAL | U25: =SUM(K24:U24) -> 0 | AB25: TOTAL | AC25: =SUM(X24:AC24) -> 0 | AJ25: TOTAL | AK25: =SUM(AF24:AK24) -> 0
B26: Junho | J26: Junho | W26: =J26 -> Junho | AE26: =W26 -> Junho
A27: KM (Rodados) | B27: 1ª Leitura | C27: 2ª Leitura | D27: 3ª Leitura | E27: 4ª Leitura | F27: 15 dias Rodados | G27: 30 dias Rodados | H27: Total Mensal | J27: DATA | W27: DATA | AE27: DATA
F28: =SUM(C28-B28) -> 0 | G28: =SUM(E28-D28) -> 0 | H28: =SUM(F28:G28) -> 0 | J28: VALOR | W28: VALOR | AE28: VALOR
T29: TOTAL | U29: =SUM(K28:U28) -> 0 | AB29: TOTAL | AC29: =SUM(X28:AC28) -> 0 | AJ29: TOTAL | AK29: =SUM(AF28:AK28) -> 0
B30: Julho | J30: Julho | W30: =J30 -> Julho | AE30: =W30 -> Julho
A31: KM (Rodados) | B31: 1ª Leitura | C31: 2ª Leitura | D31: 3ª Leitura | E31: 4ª Leitura | F31: 15 dias Rodados | G31: 30 dias Rodados | H31: Total Mensal | J31: DATA | W31: DATA | AE31: DATA
F32: =SUM(C32-B32) -> 0 | G32: =SUM(E32-D32) -> 0 | H32: =SUM(F32:G32) -> 0 | J32: VALOR | W32: VALOR | AE32: VALOR
T33: TOTAL | U33: =SUM(K32:U32) -> 0 | AB33: TOTAL | AC33: =SUM(X32:AC32) -> 0 | AJ33: TOTAL | AK33: =SUM(AF32:AK32) -> 0
B34: Agosto | J34: Agosto | W34: =J34 -> Agosto | AE34: =W34 -> Agosto
A35: KM (Rodados) | B35: 1ª Leitura | C35: 2ª Leitura | D35: 3ª Leitura | E35: 4ª Leitura | F35: 15 dias Rodados | G35: 30 dias Rodados | H35: Total Mensal | J35: DATA | W35: DATA | AE35: DATA
F36: =SUM(C36-B36) -> 0 | G36: =SUM(E36-D36) -> 0 | H36: =SUM(F36:G36) -> 0 | J36: VALOR | W36: VALOR | AE36: VALOR
T37: TOTAL | U37: =SUM(K36:U36) -> 0 | AB37: TOTAL | AC37: =SUM(X36:AC36) -> 0 | AJ37: TOTAL | AK37: =SUM(AF36:AK36) -> 0
B38: Setembro | J38: Setembro | W38: =J38 -> Setembro | AE38: =W38 -> Setembro
A39: KM (Rodados) | B39: 1ª Leitura | C39: 2ª Leitura | D39: 3ª Leitura | E39: 4ª Leitura | F39: 15 dias Rodados | G39: 30 dias Rodados | H39: Total Mensal | J39: DATA | W39: DATA | AE39: DATA
F40: =SUM(C40-B40) -> 0 | G40: =SUM(E40-D40) -> 0 | H40: =SUM(F40:G40) -> 0 | J40: VALOR | W40: VALOR | AE40: VALOR
T41: TOTAL | U41: =SUM(K40:U40) -> 0 | AB41: TOTAL | AC41: =SUM(X40:AC40) -> 0 | AJ41: TOTAL | AK41: =SUM(AF40:AK40) -> 0
B42: Outubro | J42: Outubro | W42: =J42 -> Outubro | AE42: =W42 -> Outubro
A43: KM (Rodados) | B43: 1ª Leitura | C43: 2ª Leitura | D43: 3ª Leitura | E43: 4ª Leitura | F43: 15 dias Rodados | G43: 30 dias Rodados | H43: Total Mensal | J43: DATA | K43: 45580 | L43: 45584 | M43: 45588 | N43: 45591 | O43: 45596 | W43: DATA | AE43: DATA
B44: 59593 | E44: 61977 | F44: =SUM(C44-B44) -> -59593 | G44: =SUM(E44-D44) -> 61977 | H44: =SUM(F44:G44) -> 2384 | J44: VALOR | K44: 289.4 | L44: 229.84 | M44: 221.03 | N44: 223.11 | O44: 235.62 | W44: VALOR | AE44: VALOR
T45: TOTAL | U45: =SUM(K44:U44) -> 1199 | AB45: TOTAL | AC45: =SUM(X44:AC44) -> 0 | AJ45: TOTAL | AK45: =SUM(AF44:AK44) -> 0
B46: Novembro | J46: Novembro | W46: =J46 -> Novembro | AE46: =W46 -> Novembro
A47: KM (Rodados) | B47: 1ª Leitura | C47: 2ª Leitura | D47: 3ª Leitura | E47: 4ª Leitura | F47: 15 dias Rodados | G47: 30 dias Rodados | H47: Total Mensal | J47: DATA | K47: 45603 | W47: DATA | AE47: DATA
D48: 63903 | E48: 65872 | F48: =SUM(C48-B48) -> 0 | G48: =SUM(E48-D48) -> 1969 | H48: =SUM(F48:G48) -> 1969 | J48: VALOR | K48: 219.21 | W48: VALOR | AE48: VALOR
T49: TOTAL | U49: =SUM(K48:U48) -> 219.21 | AB49: TOTAL | AC49: =SUM(X48:AC48) -> 0 | AJ49: TOTAL | AK49: =SUM(AF48:AK48) -> 0
B50: Dezembro | J50: Dezembro | W50: =J50 -> Dezembro | AE50: =W50 -> Dezembro
A51: KM (Rodados) | B51: 1ª Leitura | C51: 2ª Leitura | D51: 3ª Leitura | E51: 4ª Leitura | F51: 15 dias Rodados | G51: 30 dias Rodados | H51: Total Mensal | J51: DATA | W51: DATA | AE51: DATA
B52: 65872 | C52: 67695 | D52: 67695 | E52: 68593 | F52: =SUM(C52-B52) -> 1823 | G52: =SUM(E52-D52) -> 898 | H52: =SUM(F52:G52) -> 2721 | J52: VALOR | W52: VALOR | AE52: VALOR
T53: TOTAL | U53: =SUM(K52:U52) -> 0 | AB53: TOTAL | AC53: =SUM(X52:AC52) -> 0 | AJ53: TOTAL | AK53: =SUM(AF52:AK52) -> 0
B54: Janeiro | J54: Janeiro | W54: =J54 -> Janeiro | AE54: =W54 -> Janeiro
A55: KM (Rodados) | B55: 1ª Leitura | C55: 2ª Leitura | D55: 3ª Leitura | E55: 4ª Leitura | F55: 15 dias Rodados | G55: 30 dias Rodados | H55: Total Mensal | J55: DATA | L55: 45679 | M55: 45682 | W55: DATA | AE55: DATA
B56: 68593 | C56: 70003 | D56: 70003 | E56: 72299 | F56: =SUM(C56-B56) -> 1410 | G56: =SUM(E56-D56) -> 2296 | H56: =SUM(F56:G56) -> 3706 | J56: VALOR | L56: 253 | M56: 239.78 | W56: VALOR | AE56: VALOR
T57: TOTAL | U57: =SUM(K56:U56) -> 492.78 | AB57: TOTAL | AC57: =SUM(X56:AC56) -> 0 | AJ57: TOTAL | AK57: =SUM(AF56:AK56) -> 0
B58: Fevereiro | J58: Fevereiro | W58: =J58 -> Fevereiro | AE58: =W58 -> Fevereiro
A59: KM (Rodados) | B59: 1ª Leitura | C59: 2ª Leitura | D59: 3ª Leitura | E59: 4ª Leitura | F59: 15 dias Rodados | G59: 30 dias Rodados | H59: Total Mensal | J59: DATA | W59: DATA | AE59: DATA
B60: 72299 | C60: 74046 | D60: 74046 | E60: 75654 | F60: =SUM(C60-B60) -> 1747 | G60: =SUM(E60-D60) -> 1608 | H60: =SUM(F60:G60) -> 3355 | J60: VALOR | W60: VALOR | AE60: VALOR
T61: TOTAL | U61: =SUM(K60:U60) -> 0 | AB61: TOTAL | AC61: =SUM(X60:AC60) -> 0 | AJ61: TOTAL | AK61: =SUM(AF60:AK60) -> 0
B62: Março | J62: Março | W62: =J62 -> Março | AE62: =W62 -> Março
A63: KM (Rodados) | B63: 1ª Leitura | C63: 2ª Leitura | D63: 3ª Leitura | E63: 4ª Leitura | F63: 15 dias Rodados | G63: 30 dias Rodados | H63: Total Mensal | J63: DATA | K63: 45724 | L63: 45728 | M63: 45731 | N63: 45735 | O63: 45737 | P63: 45742 | Q63: 45744 | W63: DATA | AE63: DATA
B64: 75654 | C64: 76769 | D64: 76769 | E64: 78740 | F64: =SUM(C64-B64) -> 1115 | G64: =SUM(E64-D64) -> 1971 | H64: =SUM(F64:G64) -> 3086 | J64: VALOR | K64: 203.52 | L64: 195 | M64: 263.18 | N64: 159.44 | O64: 224.7 | P64: 158.92 | Q64: 227.18 | W64: VALOR | AE64: VALOR
A65: Veículo foi Mobilizado para obra 24.019 Ventos de Santa Eugenia em 01/04/2025, antes pertencia a obra 24.019 Morro do Cruzeiro. | T65: TOTAL | U65: =SUM(K64:U64) -> 1431.94 | AB65: TOTAL | AC65: =SUM(X64:AC64) -> 0 | AJ65: TOTAL | AK65: =SUM(AF64:AK64) -> 0
B66: Abril | J66: Abril | W66: =J66 -> Abril | AE66: =W66 -> Abril
A67: KM (Rodados) | B67: 1ª Leitura | C67: 2ª Leitura | D67: 3ª Leitura | E67: 4ª Leitura | F67: 15 dias Rodados | G67: 30 dias Rodados | H67: Total Mensal | J67: DATA | K67: 45748 | L67: 45752 | M67: 45757 | N67: 45759 | O67: 45762 | P67: 45766 | Q67: 45771 | R67: 45776 | W67: DATA | AE67: DATA
B68: 78740 | C68: 80217 | D68: 80217 | E68: 81579 | F68: =SUM(C68-B68) -> 1477 | G68: =SUM(E68-D68) -> 1362 | H68: =SUM(F68:G68) -> 2839 | J68: VALOR | K68: 219.71 | L68: 224.93 | M68: 248.9 | N68: 125.93 | O68: 180.9 | P68: 226.94 | Q68: 228.01 | R68: 234.03 | W68: VALOR | AE68: VALOR
T69: TOTAL | U69: =SUM(K68:U68) -> 1689.35 | AB69: TOTAL | AC69: =SUM(X68:AC68) -> 0 | AJ69: TOTAL | AK69: =SUM(AF68:AK68) -> 0
B70: Maio | J70: Maio | W70: =J70 -> Maio | AE70: =W70 -> Maio
A71: KM (Rodados) | B71: 1ª Leitura | C71: 2ª Leitura | D71: 3ª Leitura | E71: 4ª Leitura | F71: 15 dias Rodados | G71: 30 dias Rodados | H71: Total Mensal | J71: DATA | K71: 45790 | L71: 45794 | M71: 45797 | N71: 45800 | O71: 45806 | P71: 45808 | W71: DATA | AE71: DATA
B72: 81579 | C72: 81999 | D72: 81999 | E72: 83778 | F72: =SUM(C72-B72) -> 420 | G72: =SUM(E72-D72) -> 1779 | H72: =SUM(F72:G72) -> 2199 | J72: VALOR | K72: 158.38 | L72: 224.4 | M72: 218.79 | N72: 243.04 | O72: 222.92 | P72: 202.81 | W72: VALOR | AE72: VALOR
T73: TOTAL | U73: =SUM(K72:U72) -> 1270.34 | AB73: TOTAL | AC73: =SUM(X72:AC72) -> 0 | AJ73: TOTAL | AK73: =SUM(AF72:AK72) -> 0
B74: Junho | J74: Junho | W74: =J74 -> Junho | AE74: =W74 -> Junho
A75: KM (Rodados) | B75: 1ª Leitura | C75: 2ª Leitura | D75: 3ª Leitura | E75: 4ª Leitura | F75: 15 dias Rodados | G75: 30 dias Rodados | H75: Total Mensal | J75: DATA | K75: 45813 | L75: 45815 | M75: 45820 | N75: 45825 | O75: 45832 | P75: 45834 | W75: DATA | AE75: DATA
B76: 83778 | C76: 85026 | D76: 85026 | E76: 85867 | F76: =SUM(C76-B76) -> 1248 | G76: =SUM(E76-D76) -> 841 | H76: =SUM(F76:G76) -> 2089 | J76: VALOR | K76: 230.64 | L76: 153.68 | M76: 208.59 | N76: 154.59 | O76: 227.37 | P76: 140.82 | W76: VALOR | AE76: VALOR
T77: TOTAL | U77: =SUM(K76:U76) -> 1115.69 | AB77: TOTAL | AC77: =SUM(X76:AC76) -> 0 | AJ77: TOTAL | AK77: =SUM(AF76:AK76) -> 0
B78: Julho | J78: Julho | W78: =J78 -> Julho | AE78: =W78 -> Julho
A79: KM (Rodados) | B79: 1ª Leitura | C79: 2ª Leitura | D79: 3ª Leitura | E79: 4ª Leitura | F79: 15 dias Rodados | G79: 30 dias Rodados | H79: Total Mensal | J79: DATA | K79: 45846 | L79: 45848 | M79: 45850 | N79: 45855 | O79: 45857 | P79: 45862 | Q79: 45864 | R79: 45869 | W79: DATA | AE79: DATA
B80: 85867 | C80: 87032 | D80: 87032 | E80: 88863 | F80: =SUM(C80-B80) -> 1165 | G80: =SUM(E80-D80) -> 1831 | H80: =SUM(F80:G80) -> 2996 | J80: VALOR | K80: 168.17 | L80: 204.39 | M80: 153.14 | N80: 231.37 | O80: 150.18 | P80: 243.01 | Q80: 213.14 | R80: 233.71 | W80: VALOR | AE80: VALOR
T81: TOTAL | U81: =SUM(K80:U80) -> 1597.11 | AB81: TOTAL | AC81: =SUM(X80:AC80) -> 0 | AJ81: TOTAL | AK81: =SUM(AF80:AK80) -> 0
B82: Agosto | J82: Agosto | W82: =J82 -> Agosto | AE82: =W82 -> Agosto
A83: KM (Rodados) | B83: 1ª Leitura | C83: 2ª Leitura | D83: 3ª Leitura | E83: 4ª Leitura | F83: 15 dias Rodados | G83: 30 dias Rodados | H83: Total Mensal | J83: DATA | K83: 45871 | L83: 45876 | M83: 45881 | N83: 45885 | O83: 45888 | P83: 45890 | W83: DATA | AE83: DATA
B84: 88863 | C84: 90278 | D84: 90278 | E84: 90957 | F84: =SUM(C84-B84) -> 1415 | G84: =SUM(E84-D84) -> 679 | H84: =SUM(F84:G84) -> 2094 | J84: VALOR | K84: 163.61 | L84: 244.25 | M84: 234.14 | N84: 213.07 | O84: 191.21 | P84: 149.18 | W84: VALOR | AE84: VALOR
T85: TOTAL | U85: =SUM(K84:U84) -> 1195.46 | AB85: TOTAL | AC85: =SUM(X84:AC84) -> 0 | AJ85: TOTAL | AK85: =SUM(AF84:AK84) -> 0
B86: Setembro | J86: Setembro | W86: =J86 -> Setembro | AE86: =W86 -> Setembro
A87: KM (Rodados) | B87: 1ª Leitura | C87: 2ª Leitura | D87: 3ª Leitura | E87: 4ª Leitura | F87: 15 dias Rodados | G87: 30 dias Rodados | H87: Total Mensal | J87: DATA | K87: 45904 | L87: 45906 | M87: 45911 | N87: 45913 | O87: 45918 | P87: 45920 | Q87: 45923 | R87: 45925 | S87: 45927 | T87: 45930 | W87: DATA | AE87: DATA
B88: 90957 | C88: 92367 | D88: 92367 | E88: 93872 | F88: =SUM(C88-B88) -> 1410 | G88: =SUM(E88-D88) -> 1505 | H88: =SUM(F88:G88) -> 2915 | J88: VALOR | K88: 166.87 | L88: 202.57 | M88: 172.05 | N88: 159.65 | O88: 129.97 | P88: 161.09 | Q88: 85.78 | R88: 98.8 | S88: 147.62 | T88: 102.78 | W88: VALOR | AE88: VALOR
T89: TOTAL | U89: =SUM(K88:U88) -> 1427.18 | AB89: TOTAL | AC89: =SUM(X88:AC88) -> 0 | AJ89: TOTAL | AK89: =SUM(AF88:AK88) -> 0
B90: Outubro | J90: Outubro | W90: =J90 -> Outubro | AE90: =W90 -> Outubro
A91: KM (Rodados) | B91: 1ª Leitura | C91: 2ª Leitura | D91: 3ª Leitura | E91: 4ª Leitura | F91: 15 dias Rodados | G91: 30 dias Rodados | H91: Total Mensal | J91: DATA | K91: 45934 | L91: 45937 | M91: 45941 | N91: 45948 | O91: 45953 | P91: 45955 | Q91: 45958 | R91: 45960 | W91: DATA | AE91: DATA
B92: 93872 | C92: 95252 | D92: 95252 | E92: 96864 | F92: =SUM(C92-B92) -> 1380 | G92: =SUM(E92-D92) -> 1612 | H92: =SUM(F92:G92) -> 2992 | J92: VALOR | K92: 236.56 | L92: 237.82 | M92: 208.82 | N92: 150.83 | O92: 191.78 | P92: 213.1 | Q92: 147.12 | R92: 170.83 | W92: VALOR | AE92: VALOR
T93: TOTAL | U93: =SUM(K92:U92) -> 1556.86 | AB93: TOTAL | AC93: =SUM(X92:AC92) -> 0 | AJ93: TOTAL | AK93: =SUM(AF92:AK92) -> 0
A94: T-Cross EVW1E22 | B94: Novembro | J94: Novembro | W94: =J94 -> Novembro | AE94: =W94 -> Novembro
A95: KM (Rodados) | B95: 1ª Leitura | C95: 2ª Leitura | D95: 3ª Leitura | E95: 4ª Leitura | F95: 15 dias Rodados | G95: 30 dias Rodados | H95: Total Mensal | J95: DATA | K95: 45974 | L95: 45979 | M95: 45981 | N95: 45986 | O95: 45988 | P95: 45989 | W95: DATA | AE95: DATA
B96: 96864 | C96: 97243 | D96: 97243 | E96: 98859 | F96: =SUM(C96-B96) -> 379 | G96: =SUM(E96-D96) -> 1616 | H96: =SUM(F96:G96) -> 1995 | J96: VALOR | K96: 211.09 | L96: 159.7 | M96: 195.05 | N96: 220.4 | O96: 211.98 | P96: 52.26 | W96: VALOR | AE96: VALOR
T97: TOTAL | U97: =SUM(K96:U96) -> 1050.48 | AB97: TOTAL | AC97: =SUM(X96:AC96) -> 0 | AJ97: TOTAL | AK97: =SUM(AF96:AK96) -> 0
A98: Renegade TXL2A44 | B98: Dezembro | J98: Dezembro | W98: =J98 -> Dezembro | AE98: =W98 -> Dezembro
A99: KM (Rodados) | B99: 1ª Leitura | C99: 2ª Leitura | D99: 3ª Leitura | E99: 4ª Leitura | F99: 15 dias Rodados | G99: 30 dias Rodados | H99: Total Mensal | J99: DATA | K99: 46000 | L99: 46002 | M99: 46007 | N99: 46009 | W99: DATA | AE99: DATA
B100: 2747 | C100: 4612 | D100: 4612 | E100: 4855 | F100: =SUM(C100-B100) -> 1865 | G100: =SUM(E100-D100) -> 243 | H100: =SUM(F100:G100) -> 2108 | J100: VALOR | K100: 270.97 | L100: 253.92 | M100: 280.84 | N100: 195.36 | W100: VALOR | AE100: VALOR
T101: TOTAL | U101: =SUM(K100:U100) -> 1001.09 | AB101: TOTAL | AC101: =SUM(X100:AC100) -> 0 | AJ101: TOTAL | AK101: =SUM(AF100:AK100) -> 0
A102: 2026 | B102: Janeiro | J102: Janeiro | W102: Janeiro | AE102: Janeiro
...

Sheet Nilberto-Desmob
B1: GESTÃO DE FROTAS
B2: CONTROLE DE QUILOMETRAGEM, ABASTECIMENTOS, LAVAGENS E SERVIÇOS DE BORRACHARIA
A4: Veiculo: | B4: T-Cross | D4: Placa: | E4: EKB5J96 | G4: Guinchado: | H4: 45876 | I4: KM | J4: 4500
A5: Substituição: | B5: 45877 | D5: Placa: | E5: TKX8G73 | G5: Modelo: | H5: T-Cross
A6: Contrato Locação: | B6: 3792.09 | D6: Rastreador: | E6: 45 | G6: Data mob.: | H6: 45731 | I6: Data Desmob.: | J6: 46142
A8: Troca de condutor EKB5J96 em 29/04/2025 de Rute para Nilberto
A9: REGISTRO DE KM | J9: ABASTECIMENTO | X9: LAVA JATO | AF9: BORRACHARIA
B11: Janeiro | J11: Janeiro | X11: Janeiro | AF11: Janeiro
A12: KM (Rodados) | B12: 1ª Leitura | C12: 2ª Leitura | D12: 3ª Leitura | E12: 4ª Leitura | F12: 15 dias Rodados | G12: 30 dias Rodados | H12: Total Mensal | J12: DATA | X12: DATA | AF12: DATA
F13: =SUM(C13-B13) -> 0 | G13: =SUM(E13-D13) -> 0 | H13: =SUM(F13:G13) -> 0 | J13: VALOR | X13: VALOR | AF13: VALOR
T14: TOTAL | U14: =SUM(K13:U13) -> 0 | AC14: TOTAL | AD14: =SUM(Y13:AD13) -> 0 | AK14: TOTAL | AL14: =SUM(AG13:AL13) -> 0
B15: Fevereiro | J15: Fevereiro | X15: Fevereiro | AF15: Fevereiro
A16: KM (Rodados) | B16: 1ª Leitura | C16: 2ª Leitura | D16: 3ª Leitura | E16: 4ª Leitura | F16: 15 dias Rodados | G16: 30 dias Rodados | H16: Total Mensal | J16: DATA | X16: DATA | AF16: DATA
F17: =SUM(C17-B17) -> 0 | G17: =SUM(E17-D17) -> 0 | H17: =SUM(F17:G17) -> 0 | J17: VALOR | X17: VALOR | AF17: VALOR
T18: TOTAL | U18: =SUM(K17:U17) -> 0 | AC18: TOTAL | AD18: =SUM(Y17:AD17) -> 0 | AK18: TOTAL | AL18: =SUM(AG17:AL17) -> 0
B19: Março | J19: Março | X19: =J19 -> Março | AF19: =X19 -> Março
A20: KM (Rodados) | B20: 1ª Leitura | C20: 2ª Leitura | D20: 3ª Leitura | E20: 4ª Leitura | F20: 15 dias Rodados | G20: 30 dias Rodados | H20: Total Mensal | J20: DATA | K20: 45734 | L20: 45741 | M20: 45743 | N20: 45745 | O20: 45746 | X20: DATA | Y20: 45745 | AF20: DATA
D21: 57002 | E21: 58682 | F21: =SUM(C21-B21) -> 0 | G21: =SUM(E21-D21) -> 1680 | H21: =SUM(F21:G21) -> 1680 | J21: VALOR | K21: 272.99 | L21: 238.45 | M21: 206.82 | N21: 204.93 | O21: 273.43 | X21: VALOR | Y21: 45 | AF21: VALOR | AG21: 140
T22: TOTAL | U22: =SUM(K21:U21) -> 1196.62 | AC22: TOTAL | AD22: =SUM(Y21:AD21) -> 45 | AK22: TOTAL | AL22: =SUM(AG21:AL21) -> 140
B23: Abril | J23: Abril | X23: =J23 -> Abril | AF23: =X23 -> Abril
A24: KM (Rodados) | B24: 1ª Leitura | C24: 2ª Leitura | D24: 3ª Leitura | E24: 4ª Leitura | F24: 15 dias Rodados | G24: 30 dias Rodados | H24: Total Mensal | J24: DATA | K24: 45750 | L24: 45752 | M24: 45776 | X24: DATA | AF24: DATA
B25: 58682 | C25: 60226 | D25: 60226 | E25: 61679 | F25: =SUM(C25-B25) -> 1544 | G25: =SUM(E25-D25) -> 1453 | H25: =SUM(F25:G25) -> 2997 | J25: VALOR | K25: 196 | L25: 190.34 | M25: 224 | X25: VALOR | AF25: VALOR
T26: TOTAL | U26: =SUM(K25:U25) -> 610.34 | AC26: TOTAL | AD26: =SUM(Y25:AD25) -> 0 | AK26: TOTAL | AL26: =SUM(AG25:AL25) -> 0
B27: Maio | J27: Maio | X27: =J27 -> Maio | AF27: =X27 -> Maio
A28: KM (Rodados) | B28: 1ª Leitura | C28: 2ª Leitura | D28: 3ª Leitura | E28: 4ª Leitura | F28: 15 dias Rodados | G28: 30 dias Rodados | H28: Total Mensal | J28: DATA | K28: 45783 | L28: 45787 | M28: 45792 | N28: 45799 | X28: DATA | AF28: DATA
B29: 61679 | C29: 63251 | D29: 63251 | E29: 64533 | F29: =SUM(C29-B29) -> 1572 | G29: =SUM(E29-D29) -> 1282 | H29: =SUM(F29:G29) -> 2854 | J29: VALOR | K29: 218.05 | L29: 113.46 | M29: 240.93 | N29: 228.33 | X29: VALOR | AF29: VALOR
T30: TOTAL | U30: =SUM(K29:U29) -> 800.77 | AC30: TOTAL | AD30: =SUM(Y29:AD29) -> 0 | AK30: TOTAL | AL30: =SUM(AG29:AL29) -> 0
B31: Junho | J31: Junho | X31: =J31 -> Junho | AF31: =X31 -> Junho
A32: KM (Rodados) | B32: 1ª Leitura | C32: 2ª Leitura | D32: 3ª Leitura | E32: 4ª Leitura | F32: 15 dias Rodados | G32: 30 dias Rodados | H32: Total Mensal | J32: DATA | K32: 45811 | L32: 45813 | M32: 45818 | N32: 45820 | O32: 45822 | P32: 45826 | Q32: 45828 | R32: 45834 | X32: DATA | AF32: DATA
B33: 64533 | C33: 66071 | D33: 66071 | E33: 67578 | F33: =SUM(C33-B33) -> 1538 | G33: =SUM(E33-D33) -> 1507 | H33: =SUM(F33:G33) -> 3045 | J33: VALOR | K33: 176.18 | L33: 179.62 | M33: 204.13 | N33: 182.53 | O33: 90.54 | P33: 223.71 | Q33: 235.5 | R33: 175.03 | X33: VALOR | AF33: VALOR
T34: TOTAL | U34: =SUM(K33:U33) -> 1467.24 | AC34: TOTAL | AD34: =SUM(Y33:AD33) -> 0 | AK34: TOTAL | AL34: =SUM(AG33:AL33) -> 0
B35: Julho | J35: Julho | X35: =J35 -> Julho | AF35: =X35 -> Julho
A36: KM (Rodados) | B36: 1ª Leitura | C36: 2ª Leitura | D36: 3ª Leitura | E36: 4ª Leitura | F36: 15 dias Rodados | G36: 30 dias Rodados | H36: Total Mensal | J36: DATA | K36: 45839 | L36: 45841 | M36: 45846 | N36: 45848 | O36: 45850 | P36: 45853 | Q36: 45860 | R36: 45867 | X36: DATA | AF36: DATA
B37: 67578 | C37: 69248 | D37: 69248 | E37: 70366 | F37: =SUM(C37-B37) -> 1670 | G37: =SUM(E37-D37) -> 1118 | H37: =SUM(F37:G37) -> 2788 | J37: VALOR | K37: 273.75 | L37: 123.2 | M37: 240.24 | N37: 144.45 | O37: 123.57 | P37: 287.43 | Q37: 267.28 | R37: 280.22 | X37: VALOR | AF37: VALOR
A38: EKB5J96 Guinchado em 07/08/2025 | T38: TOTAL | U38: =SUM(K37:U37) -> 1740.14 | AC38: TOTAL | AD38: =SUM(Y37:AD37) -> 0 | AK38: TOTAL | AL38: =SUM(AG37:AL37) -> 0
B39: Agosto | J39: Agosto | X39: =J39 -> Agosto | AF39: =X39 -> Agosto
A40: KM (Rodados) | B40: 1ª Leitura | C40: 2ª Leitura | D40: 3ª Leitura | E40: 4ª Leitura | F40: 15 dias Rodados | G40: 30 dias Rodados | H40: Total Mensal | J40: DATA | K40: 45871 | X40: DATA | AF40: DATA
B41: 70366 | C41: 70683 | F41: =SUM(C41-B41) -> 317 | G41: =SUM(E41-D41) -> 0 | H41: =SUM(F41:G41) -> 317 | J41: VALOR | K41: 204.94 | X41: VALOR | AF41: VALOR
T42: TOTAL | U42: =SUM(K41:U41) -> 204.94 | AC42: TOTAL | AD42: =SUM(Y41:AD41) -> 0 | AK42: TOTAL | AL42: =SUM(AG41:AL41) -> 0
B43: Agosto | J43: Agosto | X43: =J43 -> Agosto | AF43: =X43 -> Agosto
A44: KM (Rodados) | B44: 1ª Leitura | C44: 2ª Leitura | D44: 3ª Leitura | E44: 4ª Leitura | F44: 15 dias Rodados | G44: 30 dias Rodados | H44: Total Mensal | J44: DATA | K44: 45877 | L44: 45881 | M44: 45883 | N44: 45885 | O44: 45890 | P44: 45895 | Q44: 45897 | R44: 45899 | X44: DATA | AF44: DATA
B45: 25901 | C45: 27452 | D45: 27452 | E45: 28917 | F45: =SUM(C45-B45) -> 1551 | G45: =SUM(E45-D45) -> 1465 | H45: =SUM(F45:G45) -> 3016 | J45: VALOR | K45: 256.39 | L45: 283.18 | M45: 238.02 | N45: 115.19 | O45: 229 | P45: 223.7 | Q45: 205.28 | R45: 152.73 | X45: VALOR | AF45: VALOR
T46: TOTAL | U46: =SUM(K45:U45) -> 1703.49 | AC46: TOTAL | AD46: =SUM(Y45:AD45) -> 0 | AK46: TOTAL | AL46: =SUM(AG45:AL45) -> 0
B47: Setembro | J47: Setembro | X47: =J47 -> Setembro | AF47: =X47 -> Setembro
A48: KM (Rodados) | B48: 1ª Leitura | C48: 2ª Leitura | D48: 3ª Leitura | E48: 4ª Leitura | F48: 15 dias Rodados | G48: 30 dias Rodados | H48: Total Mensal | J48: DATA | K48: 45902 | L48: 45904 | M48: 45906 | N48: 45909 | O48: 45911 | P48: 45916 | Q48: 45918 | R48: 45920 | S48: 45923 | T48: 45927 | U48: 45930 | X48: DATA | AF48: DATA
B49: 28917 | C49: 30258 | D49: 30258 | E49: 31672 | F49: =SUM(C49-B49) -> 1341 | G49: =SUM(E49-D49) -> 1414 | H49: =SUM(F49:G49) -> 2755 | J49: VALOR | K49: 173.63 | L49: 198 | M49: 160.01 | N49: 189.87 | O49: 130.57 | P49: 134.08 | Q49: 156.58 | R49: 166.09 | S49: 70.22 | T49: 241.29 | U49: 269.3 | X49: VALOR | AF49: VALOR
T50: TOTAL | U50: =SUM(K49:U49) -> 1889.64 | AC50: TOTAL | AD50: =SUM(Y49:AD49) -> 0 | AK50: TOTAL | AL50: =SUM(AG49:AL49) -> 0
B51: Outubro | J51: Outubro | X51: =J51 -> Outubro | AF51: =X51 -> Outubro
A52: KM (Rodados) | B52: 1ª Leitura | C52: 2ª Leitura | D52: 3ª Leitura | E52: 4ª Leitura | F52: 15 dias Rodados | G52: 30 dias Rodados | H52: Total Mensal | J52: DATA | K52: 45932 | L52: 45934 | M52: 45937 | N52: 45939 | O52: 45941 | P52: 45944 | Q52: 45946 | R52: 45948 | S52: 45951 | T52: 45953 | U52: 45955 | V52: 45960 | X52: DATA | AF52: DATA
B53: 31672 | C53: 33083 | D53: 33083 | E53: 34787 | F53: =SUM(C53-B53) -> 1411 | G53: =SUM(E53-D53) -> 1704 | H53: =SUM(F53:G53) -> 3115 | J53: VALOR | K53: 176.15 | L53: 208.83 | M53: 141.64 | N53: 141.09 | O53: 128.12 | P53: 189.01 | Q53: 205.01 | R53: 140.01 | S53: 287.89 | T53: 168.42 | U53: 198.01 | V53: 308.76 | X53: VALOR | AF53: VALOR
T54: TOTAL | U54: =SUM(K53:V53) -> 2292.94 | AC54: TOTAL | AD54: =SUM(Y53:AD53) -> 0 | AK54: TOTAL | AL54: =SUM(AG53:AL53) -> 0
B55: Novembro | J55: Novembro | X55: =J55 -> Novembro | AF55: =X55 -> Novembro
A56: KM (Rodados) | B56: 1ª Leitura | C56: 2ª Leitura | D56: 3ª Leitura | E56: 4ª Leitura | F56: 15 dias Rodados | G56: 30 dias Rodados | H56: Total Mensal | J56: DATA | K56: 45962 | L56: 45965 | M56: 45967 | N56: 45969 | O56: 45972 | P56: 45974 | Q56: 45976 | R56: 45979 | S56: 45981 | T56: 45983 | U56: 45986 | V56: 45990 | X56: DATA | AF56: DATA
B57: 34787 | C57: 36507 | D57: 36507 | E57: 37833 | F57: =SUM(C57-B57) -> 1720 | G57: =SUM(E57-D57) -> 1326 | H57: =SUM(F57:G57) -> 3046 | J57: VALOR | K57: 151.02 | L57: 241.6 | M57: 248.88 | N57: 147.54 | O57: 204.42 | P57: 118.06 | Q57: 273.87 | R57: 273.3 | S57: 195.18 | T57: 180.9 | U57: 216.06 | V57: 218.07 | X57: VALOR | AF57: VALOR
T58: TOTAL | U58: =SUM(K57:V57) -> 2468.9 | AC58: TOTAL | AD58: =SUM(Y57:AD57) -> 0 | AK58: TOTAL | AL58: =SUM(AG57:AL57) -> 0
B59: Dezembro - utilizado até 19/01 | J59: Dezembro | X59: =J59 -> Dezembro | AF59: =X59 -> Dezembro
A60: KM (Rodados) | B60: 1ª Leitura | C60: 2ª Leitura | D60: 3ª Leitura | E60: 4ª Leitura | F60: 15 dias Rodados | G60: 30 dias Rodados | H60: Total Mensal | J60: DATA | K60: 45993 | L60: 45995 | M60: 45997 | N60: 46000 | O60: 46002 | P60: 46004 | Q60: 46372 | R60: 46374 | X60: DATA | AF60: DATA
B61: 37833 | C61: 39601 | D61: 39601 | E61: 40318 | F61: =SUM(C61-B61) -> 1768 | G61: =SUM(E61-D61) -> 717 | H61: =SUM(F61:G61) -> 2485 | J61: VALOR | K61: 237 | L61: 256.06 | M61: 132.27 | N61: 237.76 | O61: 173.07 | P61: 256.88 | Q61: 272.6 | R61: 141.78 | X61: VALOR | AF61: VALOR
T62: TOTAL | U62: =SUM(K61:U61) -> 1707.42 | AC62: TOTAL | AD62: =SUM(Y61:AD61) -> 0 | AK62: TOTAL | AL62: =SUM(AG61:AL61) -> 0
A63: 2026 | B63: Janeiro | J63: Janeiro | W63: Janeiro | AE63: Janeiro
A64: KM (Rodados) | B64: 1ª Leitura | C64: 2ª Leitura | D64: 3ª Leitura | E64: 4ª Leitura | F64: 15 dias Rodados | G64: 30 dias Rodados | H64: Total Mensal | J64: DATA | W64: DATA | AE64: DATA
B65: 40318 | E65: 44234 | F65: =SUM(C65-B65) -> -40318 | G65: =SUM(E65-D65) -> 44234 | H65: =SUM(F65:G65) -> 3916 | J65: VALOR | W65: VALOR | AE65: VALOR
T66: TOTAL | U66: =SUM(K65:U65) -> 0 | AB66: TOTAL | AC66: =SUM(X65:AC65) -> 0 | AJ66: TOTAL | AK66: =SUM(AF65:AK65) -> 0
B67: Fevereiro | J67: Fevereiro | W67: Fevereiro | AE67: Fevereiro
A68: KM (Rodados) | B68: 1ª Leitura | C68: 2ª Leitura | D68: 3ª Leitura | E68: 4ª Leitura | F68: 15 dias Rodados | G68: 30 dias Rodados | H68: Total Mensal | J68: DATA | W68: DATA | AE68: DATA
B69: 44234 | E69: 46451 | F69: =SUM(C69-B69) -> -44234 | G69: =SUM(E69-D69) -> 46451 | H69: =SUM(F69:G69) -> 2217 | J69: VALOR | W69: VALOR | AE69: VALOR
T70: TOTAL | U70: =SUM(K69:U69) -> 0 | AB70: TOTAL | AC70: =SUM(X69:AC69) -> 0 | AJ70: TOTAL | AK70: =SUM(AF69:AK69) -> 0
B71: Março | J71: Março | W71: =J71 -> Março | AE71: =W71 -> Março
A72: KM (Rodados) | B72: 1ª Leitura | C72: 2ª Leitura | D72: 3ª Leitura | E72: 4ª Leitura | F72: 15 dias Rodados | G72: 30 dias Rodados | H72: Total Mensal | J72: DATA | W72: DATA | AE72: DATA
B73: 46451 | E73: 49854 | F73: =SUM(C73-B73) -> -46451 | G73: =SUM(E73-D73) -> 49854 | H73: =SUM(F73:G73) -> 3403 | J73: VALOR | W73: VALOR | AE73: VALOR
T74: TOTAL | U74: =SUM(K73:U73) -> 0 | AB74: TOTAL | AC74: =SUM(X73:AC73) -> 0 | AJ74: TOTAL | AK74: =SUM(AF73:AK73) -> 0
B75: Abril | J75: Abril | W75: =J75 -> Abril | AE75: =W75 -> Abril
A76: KM (Rodados) | B76: 1ª Leitura | C76: 2ª Leitura | D76: 3ª Leitura | E76: 4ª Leitura | F76: 15 dias Rodados | G76: 30 dias Rodados | H76: Total Mensal | J76: DATA | W76: DATA | AE76: DATA
B77: 49854 | E77: 51597 | F77: =SUM(C77-B77) -> -49854 | G77: =SUM(E77-D77) -> 51597 | H77: =SUM(F77:G77) -> 1743 | J77: VALOR | W77: VALOR | AE77: VALOR
T78: TOTAL | U78: =SUM(K77:U77) -> 0 | AB78: TOTAL | AC78: =SUM(X77:AC77) -> 0 | AJ78: TOTAL | AK78: =SUM(AF77:AK77) -> 0
B79: Maio | J79: Maio | W79: =J79 -> Maio | AE79: =W79 -> Maio
A80: KM (Rodados) | B80: 1ª Leitura | C80: 2ª Leitura | D80: 3ª Leitura | E80: 4ª Leitura | F80: 15 dias Rodados | G80: 30 dias Rodados | H80: Total Mensal | J80: DATA | W80: DATA | AE80: DATA
F81: =SUM(C81-B81) -> 0 | G81: =SUM(E81-D81) -> 0 | H81: =SUM(F81:G81) -> 0 | J81: VALOR | W81: VALOR | AE81: VALOR
T82: TOTAL | U82: =SUM(K81:U81) -> 0 | AB82: TOTAL | AC82: =SUM(X81:AC81) -> 0 | AJ82: TOTAL | AK82: =SUM(AF81:AK81) -> 0
B83: Junho | J83: Junho | W83: =J83 -> Junho | AE83: =W83 -> Junho
A84: KM (Rodados) | B84: 1ª Leitura | C84: 2ª Leitura | D84: 3ª Leitura | E84: 4ª Leitura | F84: 15 dias Rodados | G84: 30 dias Rodados | H84: Total Mensal | J84: DATA | W84: DATA | AE84: DATA
F85: =SUM(C85-B85) -> 0 | G85: =SUM(E85-D85) -> 0 | H85: =SUM(F85:G85) -> 0 | J85: VALOR | W85: VALOR | AE85: VALOR
T86: TOTAL | U86: =SUM(K85:U85) -> 0 | AB86: TOTAL | AC86: =SUM(X85:AC85) -> 0 | AJ86: TOTAL | AK86: =SUM(AF85:AK85) -> 0
B87: Julho | J87: Julho | W87: =J87 -> Julho | AE87: =W87 -> Julho
A88: KM (Rodados) | B88: 1ª Leitura | C88: 2ª Leitura | D88: 3ª Leitura | E88: 4ª Leitura | F88: 15 dias Rodados | G88: 30 dias Rodados | H88: Total Mensal | J88: DATA | W88: DATA | AE88: DATA
F89: =SUM(C89-B89) -> 0 | G89: =SUM(E89-D89) -> 0 | H89: =SUM(F89:G89) -> 0 | J89: VALOR | W89: VALOR | AE89: VALOR
T90: TOTAL | U90: =SUM(K89:U89) -> 0 | AB90: TOTAL | AC90: =SUM(X89:AC89) -> 0 | AJ90: TOTAL | AK90: =SUM(AF89:AK89) -> 0

Sheet Jair-Desmob
B1: GESTÃO DE FROTAS
B2: CONTROLE DE QUILOMETRAGEM, ABASTECIMENTOS, LAVAGENS E SERVIÇOS DE BORRACHARIA
A4: Veiculo: | B4: T-Cross | D4: Placa: | E4: EXU6G81 | G4: KM | H4: 3000
A5: Substituição: | B5: 45898 | D5: Placa: | E5: TEL5D17 | G5: Modelo: | H5: Tracker
A6: Troca de Condutor | B6: 45906 | D6: Placa: | E6: TEL5D17 | G6: Condutores | H6: Herik para Jair
A7: Contrato Locação: | B7: 3837 | D7: Rastreador: | E7: 45 | G7: Data mob.: | H7: 45870 | I7: Data Desmob.: | J7: 46108
A10: REGISTRO DE KM | J10: ABASTECIMENTO | Y10: LAVA JATO | AG10: BORRACHARIA
B12: Janeiro | J12: Janeiro | Y12: Janeiro | AG12: Janeiro
A13: KM (Rodados) | B13: 1ª Leitura | C13: 2ª Leitura | D13: 3ª Leitura | E13: 4ª Leitura | F13: 15 dias Rodados | G13: 30 dias Rodados | H13: Total Mensal | J13: DATA | Y13: DATA | AG13: DATA
F14: =SUM(C14-B14) -> 0 | G14: =SUM(E14-D14) -> 0 | H14: =SUM(F14:G14) -> 0 | J14: VALOR | Y14: VALOR | AG14: VALOR
T15: TOTAL | U15: =SUM(K14:U14) -> 0 | AD15: TOTAL | AE15: =SUM(Z14:AE14) -> 0 | AL15: TOTAL | AM15: =SUM(AH14:AM14) -> 0
B16: Fevereiro | J16: Fevereiro | Y16: Fevereiro | AG16: Fevereiro
A17: KM (Rodados) | B17: 1ª Leitura | C17: 2ª Leitura | D17: 3ª Leitura | E17: 4ª Leitura | F17: 15 dias Rodados | G17: 30 dias Rodados | H17: Total Mensal | J17: DATA | Y17: DATA | AG17: DATA
F18: =SUM(C18-B18) -> 0 | G18: =SUM(E18-D18) -> 0 | H18: =SUM(F18:G18) -> 0 | J18: VALOR | Y18: VALOR | AG18: VALOR
T19: TOTAL | U19: =SUM(K18:U18) -> 0 | AD19: TOTAL | AE19: =SUM(Z18:AE18) -> 0 | AL19: TOTAL | AM19: =SUM(AH18:AM18) -> 0
B20: Março | J20: Março | Y20: =J20 -> Março | AG20: =Y20 -> Março
A21: KM (Rodados) | B21: 1ª Leitura | C21: 2ª Leitura | D21: 3ª Leitura | E21: 4ª Leitura | F21: 15 dias Rodados | G21: 30 dias Rodados | H21: Total Mensal | J21: DATA | Y21: DATA | AG21: DATA
F22: =SUM(C22-B22) -> 0 | G22: =SUM(E22-D22) -> 0 | H22: =SUM(F22:G22) -> 0 | J22: VALOR | Y22: VALOR | AG22: VALOR
T23: TOTAL | U23: =SUM(K22:U22) -> 0 | AD23: TOTAL | AE23: =SUM(Z22:AE22) -> 0 | AL23: TOTAL | AM23: =SUM(AH22:AM22) -> 0
B24: Abril | J24: Abril | Y24: =J24 -> Abril | AG24: =Y24 -> Abril
A25: KM (Rodados) | B25: 1ª Leitura | C25: 2ª Leitura | D25: 3ª Leitura | E25: 4ª Leitura | F25: 15 dias Rodados | G25: 30 dias Rodados | H25: Total Mensal | J25: DATA | Y25: DATA | AG25: DATA
F26: =SUM(C26-B26) -> 0 | G26: =SUM(E26-D26) -> 0 | H26: =SUM(F26:G26) -> 0 | J26: VALOR | Y26: VALOR | AG26: VALOR
T27: TOTAL | U27: =SUM(K26:U26) -> 0 | AD27: TOTAL | AE27: =SUM(Z26:AE26) -> 0 | AL27: TOTAL | AM27: =SUM(AH26:AM26) -> 0
B28: Maio | J28: Maio | Y28: =J28 -> Maio | AG28: =Y28 -> Maio
A29: KM (Rodados) | B29: 1ª Leitura | C29: 2ª Leitura | D29: 3ª Leitura | E29: 4ª Leitura | F29: 15 dias Rodados | G29: 30 dias Rodados | H29: Total Mensal | J29: DATA | Y29: DATA | AG29: DATA
F30: =SUM(C30-B30) -> 0 | G30: =SUM(E30-D30) -> 0 | H30: =SUM(F30:G30) -> 0 | J30: VALOR | Y30: VALOR | AG30: VALOR
T31: TOTAL | U31: =SUM(K30:U30) -> 0 | AD31: TOTAL | AE31: =SUM(Z30:AE30) -> 0 | AL31: TOTAL | AM31: =SUM(AH30:AM30) -> 0
B32: Junho | J32: Junho | Y32: =J32 -> Junho | AG32: =Y32 -> Junho
A33: KM (Rodados) | B33: 1ª Leitura | C33: 2ª Leitura | D33: 3ª Leitura | E33: 4ª Leitura | F33: 15 dias Rodados | G33: 30 dias Rodados | H33: Total Mensal | J33: DATA | Y33: DATA | AG33: DATA
F34: =SUM(C34-B34) -> 0 | G34: =SUM(E34-D34) -> 0 | H34: =SUM(F34:G34) -> 0 | J34: VALOR | Y34: VALOR | AG34: VALOR
T35: TOTAL | U35: =SUM(K34:U34) -> 0 | AD35: TOTAL | AE35: =SUM(Z34:AE34) -> 0 | AL35: TOTAL | AM35: =SUM(AH34:AM34) -> 0
B36: Julho | J36: Julho | Y36: =J36 -> Julho | AG36: =Y36 -> Julho
A37: KM (Rodados) | B37: 1ª Leitura | C37: 2ª Leitura | D37: 3ª Leitura | E37: 4ª Leitura | F37: 15 dias Rodados | G37: 30 dias Rodados | H37: Total Mensal | J37: DATA | Y37: DATA | AG37: DATA
F38: =SUM(C38-B38) -> 0 | G38: =SUM(E38-D38) -> 0 | H38: =SUM(F38:G38) -> 0 | J38: VALOR | Y38: VALOR | AG38: VALOR
T39: TOTAL | U39: =SUM(K38:U38) -> 0 | AD39: TOTAL | AE39: =SUM(Z38:AE38) -> 0 | AL39: TOTAL | AM39: =SUM(AH38:AM38) -> 0
A40: T-Cross EXU6G81 | B40: Agosto | J40: Agosto | Y40: =J40 -> Agosto | AG40: =Y40 -> Agosto
A41: KM (Rodados) | B41: 1ª Leitura | C41: 2ª Leitura | D41: 3ª Leitura | E41: 4ª Leitura | F41: 15 dias Rodados | G41: 30 dias Rodados | H41: Total Mensal | J41: DATA | K41: 45871 | L41: 45874 | M41: 45878 | N41: 45881 | O41: 45885 | P41: 45890 | Q41: 45895 | R41: 45898 | Y41: DATA | Z41: 45897 | AG41: DATA
B42: 38932 | C42: 40454 | D42: 40454 | E42: 41860 | F42: =SUM(C42-B42) -> 1522 | G42: =SUM(E42-D42) -> 1406 | H42: =SUM(F42:G42) -> 2928 | J42: VALOR | K42: 261.8 | L42: 121.04 | M42: 216.26 | N42: 203.73 | O42: 187.14 | P42: 245.62 | Q42: 238.75 | R42: 181.67 | Y42: VALOR | Z42: 170 | AG42: VALOR
T43: TOTAL | U43: =SUM(K42:U42) -> 1656.01 | AD43: TOTAL | AE43: =SUM(Z42:AE42) -> 170 | AL43: TOTAL | AM43: =SUM(AH42:AM42) -> 0
A44: Tracker TEL5D17 | B44: Setembro | J44: Setembro | Y44: =J44 -> Setembro | AG44: =Y44 -> Setembro
A45: KM (Rodados) | B45: 1ª Leitura | C45: 2ª Leitura | D45: 3ª Leitura | E45: 4ª Leitura | F45: 15 dias Rodados | G45: 30 dias Rodados | H45: Total Mensal | J45: DATA | K45: 45898 | L45: 45902 | M45: 45906 | N45: 45909 | O45: 45913 | P45: 45916 | Q45: 45918 | R45: 45920 | S45: 45923 | T45: 45925 | U45: 45927 | V45: 45930 | Y45: DATA | AG45: DATA
B46: 11726 | C46: 13808 | D46: 13808 | E46: 15341 | F46: =SUM(C46-B46) -> 2082 | G46: =SUM(E46-D46) -> 1533 | H46: =SUM(F46:G46) -> 3615 | J46: VALOR | K46: 237.93 | L46: 159.47 | M46: 252 | N46: 192.21 | O46: 148.04 | P46: 172.06 | Q46: 168.07 | R46: 173.86 | S46: 100.23 | T46: 182.88 | U46: 115.1 | V46: 117.1 | Y46: VALOR | AG46: VALOR
T47: TOTAL | U47: =SUM(K46:V46) -> 2018.95 | AD47: TOTAL | AE47: =SUM(Z46:AE46) -> 0 | AL47: TOTAL | AM47: =SUM(AH46:AM46) -> 0
B48: Outubro | J48: Outubro | Y48: =J48 -> Outubro | AG48: =Y48 -> Outubro
A49: KM (Rodados) | B49: 1ª Leitura | C49: 2ª Leitura | D49: 3ª Leitura | E49: 4ª Leitura | F49: 15 dias Rodados | G49: 30 dias Rodados | H49: Total Mensal | J49: DATA | K49: 45932 | L49: 45934 | M49: 45937 | N49: 45939 | O49: 45941 | P49: 45944 | Q49: 45946 | R49: 45948 | S49: 45951 | T49: 23/1/02025 | U49: 45955 | V49: 45958 | W49: 45960 | Y49: DATA | AG49: DATA
B50: 15341 | C50: 17172 | D50: 17172 | E50: 19183 | F50: =SUM(C50-B50) -> 1831 | G50: =SUM(E50-D50) -> 2011 | H50: =SUM(F50:G50) -> 3842 | J50: VALOR | K50: 222.07 | L50: 102.91 | M50: 195.04 | N50: 172.06 | O50: 200 | P50: 201.12 | Q50: 209.02 | R50: 125.82 | S50: 168.16 | T50: 189.1 | U50: 194.36 | V50: 191.15 | W50: 194.36 | Y50: VALOR | AG50: VALOR
T51: TOTAL | U51: =SUM(K50:W50) -> 2365.17 | AD51: TOTAL | AE51: =SUM(Z50:AE50) -> 0 | AL51: TOTAL | AM51: =SUM(AH50:AM50) -> 0
B52: Novembro | J52: Novembro | Y52: =J52 -> Novembro | AG52: =Y52 -> Novembro
A53: KM (Rodados) | B53: 1ª Leitura | C53: 2ª Leitura | D53: 3ª Leitura | E53: 4ª Leitura | F53: 15 dias Rodados | G53: 30 dias Rodados | H53: Total Mensal | J53: DATA | K53: 45967 | L53: 45972 | M53: 45976 | N53: 45979 | O53: 45983 | P53: 45986 | Q53: 45988 | R53: 45990 | Y53: DATA | AG53: DATA
B54: 19183 | C54: 19908 | D54: 19908 | E54: 21513 | F54: =SUM(C54-B54) -> 725 | G54: =SUM(E54-D54) -> 1605 | H54: =SUM(F54:G54) -> 2330 | J54: VALOR | K54: 218.26 | L54: 185.61 | M54: 220.15 | N54: 200.08 | O54: 172.72 | P54: 177.18 | Q54: 207.43 | R54: 127.3 | Y54: VALOR | AG54: VALOR
T55: TOTAL | U55: =SUM(K54:U54) -> 1508.73 | AD55: TOTAL | AE55: =SUM(Z54:AE54) -> 0 | AL55: TOTAL | AM55: =SUM(AH54:AM54) -> 0
B56: Dezembro | J56: Dezembro | Y56: =J56 -> Dezembro | AG56: =Y56 -> Dezembro
A57: KM (Rodados) | B57: 1ª Leitura | C57: 2ª Leitura | D57: 3ª Leitura | E57: 4ª Leitura | F57: 15 dias Rodados | G57: 30 dias Rodados | H57: Total Mensal | J57: DATA | K57: 45993 | L57: 45995 | M57: 45997 | N57: 46000 | Y57: DATA | AG57: DATA
B58: 21513 | C58: 22771 | D58: 22771 | E58: 25621 | F58: =SUM(C58-B58) -> 1258 | G58: =SUM(E58-D58) -> 2850 | H58: =SUM(F58:G58) -> 4108 | J58: VALOR | K58: 221.79 | L58: 206.5 | M58: 168.76 | N58: 135.41 | Y58: VALOR | AG58: VALOR
T59: TOTAL | U59: =SUM(K58:U58) -> 732.46 | AD59: TOTAL | AE59: =SUM(Z58:AE58) -> 0 | AL59: TOTAL | AM59: =SUM(AH58:AM58) -> 0
A60: 2026 | B60: Janeiro | J60: Janeiro | W60: Janeiro | AE60: Janeiro
A61: KM (Rodados) | B61: 1ª Leitura | C61: 2ª Leitura | D61: 3ª Leitura | E61: 4ª Leitura | F61: 15 dias Rodados | G61: 30 dias Rodados | H61: Total Mensal | J61: DATA | W61: DATA | AE61: DATA
B62: 25621 | E62: 27400 | F62: =SUM(C62-B62) -> -25621 | G62: =SUM(E62-D62) -> 27400 | H62: =SUM(F62:G62) -> 1779 | J62: VALOR | W62: VALOR | AE62: VALOR
T63: TOTAL | U63: =SUM(K62:U62) -> 0 | AB63: TOTAL | AC63: =SUM(X62:AC62) -> 0 | AJ63: TOTAL | AK63: =SUM(AF62:AK62) -> 0
B64: Fevereiro | J64: Fevereiro | W64: Fevereiro | AE64: Fevereiro
A65: KM (Rodados) | B65: 1ª Leitura | C65: 2ª Leitura | D65: 3ª Leitura | E65: 4ª Leitura | F65: 15 dias Rodados | G65: 30 dias Rodados | H65: Total Mensal | J65: DATA | W65: DATA | AE65: DATA
B66: 27400 | E66: 29232 | F66: =SUM(C66-B66) -> -27400 | G66: =SUM(E66-D66) -> 29232 | H66: =SUM(F66:G66) -> 1832 | J66: VALOR | W66: VALOR | AE66: VALOR
T67: TOTAL | U67: =SUM(K66:U66) -> 0 | AB67: TOTAL | AC67: =SUM(X66:AC66) -> 0 | AJ67: TOTAL | AK67: =SUM(AF66:AK66) -> 0
B68: Março | J68: Março | W68: =J68 -> Março | AE68: =W68 -> Março
A69: KM (Rodados) | B69: 1ª Leitura | C69: 2ª Leitura | D69: 3ª Leitura | E69: 4ª Leitura | F69: 15 dias Rodados | G69: 30 dias Rodados | H69: Total Mensal | J69: DATA | K69: 46088 | L69: 46093 | M69: 46100 | N69: 46108 | W69: DATA | AE69: DATA
B70: 29232 | E70: 30999 | F70: =SUM(C70-B70) -> -29232 | G70: =SUM(E70-D70) -> 30999 | H70: =SUM(F70:G70) -> 1767 | J70: VALOR | K70: 267.6 | L70: 218.85 | M70: 291.81 | N70: 237.31 | W70: VALOR | AE70: VALOR
T71: TOTAL | U71: =SUM(K70:U70) -> 1015.57 | AB71: TOTAL | AC71: =SUM(X70:AC70) -> 0 | AJ71: TOTAL | AK71: =SUM(AF70:AK70) -> 0
B72: Abril | J72: Abril | W72: =J72 -> Abril | AE72: =W72 -> Abril
A73: KM (Rodados) | B73: 1ª Leitura | C73: 2ª Leitura | D73: 3ª Leitura | E73: 4ª Leitura | F73: 15 dias Rodados | G73: 30 dias Rodados | H73: Total Mensal | J73: DATA | W73: DATA | AE73: DATA
F74: =SUM(C74-B74) -> 0 | G74: =SUM(E74-D74) -> 0 | H74: =SUM(F74:G74) -> 0 | J74: VALOR | W74: VALOR | AE74: VALOR
T75: TOTAL | U75: =SUM(K74:U74) -> 0 | AB75: TOTAL | AC75: =SUM(X74:AC74) -> 0 | AJ75: TOTAL | AK75: =SUM(AF74:AK74) -> 0
B76: Maio | J76: Maio | W76: =J76 -> Maio | AE76: =W76 -> Maio
A77: KM (Rodados) | B77: 1ª Leitura | C77: 2ª Leitura | D77: 3ª Leitura | E77: 4ª Leitura | F77: 15 dias Rodados | G77: 30 dias Rodados | H77: Total Mensal | J77: DATA | W77: DATA | AE77: DATA
F78: =SUM(C78-B78) -> 0 | G78: =SUM(E78-D78) -> 0 | H78: =SUM(F78:G78) -> 0 | J78: VALOR | W78: VALOR | AE78: VALOR
T79: TOTAL | U79: =SUM(K78:U78) -> 0 | AB79: TOTAL | AC79: =SUM(X78:AC78) -> 0 | AJ79: TOTAL | AK79: =SUM(AF78:AK78) -> 0
B80: Junho | J80: Junho | W80: =J80 -> Junho | AE80: =W80 -> Junho
A81: KM (Rodados) | B81: 1ª Leitura | C81: 2ª Leitura | D81: 3ª Leitura | E81: 4ª Leitura | F81: 15 dias Rodados | G81: 30 dias Rodados | H81: Total Mensal | J81: DATA | W81: DATA | AE81: DATA
F82: =SUM(C82-B82) -> 0 | G82: =SUM(E82-D82) -> 0 | H82: =SUM(F82:G82) -> 0 | J82: VALOR | W82: VALOR | AE82: VALOR
T83: TOTAL | U83: =SUM(K82:U82) -> 0 | AB83: TOTAL | AC83: =SUM(X82:AC82) -> 0 | AJ83: TOTAL | AK83: =SUM(AF82:AK82) -> 0
B84: Julho | J84: Julho | W84: =J84 -> Julho | AE84: =W84 -> Julho
A85: KM (Rodados) | B85: 1ª Leitura | C85: 2ª Leitura | D85: 3ª Leitura | E85: 4ª Leitura | F85: 15 dias Rodados | G85: 30 dias Rodados | H85: Total Mensal | J85: DATA | W85: DATA | AE85: DATA
F86: =SUM(C86-B86) -> 0 | G86: =SUM(E86-D86) -> 0 | H86: =SUM(F86:G86) -> 0 | J86: VALOR | W86: VALOR | AE86: VALOR
T87: TOTAL | U87: =SUM(K86:U86) -> 0 | AB87: TOTAL | AC87: =SUM(X86:AC86) -> 0 | AJ87: TOTAL | AK87: =SUM(AF86:AK86) -> 0

Sheet Francisco de Morais-Desmob
B1: GESTÃO DE FROTAS
B2: CONTROLE DE QUILOMETRAGEM, ABASTECIMENTOS, LAVAGENS E SERVIÇOS DE BORRACHARIA
A4: Veiculo: | B4: RENEGADE | D4: Placa: | E4: RPL1J22 | G4: KM | H4: 4500
A5: Substituição: | B5: 45675 | D5: Placa: | E5: SWD0G64 | G5: Modelo: | H5: T-Cross
A7: Contrato Locação: | B7: 3792.09 | D7: Rastreador: | E7: 45 | G7: Data mob.: | H7: 45543 | I7: Data Desmob.: | J7: 46102
A9: Mudou de condutor em 01/04/2025, antes era do Acácio após ficou com o Francisco Junior
A10: REGISTRO DE KM | J10: ABASTECIMENTO | W10: LAVA JATO | AE10: BORRACHARIA
B12: Janeiro | J12: Janeiro | W12: Janeiro | AE12: Janeiro
A13: KM (Rodados) | B13: 1ª Leitura | C13: 2ª Leitura | D13: 3ª Leitura | E13: 4ª Leitura | F13: 15 dias Rodados | G13: 30 dias Rodados | H13: Total Mensal | J13: DATA | W13: DATA | AE13: DATA
F14: =SUM(C14-B14) -> 0 | G14: =SUM(E14-D14) -> 0 | H14: =SUM(F14:G14) -> 0 | J14: VALOR | W14: VALOR | AE14: VALOR
T15: TOTAL | U15: =SUM(K14:U14) -> 0 | AB15: TOTAL | AC15: =SUM(X14:AC14) -> 0 | AJ15: TOTAL | AK15: =SUM(AF14:AK14) -> 0
B16: Fevereiro | J16: Fevereiro | W16: Fevereiro | AE16: Fevereiro
A17: KM (Rodados) | B17: 1ª Leitura | C17: 2ª Leitura | D17: 3ª Leitura | E17: 4ª Leitura | F17: 15 dias Rodados | G17: 30 dias Rodados | H17: Total Mensal | J17: DATA | W17: DATA | AE17: DATA
F18: =SUM(C18-B18) -> 0 | G18: =SUM(E18-D18) -> 0 | H18: =SUM(F18:G18) -> 0 | J18: VALOR | W18: VALOR | AE18: VALOR
T19: TOTAL | U19: =SUM(K18:U18) -> 0 | AB19: TOTAL | AC19: =SUM(X18:AC18) -> 0 | AJ19: TOTAL | AK19: =SUM(AF18:AK18) -> 0
B20: Março | J20: Março | W20: =J20 -> Março | AE20: =W20 -> Março
A21: KM (Rodados) | B21: 1ª Leitura | C21: 2ª Leitura | D21: 3ª Leitura | E21: 4ª Leitura | F21: 15 dias Rodados | G21: 30 dias Rodados | H21: Total Mensal | J21: DATA | W21: DATA | AE21: DATA
F22: =SUM(C22-B22) -> 0 | G22: =SUM(E22-D22) -> 0 | H22: =SUM(F22:G22) -> 0 | J22: VALOR | W22: VALOR | AE22: VALOR
T23: TOTAL | U23: =SUM(K22:U22) -> 0 | AB23: TOTAL | AC23: =SUM(X22:AC22) -> 0 | AJ23: TOTAL | AK23: =SUM(AF22:AK22) -> 0
B24: Abril | J24: Abril | W24: =J24 -> Abril | AE24: =W24 -> Abril
A25: KM (Rodados) | B25: 1ª Leitura | C25: 2ª Leitura | D25: 3ª Leitura | E25: 4ª Leitura | F25: 15 dias Rodados | G25: 30 dias Rodados | H25: Total Mensal | J25: DATA | W25: DATA | AE25: DATA
F26: =SUM(C26-B26) -> 0 | G26: =SUM(E26-D26) -> 0 | H26: =SUM(F26:G26) -> 0 | J26: VALOR | W26: VALOR | AE26: VALOR
T27: TOTAL | U27: =SUM(K26:U26) -> 0 | AB27: TOTAL | AC27: =SUM(X26:AC26) -> 0 | AJ27: TOTAL | AK27: =SUM(AF26:AK26) -> 0
B28: Maio | J28: Maio | W28: =J28 -> Maio | AE28: =W28 -> Maio
A29: KM (Rodados) | B29: 1ª Leitura | C29: 2ª Leitura | D29: 3ª Leitura | E29: 4ª Leitura | F29: 15 dias Rodados | G29: 30 dias Rodados | H29: Total Mensal | J29: DATA | W29: DATA | AE29: DATA
F30: =SUM(C30-B30) -> 0 | G30: =SUM(E30-D30) -> 0 | H30: =SUM(F30:G30) -> 0 | J30: VALOR | W30: VALOR | AE30: VALOR
T31: TOTAL | U31: =SUM(K30:U30) -> 0 | AB31: TOTAL | AC31: =SUM(X30:AC30) -> 0 | AJ31: TOTAL | AK31: =SUM(AF30:AK30) -> 0
B32: Junho | J32: Junho | W32: =J32 -> Junho | AE32: =W32 -> Junho
A33: KM (Rodados) | B33: 1ª Leitura | C33: 2ª Leitura | D33: 3ª Leitura | E33: 4ª Leitura | F33: 15 dias Rodados | G33: 30 dias Rodados | H33: Total Mensal | J33: DATA | W33: DATA | AE33: DATA
F34: =SUM(C34-B34) -> 0 | G34: =SUM(E34-D34) -> 0 | H34: =SUM(F34:G34) -> 0 | J34: VALOR | W34: VALOR | AE34: VALOR
T35: TOTAL | U35: =SUM(K34:U34) -> 0 | AB35: TOTAL | AC35: =SUM(X34:AC34) -> 0 | AJ35: TOTAL | AK35: =SUM(AF34:AK34) -> 0
B36: Julho | J36: Julho | W36: =J36 -> Julho | AE36: =W36 -> Julho
A37: KM (Rodados) | B37: 1ª Leitura | C37: 2ª Leitura | D37: 3ª Leitura | E37: 4ª Leitura | F37: 15 dias Rodados | G37: 30 dias Rodados | H37: Total Mensal | J37: DATA | W37: DATA | AE37: DATA
F38: =SUM(C38-B38) -> 0 | G38: =SUM(E38-D38) -> 0 | H38: =SUM(F38:G38) -> 0 | J38: VALOR | W38: VALOR | AE38: VALOR
T39: TOTAL | U39: =SUM(K38:U38) -> 0 | AB39: TOTAL | AC39: =SUM(X38:AC38) -> 0 | AJ39: TOTAL | AK39: =SUM(AF38:AK38) -> 0
B40: Agosto | J40: Agosto | W40: =J40 -> Agosto | AE40: =W40 -> Agosto
A41: KM (Rodados) | B41: 1ª Leitura | C41: 2ª Leitura | D41: 3ª Leitura | E41: 4ª Leitura | F41: 15 dias Rodados | G41: 30 dias Rodados | H41: Total Mensal | J41: DATA | W41: DATA | AE41: DATA
F42: =SUM(C42-B42) -> 0 | G42: =SUM(E42-D42) -> 0 | H42: =SUM(F42:G42) -> 0 | J42: VALOR | W42: VALOR | AE42: VALOR
T43: TOTAL | U43: =SUM(K42:U42) -> 0 | AB43: TOTAL | AC43: =SUM(X42:AC42) -> 0 | AJ43: TOTAL | AK43: =SUM(AF42:AK42) -> 0
B44: Setembro | J44: Setembro | W44: =J44 -> Setembro | AE44: =W44 -> Setembro
A45: KM (Rodados) | B45: 1ª Leitura | C45: 2ª Leitura | D45: 3ª Leitura | E45: 4ª Leitura | F45: 15 dias Rodados | G45: 30 dias Rodados | H45: Total Mensal | J45: DATA | K45: 45545 | L45: 45547 | M45: 45552 | N45: 44823 | O45: 45556 | P45: 45559 | Q45: 45561 | W45: DATA | AE45: DATA
B46: 50255 | E46: 53175 | F46: =SUM(C46-B46) -> -50255 | G46: =SUM(E46-D46) -> 53175 | H46: =SUM(F46:G46) -> 2920 | J46: VALOR | K46: 323.5 | L46: 189.22 | M46: 303.35 | N46: 265.84 | O46: 247.36 | P46: 221.11 | Q46: 222.08 | W46: VALOR | AE46: VALOR
T47: TOTAL | U47: =SUM(K46:U46) -> 1772.46 | AB47: TOTAL | AC47: =SUM(X46:AC46) -> 0 | AJ47: TOTAL | AK47: =SUM(AF46:AK46) -> 0
B48: Outubro | J48: Outubro | W48: =J48 -> Outubro | AE48: =W48 -> Outubro
A49: KM (Rodados) | B49: 1ª Leitura | C49: 2ª Leitura | D49: 3ª Leitura | E49: 4ª Leitura | F49: 15 dias Rodados | G49: 30 dias Rodados | H49: Total Mensal | J49: DATA | K49: 45566 | L49: 45568 | M49: 45575 | N49: 45577 | O49: 45580 | P49: 45582 | Q49: 45584 | R49: 45587 | S49: 45589 | T49: 45591 | U49: 45594 | W49: DATA | AE49: DATA
B50: 53175 | E50: 59078 | F50: =SUM(C50-B50) -> -53175 | G50: =SUM(E50-D50) -> 59078 | H50: =SUM(F50:G50) -> 5903 | J50: VALOR | K50: 280.17 | L50: 297.7 | M50: 281.31 | N50: 260.91 | O50: 206.06 | P50: 233.28 | Q50: 166.33 | R50: 252.12 | S50: 146.77 | T50: 253.68 | U50: 284.87 | W50: VALOR | AE50: VALOR
T51: TOTAL | U51: =SUM(K50:U50) -> 2663.2 | AB51: TOTAL | AC51: =SUM(X50:AC50) -> 0 | AJ51: TOTAL | AK51: =SUM(AF50:AK50) -> 0
B52: Novembro | J52: Novembro | W52: =J52 -> Novembro | AE52: =W52 -> Novembro
A53: KM (Rodados) | B53: 1ª Leitura | C53: 2ª Leitura | D53: 3ª Leitura | E53: 4ª Leitura | F53: 15 dias Rodados | G53: 30 dias Rodados | H53: Total Mensal | J53: DATA | K53: 45598 | L53: 45601 | M53: 45603 | N53: 45605 | O53: 45615 | P53: 45626 | W53: DATA | AE53: DATA
D54: 61326 | E54: 63363 | F54: =SUM(C54-B54) -> 0 | G54: =SUM(E54-D54) -> 2037 | H54: =SUM(F54:G54) -> 2037 | J54: VALOR | K54: 266.51 | L54: 303.29 | M54: 287.09 | N54: 161.34 | O54: 218.41 | P54: 198.9 | W54: VALOR | AE54: VALOR
T55: TOTAL | U55: =SUM(K54:U54) -> 1435.54 | AB55: TOTAL | AC55: =SUM(X54:AC54) -> 0 | AJ55: TOTAL | AK55: =SUM(AF54:AK54) -> 0
B56: Dezembro | J56: Dezembro | W56: =J56 -> Dezembro | AE56: =W56 -> Dezembro
A57: KM (Rodados) | B57: 1ª Leitura | C57: 2ª Leitura | D57: 3ª Leitura | E57: 4ª Leitura | F57: 15 dias Rodados | G57: 30 dias Rodados | H57: Total Mensal | J57: DATA | K57: 45629 | L57: 45631 | M57: 45633 | N57: 45636 | O57: 45638 | P57: 45640 | Q57: 45645 | W57: DATA | AE57: DATA
B58: 63363 | C58: 64803 | D58: 64803 | E58: 67279 | F58: =SUM(C58-B58) -> 1440 | G58: =SUM(E58-D58) -> 2476 | H58: =SUM(F58:G58) -> 3916 | J58: VALOR | K58: 375.32 | L58: 198.02 | M58: 226.8 | N58: 146.04 | O58: 274.46 | P58: 199.57 | Q58: 325.1 | W58: VALOR | AE58: VALOR
A59: 18/01/2025 SWD0G64 | T59: TOTAL | U59: =SUM(K58:U58) -> 1745.31 | AB59: TOTAL | AC59: =SUM(X58:AC58) -> 0 | AJ59: TOTAL | AK59: =SUM(AF58:AK58) -> 0
B60: Janeiro | J60: Janeiro | W60: =J60 -> Janeiro | AE60: =W60 -> Janeiro
A61: KM (Rodados) | B61: 1ª Leitura | C61: 2ª Leitura | D61: 3ª Leitura | E61: 4ª Leitura | F61: 15 dias Rodados | G61: 30 dias Rodados | H61: Total Mensal | J61: DATA | K61: 45664 | L61: 45666 | M61: 45668 | N61: 45671 | O61: 45673 | P61: 45675 | Q61: 45678 | R61: 45680 | S61: 45682 | T61: 45685 | U61: 45687 | W61: DATA | X61: 45668 | Y61: 45682 | AE61: DATA
B62: 67279 | C62: 70859 | D62: 11582 | E62: 13819 | F62: =SUM(C62-B62) -> 3580 | G62: =SUM(E62-D62) -> 2237 | H62: =SUM(F62:G62) -> 5817 | J62: VALOR | K62: 290.13 | L62: 310 | M62: 291.67 | N62: 235.34 | O62: 284.62 | P62: 221.23 | Q62: 273.11 | R62: 225.12 | S62: 235.56 | T62: 187.57 | U62: 306.5 | W62: VALOR | X62: 45 | Y62: 45 | AE62: VALOR
T63: TOTAL | U63: =SUM(K62:U62) -> 2860.85 | AB63: TOTAL | AC63: =SUM(X62:AC62) -> 90 | AJ63: TOTAL | AK63: =SUM(AF62:AK62) -> 0
B64: Fevereiro | J64: Fevereiro | W64: =J64 -> Fevereiro | AE64: =W64 -> Fevereiro
A65: KM (Rodados) | B65: 1ª Leitura | C65: 2ª Leitura | D65: 3ª Leitura | E65: 4ª Leitura | F65: 15 dias Rodados | G65: 30 dias Rodados | H65: Total Mensal | J65: DATA | W65: DATA | X65: 45710 | AE65: DATA
B66: 13819 | C66: 15907 | D66: 15907 | E66: 17355 | F66: =SUM(C66-B66) -> 2088 | G66: =SUM(E66-D66) -> 1448 | H66: =SUM(F66:G66) -> 3536 | J66: VALOR | W66: VALOR | X66: 45 | AE66: VALOR
T67: TOTAL | U67: =SUM(K66:U66) -> 0 | AB67: TOTAL | AC67: =SUM(X66:AC66) -> 45 | AJ67: TOTAL | AK67: =SUM(AF66:AK66) -> 0
B68: Março | J68: Março | W68: =J68 -> Março | AE68: =W68 -> Março
A69: KM (Rodados) | B69: 1ª Leitura | C69: 2ª Leitura | D69: 3ª Leitura | E69: 4ª Leitura | F69: 15 dias Rodados | G69: 30 dias Rodados | H69: Total Mensal | J69: DATA | K69: 45720 | L69: 45722 | M69: 45727 | N69: 45729 | O69: 45731 | P69: 45734 | Q69: 45736 | R69: 45738 | S69: 45741 | T69: 45743 | U69: 45745 | W69: DATA | X69: 45724 | Y69: 45745 | AE69: DATA
B70: 17355 | C70: 18802 | D70: 18802 | E70: 20647 | F70: =SUM(C70-B70) -> 1447 | G70: =SUM(E70-D70) -> 1845 | H70: =SUM(F70:G70) -> 3292 | J70: VALOR | K70: 209.27 | L70: 222.48 | M70: 269.89 | N70: 187.76 | O70: 223.48 | P70: 232.04 | Q70: 205.43 | R70: 200.78 | S70: 205.22 | T70: 187.38 | U70: 144.38 | W70: VALOR | X70: 45 | Y70: 45 | AE70: VALOR
T71: TOTAL | U71: =SUM(K70:U70) -> 2288.11 | AB71: TOTAL | AC71: =SUM(X70:AC70) -> 90 | AJ71: TOTAL | AK71: =SUM(AF70:AK70) -> 0
B72: Abril | J72: Abril | W72: =J72 -> Abril | AE72: =W72 -> Abril
A73: KM (Rodados) | B73: 1ª Leitura | C73: 2ª Leitura | D73: 3ª Leitura | E73: 4ª Leitura | F73: 15 dias Rodados | G73: 30 dias Rodados | H73: Total Mensal | J73: DATA | K73: 45748 | L73: 45750 | M73: 45752 | N73: 45757 | O73: 45759 | P73: 45762 | Q73: 45766 | R73: 45771 | S73: 45773 | W73: DATA | AE73: DATA
B74: 20647 | C74: 22214 | D74: 22214 | E74: 23390 | F74: =SUM(C74-B74) -> 1567 | G74: =SUM(E74-D74) -> 1176 | H74: =SUM(F74:G74) -> 2743 | J74: VALOR | K74: 235.64 | L74: 186.25 | M74: 140.08 | N74: 236.86 | O74: 161.84 | P74: 137.32 | Q74: 232.48 | R74: 259.4 | S74: 156.13 | W74: VALOR | AE74: VALOR
T75: TOTAL | U75: =SUM(K74:V74) -> 1746 | AB75: TOTAL | AC75: =SUM(X74:AC74) -> 0 | AJ75: TOTAL | AK75: =SUM(AF74:AK74) -> 0
B76: Maio | J76: Maio | W76: =J76 -> Maio | AE76: =W76 -> Maio
A77: KM (Rodados) | B77: 1ª Leitura | C77: 2ª Leitura | D77: 3ª Leitura | E77: 4ª Leitura | F77: 15 dias Rodados | G77: 30 dias Rodados | H77: Total Mensal | J77: DATA | K77: 45778 | L77: 45783 | M77: 45787 | N77: 45792 | O77: 45797 | P77: 45801 | Q77: 45803 | R77: 45808 | W77: DATA | AE77: DATA
B78: 23390 | C78: 24446 | D78: 24446 | E78: 25666 | F78: =SUM(C78-B78) -> 1056 | G78: =SUM(E78-D78) -> 1220 | H78: =SUM(F78:G78) -> 2276 | J78: VALOR | K78: 198.06 | L78: 183.52 | M78: 187.01 | N78: 189.45 | O78: 185.05 | P78: 208.3 | Q78: 172.86 | R78: 156.29 | W78: VALOR | AE78: VALOR
T79: TOTAL | U79: =SUM(K78:V78) -> 1480.54 | AB79: TOTAL | AC79: =SUM(X78:AC78) -> 0 | AJ79: TOTAL | AK79: =SUM(AF78:AK78) -> 0
B80: Junho | J80: Junho | W80: =J80 -> Junho | AE80: =W80 -> Junho
A81: KM (Rodados) | B81: 1ª Leitura | C81: 2ª Leitura | D81: 3ª Leitura | E81: 4ª Leitura | F81: 15 dias Rodados | G81: 30 dias Rodados | H81: Total Mensal | J81: DATA | K81: 45813 | L81: 45818 | M81: 45836 | W81: DATA | AE81: DATA
B82: 25666 | C82: 26330 | D82: 26330 | E82: 26693 | F82: =SUM(C82-B82) -> 664 | G82: =SUM(E82-D82) -> 363 | H82: =SUM(F82:G82) -> 1027 | J82: VALOR | K82: 181.9 | L82: 165.41 | M82: 171.32 | W82: VALOR | AE82: VALOR
T83: TOTAL | U83: =SUM(K82:V82) -> 518.63 | AB83: TOTAL | AC83: =SUM(X82:AC82) -> 0 | AJ83: TOTAL | AK83: =SUM(AF82:AK82) -> 0
B84: Julho | J84: Julho | W84: =J84 -> Julho | AE84: =W84 -> Julho
A85: KM (Rodados) | B85: 1ª Leitura | C85: 2ª Leitura | D85: 3ª Leitura | E85: 4ª Leitura | F85: 15 dias Rodados | G85: 30 dias Rodados | H85: Total Mensal | J85: DATA | K85: 45841 | L85: 45846 | M85: 45850 | N85: 45853 | O85: 45857 | P85: 45860 | Q85: 45864 | R85: 45867 | W85: DATA | AE85: DATA
B86: 26693 | C86: 27843 | D86: 27843 | E86: 29413 | F86: =SUM(C86-B86) -> 1150 | G86: =SUM(E86-D86) -> 1570 | H86: =SUM(F86:G86) -> 2720 | J86: VALOR | K86: 171.29 | L86: 160.59 | M86: 176.67 | N86: 160.34 | O86: 222.81 | P86: 152.28 | Q86: 241.04 | R86: 150 | W86: VALOR | AE86: VALOR
T87: TOTAL | U87: =SUM(K86:V86) -> 1435.02 | AB87: TOTAL | AC87: =SUM(X86:AC86) -> 0 | AJ87: TOTAL | AK87: =SUM(AF86:AK86) -> 0
B88: Agosto | J88: Agosto | W88: =J88 -> Agosto | AE88: =W88 -> Agosto
A89: KM (Rodados) | B89: 1ª Leitura | C89: 2ª Leitura | D89: 3ª Leitura | E89: 4ª Leitura | F89: 15 dias Rodados | G89: 30 dias Rodados | H89: Total Mensal | J89: DATA | K89: 45871 | L89: 45874 | M89: 45888 | N89: 45892 | O89: 45895 | P89: 45897 | W89: DATA | AE89: DATA
B90: 29413 | C90: 30184 | D90: 30184 | E90: 31353 | F90: =SUM(C90-B90) -> 771 | G90: =SUM(E90-D90) -> 1169 | H90: =SUM(F90:G90) -> 1940 | J90: VALOR | K90: 203.53 | L90: 162.39 | M90: 175.05 | N90: 133.04 | O90: 205.04 | P90: 152.48 | W90: VALOR | AE90: VALOR
T91: TOTAL | U91: =SUM(K90:U90) -> 1031.53 | AB91: TOTAL | AC91: =SUM(X90:AC90) -> 0 | AJ91: TOTAL | AK91: =SUM(AF90:AK90) -> 0
B92: Setembro | J92: Setembro | W92: =J92 -> Setembro | AE92: =W92 -> Setembro
A93: KM (Rodados) | B93: 1ª Leitura | C93: 2ª Leitura | D93: 3ª Leitura | E93: 4ª Leitura | F93: 15 dias Rodados | G93: 30 dias Rodados | H93: Total Mensal | J93: DATA | K93: 45902 | L93: 45904 | M93: 45906 | N93: 45909 | O93: 45913 | P93: 45916 | Q93: 45920 | R93: 45923 | S93: 45927 | T93: 45930 | W93: DATA | AE93: DATA
B94: 31353 | C94: 32800 | D94: 32800 | E94: 34192 | F94: =SUM(C94-B94) -> 1447 | G94: =SUM(E94-D94) -> 1392 | H94: =SUM(F94:G94) -> 2839 | J94: VALOR | K94: 210.7 | L94: 145.02 | M94: 150.08 | N94: 127.08 | O94: 205.04 | P94: 150.07 | Q94: 215.03 | R94: 172.35 | S94: 202.41 | T94: 140.07 | W94: VALOR | AE94: VALOR
T95: TOTAL | U95: =SUM(K94:U94) -> 1717.85 | AB95: TOTAL | AC95: =SUM(X94:AC94) -> 0 | AJ95: TOTAL | AK95: =SUM(AF94:AK94) -> 0
B96: Outubro | J96: Outubro | W96: =J96 -> Outubro | AE96: =W96 -> Outubro
A97: KM (Rodados) | B97: 1ª Leitura | C97: 2ª Leitura | D97: 3ª Leitura | E97: 4ª Leitura | F97: 15 dias Rodados | G97: 30 dias Rodados | H97: Total Mensal | J97: DATA | K97: 45946 | L97: 45948 | M97: 45951 | N97: 45955 | O97: 45958 | P97: 45960 | W97: DATA | AE97: DATA
B98: 34192 | C98: 34498 | D98: 34498 | E98: 36149 | F98: =SUM(C98-B98) -> 306 | G98: =SUM(E98-D98) -> 1651 | H98: =SUM(F98:G98) -> 1957 | J98: VALOR | K98: 209.77 | L98: 160.01 | M98: 165.67 | N98: 160.01 | O98: 214.74 | P98: 120.7 | W98: VALOR | AE98: VALOR
T99: TOTAL | U99: =SUM(K98:U98) -> 1030.9 | AB99: TOTAL | AC99: =SUM(X98:AC98) -> 0 | AJ99: TOTAL | AK99: =SUM(AF98:AK98) -> 0
B100: Novembro | J100: Novembro | W100: =J100 -> Novembro | AE100: =W100 -> Novembro
A101: KM (Rodados) | B101: 1ª Leitura | C101: 2ª Leitura | D101: 3ª Leitura | E101: 4ª Leitura | F101: 15 dias Rodados | G101: 30 dias Rodados | H101: Total Mensal | J101: DATA | K101: 45962 | L101: 45965 | M101: 45969 | N101: 45972 | O101: 45974 | P101: 45979 | Q101: 45981 | R101: 45983 | S101: 45986 | T101: 45988 | U101: 45990 | W101: DATA | AE101: DATA
B102: 36149 | C102: 37642 | D102: 37642 | E102: 39362 | F102: =SUM(C102-B102) -> 1493 | G102: =SUM(E102-D102) -> 1720 | H102: =SUM(F102:G102) -> 3213 | J102: VALOR | K102: 200.08 | L102: 151.34 | M102: 160.33 | N102: 204.61 | O102: 142.59 | P102: 263.11 | Q102: 140.14 | R102: 170.01 | S102: 145.04 | T102: 145.11 | U102: 162.4 | W102: VALOR | AE102: VALOR
T103: TOTAL | U103: =SUM(K102:U102) -> 1884.76 | AB103: TOTAL | AC103: =SUM(X102:AC102) -> 0 | AJ103: TOTAL | AK103: =SUM(AF102:AK102) -> 0
B104: Dezembro | J104: Dezembro | W104: =J104 -> Dezembro | AE104: =W104 -> Dezembro
...

Sheet Roniere-Desmob
B1: GESTÃO DE FROTAS
B2: CONTROLE DE QUILOMETRAGEM, ABASTECIMENTOS, LAVAGENS E SERVIÇOS DE BORRACHARIA
A4: Veiculo: | B4: RENEGADE | D4: Placa: | E4: RDJ8D33 | G4: KM | H4: 5000
A5: Substituição: | B5: 45640 | D5: Placa: | E5: TJR5F89
A6: Contrato Locação: | B6: 3967.66 | D6: Rastreador: | E6: 45 | G6: Data mob.: | H6: 45516 | I6: Data Desmob.: | J6: 46066
A9: REGISTRO DE KM | J9: ABASTECIMENTO | W9: LAVA JATO | AE9: BORRACHARIA
B11: Janeiro | J11: Janeiro | W11: Janeiro | AE11: Janeiro
A12: KM (Rodados) | B12: 1ª Leitura | C12: 2ª Leitura | D12: 3ª Leitura | E12: 4ª Leitura | F12: 15 dias Rodados | G12: 30 dias Rodados | H12: Total Mensal | J12: DATA | W12: DATA | AE12: DATA
F13: =SUM(C13-B13) -> 0 | G13: =SUM(E13-D13) -> 0 | H13: =SUM(F13:G13) -> 0 | J13: VALOR | W13: VALOR | AE13: VALOR
T14: TOTAL | U14: =SUM(K13:U13) -> 0 | AB14: TOTAL | AC14: =SUM(X13:AC13) -> 0 | AJ14: TOTAL | AK14: =SUM(AF13:AK13) -> 0
B15: Fevereiro | J15: Fevereiro | W15: Fevereiro | AE15: Fevereiro
A16: KM (Rodados) | B16: 1ª Leitura | C16: 2ª Leitura | D16: 3ª Leitura | E16: 4ª Leitura | F16: 15 dias Rodados | G16: 30 dias Rodados | H16: Total Mensal | J16: DATA | W16: DATA | AE16: DATA
F17: =SUM(C17-B17) -> 0 | G17: =SUM(E17-D17) -> 0 | H17: =SUM(F17:G17) -> 0 | J17: VALOR | W17: VALOR | AE17: VALOR
T18: TOTAL | U18: =SUM(K17:U17) -> 0 | AB18: TOTAL | AC18: =SUM(X17:AC17) -> 0 | AJ18: TOTAL | AK18: =SUM(AF17:AK17) -> 0
B19: Março | J19: Março | W19: =J19 -> Março | AE19: =W19 -> Março
A20: KM (Rodados) | B20: 1ª Leitura | C20: 2ª Leitura | D20: 3ª Leitura | E20: 4ª Leitura | F20: 15 dias Rodados | G20: 30 dias Rodados | H20: Total Mensal | J20: DATA | W20: DATA | AE20: DATA
F21: =SUM(C21-B21) -> 0 | G21: =SUM(E21-D21) -> 0 | H21: =SUM(F21:G21) -> 0 | J21: VALOR | W21: VALOR | AE21: VALOR
T22: TOTAL | U22: =SUM(K21:U21) -> 0 | AB22: TOTAL | AC22: =SUM(X21:AC21) -> 0 | AJ22: TOTAL | AK22: =SUM(AF21:AK21) -> 0
B23: Abril | J23: Abril | W23: =J23 -> Abril | AE23: =W23 -> Abril
A24: KM (Rodados) | B24: 1ª Leitura | C24: 2ª Leitura | D24: 3ª Leitura | E24: 4ª Leitura | F24: 15 dias Rodados | G24: 30 dias Rodados | H24: Total Mensal | J24: DATA | W24: DATA | AE24: DATA
F25: =SUM(C25-B25) -> 0 | G25: =SUM(E25-D25) -> 0 | H25: =SUM(F25:G25) -> 0 | J25: VALOR | W25: VALOR | AE25: VALOR
T26: TOTAL | U26: =SUM(K25:U25) -> 0 | AB26: TOTAL | AC26: =SUM(X25:AC25) -> 0 | AJ26: TOTAL | AK26: =SUM(AF25:AK25) -> 0
B27: Maio | J27: Maio | W27: =J27 -> Maio | AE27: =W27 -> Maio
A28: KM (Rodados) | B28: 1ª Leitura | C28: 2ª Leitura | D28: 3ª Leitura | E28: 4ª Leitura | F28: 15 dias Rodados | G28: 30 dias Rodados | H28: Total Mensal | J28: DATA | W28: DATA | AE28: DATA
F29: =SUM(C29-B29) -> 0 | G29: =SUM(E29-D29) -> 0 | H29: =SUM(F29:G29) -> 0 | J29: VALOR | W29: VALOR | AE29: VALOR
T30: TOTAL | U30: =SUM(K29:U29) -> 0 | AB30: TOTAL | AC30: =SUM(X29:AC29) -> 0 | AJ30: TOTAL | AK30: =SUM(AF29:AK29) -> 0
B31: Junho | J31: Junho | W31: =J31 -> Junho | AE31: =W31 -> Junho
A32: KM (Rodados) | B32: 1ª Leitura | C32: 2ª Leitura | D32: 3ª Leitura | E32: 4ª Leitura | F32: 15 dias Rodados | G32: 30 dias Rodados | H32: Total Mensal | J32: DATA | W32: DATA | AE32: DATA
F33: =SUM(C33-B33) -> 0 | G33: =SUM(E33-D33) -> 0 | H33: =SUM(F33:G33) -> 0 | J33: VALOR | W33: VALOR | AE33: VALOR
T34: TOTAL | U34: =SUM(K33:U33) -> 0 | AB34: TOTAL | AC34: =SUM(X33:AC33) -> 0 | AJ34: TOTAL | AK34: =SUM(AF33:AK33) -> 0
B35: Julho | J35: Julho | W35: =J35 -> Julho | AE35: =W35 -> Julho
A36: KM (Rodados) | B36: 1ª Leitura | C36: 2ª Leitura | D36: 3ª Leitura | E36: 4ª Leitura | F36: 15 dias Rodados | G36: 30 dias Rodados | H36: Total Mensal | J36: DATA | W36: DATA | AE36: DATA
F37: =SUM(C37-B37) -> 0 | G37: =SUM(E37-D37) -> 0 | H37: =SUM(F37:G37) -> 0 | J37: VALOR | W37: VALOR | AE37: VALOR
T38: TOTAL | U38: =SUM(K37:U37) -> 0 | AB38: TOTAL | AC38: =SUM(X37:AC37) -> 0 | AJ38: TOTAL | AK38: =SUM(AF37:AK37) -> 0
B39: Agosto | J39: Agosto | W39: =J39 -> Agosto | AE39: =W39 -> Agosto
A40: KM (Rodados) | B40: 1ª Leitura | C40: 2ª Leitura | D40: 3ª Leitura | E40: 4ª Leitura | F40: 15 dias Rodados | G40: 30 dias Rodados | H40: Total Mensal | J40: DATA | K40: 45516 | L40: 45525 | M40: 45528 | N40: 45532 | O40: 45534 | W40: DATA | AE40: DATA
B41: 33032 | E41: 34918 | F41: =SUM(C41-B41) -> -33032 | G41: =SUM(E41-D41) -> 34918 | H41: =SUM(F41:G41) -> 1886 | J41: VALOR | K41: 283.65 | L41: 289.61 | M41: 209.98 | N41: 321.21 | O41: 343.7 | W41: VALOR | AE41: VALOR
T42: TOTAL | U42: =SUM(K41:U41) -> 1448.15 | AB42: TOTAL | AC42: =SUM(X41:AC41) -> 0 | AJ42: TOTAL | AK42: =SUM(AF41:AK41) -> 0
B43: Setembro | J43: Setembro | W43: =J43 -> Setembro | AE43: =W43 -> Setembro
A44: KM (Rodados) | B44: 1ª Leitura | C44: 2ª Leitura | D44: 3ª Leitura | E44: 4ª Leitura | F44: 15 dias Rodados | G44: 30 dias Rodados | H44: Total Mensal | J44: DATA | K44: 45538 | L44: 45541 | M44: 45545 | N44: 45547 | O44: 45554 | P44: 45559 | Q44: 45561 | R44: 45563 | S44: 45565 | W44: DATA | AE44: DATA
B45: 34918 | E45: 37408 | F45: =SUM(C45-B45) -> -34918 | G45: =SUM(E45-D45) -> 37408 | H45: =SUM(F45:G45) -> 2490 | J45: VALOR | K45: 230.26 | L45: 215.15 | M45: 236.35 | N45: 171.24 | O45: 277.28 | P45: 232.73 | Q45: 183.5 | R45: 238.93 | S45: 108.19 | W45: VALOR | AE45: VALOR
T46: TOTAL | U46: =SUM(K45:U45) -> 1893.63 | AB46: TOTAL | AC46: =SUM(X45:AC45) -> 0 | AJ46: TOTAL | AK46: =SUM(AF45:AK45) -> 0
B47: Outubro | J47: Outubro | W47: =J47 -> Outubro | AE47: =W47 -> Outubro
A48: KM (Rodados) | B48: 1ª Leitura | C48: 2ª Leitura | D48: 3ª Leitura | E48: 4ª Leitura | F48: 15 dias Rodados | G48: 30 dias Rodados | H48: Total Mensal | J48: DATA | K48: 45568 | L48: 45573 | M48: 45575 | N48: 45577 | O48: 45580 | P48: 45584 | Q48: 45589 | R48: 45590 | S48: 45596 | T48: 45594 | W48: DATA | AE48: DATA
E49: 46899 | F49: =SUM(C49-B49) -> 0 | G49: =SUM(E49-D49) -> 46899 | H49: =SUM(F49:G49) -> 46899 | J49: VALOR | K49: 213.71 | L49: 269.15 | M49: 272.83 | N49: 307.2 | O49: 162.37 | P49: 300.74 | Q49: 241.64 | R49: 94.57 | S49: 229.78 | T49: 247.9 | W49: VALOR | AE49: VALOR
T50: TOTAL | U50: =SUM(K49:U49) -> 2339.89 | AB50: TOTAL | AC50: =SUM(X49:AC49) -> 0 | AJ50: TOTAL | AK50: =SUM(AF49:AK49) -> 0
B51: Novembro | J51: Novembro | W51: =J51 -> Novembro | AE51: =W51 -> Novembro
A52: KM (Rodados) | B52: 1ª Leitura | C52: 2ª Leitura | D52: 3ª Leitura | E52: 4ª Leitura | F52: 15 dias Rodados | G52: 30 dias Rodados | H52: Total Mensal | J52: DATA | K52: 45603 | L52: 45615 | M52: 45624 | W52: DATA | AE52: DATA
D53: 48258 | E53: 49310 | F53: =SUM(C53-B53) -> 0 | G53: =SUM(E53-D53) -> 1052 | H53: =SUM(F53:G53) -> 1052 | J53: VALOR | K53: 280.05 | L53: 288 | M53: 197.09 | W53: VALOR | AE53: VALOR
T54: TOTAL | U54: =SUM(K53:U53) -> 765.14 | AB54: TOTAL | AC54: =SUM(X53:AC53) -> 0 | AJ54: TOTAL | AK54: =SUM(AF53:AK53) -> 0
A55: 14/12/2024 TJR5F89 | B55: Dezembro | J55: Dezembro | W55: =J55 -> Dezembro | AE55: =W55 -> Dezembro
A56: KM (Rodados) | B56: 1ª Leitura | C56: 2ª Leitura | D56: 3ª Leitura | E56: 4ª Leitura | F56: 15 dias Rodados | G56: 30 dias Rodados | H56: Total Mensal | J56: DATA | K56: 45629 | L56: 45633 | M56: 45636 | N56: 45638 | O56: 45643 | P56: 45645 | W56: DATA | AE56: DATA
B57: 49321 | C57: 51319 | D57: 7323 | E57: 7323 | F57: =SUM(C57-B57) -> 1998 | G57: =SUM(E57-D57) -> 0 | H57: =SUM(F57:G57) -> 1998 | J57: VALOR | K57: 257.29 | L57: 278.53 | M57: 230.39 | N57: 167.01 | O57: 239.65 | P57: 258.24 | W57: VALOR | AE57: VALOR
T58: TOTAL | U58: =SUM(K57:U57) -> 1431.11 | AB58: TOTAL | AC58: =SUM(X57:AC57) -> 0 | AJ58: TOTAL | AK58: =SUM(AF57:AK57) -> 0
B59: Janeiro | J59: Janeiro | W59: =J59 -> Janeiro | AE59: =W59 -> Janeiro
A60: KM (Rodados) | B60: 1ª Leitura | C60: 2ª Leitura | D60: 3ª Leitura | E60: 4ª Leitura | F60: 15 dias Rodados | G60: 30 dias Rodados | H60: Total Mensal | J60: DATA | K60: 45664 | L60: 45668 | M60: 45673 | N60: 45675 | O60: 45680 | P60: 45682 | Q60: 45685 | W60: DATA | X60: 45668 | Y60: 45682 | AE60: DATA
B61: 12320 | C61: 13441 | D61: 13441 | E61: 15902 | F61: =SUM(C61-B61) -> 1121 | G61: =SUM(E61-D61) -> 2461 | H61: =SUM(F61:G61) -> 3582 | J61: VALOR | K61: 224.7 | L61: 292.04 | M61: 272.92 | N61: 272.79 | O61: 261.54 | P61: 174.22 | Q61: 187.82 | W61: VALOR | X61: 45 | Y61: 45 | AE61: VALOR
T62: TOTAL | U62: =SUM(K61:U61) -> 1686.03 | AB62: TOTAL | AC62: =SUM(X61:AC61) -> 90 | AJ62: TOTAL | AK62: =SUM(AF61:AK61) -> 0
B63: Fevereiro | J63: Fevereiro | W63: =J63 -> Fevereiro | AE63: =W63 -> Fevereiro
A64: KM (Rodados) | B64: 1ª Leitura | C64: 2ª Leitura | D64: 3ª Leitura | E64: 4ª Leitura | F64: 15 dias Rodados | G64: 30 dias Rodados | H64: Total Mensal | J64: DATA | K64: 45689 | L64: 45692 | M64: 45696 | N64: 45699 | O64: 45706 | P64: 45710 | Q64: 45713 | R64: 45715 | W64: DATA | X64: 45710 | AE64: DATA
B65: 15902 | C65: 17705 | D65: 17705 | E65: 19658 | F65: =SUM(C65-B65) -> 1803 | G65: =SUM(E65-D65) -> 1953 | H65: =SUM(F65:G65) -> 3756 | J65: VALOR | K65: 220.09 | L65: 264.43 | M65: 260.85 | N65: 227.32 | O65: 188.39 | P65: 210.09 | Q65: 264.56 | R65: 155.02 | W65: VALOR | X65: 45 | AE65: VALOR
T66: TOTAL | U66: =SUM(K65:U65) -> 1790.75 | AB66: TOTAL | AC66: =SUM(X65:AC65) -> 45 | AJ66: TOTAL | AK66: =SUM(AF65:AK65) -> 0
B67: Março | J67: Março | W67: =J67 -> Março | AE67: =W67 -> Março
A68: KM (Rodados) | B68: 1ª Leitura | C68: 2ª Leitura | D68: 3ª Leitura | E68: 4ª Leitura | F68: 15 dias Rodados | G68: 30 dias Rodados | H68: Total Mensal | J68: DATA | K68: 45724 | L68: 45729 | M68: 45731 | N68: 45736 | O68: 45738 | P68: 45741 | Q68: 45745 | W68: DATA | X68: 45728 | Y68: 45736 | AE68: DATA | AF68: 45736
B69: 19658 | C69: 21371 | D69: 21371 | E69: 23016 | F69: =SUM(C69-B69) -> 1713 | G69: =SUM(E69-D69) -> 1645 | H69: =SUM(F69:G69) -> 3358 | J69: VALOR | K69: 292.17 | L69: 241.03 | M69: 200.71 | N69: 279.84 | O69: 171.09 | P69: 157.5 | Q69: 224.24 | W69: VALOR | X69: 45 | Y69: 45 | AE69: VALOR | AF69: 40
T70: TOTAL | U70: =SUM(K69:V69) -> 1566.58 | AB70: TOTAL | AC70: =SUM(X69:AC69) -> 90 | AJ70: TOTAL | AK70: =SUM(AF69:AK69) -> 40
B71: Abril | J71: Abril | W71: =J71 -> Abril | AE71: =W71 -> Abril
A72: KM (Rodados) | B72: 1ª Leitura | C72: 2ª Leitura | D72: 3ª Leitura | E72: 4ª Leitura | F72: 15 dias Rodados | G72: 30 dias Rodados | H72: Total Mensal | J72: DATA | K72: 45750 | L72: 45752 | M72: 45755 | N72: 45757 | O72: 45762 | P72: 45766 | Q72: 45773 | W72: DATA | AE72: DATA
B73: 23016 | C73: 24605 | D73: 24605 | E73: 25759 | F73: =SUM(C73-B73) -> 1589 | G73: =SUM(E73-D73) -> 1154 | H73: =SUM(F73:G73) -> 2743 | J73: VALOR | K73: 266.63 | L73: 190.96 | M73: 181.68 | N73: 102.21 | O73: 286.29 | P73: 253.93 | Q73: 299.78 | W73: VALOR | AE73: VALOR
T74: TOTAL | U74: =SUM(K73:V73) -> 1581.48 | AB74: TOTAL | AC74: =SUM(X73:AC73) -> 0 | AJ74: TOTAL | AK74: =SUM(AF73:AK73) -> 0
B75: Maio | J75: Maio | W75: =J75 -> Maio | AE75: =W75 -> Maio
A76: KM (Rodados) | B76: 1ª Leitura | C76: 2ª Leitura | D76: 3ª Leitura | E76: 4ª Leitura | F76: 15 dias Rodados | G76: 30 dias Rodados | H76: Total Mensal | J76: DATA | K76: 45780 | L76: 45787 | M76: 45790 | N76: 45794 | O76: 45797 | P76: 45801 | Q76: 45804 | R76: 45806 | S76: 45808 | W76: DATA | AE76: DATA
B77: 25759 | C77: 26995 | D77: 26995 | E77: 28859 | F77: =SUM(C77-B77) -> 1236 | G77: =SUM(E77-D77) -> 1864 | H77: =SUM(F77:G77) -> 3100 | J77: VALOR | K77: 274.94 | L77: 296.22 | M77: 152.21 | N77: 207.62 | O77: 193.74 | P77: 201.57 | Q77: 221.01 | R77: 82.12 | S77: 276.11 | W77: VALOR | AE77: VALOR
T78: TOTAL | U78: =SUM(K77:V77) -> 1905.54 | AB78: TOTAL | AC78: =SUM(X77:AC77) -> 0 | AJ78: TOTAL | AK78: =SUM(AF77:AK77) -> 0
B79: Junho | J79: Junho | W79: =J79 -> Junho | AE79: =W79 -> Junho
A80: KM (Rodados) | B80: 1ª Leitura | C80: 2ª Leitura | D80: 3ª Leitura | E80: 4ª Leitura | F80: 15 dias Rodados | G80: 30 dias Rodados | H80: Total Mensal | J80: DATA | K80: 45811 | L80: 45813 | M80: 45815 | N80: 45819 | O80: 45822 | P80: 45825 | Q80: 45827 | R80: 45836 | W80: DATA | AE80: DATA
B81: 28859 | C81: 30585 | D81: 30585 | E81: 31721 | F81: =SUM(C81-B81) -> 1726 | G81: =SUM(E81-D81) -> 1136 | H81: =SUM(F81:G81) -> 2862 | J81: VALOR | K81: 173.07 | L81: 142.89 | M81: 62.05 | N81: 290.27 | O81: 151.86 | P81: 140.05 | Q81: 130.47 | R81: 218.62 | W81: VALOR | AE81: VALOR
T82: TOTAL | U82: =SUM(K81:V81) -> 1309.28 | AB82: TOTAL | AC82: =SUM(X81:AC81) -> 0 | AJ82: TOTAL | AK82: =SUM(AF81:AK81) -> 0
B83: Julho | J83: Julho | W83: =J83 -> Julho | AE83: =W83 -> Julho
A84: KM (Rodados) | B84: 1ª Leitura | C84: 2ª Leitura | D84: 3ª Leitura | E84: 4ª Leitura | F84: 15 dias Rodados | G84: 30 dias Rodados | H84: Total Mensal | J84: DATA | K84: 45841 | L84: 45848 | M84: 45853 | N84: 45855 | O84: 45859 | P84: 45862 | Q84: 45867 | R84: 45869 | W84: DATA | AE84: DATA
B85: 31721 | C85: 32976 | D85: 32976 | E85: 34612 | F85: =SUM(C85-B85) -> 1255 | G85: =SUM(E85-D85) -> 1636 | H85: =SUM(F85:G85) -> 2891 | J85: VALOR | K85: 190.71 | L85: 246.4 | M85: 261.43 | N85: 104.54 | O85: 224.66 | P85: 173.1 | Q85: 193.24 | R85: 235.87 | W85: VALOR | AE85: VALOR
T86: TOTAL | U86: =SUM(K85:V85) -> 1629.95 | AB86: TOTAL | AC86: =SUM(X85:AC85) -> 0 | AJ86: TOTAL | AK86: =SUM(AF85:AK85) -> 0
B87: Agosto | J87: Agosto | W87: =J87 -> Agosto | AE87: =W87 -> Agosto
A88: KM (Rodados) | B88: 1ª Leitura | C88: 2ª Leitura | D88: 3ª Leitura | E88: 4ª Leitura | F88: 15 dias Rodados | G88: 30 dias Rodados | H88: Total Mensal | J88: DATA | K88: 45874 | L88: 45883 | M88: 45885 | N88: 45890 | O88: 45895 | P88: 45897 | W88: DATA | AE88: DATA
B89: 34612 | C89: 35822 | D89: 35822 | E89: 37693 | F89: =SUM(C89-B89) -> 1210 | G89: =SUM(E89-D89) -> 1871 | H89: =SUM(F89:G89) -> 3081 | J89: VALOR | K89: 246.46 | L89: 244.12 | M89: 129.54 | N89: 231.69 | O89: 213.47 | P89: 215.03 | W89: VALOR | AE89: VALOR
T90: TOTAL | U90: =SUM(K89:U89) -> 1280.31 | AB90: TOTAL | AC90: =SUM(X89:AC89) -> 0 | AJ90: TOTAL | AK90: =SUM(AF89:AK89) -> 0
B91: Setembro | J91: Setembro | W91: =J91 -> Setembro | AE91: =W91 -> Setembro
A92: KM (Rodados) | B92: 1ª Leitura | C92: 2ª Leitura | D92: 3ª Leitura | E92: 4ª Leitura | F92: 15 dias Rodados | G92: 30 dias Rodados | H92: Total Mensal | J92: DATA | K92: 45902 | L92: 45906 | M92: 45909 | N92: 45913 | O92: 45916 | P92: 45918 | Q92: 45920 | R92: 45923 | S92: 45927 | W92: DATA | AE92: DATA
B93: 37693 | C93: 39265 | D93: 39265 | E93: 41109 | F93: =SUM(C93-B93) -> 1572 | G93: =SUM(E93-D93) -> 1844 | H93: =SUM(F93:G93) -> 3416 | J93: VALOR | K93: 251.94 | L93: 192.1 | M93: 274.45 | N93: 285.71 | O93: 142.55 | P93: 131.29 | Q93: 102.09 | R93: 273.24 | S93: 193.73 | W93: VALOR | AE93: VALOR
T94: TOTAL | U94: =SUM(K93:U93) -> 1847.1 | AB94: TOTAL | AC94: =SUM(X93:AC93) -> 0 | AJ94: TOTAL | AK94: =SUM(AF93:AK93) -> 0
B95: Outubro | J95: Outubro | W95: =J95 -> Outubro | AE95: =W95 -> Outubro
A96: KM (Rodados) | B96: 1ª Leitura | C96: 2ª Leitura | D96: 3ª Leitura | E96: 4ª Leitura | F96: 15 dias Rodados | G96: 30 dias Rodados | H96: Total Mensal | J96: DATA | K96: 45932 | L96: 45939 | M96: 45944 | N96: 45946 | O96: 45948 | P96: 45951 | Q96: 45958 | W96: DATA | AE96: DATA
B97: 41109 | C97: 42332 | D97: 42332 | E97: 43940 | F97: =SUM(C97-B97) -> 1223 | G97: =SUM(E97-D97) -> 1608 | H97: =SUM(F97:G97) -> 2831 | J97: VALOR | K97: 262.04 | L97: 267.95 | M97: 270.15 | N97: 85.6 | O97: 160.08 | P97: 187.1 | Q97: 287.39 | W97: VALOR | AE97: VALOR
T98: TOTAL | U98: =SUM(K97:U97) -> 1520.31 | AB98: TOTAL | AC98: =SUM(X97:AC97) -> 0 | AJ98: TOTAL | AK98: =SUM(AF97:AK97) -> 0
B99: Novembro | J99: Novembro | W99: =J99 -> Novembro | AE99: =W99 -> Novembro
A100: KM (Rodados) | B100: 1ª Leitura | C100: 2ª Leitura | D100: 3ª Leitura | E100: 4ª Leitura | F100: 15 dias Rodados | G100: 30 dias Rodados | H100: Total Mensal | J100: DATA | K100: 45965 | L100: 45967 | M100: 45969 | N100: 45972 | O100: 45974 | P100: 45976 | Q100: 45979 | R100: 45981 | S100: 45986 | T100: 45990 | W100: DATA | AE100: DATA
B101: 43940 | C101: 46007 | D101: 46007 | E101: 48079 | F101: =SUM(C101-B101) -> 2067 | G101: =SUM(E101-D101) -> 2072 | H101: =SUM(F101:G101) -> 4139 | J101: VALOR | K101: 225.05 | L101: 106.61 | M101: 173.66 | N101: 281.16 | O101: 203.1 | P101: 79.19 | Q101: 299.58 | R101: 175.93 | S101: 150.2 | T101: 212.72 | W101: VALOR | AE101: VALOR
T102: TOTAL | U102: =SUM(K101:U101) -> 1907.2 | AB102: TOTAL | AC102: =SUM(X101:AC101) -> 0 | AJ102: TOTAL | AK102: =SUM(AF101:AK101) -> 0
B103: Dezembro | J103: Dezembro | W103: =J103 -> Dezembro | AE103: =W103 -> Dezembro
A104: KM (Rodados) | B104: 1ª Leitura | C104: 2ª Leitura | D104: 3ª Leitura | E104: 4ª Leitura | F104: 15 dias Rodados | G104: 30 dias Rodados | H104: Total Mensal | J104: DATA | K104: 45993 | L104: 45997 | M104: 46000 | N104: 46002 | O104: 46007 | P104: 46009 | W104: DATA | AE104: DATA
...

Sheet Jair - Desmob.
B1: GESTÃO DE FROTAS
B2: CONTROLE DE QUILOMETRAGEM, ABASTECIMENTOS, LAVAGENS E SERVIÇOS DE BORRACHARIA
A4: Veiculo: | B4: Onix | D4: Placa: | E4: RNK6B51 | G4: Medição:
A5: Troca de Categoria: | B5: 45773 | D5: Placa: | E5: SIS6B61 | G5: Modelo: | H5: T-Cross
A7: Contrato Locação: | B7: 3792.09 | D7: Rastreador: | E7: 45 | G7: Data mob.: | H7: 45731
A10: REGISTRO DE KM | J10: ABASTECIMENTO | W10: LAVA JATO | AE10: BORRACHARIA
B12: Janeiro | J12: Janeiro | W12: Janeiro | AE12: Janeiro
A13: KM (Rodados) | B13: 1ª Leitura | C13: 2ª Leitura | D13: 3ª Leitura | E13: 4ª Leitura | F13: 15 dias Rodados | G13: 30 dias Rodados | H13: Total Mensal | J13: DATA | W13: DATA | AE13: DATA
F14: =SUM(C14-B14) -> 0 | G14: =SUM(E14-D14) -> 0 | H14: =SUM(F14:G14) -> 0 | J14: VALOR | W14: VALOR | AE14: VALOR
T15: TOTAL | U15: =SUM(K14:U14) -> 0 | AB15: TOTAL | AC15: =SUM(X14:AC14) -> 0 | AJ15: TOTAL | AK15: =SUM(AF14:AK14) -> 0
B16: Fevereiro | J16: Fevereiro | W16: Fevereiro | AE16: Fevereiro
A17: KM (Rodados) | B17: 1ª Leitura | C17: 2ª Leitura | D17: 3ª Leitura | E17: 4ª Leitura | F17: 15 dias Rodados | G17: 30 dias Rodados | H17: Total Mensal | J17: DATA | W17: DATA | AE17: DATA
F18: =SUM(C18-B18) -> 0 | G18: =SUM(E18-D18) -> 0 | H18: =SUM(F18:G18) -> 0 | J18: VALOR | W18: VALOR | AE18: VALOR
T19: TOTAL | U19: =SUM(K18:U18) -> 0 | AB19: TOTAL | AC19: =SUM(X18:AC18) -> 0 | AJ19: TOTAL | AK19: =SUM(AF18:AK18) -> 0
B20: Março | J20: Março | W20: =J20 -> Março | AE20: =W20 -> Março
A21: KM (Rodados) | B21: 1ª Leitura | C21: 2ª Leitura | D21: 3ª Leitura | E21: 4ª Leitura | F21: 15 dias Rodados | G21: 30 dias Rodados | H21: Total Mensal | J21: DATA | K21: 45743 | W21: DATA | AE21: DATA | AF21: 45733
D22: 25245 | E22: 29473 | F22: =SUM(C22-B22) -> 0 | G22: =SUM(E22-D22) -> 4228 | H22: =SUM(F22:G22) -> 4228 | J22: VALOR | K22: 206.02 | W22: VALOR | AE22: VALOR | AF22: 35
T23: TOTAL | U23: =SUM(K22:U22) -> 206.02 | AB23: TOTAL | AC23: =SUM(X22:AC22) -> 0 | AJ23: TOTAL | AK23: =SUM(AF22:AK22) -> 35
B24: Abril | J24: Abril | W24: =J24 -> Abril | AE24: =W24 -> Abril
A25: KM (Rodados) | B25: 1ª Leitura | C25: 2ª Leitura | D25: 3ª Leitura | E25: 4ª Leitura | F25: 15 dias Rodados | G25: 30 dias Rodados | H25: Total Mensal | J25: DATA | K25: 45748 | L25: 45750 | M25: 45755 | N25: 45762 | O25: 45764 | P25: 45769 | Q25: 45771 | R25: 45773 | S25: 45775 | W25: DATA | AE25: DATA
B26: 29473 | C26: 30751 | D26: 30751 | E26: 31993 | F26: =SUM(C26-B26) -> 1278 | G26: =SUM(E26-D26) -> 1242 | H26: =SUM(F26:G26) -> 2520 | J26: VALOR | K26: 203.15 | L26: 100.2 | M26: 200.25 | N26: 236.64 | O26: 140.02 | P26: 145.05 | Q26: 116.36 | R26: 79.32 | S26: 268.52 | W26: VALOR | AE26: VALOR
T27: TOTAL | U27: =SUM(K26:U26) -> 1489.51 | AB27: TOTAL | AC27: =SUM(X26:AC26) -> 0 | AJ27: TOTAL | AK27: =SUM(AF26:AK26) -> 0
B28: Maio | J28: Maio | W28: =J28 -> Maio | AE28: =W28 -> Maio
A29: KM (Rodados) | B29: 1ª Leitura | C29: 2ª Leitura | D29: 3ª Leitura | E29: 4ª Leitura | F29: 15 dias Rodados | G29: 30 dias Rodados | H29: Total Mensal | J29: DATA | K29: 45778 | L29: 45783 | M29: 45790 | N29: 45794 | O29: 45799 | P29: 45801 | Q29: 45808 | W29: DATA | AE29: DATA
B30: 64030 | C30: 65702 | D30: 65702 | E30: 66927 | F30: =SUM(C30-B30) -> 1672 | G30: =SUM(E30-D30) -> 1225 | H30: =SUM(F30:G30) -> 2897 | J30: VALOR | K30: 228.97 | L30: 270.01 | M30: 241.2 | N30: 217.2 | O30: 260.18 | P30: 158.01 | Q30: 296.41 | W30: VALOR | AE30: VALOR
T31: TOTAL | U31: =SUM(K30:U30) -> 1671.98 | AB31: TOTAL | AC31: =SUM(X30:AC30) -> 0 | AJ31: TOTAL | AK31: =SUM(AF30:AK30) -> 0
B32: Junho | J32: Junho | W32: =J32 -> Junho | AE32: =W32 -> Junho
A33: KM (Rodados) | B33: 1ª Leitura | C33: 2ª Leitura | D33: 3ª Leitura | E33: 4ª Leitura | F33: 15 dias Rodados | G33: 30 dias Rodados | H33: Total Mensal | J33: DATA | K33: 45815 | L33: 45836 | W33: DATA | AE33: DATA
B34: 66927 | C34: 67524 | D34: 67524 | E34: 67815 | F34: =SUM(C34-B34) -> 597 | G34: =SUM(E34-D34) -> 291 | H34: =SUM(F34:G34) -> 888 | J34: VALOR | K34: 261.85 | L34: 252.8 | W34: VALOR | AE34: VALOR
T35: TOTAL | U35: =SUM(K34:U34) -> 514.65 | AB35: TOTAL | AC35: =SUM(X34:AC34) -> 0 | AJ35: TOTAL | AK35: =SUM(AF34:AK34) -> 0
B36: Julho | J36: Julho | W36: =J36 -> Julho | AE36: =W36 -> Julho
A37: KM (Rodados) | B37: 1ª Leitura | C37: 2ª Leitura | D37: 3ª Leitura | E37: 4ª Leitura | F37: 15 dias Rodados | G37: 30 dias Rodados | H37: Total Mensal | J37: DATA | K37: 45843 | L37: 45850 | M37: 45857 | N37: 45862 | O37: 45865 | P37: 45869 | W37: DATA | AE37: DATA
B38: 67815 | C38: 68755 | D38: 68755 | E38: 69989 | F38: =SUM(C38-B38) -> 940 | G38: =SUM(E38-D38) -> 1234 | H38: =SUM(F38:G38) -> 2174 | J38: VALOR | K38: 243.87 | L38: 241.96 | M38: 295.13 | N38: 239.31 | O38: 215.66 | P38: 206.54 | W38: VALOR | AE38: VALOR
T39: TOTAL | U39: =SUM(K38:U38) -> 1442.47 | AB39: TOTAL | AC39: =SUM(X38:AC38) -> 0 | AJ39: TOTAL | AK39: =SUM(AF38:AK38) -> 0
B40: Agosto | J40: Agosto | W40: =J40 -> Agosto | AE40: =W40 -> Agosto
A41: KM (Rodados) | B41: 1ª Leitura | C41: 2ª Leitura | D41: 3ª Leitura | E41: 4ª Leitura | F41: 15 dias Rodados | G41: 30 dias Rodados | H41: Total Mensal | J41: DATA | K41: 45883 | L41: 45888 | M41: 45890 | N41: 45892 | O41: 45895 | P41: 45899 | W41: DATA | AE41: DATA
B42: 69989 | C42: 71219 | D42: 71219 | E42: 72568 | F42: =SUM(C42-B42) -> 1230 | G42: =SUM(E42-D42) -> 1349 | H42: =SUM(F42:G42) -> 2579 | J42: VALOR | K42: 226.01 | L42: 155.17 | M42: 170.08 | N42: 192.88 | O42: 153.99 | P42: 197.22 | W42: VALOR | AE42: VALOR
T43: TOTAL | U43: =SUM(K42:U42) -> 1095.35 | AB43: TOTAL | AC43: =SUM(X42:AC42) -> 0 | AJ43: TOTAL | AK43: =SUM(AF42:AK42) -> 0
B44: Setembro | J44: Setembro | W44: =J44 -> Setembro | AE44: =W44 -> Setembro
A45: KM (Rodados) | B45: 1ª Leitura | C45: 2ª Leitura | D45: 3ª Leitura | E45: 4ª Leitura | F45: 15 dias Rodados | G45: 30 dias Rodados | H45: Total Mensal | J45: DATA | K45: 45902 | L45: 45906 | M45: 45909 | N45: 45913 | O45: 45918 | P45: 45923 | Q45: 45925 | W45: DATA | AE45: DATA
B46: 72568 | C46: 73743 | D46: 73743 | E46: 74548 | F46: =SUM(C46-B46) -> 1175 | G46: =SUM(E46-D46) -> 805 | H46: =SUM(F46:G46) -> 1980 | J46: VALOR | K46: 190.12 | L46: 194.06 | M46: 153.57 | N46: 198.06 | O46: 237.72 | P46: 172.53 | Q46: 83.07 | W46: VALOR | AE46: VALOR
T47: TOTAL | U47: =SUM(K46:U46) -> 1229.13 | AB47: TOTAL | AC47: =SUM(X46:AC46) -> 0 | AJ47: TOTAL | AK47: =SUM(AF46:AK46) -> 0
B48: Outubro | J48: Outubro | W48: =J48 -> Outubro | AE48: =W48 -> Outubro
A49: KM (Rodados) | B49: 1ª Leitura | C49: 2ª Leitura | D49: 3ª Leitura | E49: 4ª Leitura | F49: 15 dias Rodados | G49: 30 dias Rodados | H49: Total Mensal | J49: DATA | K49: 45932 | L49: 45934 | M49: 45937 | N49: 45953 | W49: DATA | AE49: DATA
B50: 74548 | C50: 75318 | D50: 75318 | E50: 76642 | F50: =SUM(C50-B50) -> 770 | G50: =SUM(E50-D50) -> 1324 | H50: =SUM(F50:G50) -> 2094 | J50: VALOR | K50: 263.04 | L50: 148 | M50: 170.01 | N50: 218.89 | W50: VALOR | AE50: VALOR
T51: TOTAL | U51: =SUM(K50:U50) -> 799.94 | AB51: TOTAL | AC51: =SUM(X50:AC50) -> 0 | AJ51: TOTAL | AK51: =SUM(AF50:AK50) -> 0
B52: Novembro | J52: Novembro | W52: =J52 -> Novembro | AE52: =W52 -> Novembro
A53: KM (Rodados) | B53: 1ª Leitura | C53: 2ª Leitura | D53: 3ª Leitura | E53: 4ª Leitura | F53: 15 dias Rodados | G53: 30 dias Rodados | H53: Total Mensal | J53: DATA | K53: 45962 | L53: 45965 | M53: 45969 | N53: 45972 | O53: 45976 | P53: 45986 | W53: DATA | AE53: DATA
B54: 76642 | C54: 77802 | D54: 77802 | E54: 78440 | F54: =SUM(C54-B54) -> 1160 | G54: =SUM(E54-D54) -> 638 | H54: =SUM(F54:G54) -> 1798 | J54: VALOR | K54: 234.93 | L54: 217.31 | M54: 245.93 | N54: 178.25 | O54: 180.01 | P54: 125.17 | W54: VALOR | AE54: VALOR
T55: TOTAL | U55: =SUM(K54:U54) -> 1181.6 | AB55: TOTAL | AC55: =SUM(X54:AC54) -> 0 | AJ55: TOTAL | AK55: =SUM(AF54:AK54) -> 0
A56: Veículo desmob. 12/12/2025 | B56: Dezembro | J56: Dezembro | W56: =J56 -> Dezembro | AE56: =W56 -> Dezembro
A57: KM (Rodados) | B57: 1ª Leitura | C57: 2ª Leitura | D57: 3ª Leitura | E57: 4ª Leitura | F57: 15 dias Rodados | G57: 30 dias Rodados | H57: Total Mensal | J57: DATA | K57: 45995 | W57: DATA | AE57: DATA
B58: 78440 | C58: 79134 | F58: =SUM(C58-B58) -> 694 | G58: =SUM(E58-D58) -> 0 | H58: =SUM(F58:G58) -> 694 | J58: VALOR | K58: 128.81 | W58: VALOR | AE58: VALOR
T59: TOTAL | U59: =SUM(K58:U58) -> 128.81 | AB59: TOTAL | AC59: =SUM(X58:AC58) -> 0 | AJ59: TOTAL | AK59: =SUM(AF58:AK58) -> 0

Sheet Ana Luiza - Desmob
B1: GESTÃO DE FROTAS
B2: CONTROLE DE QUILOMETRAGEM, ABASTECIMENTOS, LAVAGENS E SERVIÇOS DE BORRACHARIA
A4: Veiculo: | B4: Onix | D4: Placa: | E4: SYP7J27 | G4: Devolução: | H4: 45762
A5: Troca de Categoria: | B5: 45762 | D5: Placa: | E5: SYG2I07 | G5: Modelo: | H5: Nivus SUV
A6: Substituição 1: | D6: Placa: | G6: Modelo:
A7: Contrato Locação: | B7: 3792.09 | D7: Rastreador: | E7: 45 | G7: Data mob.: | H7: 45731 | I7: Data Desmob.: | J7: 46053
A10: REGISTRO DE KM | J10: ABASTECIMENTO | W10: LAVA JATO | AE10: BORRACHARIA
B12: Janeiro | J12: Janeiro | W12: Janeiro | AE12: Janeiro
A13: KM (Rodados) | B13: 1ª Leitura | C13: 2ª Leitura | D13: 3ª Leitura | E13: 4ª Leitura | F13: 15 dias Rodados | G13: 30 dias Rodados | H13: Total Mensal | J13: DATA | W13: DATA | AE13: DATA
F14: =SUM(C14-B14) -> 0 | G14: =SUM(E14-D14) -> 0 | H14: =SUM(F14:G14) -> 0 | J14: VALOR | W14: VALOR | AE14: VALOR
T15: TOTAL | U15: =SUM(K14:U14) -> 0 | AB15: TOTAL | AC15: =SUM(X14:AC14) -> 0 | AJ15: TOTAL | AK15: =SUM(AF14:AK14) -> 0
B16: Fevereiro | J16: Fevereiro | W16: Fevereiro | AE16: Fevereiro
A17: KM (Rodados) | B17: 1ª Leitura | C17: 2ª Leitura | D17: 3ª Leitura | E17: 4ª Leitura | F17: 15 dias Rodados | G17: 30 dias Rodados | H17: Total Mensal | J17: DATA | W17: DATA | AE17: DATA
F18: =SUM(C18-B18) -> 0 | G18: =SUM(E18-D18) -> 0 | H18: =SUM(F18:G18) -> 0 | J18: VALOR | W18: VALOR | AE18: VALOR
T19: TOTAL | U19: =SUM(K18:U18) -> 0 | AB19: TOTAL | AC19: =SUM(X18:AC18) -> 0 | AJ19: TOTAL | AK19: =SUM(AF18:AK18) -> 0
B20: Março | J20: Março | W20: =J20 -> Março | AE20: =W20 -> Março
A21: KM (Rodados) | B21: 1ª Leitura | C21: 2ª Leitura | D21: 3ª Leitura | E21: 4ª Leitura | F21: 15 dias Rodados | G21: 30 dias Rodados | H21: Total Mensal | J21: DATA | W21: DATA | AE21: DATA
D22: 25262 | E22: 27397 | F22: =SUM(C22-B22) -> 0 | G22: =SUM(E22-D22) -> 2135 | H22: =SUM(F22:G22) -> 2135 | J22: VALOR | W22: VALOR | AE22: VALOR
T23: TOTAL | U23: =SUM(K22:U22) -> 0 | AB23: TOTAL | AC23: =SUM(X22:AC22) -> 0 | AJ23: TOTAL | AK23: =SUM(AF22:AK22) -> 0
B24: Abril | J24: Abril | W24: =J24 -> Abril | AE24: =W24 -> Abril
A25: KM (Rodados) | B25: 1ª Leitura | C25: 2ª Leitura | D25: 3ª Leitura | E25: 4ª Leitura | F25: 15 dias Rodados | G25: 30 dias Rodados | H25: Total Mensal | J25: DATA | K25: 45752 | L25: 45755 | M25: 45757 | N25: 45762 | O25: 45762 | W25: DATA | AE25: DATA
B26: 27397 | C26: 28731 | D26: 38896 | E26: 40630 | F26: =SUM(C26-B26) -> 1334 | G26: =SUM(E26-D26) -> 1734 | H26: =SUM(F26:G26) -> 3068 | J26: VALOR | K26: 175.18 | L26: 132.4 | M26: 118.88 | N26: 89.51 | O26: 112.5 | W26: VALOR | AE26: VALOR
T27: TOTAL | U27: =SUM(K26:U26) -> 628.47 | AB27: TOTAL | AC27: =SUM(X26:AC26) -> 0 | AJ27: TOTAL | AK27: =SUM(AF26:AK26) -> 0
B28: Maio | J28: Maio | W28: =J28 -> Maio | AE28: =W28 -> Maio
A29: KM (Rodados) | B29: 1ª Leitura | C29: 2ª Leitura | D29: 3ª Leitura | E29: 4ª Leitura | F29: 15 dias Rodados | G29: 30 dias Rodados | H29: Total Mensal | J29: DATA | K29: 45778 | L29: 45780 | M29: 45785 | N29: 45787 | O29: 45790 | P29: 45796 | Q29: 45799 | R29: 45801 | S29: 45804 | W29: DATA | AE29: DATA
B30: 40630 | C30: 41954 | D30: 41954 | E30: 43344 | F30: =SUM(C30-B30) -> 1324 | G30: =SUM(E30-D30) -> 1390 | H30: =SUM(F30:G30) -> 2714 | J30: VALOR | K30: 241.06 | L30: 191.02 | M30: 205.58 | N30: 143.33 | O30: 109.33 | P30: 246.68 | Q30: 228.35 | R30: 241.65 | S30: 200.28 | W30: VALOR | AE30: VALOR
T31: TOTAL | U31: =SUM(K30:U30) -> 1807.28 | AB31: TOTAL | AC31: =SUM(X30:AC30) -> 0 | AJ31: TOTAL | AK31: =SUM(AF30:AK30) -> 0
B32: Junho | J32: Junho | W32: =J32 -> Junho | AE32: =W32 -> Junho
A33: KM (Rodados) | B33: 1ª Leitura | C33: 2ª Leitura | D33: 3ª Leitura | E33: 4ª Leitura | F33: 15 dias Rodados | G33: 30 dias Rodados | H33: Total Mensal | J33: DATA | K33: 45818 | L33: 45827 | M33: 45834 | W33: DATA | AE33: DATA
B34: 43344 | C34: 43595 | D34: 43595 | E34: 44961 | F34: =SUM(C34-B34) -> 251 | G34: =SUM(E34-D34) -> 1366 | H34: =SUM(F34:G34) -> 1617 | J34: VALOR | K34: 203.01 | L34: 171.56 | M34: 209.99 | W34: VALOR | AE34: VALOR
T35: TOTAL | U35: =SUM(K34:U34) -> 584.56 | AB35: TOTAL | AC35: =SUM(X34:AC34) -> 0 | AJ35: TOTAL | AK35: =SUM(AF34:AK34) -> 0
B36: Julho | J36: Julho | W36: =J36 -> Julho | AE36: =W36 -> Julho
A37: KM (Rodados) | B37: 1ª Leitura | C37: 2ª Leitura | D37: 3ª Leitura | E37: 4ª Leitura | F37: 15 dias Rodados | G37: 30 dias Rodados | H37: Total Mensal | J37: DATA | K37: 45839 | L37: 45848 | M37: 45855 | N37: 45864 | O37: 45867 | W37: DATA | AE37: DATA
B38: 44961 | C38: 46575 | D38: 46575 | E38: 47885 | F38: =SUM(C38-B38) -> 1614 | G38: =SUM(E38-D38) -> 1310 | H38: =SUM(F38:G38) -> 2924 | J38: VALOR | K38: 200.12 | L38: 200.75 | M38: 251.82 | N38: 239.81 | O38: 140.26 | W38: VALOR | AE38: VALOR
T39: TOTAL | U39: =SUM(K38:U38) -> 1032.76 | AB39: TOTAL | AC39: =SUM(X38:AC38) -> 0 | AJ39: TOTAL | AK39: =SUM(AF38:AK38) -> 0
B40: Agosto | J40: Agosto | W40: =J40 -> Agosto | AE40: =W40 -> Agosto
A41: KM (Rodados) | B41: 1ª Leitura | C41: 2ª Leitura | D41: 3ª Leitura | E41: 4ª Leitura | F41: 15 dias Rodados | G41: 30 dias Rodados | H41: Total Mensal | J41: DATA | K41: 45871 | L41: 45874 | M41: 45876 | N41: 45881 | O41: 45883 | P41: 45897 | Q41: 45899 | W41: DATA | AE41: DATA
B42: 47885 | C42: 49137 | D42: 49137 | E42: 49914 | F42: =SUM(C42-B42) -> 1252 | G42: =SUM(E42-D42) -> 777 | H42: =SUM(F42:G42) -> 2029 | J42: VALOR | K42: 251.82 | L42: 195.03 | M42: 184.63 | N42: 186.77 | O42: 156.9 | P42: 169.94 | Q42: 218.35 | W42: VALOR | AE42: VALOR
T43: TOTAL | U43: =SUM(K42:U42) -> 1363.44 | AB43: TOTAL | AC43: =SUM(X42:AC42) -> 0 | AJ43: TOTAL | AK43: =SUM(AF42:AK42) -> 0
B44: Setembro | J44: Setembro | W44: =J44 -> Setembro | AE44: =W44 -> Setembro
A45: KM (Rodados) | B45: 1ª Leitura | C45: 2ª Leitura | D45: 3ª Leitura | E45: 4ª Leitura | F45: 15 dias Rodados | G45: 30 dias Rodados | H45: Total Mensal | J45: DATA | K45: 45902 | L45: 45905 | M45: 45909 | N45: 45913 | O45: 45916 | P45: 45918 | Q45: 45920 | R45: 45923 | S45: 45925 | T45: 45927 | U45: 45930 | W45: DATA | AE45: DATA
B46: 49914 | C46: 51257 | D46: 51257 | E46: 52975 | F46: =SUM(C46-B46) -> 1343 | G46: =SUM(E46-D46) -> 1718 | H46: =SUM(F46:G46) -> 3061 | J46: VALOR | K46: 153.09 | L46: 212 | M46: 157 | N46: 183.01 | O46: 183.02 | P46: 181.2 | Q46: 205.04 | R46: 119.07 | S46: 162.23 | T46: 181.9 | U46: 130.28 | W46: VALOR | AE46: VALOR
T47: TOTAL | U47: =SUM(K46:U46) -> 1867.84 | AB47: TOTAL | AC47: =SUM(X46:AC46) -> 0 | AJ47: TOTAL | AK47: =SUM(AF46:AK46) -> 0
B48: Outubro | J48: Outubro | W48: =J48 -> Outubro | AE48: =W48 -> Outubro
A49: KM (Rodados) | B49: 1ª Leitura | C49: 2ª Leitura | D49: 3ª Leitura | E49: 4ª Leitura | F49: 15 dias Rodados | G49: 30 dias Rodados | H49: Total Mensal | J49: DATA | K49: 45932 | L49: 45941 | M49: 45946 | N49: 45948 | O49: 45951 | P49: 45925 | Q49: 45958 | R49: 45960 | W49: DATA | AE49: DATA
B50: 52975 | C50: 54109 | D50: 54109 | E50: 55959 | F50: =SUM(C50-B50) -> 1134 | G50: =SUM(E50-D50) -> 1850 | H50: =SUM(F50:G50) -> 2984 | J50: VALOR | K50: 166.11 | L50: 157.62 | M50: 208.07 | N50: 175.49 | O50: 162 | P50: 203.92 | Q50: 220.27 | R50: 212.97 | W50: VALOR | AE50: VALOR
T51: TOTAL | U51: =SUM(K50:U50) -> 1506.45 | AB51: TOTAL | AC51: =SUM(X50:AC50) -> 0 | AJ51: TOTAL | AK51: =SUM(AF50:AK50) -> 0
B52: Novembro | J52: Novembro | W52: =J52 -> Novembro | AE52: =W52 -> Novembro
A53: KM (Rodados) | B53: 1ª Leitura | C53: 2ª Leitura | D53: 3ª Leitura | E53: 4ª Leitura | F53: 15 dias Rodados | G53: 30 dias Rodados | H53: Total Mensal | J53: DATA | K53: 45965 | L53: 45967 | M53: 45969 | N53: 45974 | O53: 45976 | P53: 45981 | Q53: 45983 | R53: 45986 | S53: 45990 | W53: DATA | AE53: DATA
B54: 55959 | C54: 57861 | D54: 57861 | E54: 59397 | F54: =SUM(C54-B54) -> 1902 | G54: =SUM(E54-D54) -> 1536 | H54: =SUM(F54:G54) -> 3438 | J54: VALOR | K54: 230.52 | L54: 155.48 | M54: 226 | N54: 236.69 | O54: 205.05 | P54: 243.86 | Q54: 247.64 | R54: 217.3 | S54: 193.29 | W54: VALOR | AE54: VALOR
T55: TOTAL | U55: =SUM(K54:U54) -> 1955.83 | AB55: TOTAL | AC55: =SUM(X54:AC54) -> 0 | AJ55: TOTAL | AK55: =SUM(AF54:AK54) -> 0
B56: Dezembro | J56: Dezembro | W56: =J56 -> Dezembro | AE56: =W56 -> Dezembro
A57: KM (Rodados) | B57: 1ª Leitura | C57: 2ª Leitura | D57: 3ª Leitura | E57: 4ª Leitura | F57: 15 dias Rodados | G57: 30 dias Rodados | H57: Total Mensal | J57: DATA | K57: 45993 | L57: 46000 | M57: 46002 | N57: 46004 | W57: DATA | AE57: DATA
B58: 59397 | C58: 60985 | D58: 60985 | E58: 61497 | F58: =SUM(C58-B58) -> 1588 | G58: =SUM(E58-D58) -> 512 | H58: =SUM(F58:G58) -> 2100 | J58: VALOR | K58: 220.96 | L58: 190.08 | M58: 192.34 | N58: 143.72 | W58: VALOR | AE58: VALOR
T59: TOTAL | U59: =SUM(K58:U58) -> 747.1 | AB59: TOTAL | AC59: =SUM(X58:AC58) -> 0 | AJ59: TOTAL | AK59: =SUM(AF58:AK58) -> 0
A60: 2026 | B60: Janeiro | J60: Janeiro | W60: Janeiro | AE60: Janeiro
A61: KM (Rodados) | B61: 1ª Leitura | C61: 2ª Leitura | D61: 3ª Leitura | E61: 4ª Leitura | F61: 15 dias Rodados | G61: 30 dias Rodados | H61: Total Mensal | J61: DATA | W61: DATA | AE61: DATA
B62: 61497 | C62: 63033 | D62: 63033 | E62: 64658 | F62: =SUM(C62-B62) -> 1536 | G62: =SUM(E62-D62) -> 1625 | H62: =SUM(F62:G62) -> 3161 | J62: VALOR | W62: VALOR | AE62: VALOR
T63: TOTAL | U63: =SUM(K62:U62) -> 0 | AB63: TOTAL | AC63: =SUM(X62:AC62) -> 0 | AJ63: TOTAL | AK63: =SUM(AF62:AK62) -> 0
B64: Fevereiro | J64: Fevereiro | W64: Fevereiro | AE64: Fevereiro
A65: KM (Rodados) | B65: 1ª Leitura | C65: 2ª Leitura | D65: 3ª Leitura | E65: 4ª Leitura | F65: 15 dias Rodados | G65: 30 dias Rodados | H65: Total Mensal | J65: DATA | W65: DATA | AE65: DATA
F66: =SUM(C66-B66) -> 0 | G66: =SUM(E66-D66) -> 0 | H66: =SUM(F66:G66) -> 0 | J66: VALOR | W66: VALOR | AE66: VALOR
T67: TOTAL | U67: =SUM(K66:U66) -> 0 | AB67: TOTAL | AC67: =SUM(X66:AC66) -> 0 | AJ67: TOTAL | AK67: =SUM(AF66:AK66) -> 0
B68: Março | J68: Março | W68: =J68 -> Março | AE68: =W68 -> Março
A69: KM (Rodados) | B69: 1ª Leitura | C69: 2ª Leitura | D69: 3ª Leitura | E69: 4ª Leitura | F69: 15 dias Rodados | G69: 30 dias Rodados | H69: Total Mensal | J69: DATA | W69: DATA | AE69: DATA
F70: =SUM(C70-B70) -> 0 | G70: =SUM(E70-D70) -> 0 | H70: =SUM(F70:G70) -> 0 | J70: VALOR | W70: VALOR | AE70: VALOR
T71: TOTAL | U71: =SUM(K70:U70) -> 0 | AB71: TOTAL | AC71: =SUM(X70:AC70) -> 0 | AJ71: TOTAL | AK71: =SUM(AF70:AK70) -> 0
B72: Abril | J72: Abril | W72: =J72 -> Abril | AE72: =W72 -> Abril
A73: KM (Rodados) | B73: 1ª Leitura | C73: 2ª Leitura | D73: 3ª Leitura | E73: 4ª Leitura | F73: 15 dias Rodados | G73: 30 dias Rodados | H73: Total Mensal | J73: DATA | W73: DATA | AE73: DATA
F74: =SUM(C74-B74) -> 0 | G74: =SUM(E74-D74) -> 0 | H74: =SUM(F74:G74) -> 0 | J74: VALOR | W74: VALOR | AE74: VALOR
T75: TOTAL | U75: =SUM(K74:U74) -> 0 | AB75: TOTAL | AC75: =SUM(X74:AC74) -> 0 | AJ75: TOTAL | AK75: =SUM(AF74:AK74) -> 0
B76: Maio | J76: Maio | W76: =J76 -> Maio | AE76: =W76 -> Maio
A77: KM (Rodados) | B77: 1ª Leitura | C77: 2ª Leitura | D77: 3ª Leitura | E77: 4ª Leitura | F77: 15 dias Rodados | G77: 30 dias Rodados | H77: Total Mensal | J77: DATA | W77: DATA | AE77: DATA
F78: =SUM(C78-B78) -> 0 | G78: =SUM(E78-D78) -> 0 | H78: =SUM(F78:G78) -> 0 | J78: VALOR | W78: VALOR | AE78: VALOR
T79: TOTAL | U79: =SUM(K78:U78) -> 0 | AB79: TOTAL | AC79: =SUM(X78:AC78) -> 0 | AJ79: TOTAL | AK79: =SUM(AF78:AK78) -> 0
B80: Junho | J80: Junho | W80: =J80 -> Junho | AE80: =W80 -> Junho
A81: KM (Rodados) | B81: 1ª Leitura | C81: 2ª Leitura | D81: 3ª Leitura | E81: 4ª Leitura | F81: 15 dias Rodados | G81: 30 dias Rodados | H81: Total Mensal | J81: DATA | W81: DATA | AE81: DATA
F82: =SUM(C82-B82) -> 0 | G82: =SUM(E82-D82) -> 0 | H82: =SUM(F82:G82) -> 0 | J82: VALOR | W82: VALOR | AE82: VALOR
T83: TOTAL | U83: =SUM(K82:U82) -> 0 | AB83: TOTAL | AC83: =SUM(X82:AC82) -> 0 | AJ83: TOTAL | AK83: =SUM(AF82:AK82) -> 0
B84: Julho | J84: Julho | W84: =J84 -> Julho | AE84: =W84 -> Julho
A85: KM (Rodados) | B85: 1ª Leitura | C85: 2ª Leitura | D85: 3ª Leitura | E85: 4ª Leitura | F85: 15 dias Rodados | G85: 30 dias Rodados | H85: Total Mensal | J85: DATA | W85: DATA | AE85: DATA
F86: =SUM(C86-B86) -> 0 | G86: =SUM(E86-D86) -> 0 | H86: =SUM(F86:G86) -> 0 | J86: VALOR | W86: VALOR | AE86: VALOR
T87: TOTAL | U87: =SUM(K86:U86) -> 0 | AB87: TOTAL | AC87: =SUM(X86:AC86) -> 0 | AJ87: TOTAL | AK87: =SUM(AF86:AK86) -> 0

Sheet Francisco Augusto-Desmob
A2: Veiculo | B2: RENEGADE | D2: Placa: | E2: RUE4B21 - EJA1H12 | H2: KM | I2: 3000
A4: Contrato de Locação | D4: Rastreador | E4: 45 | H4: Data mob. | I4: 45545 | J4: Data Desmob. | K4: 46040
A6: Veículo foi Mobilizado para obra 24.019 Ventos de Santa Eugenia em 22/04/2025, antes pertencia a obra 24.019 Morro do Cruzeiro.
A7: REGISTRO DE KM | J7: ABASTECIMENTO | W7: LAVA_RAPIDO | AE7: BORRACHARIA
B9: Fevereiro | J9: Fevereiro | W9: Fevereiro | AE9: Fevereiro
A10: KM (Rodados) | B10: 1ª Leitura | C10: 2ª Leitura | D10: 3ª Leitura | E10: 4ª Leitura | F10: 15 dias Rodados | G10: 30 dias Rodados | H10: Total Mensal | J10: DATA | W10: DATA | AE10: DATA
F11: =SUM(C11-B11) -> 0 | G11: =SUM(E11-D11) -> 0 | H11: =SUM(F11:G11) -> 0 | J11: VALOR | W11: VALOR | AE11: VALOR
T12: TOTAL | U12: =SUM(K11:U11) -> 0 | AB12: TOTAL | AC12: =SUM(X11:AC11) -> 0 | AJ12: TOTAL | AK12: =SUM(AF11:AK11) -> 0
B13: Março | J13: Março | W13: =J13 -> Março | AE13: =W13 -> Março
A14: KM (Rodados) | B14: 1ª Leitura | C14: 2ª Leitura | D14: 3ª Leitura | E14: 4ª Leitura | F14: 15 dias Rodados | G14: 30 dias Rodados | H14: Total Mensal | J14: DATA | W14: DATA | AE14: DATA
F15: =SUM(C15-B15) -> 0 | G15: =SUM(E15-D15) -> 0 | H15: =SUM(F15:G15) -> 0 | J15: VALOR | W15: VALOR | AE15: VALOR
T16: TOTAL | U16: =SUM(K15:U15) -> 0 | AB16: TOTAL | AC16: =SUM(X15:AC15) -> 0 | AJ16: TOTAL | AK16: =SUM(AF15:AK15) -> 0
B17: Abril | J17: Abril | W17: =J17 -> Abril | AE17: =W17 -> Abril
A18: KM (Rodados) | B18: 1ª Leitura | C18: 2ª Leitura | D18: 3ª Leitura | E18: 4ª Leitura | F18: 15 dias Rodados | G18: 30 dias Rodados | H18: Total Mensal | J18: DATA | W18: DATA | AE18: DATA
F19: =SUM(C19-B19) -> 0 | G19: =SUM(E19-D19) -> 0 | H19: =SUM(F19:G19) -> 0 | J19: VALOR | W19: VALOR | AE19: VALOR
T20: TOTAL | U20: =SUM(K19:U19) -> 0 | AB20: TOTAL | AC20: =SUM(X19:AC19) -> 0 | AJ20: TOTAL | AK20: =SUM(AF19:AK19) -> 0
B21: Maio | J21: Maio | W21: =J21 -> Maio | AE21: =W21 -> Maio
A22: KM (Rodados) | B22: 1ª Leitura | C22: 2ª Leitura | D22: 3ª Leitura | E22: 4ª Leitura | F22: 15 dias Rodados | G22: 30 dias Rodados | H22: Total Mensal | J22: DATA | W22: DATA | AE22: DATA
F23: =SUM(C23-B23) -> 0 | G23: =SUM(E23-D23) -> 0 | H23: =SUM(F23:G23) -> 0 | J23: VALOR | W23: VALOR | AE23: VALOR
T24: TOTAL | U24: =SUM(K23:U23) -> 0 | AB24: TOTAL | AC24: =SUM(X23:AC23) -> 0 | AJ24: TOTAL | AK24: =SUM(AF23:AK23) -> 0
B25: Junho | J25: Junho | W25: =J25 -> Junho | AE25: =W25 -> Junho
A26: KM (Rodados) | B26: 1ª Leitura | C26: 2ª Leitura | D26: 3ª Leitura | E26: 4ª Leitura | F26: 15 dias Rodados | G26: 30 dias Rodados | H26: Total Mensal | J26: DATA | W26: DATA | AE26: DATA
F27: =SUM(C27-B27) -> 0 | G27: =SUM(E27-D27) -> 0 | H27: =SUM(F27:G27) -> 0 | J27: VALOR | W27: VALOR | AE27: VALOR
T28: TOTAL | U28: =SUM(K27:U27) -> 0 | AB28: TOTAL | AC28: =SUM(X27:AC27) -> 0 | AJ28: TOTAL | AK28: =SUM(AF27:AK27) -> 0
B29: Julho | J29: Julho | W29: =J29 -> Julho | AE29: =W29 -> Julho
A30: KM (Rodados) | B30: 1ª Leitura | C30: 2ª Leitura | D30: 3ª Leitura | E30: 4ª Leitura | F30: 15 dias Rodados | G30: 30 dias Rodados | H30: Total Mensal | J30: DATA | W30: DATA | AE30: DATA
F31: =SUM(C31-B31) -> 0 | G31: =SUM(E31-D31) -> 0 | H31: =SUM(F31:G31) -> 0 | J31: VALOR | W31: VALOR | AE31: VALOR
T32: TOTAL | U32: =SUM(K31:U31) -> 0 | AB32: TOTAL | AC32: =SUM(X31:AC31) -> 0 | AJ32: TOTAL | AK32: =SUM(AF31:AK31) -> 0
B33: Agosto | J33: Agosto | W33: =J33 -> Agosto | AE33: =W33 -> Agosto
A34: KM (Rodados) | B34: 1ª Leitura | C34: 2ª Leitura | D34: 3ª Leitura | E34: 4ª Leitura | F34: 15 dias Rodados | G34: 30 dias Rodados | H34: Total Mensal | J34: DATA | W34: DATA | AE34: DATA
F35: =SUM(C35-B35) -> 0 | G35: =SUM(E35-D35) -> 0 | H35: =SUM(F35:G35) -> 0 | J35: VALOR | W35: VALOR | AE35: VALOR
T36: TOTAL | U36: =SUM(K35:U35) -> 0 | AB36: TOTAL | AC36: =SUM(X35:AC35) -> 0 | AJ36: TOTAL | AK36: =SUM(AF35:AK35) -> 0
B37: Setembro | J37: Setembro | W37: =J37 -> Setembro | AE37: =W37 -> Setembro
A38: KM (Rodados) | B38: 1ª Leitura | C38: 2ª Leitura | D38: 3ª Leitura | E38: 4ª Leitura | F38: 15 dias Rodados | G38: 30 dias Rodados | H38: Total Mensal | J38: DATA | K38: 45546 | L38: 45549 | M38: 45556 | N38: 45561 | W38: DATA | AE38: DATA
B39: 46943 | E39: 49840 | F39: =SUM(C39-B39) -> -46943 | G39: =SUM(E39-D39) -> 49840 | H39: =SUM(F39:G39) -> 2897 | J39: VALOR | K39: 264.34 | L39: 274.48 | M39: 288.9 | N39: 318.9 | W39: VALOR | AE39: VALOR
T40: TOTAL | U40: =SUM(K39:U39) -> 1146.62 | AB40: TOTAL | AC40: =SUM(X39:AC39) -> 0 | AJ40: TOTAL | AK40: =SUM(AF39:AK39) -> 0
B41: Outubro | J41: Outubro | W41: =J41 -> Outubro | AE41: =W41 -> Outubro
A42: KM (Rodados) | B42: 1ª Leitura | C42: 2ª Leitura | D42: 3ª Leitura | E42: 4ª Leitura | F42: 15 dias Rodados | G42: 30 dias Rodados | H42: Total Mensal | J42: DATA | K42: 45566 | L42: 45575 | M42: 45580 | N42: 45588 | O42: 45591 | W42: DATA | AE42: DATA
B43: 49840 | F43: =SUM(C43-B43) -> -49840 | G43: =SUM(E43-D43) -> 0 | H43: =SUM(F43:G43) -> -49840 | J43: VALOR | K43: 325.07 | L43: 334.19 | M43: 332.43 | N43: 275.94 | O43: 218.26 | W43: VALOR | AE43: VALOR
B44: 6265 | E44: 7810 | H44: 1545 | T44: TOTAL | U44: =SUM(K43:U43) -> 1485.89 | AB44: TOTAL | AC44: =SUM(X43:AC43) -> 0 | AJ44: TOTAL | AK44: =SUM(AF43:AK43) -> 0
B45: Novembro | J45: Novembro | W45: =J45 -> Novembro | AE45: =W45 -> Novembro
A46: KM (Rodados) | B46: 1ª Leitura | C46: 2ª Leitura | D46: 3ª Leitura | E46: 4ª Leitura | F46: 15 dias Rodados | G46: 30 dias Rodados | H46: Total Mensal | J46: DATA | K46: 45962 | W46: DATA | AE46: DATA
B47: 7810 | C47: 9761 | D47: 9761 | E47: 11620 | F47: =SUM(C47-B47) -> 1951 | G47: =SUM(E47-D47) -> 1859 | H47: =SUM(F47:G47) -> 3810 | J47: VALOR | K47: 239.9 | W47: VALOR | AE47: VALOR
T48: TOTAL | U48: =SUM(K47:U47) -> 239.9 | AB48: TOTAL | AC48: =SUM(X47:AC47) -> 0 | AJ48: TOTAL | AK48: =SUM(AF47:AK47) -> 0
B49: Dezembro | J49: Dezembro | W49: =J49 -> Dezembro | AE49: =W49 -> Dezembro
A50: KM (Rodados) | B50: 1ª Leitura | C50: 2ª Leitura | D50: 3ª Leitura | E50: 4ª Leitura | F50: 15 dias Rodados | G50: 30 dias Rodados | H50: Total Mensal | J50: DATA | W50: DATA | AE50: DATA
B51: 11685 | C51: 12985 | D51: 13028 | E51: 17136 | F51: =SUM(C51-B51) -> 1300 | G51: =SUM(E51-D51) -> 4108 | H51: =SUM(F51:G51) -> 5408 | J51: VALOR | W51: VALOR | AE51: VALOR
T52: TOTAL | U52: =SUM(K51:U51) -> 0 | AB52: TOTAL | AC52: =SUM(X51:AC51) -> 0 | AJ52: TOTAL | AK52: =SUM(AF51:AK51) -> 0
B53: Janeiro | J53: Janeiro | W53: =J53 -> Janeiro | AE53: =W53 -> Janeiro
A54: KM (Rodados) | B54: 1ª Leitura | C54: 2ª Leitura | D54: 3ª Leitura | E54: 4ª Leitura | F54: 15 dias Rodados | G54: 30 dias Rodados | H54: Total Mensal | J54: DATA | W54: DATA | AE54: DATA
B55: 17182 | C55: 18270 | D55: 18653 | E55: 20097 | F55: =SUM(C55-B55) -> 1088 | G55: =SUM(E55-D55) -> 1444 | H55: =SUM(F55:G55) -> 2532 | J55: VALOR | W55: VALOR | AE55: VALOR
T56: TOTAL | U56: =SUM(K55:U55) -> 0 | AB56: TOTAL | AC56: =SUM(X55:AC55) -> 0 | AJ56: TOTAL | AK56: =SUM(AF55:AK55) -> 0
B57: Fevereiro | J57: Fevereiro | W57: =J57 -> Fevereiro | AE57: =W57 -> Fevereiro
A58: KM (Rodados) | B58: 1ª Leitura | C58: 2ª Leitura | D58: 3ª Leitura | E58: 4ª Leitura | F58: 15 dias Rodados | G58: 30 dias Rodados | H58: Total Mensal | J58: DATA | K58: 45692 | N58: 45706 | O58: 45707 | P58: 45710 | Q58: 45713 | W58: DATA | AE58: DATA
B59: 20230 | C59: 22001 | D59: 22152 | E59: 23820 | F59: =SUM(C59-B59) -> 1771 | G59: =SUM(E59-D59) -> 1668 | H59: =SUM(F59:G59) -> 3439 | J59: VALOR | K59: 288.02 | N59: 296.76 | O59: 288.02 | P59: 260.13 | Q59: 239 | W59: VALOR | AE59: VALOR
A60: Estava pendente o envio de março - recebido em 19/05/2025 | T60: TOTAL | U60: =SUM(K59:U59) -> 1371.93 | AB60: TOTAL | AC60: =SUM(X59:AC59) -> 0 | AJ60: TOTAL | AK60: =SUM(AF59:AK59) -> 0
B61: Março | J61: Março | W61: =J61 -> Março | AE61: =W61 -> Março
A62: KM (Rodados) | B62: 1ª Leitura | C62: 2ª Leitura | D62: 3ª Leitura | E62: 4ª Leitura | F62: 15 dias Rodados | G62: 30 dias Rodados | H62: Total Mensal | J62: DATA | K62: 45721 | L62: 45724 | M62: 45727 | N62: 45730 | O62: 45734 | P62: 45736 | Q62: 45738 | R62: 45742 | S62: 45744 | W62: DATA | AE62: DATA
B63: 23820 | C63: 24450 | D63: 24450 | E63: 28010 | F63: =SUM(C63-B63) -> 630 | G63: =SUM(E63-D63) -> 3560 | H63: =SUM(F63:G63) -> 4190 | J63: VALOR | K63: 297.38 | L63: 279.05 | M63: 250 | N63: 288.28 | O63: 179.01 | P63: 245 | Q63: 261.24 | R63: 285.53 | S63: 287.76 | W63: VALOR | AE63: VALOR
A64: Veículo foi Mobilizado para obra 24.019 Ventos de Santa Eugenia em 22/04/2025, antes pertencia a obra 24.019 Morro do Cruzeiro. | T64: TOTAL | U64: =SUM(K63:U63) -> 2373.25 | AB64: TOTAL | AC64: =SUM(X63:AC63) -> 0 | AJ64: TOTAL | AK64: =SUM(AF63:AK63) -> 0
B65: Abril | J65: Abril | W65: =J65 -> Abril | AE65: =W65 -> Abril
A66: KM (Rodados) | B66: 1ª Leitura | C66: 2ª Leitura | D66: 3ª Leitura | E66: 4ª Leitura | F66: 15 dias Rodados | G66: 30 dias Rodados | H66: Total Mensal | J66: DATA | K66: 45749 | L66: 45752 | M66: 45756 | N66: 45759 | O66: 45763 | P66: 45764 | Q66: 45769 | R66: 45771 | S66: 45776 | W66: DATA | AE66: DATA
B67: 28010 | C67: 30112 | D67: 30112 | E67: 31747 | F67: =SUM(C67-B67) -> 2102 | G67: =SUM(E67-D67) -> 1635 | H67: =SUM(F67:G67) -> 3737 | J67: VALOR | K67: 275 | L67: 275.28 | M67: 271 | N67: 249.73 | O67: 224.03 | P67: 111.57 | Q67: 281.67 | R67: 240.62 | S67: 239.4 | W67: VALOR | AE67: VALOR
T68: TOTAL | U68: =SUM(K67:U67) -> 2168.3 | AB68: TOTAL | AC68: =SUM(X67:AC67) -> 0 | AJ68: TOTAL | AK68: =SUM(AF67:AK67) -> 0
B69: Maio | J69: Maio | W69: =J69 -> Maio | AE69: =W69 -> Maio
A70: KM (Rodados) | B70: 1ª Leitura | C70: 2ª Leitura | D70: 3ª Leitura | E70: 4ª Leitura | F70: 15 dias Rodados | G70: 30 dias Rodados | H70: Total Mensal | J70: DATA | K70: 45778 | L70: 45780 | M70: 45783 | N70: 45785 | O70: 45787 | P70: 45790 | Q70: 45792 | R70: 45797 | S70: 45801 | T70: 45804 | W70: DATA | AE70: DATA
B71: 31747 | C71: 33679 | D71: 33679 | E71: 35578 | F71: =SUM(C71-B71) -> 1932 | G71: =SUM(E71-D71) -> 1899 | H71: =SUM(F71:G71) -> 3831 | J71: VALOR | K71: 283.51 | L71: 158.88 | M71: 181.77 | N71: 162.64 | O71: 145.3 | P71: 198.92 | Q71: 224.46 | R71: 252.23 | S71: 104.46 | T71: 185.72 | W71: VALOR | AE71: VALOR
T72: TOTAL | U72: =SUM(K71:U71) -> 1897.89 | AB72: TOTAL | AC72: =SUM(X71:AC71) -> 0 | AJ72: TOTAL | AK72: =SUM(AF71:AK71) -> 0
B73: Junho | J73: Junho | W73: =J73 -> Junho | AE73: =W73 -> Junho
A74: KM (Rodados) | B74: 1ª Leitura | C74: 2ª Leitura | D74: 3ª Leitura | E74: 4ª Leitura | F74: 15 dias Rodados | G74: 30 dias Rodados | H74: Total Mensal | J74: DATA | K74: 45811 | L74: 45813 | M74: 45815 | N74: 45820 | O74: 45825 | P74: 45827 | Q74: 45834 | W74: DATA | AE74: DATA
B75: 35578 | C75: 36850 | D75: 36850 | E75: 38360 | F75: =SUM(C75-B75) -> 1272 | G75: =SUM(E75-D75) -> 1510 | H75: =SUM(F75:G75) -> 2782 | J75: VALOR | K75: 228.41 | L75: 171.62 | M75: 108.9 | N75: 249.19 | O75: 213.07 | P75: 215.74 | Q75: 268.83 | W75: VALOR | AE75: VALOR
T76: TOTAL | U76: =SUM(K75:U75) -> 1455.76 | AB76: TOTAL | AC76: =SUM(X75:AC75) -> 0 | AJ76: TOTAL | AK76: =SUM(AF75:AK75) -> 0
B77: Julho | J77: Julho | W77: =J77 -> Julho | AE77: =W77 -> Julho
A78: KM (Rodados) | B78: 1ª Leitura | C78: 2ª Leitura | D78: 3ª Leitura | E78: 4ª Leitura | F78: 15 dias Rodados | G78: 30 dias Rodados | H78: Total Mensal | J78: DATA | K78: 45839 | L78: 45840 | M78: 45846 | N78: 45849 | O78: 45853 | P78: 45855 | Q78: 45857 | R78: 45860 | S78: 45862 | T78: 45867 | W78: DATA | AE78: DATA
B79: 38360 | C79: 41004 | D79: 41004 | E79: 42950 | F79: =SUM(C79-B79) -> 2644 | G79: =SUM(E79-D79) -> 1946 | H79: =SUM(F79:G79) -> 4590 | J79: VALOR | K79: 267.41 | L79: 237.51 | M79: 295.99 | N79: 255.87 | O79: 223.48 | P79: 186.59 | Q79: 194.9 | R79: 186.16 | S79: 166.32 | T79: 237.04 | W79: VALOR | AE79: VALOR
T80: TOTAL | U80: =SUM(K79:U79) -> 2251.27 | AB80: TOTAL | AC80: =SUM(X79:AC79) -> 0 | AJ80: TOTAL | AK80: =SUM(AF79:AK79) -> 0
B81: Agosto | J81: Agosto | W81: =J81 -> Agosto | AE81: =W81 -> Agosto
A82: KM (Rodados) | B82: 1ª Leitura | C82: 2ª Leitura | D82: 3ª Leitura | E82: 4ª Leitura | F82: 15 dias Rodados | G82: 30 dias Rodados | H82: Total Mensal | J82: DATA | K82: 45881 | L82: 45883 | M82: 45888 | N82: 45890 | O82: 45892 | P82: 45895 | Q82: 45897 | W82: DATA | AE82: DATA
B83: 42950 | C83: 43470 | D83: 43470 | E83: 45140 | F83: =SUM(C83-B83) -> 520 | G83: =SUM(E83-D83) -> 1670 | H83: =SUM(F83:G83) -> 2190 | J83: VALOR | K83: 255.21 | L83: 192.07 | M83: 176.92 | N83: 96.06 | O83: 181.02 | P83: 194.81 | Q83: 137.68 | W83: VALOR | AE83: VALOR
T84: TOTAL | U84: =SUM(K83:U83) -> 1233.77 | AB84: TOTAL | AC84: =SUM(X83:AC83) -> 0 | AJ84: TOTAL | AK84: =SUM(AF83:AK83) -> 0
B85: Setembro | J85: Setembro | W85: =J85 -> Setembro | AE85: =W85 -> Setembro
A86: KM (Rodados) | B86: 1ª Leitura | C86: 2ª Leitura | D86: 3ª Leitura | E86: 4ª Leitura | F86: 15 dias Rodados | G86: 30 dias Rodados | H86: Total Mensal | J86: DATA | K86: 45902 | L86: 45904 | M86: 45906 | N86: 45909 | O86: 45911 | P86: 45916 | Q86: 45918 | R86: 45930 | W86: DATA | AE86: DATA
B87: 45140 | C87: 47109 | D87: 47109 | E87: 47991 | F87: =SUM(C87-B87) -> 1969 | G87: =SUM(E87-D87) -> 882 | H87: =SUM(F87:G87) -> 2851 | J87: VALOR | K87: 247.66 | L87: 162.54 | M87: 160 | N87: 260 | O87: 174.1 | P87: 163.8 | Q87: 161.39 | R87: 205.8 | W87: VALOR | AE87: VALOR
T88: TOTAL | U88: =SUM(K87:U87) -> 1535.29 | AB88: TOTAL | AC88: =SUM(X87:AC87) -> 0 | AJ88: TOTAL | AK88: =SUM(AF87:AK87) -> 0
B89: Outubro | J89: Outubro | W89: =J89 -> Outubro | AE89: =W89 -> Outubro
A90: KM (Rodados) | B90: 1ª Leitura | C90: 2ª Leitura | D90: 3ª Leitura | E90: 4ª Leitura | F90: 15 dias Rodados | G90: 30 dias Rodados | H90: Total Mensal | J90: DATA | K90: 45934 | L90: 45941 | M90: 45946 | N90: 45946 | O90: 45951 | P90: 45953 | Q90: 45957 | R90: 45960 | W90: DATA | AE90: DATA
B91: 47991 | C91: 49355 | D91: 49355 | E91: 51664 | F91: =SUM(C91-B91) -> 1364 | G91: =SUM(E91-D91) -> 2309 | H91: =SUM(F91:G91) -> 3673 | J91: VALOR | K91: 224.61 | L91: 140.07 | M91: 239.84 | N91: 239.2 | O91: 230.08 | P91: 243.17 | Q91: 262.1 | R91: 202.47 | W91: VALOR | AE91: VALOR
T92: TOTAL | U92: =SUM(K91:U91) -> 1781.54 | AB92: TOTAL | AC92: =SUM(X91:AC91) -> 0 | AJ92: TOTAL | AK92: =SUM(AF91:AK91) -> 0
B93: Novembro | J93: Novembro | W93: =J93 -> Novembro | AE93: =W93 -> Novembro
A94: KM (Rodados) | B94: 1ª Leitura | C94: 2ª Leitura | D94: 3ª Leitura | E94: 4ª Leitura | F94: 15 dias Rodados | G94: 30 dias Rodados | H94: Total Mensal | J94: DATA | K94: 45974 | L94: 45976 | M94: 45981 | W94: DATA | AE94: DATA
B95: 51664 | C95: 53222 | D95: 53222 | E95: 53662 | F95: =SUM(C95-B95) -> 1558 | G95: =SUM(E95-D95) -> 440 | H95: =SUM(F95:G95) -> 1998 | J95: VALOR | K95: 264.93 | L95: 191.46 | M95: 271.28 | W95: VALOR | AE95: VALOR
T96: TOTAL | U96: =SUM(K95:U95) -> 727.67 | AB96: TOTAL | AC96: =SUM(X95:AC95) -> 0 | AJ96: TOTAL | AK96: =SUM(AF95:AK95) -> 0
B97: Dezembro | J97: Dezembro | Y97: =J97 -> Dezembro | AG97: =Y97 -> Dezembro
A98: KM (Rodados) | B98: 1ª Leitura | C98: 2ª Leitura | D98: 3ª Leitura | E98: 4ª Leitura | F98: 15 dias Rodados | G98: 30 dias Rodados | H98: Total Mensal | J98: DATA | K98: 45997 | L98: 46000 | M98: 46004 | N98: 46007 | Y98: DATA | AG98: DATA
B99: 53662 | C99: 54914 | D99: 54914 | E99: 55354 | F99: =SUM(C99-B99) -> 1252 | G99: =SUM(E99-D99) -> 440 | H99: =SUM(F99:G99) -> 1692 | J99: VALOR | K99: 236.07 | L99: 200.14 | M99: 216.06 | N99: 245.43 | Y99: VALOR | AG99: VALOR
T100: TOTAL | U100: =SUM(K99:U99) -> 897.7 | AD100: TOTAL | AE100: =SUM(Z99:AE99) -> 0 | AL100: TOTAL | AM100: =SUM(AH99:AM99) -> 0
A101: 2026 | B101: Janeiro | J101: Janeiro | W101: Janeiro | AE101: Janeiro
A102: KM (Rodados) | B102: 1ª Leitura | C102: 2ª Leitura | D102: 3ª Leitura | E102: 4ª Leitura | F102: 15 dias Rodados | G102: 30 dias Rodados | H102: Total Mensal | J102: DATA | W102: DATA | AE102: DATA
B103: 55354 | C103: 57451 | F103: =SUM(C103-B103) -> 2097 | G103: =SUM(E103-D103) -> 0 | H103: =SUM(F103:G103) -> 2097 | J103: VALOR | W103: VALOR | AE103: VALOR
T104: TOTAL | U104: =SUM(K103:U103) -> 0 | AB104: TOTAL | AC104: =SUM(X103:AC103) -> 0 | AJ104: TOTAL | AK104: =SUM(AF103:AK103) -> 0
...

Sheet Sávio-Desmob2
B1: GESTÃO DE FROTAS
B2: CONTROLE DE QUILOMETRAGEM, ABASTECIMENTOS, LAVAGENS E SERVIÇOS DE BORRACHARIA
A4: Veiculo: | B4: T-Cross | D4: Placa: | E4: SUO0C57 | G4: KM | H4: 3000
A6: Contrato Locação: | B6: 3837 | D6: Rastreador: | E6: 45 | G6: Data mob.: | H6: 46010 | I6: Data Desmob.: | J6: 46041
A9: REGISTRO DE KM | J9: ABASTECIMENTO | W9: LAVA JATO | AE9: BORRACHARIA
B12: Dezembro | J12: Dezembro | W12: =J12 -> Dezembro | AE12: =W12 -> Dezembro
A13: KM (Rodados) | B13: 1ª Leitura | C13: 2ª Leitura | D13: 3ª Leitura | E13: 4ª Leitura | F13: 15 dias Rodados | G13: 30 dias Rodados | H13: Total Mensal | J13: DATA | W13: DATA | AE13: DATA
D14: 30274 | E14: 31775 | F14: =SUM(C14-B14) -> 0 | G14: =SUM(E14-D14) -> 1501 | H14: =SUM(F14:G14) -> 1501 | J14: VALOR | W14: VALOR | AE14: VALOR
T15: TOTAL | U15: =SUM(K14:U14) -> 0 | AB15: TOTAL | AC15: =SUM(X14:AC14) -> 0 | AJ15: TOTAL | AK15: =SUM(AF14:AK14) -> 0
B16: Janeiro | J16: Janeiro | W16: Janeiro | AE16: Janeiro
A17: KM (Rodados) | B17: 1ª Leitura | C17: 2ª Leitura | D17: 3ª Leitura | E17: 4ª Leitura | F17: 15 dias Rodados | G17: 30 dias Rodados | H17: Total Mensal | J17: DATA | W17: DATA | AE17: DATA
B18: 31775 | C18: 33983 | F18: =SUM(C18-B18) -> 2208 | G18: =SUM(E18-D18) -> 0 | H18: =SUM(F18:G18) -> 2208 | J18: VALOR | W18: VALOR | AE18: VALOR
T19: TOTAL | U19: =SUM(K18:U18) -> 0 | AB19: TOTAL | AC19: =SUM(X18:AC18) -> 0 | AJ19: TOTAL | AK19: =SUM(AF18:AK18) -> 0
B20: Fevereiro | J20: Fevereiro | W20: Fevereiro | AE20: Fevereiro
A21: KM (Rodados) | B21: 1ª Leitura | C21: 2ª Leitura | D21: 3ª Leitura | E21: 4ª Leitura | F21: 15 dias Rodados | G21: 30 dias Rodados | H21: Total Mensal | J21: DATA | W21: DATA | AE21: DATA
F22: =SUM(C22-B22) -> 0 | G22: =SUM(E22-D22) -> 0 | H22: =SUM(F22:G22) -> 0 | J22: VALOR | W22: VALOR | AE22: VALOR
T23: TOTAL | U23: =SUM(K22:U22) -> 0 | AB23: TOTAL | AC23: =SUM(X22:AC22) -> 0 | AJ23: TOTAL | AK23: =SUM(AF22:AK22) -> 0
B24: Março | J24: Março | W24: =J24 -> Março | AE24: =W24 -> Março
A25: KM (Rodados) | B25: 1ª Leitura | C25: 2ª Leitura | D25: 3ª Leitura | E25: 4ª Leitura | F25: 15 dias Rodados | G25: 30 dias Rodados | H25: Total Mensal | J25: DATA | W25: DATA | AE25: DATA
F26: =SUM(C26-B26) -> 0 | G26: =SUM(E26-D26) -> 0 | H26: =SUM(F26:G26) -> 0 | J26: VALOR | W26: VALOR | AE26: VALOR
T27: TOTAL | U27: =SUM(K26:U26) -> 0 | AB27: TOTAL | AC27: =SUM(X26:AC26) -> 0 | AJ27: TOTAL | AK27: =SUM(AF26:AK26) -> 0
B28: Abril | J28: Abril | W28: =J28 -> Abril | AE28: =W28 -> Abril
A29: KM (Rodados) | B29: 1ª Leitura | C29: 2ª Leitura | D29: 3ª Leitura | E29: 4ª Leitura | F29: 15 dias Rodados | G29: 30 dias Rodados | H29: Total Mensal | J29: DATA | W29: DATA | AE29: DATA
F30: =SUM(C30-B30) -> 0 | G30: =SUM(E30-D30) -> 0 | H30: =SUM(F30:G30) -> 0 | J30: VALOR | W30: VALOR | AE30: VALOR
T31: TOTAL | U31: =SUM(K30:U30) -> 0 | AB31: TOTAL | AC31: =SUM(X30:AC30) -> 0 | AJ31: TOTAL | AK31: =SUM(AF30:AK30) -> 0
B32: Maio | J32: Maio | W32: =J32 -> Maio | AE32: =W32 -> Maio
A33: KM (Rodados) | B33: 1ª Leitura | C33: 2ª Leitura | D33: 3ª Leitura | E33: 4ª Leitura | F33: 15 dias Rodados | G33: 30 dias Rodados | H33: Total Mensal | J33: DATA | W33: DATA | AE33: DATA
F34: =SUM(C34-B34) -> 0 | G34: =SUM(E34-D34) -> 0 | H34: =SUM(F34:G34) -> 0 | J34: VALOR | W34: VALOR | AE34: VALOR
T35: TOTAL | U35: =SUM(K34:U34) -> 0 | AB35: TOTAL | AC35: =SUM(X34:AC34) -> 0 | AJ35: TOTAL | AK35: =SUM(AF34:AK34) -> 0
B36: Junho | J36: Junho | W36: =J36 -> Junho | AE36: =W36 -> Junho
A37: KM (Rodados) | B37: 1ª Leitura | C37: 2ª Leitura | D37: 3ª Leitura | E37: 4ª Leitura | F37: 15 dias Rodados | G37: 30 dias Rodados | H37: Total Mensal | J37: DATA | W37: DATA | AE37: DATA
F38: =SUM(C38-B38) -> 0 | G38: =SUM(E38-D38) -> 0 | H38: =SUM(F38:G38) -> 0 | J38: VALOR | W38: VALOR | AE38: VALOR
T39: TOTAL | U39: =SUM(K38:U38) -> 0 | AB39: TOTAL | AC39: =SUM(X38:AC38) -> 0 | AJ39: TOTAL | AK39: =SUM(AF38:AK38) -> 0
B40: Julho | J40: Julho | W40: =J40 -> Julho | AE40: =W40 -> Julho
A41: KM (Rodados) | B41: 1ª Leitura | C41: 2ª Leitura | D41: 3ª Leitura | E41: 4ª Leitura | F41: 15 dias Rodados | G41: 30 dias Rodados | H41: Total Mensal | J41: DATA | W41: DATA | AE41: DATA
F42: =SUM(C42-B42) -> 0 | G42: =SUM(E42-D42) -> 0 | H42: =SUM(F42:G42) -> 0 | J42: VALOR | W42: VALOR | AE42: VALOR
T43: TOTAL | U43: =SUM(K42:U42) -> 0 | AB43: TOTAL | AC43: =SUM(X42:AC42) -> 0 | AJ43: TOTAL | AK43: =SUM(AF42:AK42) -> 0
B44: Agosto | J44: Agosto | W44: =J44 -> Agosto | AE44: =W44 -> Agosto
A45: KM (Rodados) | B45: 1ª Leitura | C45: 2ª Leitura | D45: 3ª Leitura | E45: 4ª Leitura | F45: 15 dias Rodados | G45: 30 dias Rodados | H45: Total Mensal | J45: DATA | W45: DATA | AE45: DATA
F46: =SUM(C46-B46) -> 0 | G46: =SUM(E46-D46) -> 0 | H46: =SUM(F46:G46) -> 0 | J46: VALOR | W46: VALOR | AE46: VALOR
T47: TOTAL | U47: =SUM(K46:U46) -> 0 | AB47: TOTAL | AC47: =SUM(X46:AC46) -> 0 | AJ47: TOTAL | AK47: =SUM(AF46:AK46) -> 0
B48: Setembro | J48: Setembro | W48: =J48 -> Setembro | AE48: =W48 -> Setembro
A49: KM (Rodados) | B49: 1ª Leitura | C49: 2ª Leitura | D49: 3ª Leitura | E49: 4ª Leitura | F49: 15 dias Rodados | G49: 30 dias Rodados | H49: Total Mensal | J49: DATA | W49: DATA | AE49: DATA
F50: =SUM(C50-B50) -> 0 | G50: =SUM(E50-D50) -> 0 | H50: =SUM(F50:G50) -> 0 | J50: VALOR | W50: VALOR | AE50: VALOR
T51: TOTAL | U51: =SUM(K50:U50) -> 0 | AB51: TOTAL | AC51: =SUM(X50:AC50) -> 0 | AJ51: TOTAL | AK51: =SUM(AF50:AK50) -> 0
B52: Outubro | J52: Outubro | W52: =J52 -> Outubro | AE52: =W52 -> Outubro
A53: KM (Rodados) | B53: 1ª Leitura | C53: 2ª Leitura | D53: 3ª Leitura | E53: 4ª Leitura | F53: 15 dias Rodados | G53: 30 dias Rodados | H53: Total Mensal | J53: DATA | W53: DATA | AE53: DATA
F54: =SUM(C54-B54) -> 0 | G54: =SUM(E54-D54) -> 0 | H54: =SUM(F54:G54) -> 0 | J54: VALOR | W54: VALOR | AE54: VALOR
T55: TOTAL | U55: =SUM(K54:U54) -> 0 | AB55: TOTAL | AC55: =SUM(X54:AC54) -> 0 | AJ55: TOTAL | AK55: =SUM(AF54:AK54) -> 0
B56: Novembro | J56: Novembro | W56: =J56 -> Novembro | AE56: =W56 -> Novembro
A57: KM (Rodados) | B57: 1ª Leitura | C57: 2ª Leitura | D57: 3ª Leitura | E57: 4ª Leitura | F57: 15 dias Rodados | G57: 30 dias Rodados | H57: Total Mensal | J57: DATA | W57: DATA | AE57: DATA
F58: =SUM(C58-B58) -> 0 | G58: =SUM(E58-D58) -> 0 | H58: =SUM(F58:G58) -> 0 | J58: VALOR | W58: VALOR | AE58: VALOR
T59: TOTAL | U59: =SUM(K58:U58) -> 0 | AB59: TOTAL | AC59: =SUM(X58:AC58) -> 0 | AJ59: TOTAL | AK59: =SUM(AF58:AK58) -> 0
B60: Dezembro | J60: Dezembro | W60: =J60 -> Dezembro | AE60: =W60 -> Dezembro
A61: KM (Rodados) | B61: 1ª Leitura | C61: 2ª Leitura | D61: 3ª Leitura | E61: 4ª Leitura | F61: 15 dias Rodados | G61: 30 dias Rodados | H61: Total Mensal | J61: DATA | W61: DATA | AE61: DATA
F62: =SUM(C62-B62) -> 0 | G62: =SUM(E62-D62) -> 0 | H62: =SUM(F62:G62) -> 0 | J62: VALOR | W62: VALOR | AE62: VALOR
T63: TOTAL | U63: =SUM(K62:U62) -> 0 | AB63: TOTAL | AC63: =SUM(X62:AC62) -> 0 | AJ63: TOTAL | AK63: =SUM(AF62:AK62) -> 0

Sheet Sávio-Desmob
B1: GESTÃO DE FROTAS
B2: CONTROLE DE QUILOMETRAGEM, ABASTECIMENTOS, LAVAGENS E SERVIÇOS DE BORRACHARIA
A4: Veiculo: | B4: Ranger | D4: Placa: | E4: TEU5A95 | G4: KM: | H4: 3000
A6: Contrato Locação: | B6: 7553 | D6: Rastreador: | E6: 45 | G6: Data mob.: | H6: 45869 | I6: Data Dev.: | J6: 46010
A9: REGISTRO DE KM | J9: ABASTECIMENTO | W9: LAVA JATO | AE9: BORRACHARIA
B11: Janeiro | J11: Janeiro | W11: Janeiro | AE11: Janeiro
A12: KM (Rodados) | B12: 1ª Leitura | C12: 2ª Leitura | D12: 3ª Leitura | E12: 4ª Leitura | F12: 15 dias Rodados | G12: 30 dias Rodados | H12: Total Mensal | J12: DATA | W12: DATA | AE12: DATA
F13: =SUM(C13-B13) -> 0 | G13: =SUM(E13-D13) -> 0 | H13: =SUM(F13:G13) -> 0 | J13: VALOR | W13: VALOR | AE13: VALOR
T14: TOTAL | U14: =SUM(K13:U13) -> 0 | AB14: TOTAL | AC14: =SUM(X13:AC13) -> 0 | AJ14: TOTAL | AK14: =SUM(AF13:AK13) -> 0
B15: Fevereiro | J15: Fevereiro | W15: Fevereiro | AE15: Fevereiro
A16: KM (Rodados) | B16: 1ª Leitura | C16: 2ª Leitura | D16: 3ª Leitura | E16: 4ª Leitura | F16: 15 dias Rodados | G16: 30 dias Rodados | H16: Total Mensal | J16: DATA | W16: DATA | AE16: DATA
F17: =SUM(C17-B17) -> 0 | G17: =SUM(E17-D17) -> 0 | H17: =SUM(F17:G17) -> 0 | J17: VALOR | W17: VALOR | AE17: VALOR
T18: TOTAL | U18: =SUM(K17:U17) -> 0 | AB18: TOTAL | AC18: =SUM(X17:AC17) -> 0 | AJ18: TOTAL | AK18: =SUM(AF17:AK17) -> 0
B19: Março | J19: Março | W19: =J19 -> Março | AE19: =W19 -> Março
A20: KM (Rodados) | B20: 1ª Leitura | C20: 2ª Leitura | D20: 3ª Leitura | E20: 4ª Leitura | F20: 15 dias Rodados | G20: 30 dias Rodados | H20: Total Mensal | J20: DATA | W20: DATA | AE20: DATA
F21: =SUM(C21-B21) -> 0 | G21: =SUM(E21-D21) -> 0 | H21: =SUM(F21:G21) -> 0 | J21: VALOR | W21: VALOR | AE21: VALOR
T22: TOTAL | U22: =SUM(K21:U21) -> 0 | AB22: TOTAL | AC22: =SUM(X21:AC21) -> 0 | AJ22: TOTAL | AK22: =SUM(AF21:AK21) -> 0
B23: Abril | J23: Abril | W23: =J23 -> Abril | AE23: =W23 -> Abril
A24: KM (Rodados) | B24: 1ª Leitura | C24: 2ª Leitura | D24: 3ª Leitura | E24: 4ª Leitura | F24: 15 dias Rodados | G24: 30 dias Rodados | H24: Total Mensal | J24: DATA | W24: DATA | AE24: DATA
F25: =SUM(C25-B25) -> 0 | G25: =SUM(E25-D25) -> 0 | H25: =SUM(F25:G25) -> 0 | J25: VALOR | W25: VALOR | AE25: VALOR
T26: TOTAL | U26: =SUM(K25:U25) -> 0 | AB26: TOTAL | AC26: =SUM(X25:AC25) -> 0 | AJ26: TOTAL | AK26: =SUM(AF25:AK25) -> 0
B27: Maio | J27: Maio | W27: =J27 -> Maio | AE27: =W27 -> Maio
A28: KM (Rodados) | B28: 1ª Leitura | C28: 2ª Leitura | D28: 3ª Leitura | E28: 4ª Leitura | F28: 15 dias Rodados | G28: 30 dias Rodados | H28: Total Mensal | J28: DATA | W28: DATA | AE28: DATA
F29: =SUM(C29-B29) -> 0 | G29: =SUM(E29-D29) -> 0 | H29: =SUM(F29:G29) -> 0 | J29: VALOR | W29: VALOR | AE29: VALOR
T30: TOTAL | U30: =SUM(K29:U29) -> 0 | AB30: TOTAL | AC30: =SUM(X29:AC29) -> 0 | AJ30: TOTAL | AK30: =SUM(AF29:AK29) -> 0
B31: Junho | J31: Junho | W31: =J31 -> Junho | AE31: =W31 -> Junho
A32: KM (Rodados) | B32: 1ª Leitura | C32: 2ª Leitura | D32: 3ª Leitura | E32: 4ª Leitura | F32: 15 dias Rodados | G32: 30 dias Rodados | H32: Total Mensal | J32: DATA | W32: DATA | AE32: DATA
F33: =SUM(C33-B33) -> 0 | G33: =SUM(E33-D33) -> 0 | H33: =SUM(F33:G33) -> 0 | J33: VALOR | W33: VALOR | AE33: VALOR
T34: TOTAL | U34: =SUM(K33:U33) -> 0 | AB34: TOTAL | AC34: =SUM(X33:AC33) -> 0 | AJ34: TOTAL | AK34: =SUM(AF33:AK33) -> 0
B35: Julho | J35: Julho | W35: =J35 -> Julho | AE35: =W35 -> Julho
A36: KM (Rodados) | B36: 1ª Leitura | C36: 2ª Leitura | D36: 3ª Leitura | E36: 4ª Leitura | F36: 15 dias Rodados | G36: 30 dias Rodados | H36: Total Mensal | J36: DATA | W36: DATA | AE36: DATA
F37: =SUM(C37-B37) -> 0 | G37: =SUM(E37-D37) -> 0 | H37: =SUM(F37:G37) -> 0 | J37: VALOR | W37: VALOR | AE37: VALOR
T38: TOTAL | U38: =SUM(K37:U37) -> 0 | AB38: TOTAL | AC38: =SUM(X37:AC37) -> 0 | AJ38: TOTAL | AK38: =SUM(AF37:AK37) -> 0
B39: Agosto | J39: Agosto | W39: =J39 -> Agosto | AE39: =W39 -> Agosto
A40: KM (Rodados) | B40: 1ª Leitura | C40: 2ª Leitura | D40: 3ª Leitura | E40: 4ª Leitura | F40: 15 dias Rodados | G40: 30 dias Rodados | H40: Total Mensal | J40: DATA | K40: 45870 | L40: 45873 | M40: 45878 | N40: 45883 | O40: 45890 | P40: 45895 | Q40: 45899 | W40: DATA | AE40: DATA
B41: 22 | C41: 1837 | D41: 1837 | E41: 3415 | F41: =SUM(C41-B41) -> 1815 | G41: =SUM(E41-D41) -> 1578 | H41: =SUM(F41:G41) -> 3393 | J41: VALOR | K41: 380.59 | L41: 262.1 | M41: 281.44 | N41: 242.57 | O41: 313.61 | P41: 313.15 | Q41: 403.05 | W41: VALOR | AE41: VALOR
T42: TOTAL | U42: =SUM(K41:U41) -> 2196.51 | AB42: TOTAL | AC42: =SUM(X41:AC41) -> 0 | AJ42: TOTAL | AK42: =SUM(AF41:AK41) -> 0
B43: Setembro | J43: Setembro | W43: =J43 -> Setembro | AE43: =W43 -> Setembro
A44: KM (Rodados) | B44: 1ª Leitura | C44: 2ª Leitura | D44: 3ª Leitura | E44: 4ª Leitura | F44: 15 dias Rodados | G44: 30 dias Rodados | H44: Total Mensal | J44: DATA | K44: 45904 | L44: 45909 | M44: 45911 | N44: 45916 | O44: 45920 | P44: 45925 | Q44: 45930 | W44: DATA | AE44: DATA
B45: 3415 | C45: 4837 | D45: 4837 | E45: 6597 | F45: =SUM(C45-B45) -> 1422 | G45: =SUM(E45-D45) -> 1760 | H45: =SUM(F45:G45) -> 3182 | J45: VALOR | K45: 360.05 | L45: 362.44 | M45: 217.05 | N45: 308.13 | O45: 165 | P45: 111.52 | Q45: 290.42 | W45: VALOR | AE45: VALOR
T46: TOTAL | U46: =SUM(K45:U45) -> 1814.61 | AB46: TOTAL | AC46: =SUM(X45:AC45) -> 0 | AJ46: TOTAL | AK46: =SUM(AF45:AK45) -> 0
B47: Outubro | J47: Outubro | W47: =J47 -> Outubro | AE47: =W47 -> Outubro
A48: KM (Rodados) | B48: 1ª Leitura | C48: 2ª Leitura | D48: 3ª Leitura | E48: 4ª Leitura | F48: 15 dias Rodados | G48: 30 dias Rodados | H48: Total Mensal | J48: DATA | K48: 45934 | L48: 45939 | M48: 45944 | N48: 45948 | O48: 45953 | P48: 45958 | Q48: 45960 | W48: DATA | AE48: DATA
B49: 6597 | C49: 8052 | D49: 8052 | E49: 9650 | F49: =SUM(C49-B49) -> 1455 | G49: =SUM(E49-D49) -> 1598 | H49: =SUM(F49:G49) -> 3053 | J49: VALOR | K49: 324.74 | L49: 312.46 | M49: 288.41 | N49: 287.01 | O49: 339.8 | P49: 334.67 | Q49: 184.26 | W49: VALOR | AE49: VALOR
T50: TOTAL | U50: =SUM(K49:U49) -> 2071.35 | AB50: TOTAL | AC50: =SUM(X49:AC49) -> 0 | AJ50: TOTAL | AK50: =SUM(AF49:AK49) -> 0
B51: Novembro | J51: Novembro | W51: =J51 -> Novembro | AE51: =W51 -> Novembro
A52: KM (Rodados) | B52: 1ª Leitura | C52: 2ª Leitura | D52: 3ª Leitura | E52: 4ª Leitura | F52: 15 dias Rodados | G52: 30 dias Rodados | H52: Total Mensal | J52: DATA | K52: 45969 | L52: 45972 | M52: 45974 | N52: 45981 | O52: 45986 | P52: 45990 | W52: DATA | AE52: DATA
B53: 9650 | C53: 11117 | D53: 11117 | E53: 12434 | F53: =SUM(C53-B53) -> 1467 | G53: =SUM(E53-D53) -> 1317 | H53: =SUM(F53:G53) -> 2784 | J53: VALOR | K53: 87.15 | L53: 345.66 | M53: 189.14 | N53: 371.8 | O53: 294.88 | P53: 233.64 | W53: VALOR | AE53: VALOR
T54: TOTAL | U54: =SUM(K53:U53) -> 1522.27 | AB54: TOTAL | AC54: =SUM(X53:AC53) -> 0 | AJ54: TOTAL | AK54: =SUM(AF53:AK53) -> 0
B55: Dezembro | J55: Dezembro | W55: =J55 -> Dezembro | AE55: =W55 -> Dezembro
A56: KM (Rodados) | B56: 1ª Leitura | C56: 2ª Leitura | D56: 3ª Leitura | E56: 4ª Leitura | F56: 15 dias Rodados | G56: 30 dias Rodados | H56: Total Mensal | J56: DATA | K56: 45993 | L56: 45995 | M56: 46000 | N56: 46010 | W56: DATA | AE56: DATA
B57: 12434 | C57: 14442 | F57: =SUM(C57-B57) -> 2008 | G57: =SUM(E57-D57) -> 0 | H57: =SUM(F57:G57) -> 2008 | J57: VALOR | K57: 267.8 | L57: 224.3 | M57: 275.82 | N57: 388.09 | W57: VALOR | AE57: VALOR
T58: TOTAL | U58: =SUM(K57:U57) -> 1156.01 | AB58: TOTAL | AC58: =SUM(X57:AC57) -> 0 | AJ58: TOTAL | AK58: =SUM(AF57:AK57) -> 0
A59: 2026 | B59: Janeiro | J59: Janeiro | W59: Janeiro | AE59: Janeiro
A60: KM (Rodados) | B60: 1ª Leitura | C60: 2ª Leitura | D60: 3ª Leitura | E60: 4ª Leitura | F60: 15 dias Rodados | G60: 30 dias Rodados | H60: Total Mensal | J60: DATA | W60: DATA | AE60: DATA
F61: =SUM(C61-B61) -> 0 | G61: =SUM(E61-D61) -> 0 | H61: =SUM(F61:G61) -> 0 | J61: VALOR | W61: VALOR | AE61: VALOR
T62: TOTAL | U62: =SUM(K61:U61) -> 0 | AB62: TOTAL | AC62: =SUM(X61:AC61) -> 0 | AJ62: TOTAL | AK62: =SUM(AF61:AK61) -> 0
B63: Fevereiro | J63: Fevereiro | W63: Fevereiro | AE63: Fevereiro
A64: KM (Rodados) | B64: 1ª Leitura | C64: 2ª Leitura | D64: 3ª Leitura | E64: 4ª Leitura | F64: 15 dias Rodados | G64: 30 dias Rodados | H64: Total Mensal | J64: DATA | W64: DATA | AE64: DATA
F65: =SUM(C65-B65) -> 0 | G65: =SUM(E65-D65) -> 0 | H65: =SUM(F65:G65) -> 0 | J65: VALOR | W65: VALOR | AE65: VALOR
T66: TOTAL | U66: =SUM(K65:U65) -> 0 | AB66: TOTAL | AC66: =SUM(X65:AC65) -> 0 | AJ66: TOTAL | AK66: =SUM(AF65:AK65) -> 0
B67: Março | J67: Março | W67: =J67 -> Março | AE67: =W67 -> Março
A68: KM (Rodados) | B68: 1ª Leitura | C68: 2ª Leitura | D68: 3ª Leitura | E68: 4ª Leitura | F68: 15 dias Rodados | G68: 30 dias Rodados | H68: Total Mensal | J68: DATA | W68: DATA | AE68: DATA
F69: =SUM(C69-B69) -> 0 | G69: =SUM(E69-D69) -> 0 | H69: =SUM(F69:G69) -> 0 | J69: VALOR | W69: VALOR | AE69: VALOR
T70: TOTAL | U70: =SUM(K69:U69) -> 0 | AB70: TOTAL | AC70: =SUM(X69:AC69) -> 0 | AJ70: TOTAL | AK70: =SUM(AF69:AK69) -> 0
B71: Abril | J71: Abril | W71: =J71 -> Abril | AE71: =W71 -> Abril
A72: KM (Rodados) | B72: 1ª Leitura | C72: 2ª Leitura | D72: 3ª Leitura | E72: 4ª Leitura | F72: 15 dias Rodados | G72: 30 dias Rodados | H72: Total Mensal | J72: DATA | W72: DATA | AE72: DATA
F73: =SUM(C73-B73) -> 0 | G73: =SUM(E73-D73) -> 0 | H73: =SUM(F73:G73) -> 0 | J73: VALOR | W73: VALOR | AE73: VALOR
T74: TOTAL | U74: =SUM(K73:U73) -> 0 | AB74: TOTAL | AC74: =SUM(X73:AC73) -> 0 | AJ74: TOTAL | AK74: =SUM(AF73:AK73) -> 0
B75: Maio | J75: Maio | W75: =J75 -> Maio | AE75: =W75 -> Maio
A76: KM (Rodados) | B76: 1ª Leitura | C76: 2ª Leitura | D76: 3ª Leitura | E76: 4ª Leitura | F76: 15 dias Rodados | G76: 30 dias Rodados | H76: Total Mensal | J76: DATA | W76: DATA | AE76: DATA
F77: =SUM(C77-B77) -> 0 | G77: =SUM(E77-D77) -> 0 | H77: =SUM(F77:G77) -> 0 | J77: VALOR | W77: VALOR | AE77: VALOR
T78: TOTAL | U78: =SUM(K77:U77) -> 0 | AB78: TOTAL | AC78: =SUM(X77:AC77) -> 0 | AJ78: TOTAL | AK78: =SUM(AF77:AK77) -> 0
B79: Junho | J79: Junho | W79: =J79 -> Junho | AE79: =W79 -> Junho
A80: KM (Rodados) | B80: 1ª Leitura | C80: 2ª Leitura | D80: 3ª Leitura | E80: 4ª Leitura | F80: 15 dias Rodados | G80: 30 dias Rodados | H80: Total Mensal | J80: DATA | W80: DATA | AE80: DATA
F81: =SUM(C81-B81) -> 0 | G81: =SUM(E81-D81) -> 0 | H81: =SUM(F81:G81) -> 0 | J81: VALOR | W81: VALOR | AE81: VALOR
T82: TOTAL | U82: =SUM(K81:U81) -> 0 | AB82: TOTAL | AC82: =SUM(X81:AC81) -> 0 | AJ82: TOTAL | AK82: =SUM(AF81:AK81) -> 0
B83: Julho | J83: Julho | W83: =J83 -> Julho | AE83: =W83 -> Julho
A84: KM (Rodados) | B84: 1ª Leitura | C84: 2ª Leitura | D84: 3ª Leitura | E84: 4ª Leitura | F84: 15 dias Rodados | G84: 30 dias Rodados | H84: Total Mensal | J84: DATA | W84: DATA | AE84: DATA
F85: =SUM(C85-B85) -> 0 | G85: =SUM(E85-D85) -> 0 | H85: =SUM(F85:G85) -> 0 | J85: VALOR | W85: VALOR | AE85: VALOR
T86: TOTAL | U86: =SUM(K85:U85) -> 0 | AB86: TOTAL | AC86: =SUM(X85:AC85) -> 0 | AJ86: TOTAL | AK86: =SUM(AF85:AK85) -> 0

Sheet Eric-Desmob
B1: GESTÃO DE FROTAS
B2: CONTROLE DE QUILOMETRAGEM, ABASTECIMENTOS, LAVAGENS E SERVIÇOS DE BORRACHARIA
A4: Veiculo: | B4: Polo Track | D4: Placa: | E4: TIX2B85 | G4: KM | H4: 4500
A5: Troca de Categoria: | B5: 45780 | D5: Placa: | E5: SYG4A34 | G5: Modelo: | H5: Kicks
A6: Substituição: | B6: 45807 | D6: Placa: | E6: TLP7F80 | G6: Modelo: | H6: T-Cross
A7: Substituição: | B7: 45961 | D7: Placa: | E7: STQ7C53 | G7: Modelo: | H7: T-Cross
A8: Contrato Locação: | B8: 4144 | D8: Rastreador: | E8: 45 | G8: Data mob.: | H8: 45733 | I8: Data Dev.: | J8: 46011
A11: REGISTRO DE KM | J11: ABASTECIMENTO | W11: LAVA JATO | AE11: BORRACHARIA
B13: Janeiro | J13: Janeiro | W13: Janeiro | AE13: Janeiro
A14: KM (Rodados) | B14: 1ª Leitura | C14: 2ª Leitura | D14: 3ª Leitura | E14: 4ª Leitura | F14: 15 dias Rodados | G14: 30 dias Rodados | H14: Total Mensal | J14: DATA | W14: DATA | AE14: DATA
F15: =SUM(C15-B15) -> 0 | G15: =SUM(E15-D15) -> 0 | H15: =SUM(F15:G15) -> 0 | J15: VALOR | W15: VALOR | AE15: VALOR
T16: TOTAL | U16: =SUM(K15:U15) -> 0 | AB16: TOTAL | AC16: =SUM(X15:AC15) -> 0 | AJ16: TOTAL | AK16: =SUM(AF15:AK15) -> 0
B17: Fevereiro | J17: Fevereiro | W17: Fevereiro | AE17: Fevereiro
A18: KM (Rodados) | B18: 1ª Leitura | C18: 2ª Leitura | D18: 3ª Leitura | E18: 4ª Leitura | F18: 15 dias Rodados | G18: 30 dias Rodados | H18: Total Mensal | J18: DATA | W18: DATA | AE18: DATA
F19: =SUM(C19-B19) -> 0 | G19: =SUM(E19-D19) -> 0 | H19: =SUM(F19:G19) -> 0 | J19: VALOR | W19: VALOR | AE19: VALOR
T20: TOTAL | U20: =SUM(K19:U19) -> 0 | AB20: TOTAL | AC20: =SUM(X19:AC19) -> 0 | AJ20: TOTAL | AK20: =SUM(AF19:AK19) -> 0
B21: Março | J21: Março | W21: =J21 -> Março | AE21: =W21 -> Março
A22: KM (Rodados) | B22: 1ª Leitura | C22: 2ª Leitura | D22: 3ª Leitura | E22: 4ª Leitura | F22: 15 dias Rodados | G22: 30 dias Rodados | H22: Total Mensal | J22: DATA | K22: 45736 | L22: 45741 | M22: 45745 | W22: DATA | AE22: DATA | AF22: 45737
D23: 6096 | E23: 7709 | F23: =SUM(C23-B23) -> 0 | G23: =SUM(E23-D23) -> 1613 | H23: =SUM(F23:G23) -> 1613 | J23: VALOR | K23: 284.92 | L23: 214.8 | M23: 208.64 | W23: VALOR | AE23: VALOR | AF23: 40
T24: TOTAL | U24: =SUM(K23:U23) -> 708.36 | AB24: TOTAL | AC24: =SUM(X23:AC23) -> 0 | AJ24: TOTAL | AK24: =SUM(AF23:AK23) -> 40
B25: Abril | J25: Abril | W25: =J25 -> Abril | AE25: =W25 -> Abril
A26: KM (Rodados) | B26: 1ª Leitura | C26: 2ª Leitura | D26: 3ª Leitura | E26: 4ª Leitura | F26: 15 dias Rodados | G26: 30 dias Rodados | H26: Total Mensal | J26: DATA | K26: 45750 | L26: 45757 | W26: DATA | AE26: DATA
B27: 7709 | C27: 8821 | D27: 8821 | E27: 11253 | F27: =SUM(C27-B27) -> 1112 | G27: =SUM(E27-D27) -> 2432 | H27: =SUM(F27:G27) -> 3544 | J27: VALOR | K27: 230.21 | L27: 248.52 | W27: VALOR | AE27: VALOR
T28: TOTAL | U28: =SUM(K27:U27) -> 478.73 | AB28: TOTAL | AC28: =SUM(X27:AC27) -> 0 | AJ28: TOTAL | AK28: =SUM(AF27:AK27) -> 0
B29: Maio | J29: Maio | W29: =J29 -> Maio | AE29: =W29 -> Maio
A30: KM (Rodados) | B30: 1ª Leitura | C30: 2ª Leitura | D30: 3ª Leitura | E30: 4ª Leitura | F30: 15 dias Rodados | G30: 30 dias Rodados | H30: Total Mensal | J30: DATA | K30: 45778 | L30: 45780 | W30: DATA | AE30: DATA
B31: 35243 | C31: 36842 | D31: 36842 | E31: 38299 | F31: =SUM(C31-B31) -> 1599 | G31: =SUM(E31-D31) -> 1457 | H31: =SUM(F31:G31) -> 3056 | J31: VALOR | K31: 201.7 | L31: 195.48 | W31: VALOR | AE31: VALOR
T32: TOTAL | U32: =SUM(K31:U31) -> 397.18 | AB32: TOTAL | AC32: =SUM(X31:AC31) -> 0 | AJ32: TOTAL | AK32: =SUM(AF31:AK31) -> 0
B33: Junho | J33: Junho | W33: =J33 -> Junho | AE33: =W33 -> Junho
A34: KM (Rodados) | B34: 1ª Leitura | C34: 2ª Leitura | D34: 3ª Leitura | E34: 4ª Leitura | F34: 15 dias Rodados | G34: 30 dias Rodados | H34: Total Mensal | J34: DATA | K34: 45813 | L34: 45820 | M34: 45825 | N34: 45827 | O34: 45834 | W34: DATA | AE34: DATA
B35: 21511 | C35: 23012 | D35: 23012 | E35: 24058 | F35: =SUM(C35-B35) -> 1501 | G35: =SUM(E35-D35) -> 1046 | H35: =SUM(F35:G35) -> 2547 | J35: VALOR | K35: 262.16 | L35: 234.16 | M35: 225.16 | N35: 166.71 | O35: 269.75 | W35: VALOR | AE35: VALOR
T36: TOTAL | U36: =SUM(K35:U35) -> 1157.94 | AB36: TOTAL | AC36: =SUM(X35:AC35) -> 0 | AJ36: TOTAL | AK36: =SUM(AF35:AK35) -> 0
B37: Julho | J37: Julho | W37: =J37 -> Julho | AE37: =W37 -> Julho
A38: KM (Rodados) | B38: 1ª Leitura | C38: 2ª Leitura | D38: 3ª Leitura | E38: 4ª Leitura | F38: 15 dias Rodados | G38: 30 dias Rodados | H38: Total Mensal | J38: DATA | K38: 45853 | L38: 45867 | W38: DATA | AE38: DATA
B39: 24058 | C39: 25235 | D39: 25235 | E39: 26624 | F39: =SUM(C39-B39) -> 1177 | G39: =SUM(E39-D39) -> 1389 | H39: =SUM(F39:G39) -> 2566 | J39: VALOR | K39: 285.82 | L39: 261.37 | W39: VALOR | AE39: VALOR
T40: TOTAL | U40: =SUM(K39:U39) -> 547.19 | AB40: TOTAL | AC40: =SUM(X39:AC39) -> 0 | AJ40: TOTAL | AK40: =SUM(AF39:AK39) -> 0
B41: Agosto | J41: Agosto | W41: =J41 -> Agosto | AE41: =W41 -> Agosto
A42: KM (Rodados) | B42: 1ª Leitura | C42: 2ª Leitura | D42: 3ª Leitura | E42: 4ª Leitura | F42: 15 dias Rodados | G42: 30 dias Rodados | H42: Total Mensal | J42: DATA | K42: 45874 | L42: 45876 | M42: 45878 | N42: 45883 | O42: 45890 | P42: 45892 | Q42: 45899 | W42: DATA | AE42: DATA
B43: 26624 | C43: 27884 | D43: 27884 | E43: 29237 | F43: =SUM(C43-B43) -> 1260 | G43: =SUM(E43-D43) -> 1353 | H43: =SUM(F43:G43) -> 2613 | J43: VALOR | K43: 217.14 | L43: 190.04 | M43: 104.47 | N43: 270.12 | O43: 261.21 | P43: 200.83 | Q43: 289.79 | W43: VALOR | AE43: VALOR
T44: TOTAL | U44: =SUM(K43:U43) -> 1533.6 | AB44: TOTAL | AC44: =SUM(X43:AC43) -> 0 | AJ44: TOTAL | AK44: =SUM(AF43:AK43) -> 0
B45: Setembro | J45: Setembro | W45: =J45 -> Setembro | AE45: =W45 -> Setembro
A46: KM (Rodados) | B46: 1ª Leitura | C46: 2ª Leitura | D46: 3ª Leitura | E46: 4ª Leitura | F46: 15 dias Rodados | G46: 30 dias Rodados | H46: Total Mensal | J46: DATA | K46: 45904 | L46: 45911 | M46: 45913 | N46: 45916 | O46: 45925 | P46: 45927 | Q46: 45930 | W46: DATA | AE46: DATA
B47: 29237 | C47: 30314 | D47: 30314 | E47: 31412 | F47: =SUM(C47-B47) -> 1077 | G47: =SUM(E47-D47) -> 1098 | H47: =SUM(F47:G47) -> 2175 | J47: VALOR | K47: 252.6 | L47: 195.65 | M47: 170.55 | N47: 202.57 | O47: 258.07 | P47: 137.25 | Q47: 270.02 | W47: VALOR | AE47: VALOR
T48: TOTAL | U48: =SUM(K47:U47) -> 1486.71 | AB48: TOTAL | AC48: =SUM(X47:AC47) -> 0 | AJ48: TOTAL | AK48: =SUM(AF47:AK47) -> 0
A49: TLP7F80 | B49: Outubro | J49: Outubro | W49: =J49 -> Outubro | AE49: =W49 -> Outubro
A50: KM (Rodados) | B50: 1ª Leitura | C50: 2ª Leitura | D50: 3ª Leitura | E50: 4ª Leitura | F50: 15 dias Rodados | G50: 30 dias Rodados | H50: Total Mensal | J50: DATA | K50: 45932 | L50: 45934 | M50: 45944 | N50: 45951 | O50: 45953 | P50: 45956 | W50: DATA | AE50: DATA
B51: 31412 | C51: 32555 | D51: 32555 | E51: 33485 | F51: =SUM(C51-B51) -> 1143 | G51: =SUM(E51-D51) -> 930 | H51: =SUM(F51:G51) -> 2073 | J51: VALOR | K51: 99.13 | L51: 136.17 | M51: 279.02 | N51: 255.18 | O51: 260.02 | P51: 121.9 | W51: VALOR | AE51: VALOR
T52: TOTAL | U52: =SUM(K51:U51) -> 1151.42 | AB52: TOTAL | AC52: =SUM(X51:AC51) -> 0 | AJ52: TOTAL | AK52: =SUM(AF51:AK51) -> 0
A53: STQ7C53 | B53: Novembro | J53: Novembro | W53: =J53 -> Novembro | AE53: =W53 -> Novembro
A54: KM (Rodados) | B54: 1ª Leitura | C54: 2ª Leitura | D54: 3ª Leitura | E54: 4ª Leitura | F54: 15 dias Rodados | G54: 30 dias Rodados | H54: Total Mensal | J54: DATA | K54: 45965 | L54: 45972 | M54: 45979 | N54: 45981 | O54: 45986 | W54: DATA | AE54: DATA
B55: 56403 | C55: 57968 | D55: 57968 | E55: 59303 | F55: =SUM(C55-B55) -> 1565 | G55: =SUM(E55-D55) -> 1335 | H55: =SUM(F55:G55) -> 2900 | J55: VALOR | K55: 247.44 | L55: 270.21 | M55: 258.45 | N55: 195.99 | O55: 223.29 | W55: VALOR | AE55: VALOR
T56: TOTAL | U56: =SUM(K55:U55) -> 1195.38 | AB56: TOTAL | AC56: =SUM(X55:AC55) -> 0 | AJ56: TOTAL | AK56: =SUM(AF55:AK55) -> 0
B57: Dezembro | J57: Dezembro | W57: =J57 -> Dezembro | AE57: =W57 -> Dezembro
A58: KM (Rodados) | B58: 1ª Leitura | C58: 2ª Leitura | D58: 3ª Leitura | E58: 4ª Leitura | F58: 15 dias Rodados | G58: 30 dias Rodados | H58: Total Mensal | J58: DATA | K58: 45993 | L58: 45995 | M58: 46000 | N58: 46004 | O58: 46009 | P58: 46011 | W58: DATA | AE58: DATA
B59: 59303 | C59: 60841 | D59: 60841 | E59: 61587 | F59: =SUM(C59-B59) -> 1538 | G59: =SUM(E59-D59) -> 746 | H59: =SUM(F59:G59) -> 2284 | J59: VALOR | K59: 204.29 | L59: 192.41 | M59: 239.2 | N59: 239.9 | O59: 279.9 | P59: 174.98 | W59: VALOR | AE59: VALOR
T60: TOTAL | U60: =SUM(K59:U59) -> 1330.68 | AB60: TOTAL | AC60: =SUM(X59:AC59) -> 0 | AJ60: TOTAL | AK60: =SUM(AF59:AK59) -> 0

Sheet Washington - Desmob
B1: GESTÃO DE FROTAS
B2: CONTROLE DE QUILOMETRAGEM, ABASTECIMENTOS, LAVAGENS E SERVIÇOS DE BORRACHARIA
A4: Veiculo: | B4: Duster | D4: Placa: | E4: SFB5H82 | G4: Devolução: | H4: 45770
A5: Novo Veículo: | B5: 45782 | D5: Placa: | E5: EXJ3H31 | G5: Modelo: | H5: T-Cross
A6: Substituição: | B6: 45794 | D6: Placa: | E6: SJE5D96 | G6: Modelo: | H6: Creta
A7: Contrato Locação: | B7: 3792.09 | D7: Rastreador: | E7: 45 | G7: Data mob.: | H7: 45731 | I7: Data Dev.: | J7: 46010
A9: Veículo era utilizado por Ana Caroline até o dia 25/07/2025, após foi transferido para Washington
A10: REGISTRO DE KM | J10: ABASTECIMENTO | W10: LAVA JATO | AE10: BORRACHARIA
B12: Janeiro | J12: Janeiro | W12: Janeiro | AE12: Janeiro
A13: KM (Rodados) | B13: 1ª Leitura | C13: 2ª Leitura | D13: 3ª Leitura | E13: 4ª Leitura | F13: 15 dias Rodados | G13: 30 dias Rodados | H13: Total Mensal | J13: DATA | W13: DATA | AE13: DATA
F14: =SUM(C14-B14) -> 0 | G14: =SUM(E14-D14) -> 0 | H14: =SUM(F14:G14) -> 0 | J14: VALOR | W14: VALOR | AE14: VALOR
T15: TOTAL | U15: =SUM(K14:U14) -> 0 | AB15: TOTAL | AC15: =SUM(X14:AC14) -> 0 | AJ15: TOTAL | AK15: =SUM(AF14:AK14) -> 0
B16: Fevereiro | J16: Fevereiro | W16: Fevereiro | AE16: Fevereiro
A17: KM (Rodados) | B17: 1ª Leitura | C17: 2ª Leitura | D17: 3ª Leitura | E17: 4ª Leitura | F17: 15 dias Rodados | G17: 30 dias Rodados | H17: Total Mensal | J17: DATA | W17: DATA | AE17: DATA
F18: =SUM(C18-B18) -> 0 | G18: =SUM(E18-D18) -> 0 | H18: =SUM(F18:G18) -> 0 | J18: VALOR | W18: VALOR | AE18: VALOR
T19: TOTAL | U19: =SUM(K18:U18) -> 0 | AB19: TOTAL | AC19: =SUM(X18:AC18) -> 0 | AJ19: TOTAL | AK19: =SUM(AF18:AK18) -> 0
B20: Março | J20: Março | W20: =J20 -> Março | AE20: =W20 -> Março
A21: KM (Rodados) | B21: 1ª Leitura | C21: 2ª Leitura | D21: 3ª Leitura | E21: 4ª Leitura | F21: 15 dias Rodados | G21: 30 dias Rodados | H21: Total Mensal | J21: DATA | K21: 45734 | L21: 45736 | M21: 45738 | N21: 45741 | O21: 45743 | W21: DATA | AE21: DATA
D22: 34193 | E22: 36306 | F22: =SUM(C22-B22) -> 0 | G22: =SUM(E22-D22) -> 2113 | H22: =SUM(F22:G22) -> 2113 | J22: VALOR | K22: 261.98 | L22: 302.11 | M22: 199.02 | N22: 193.35 | O22: 224.05 | W22: VALOR | AE22: VALOR
T23: TOTAL | U23: =SUM(K22:U22) -> 1180.51 | AB23: TOTAL | AC23: =SUM(X22:AC22) -> 0 | AJ23: TOTAL | AK23: =SUM(AF22:AK22) -> 0
B24: Abril | J24: Abril | W24: =J24 -> Abril | AE24: =W24 -> Abril
A25: KM (Rodados) | B25: 1ª Leitura | C25: 2ª Leitura | D25: 3ª Leitura | E25: 4ª Leitura | F25: 15 dias Rodados | G25: 30 dias Rodados | H25: Total Mensal | J25: DATA | K25: 45748 | L25: 45750 | M25: 45752 | N25: 45755 | O25: 45757 | P25: 45759 | Q25: 45762 | W25: DATA | AE25: DATA
B26: 36306 | C26: 38048 | D26: 38048 | E26: 38420 | F26: =SUM(C26-B26) -> 1742 | G26: =SUM(E26-D26) -> 372 | H26: =SUM(F26:G26) -> 2114 | J26: VALOR | K26: 226.52 | L26: 211.28 | M26: 220.97 | N26: 141.02 | O26: 238.91 | P26: 195.05 | Q26: 227.82 | W26: VALOR | AE26: VALOR
T27: TOTAL | U27: =SUM(K26:U26) -> 1461.57 | AB27: TOTAL | AC27: =SUM(X26:AC26) -> 0 | AJ27: TOTAL | AK27: =SUM(AF26:AK26) -> 0
B28: Maio | J28: Maio | W28: =J28 -> Maio | AE28: =W28 -> Maio
A29: KM (Rodados) | B29: 1ª Leitura | C29: 2ª Leitura | D29: 3ª Leitura | E29: 4ª Leitura | F29: 15 dias Rodados | G29: 30 dias Rodados | H29: Total Mensal | J29: DATA | K29: 45783 | L29: 45794 | M29: 45794 | N29: 45795 | O29: 45797 | P29: 45799 | Q29: 45801 | R29: 45804 | S29: 45806 | T29: 45808 | W29: DATA | AE29: DATA
B30: 40527 | C30: 41655 | D30: 57041 | E30: 58923 | F30: =SUM(C30-B30) -> 1128 | G30: =SUM(E30-D30) -> 1882 | H30: =SUM(F30:G30) -> 3010 | J30: VALOR | K30: 293.08 | L30: 161.65 | M30: 191.98 | N30: 178.71 | O30: 117.54 | P30: 206.51 | Q30: 116.37 | R30: 159.43 | S30: 133.7 | T30: 153.09 | W30: VALOR | AE30: VALOR
T31: TOTAL | U31: =SUM(K30:U30) -> 1712.06 | AB31: TOTAL | AC31: =SUM(X30:AC30) -> 0 | AJ31: TOTAL | AK31: =SUM(AF30:AK30) -> 0
B32: Junho | J32: Junho | W32: =J32 -> Junho | AE32: =W32 -> Junho
A33: KM (Rodados) | B33: 1ª Leitura | C33: 2ª Leitura | D33: 3ª Leitura | E33: 4ª Leitura | F33: 15 dias Rodados | G33: 30 dias Rodados | H33: Total Mensal | J33: DATA | K33: 45811 | L33: 45813 | M33: 45818 | N33: 45826 | O33: 45834 | W33: DATA | AE33: DATA
B34: 58923 | C34: 59960 | D34: 59960 | E34: 60775 | F34: =SUM(C34-B34) -> 1037 | G34: =SUM(E34-D34) -> 815 | H34: =SUM(F34:G34) -> 1852 | J34: VALOR | K34: 147.65 | L34: 153.74 | M34: 157.92 | N34: 191.92 | O34: 281.33 | W34: VALOR | AE34: VALOR
T35: TOTAL | U35: =SUM(K34:U34) -> 932.56 | AB35: TOTAL | AC35: =SUM(X34:AC34) -> 0 | AJ35: TOTAL | AK35: =SUM(AF34:AK34) -> 0
B36: Julho | J36: Julho | W36: =J36 -> Julho | AE36: =W36 -> Julho
A37: KM (Rodados) | B37: 1ª Leitura | C37: 2ª Leitura | D37: 3ª Leitura | E37: 4ª Leitura | F37: 15 dias Rodados | G37: 30 dias Rodados | H37: Total Mensal | J37: DATA | K37: 45839 | L37: 45841 | M37: 45843 | N37: 45846 | O37: 45848 | P37: 45853 | Q37: 45855 | R37: 45857 | S37: 45860 | T37: 45862 | W37: DATA | AE37: DATA
B38: 60775 | C38: 62538 | D38: 62538 | E38: 64610 | F38: =SUM(C38-B38) -> 1763 | G38: =SUM(E38-D38) -> 2072 | H38: =SUM(F38:G38) -> 3835 | J38: VALOR | K38: 116.92 | L38: 177.04 | M38: 180 | N38: 212.59 | O38: 153.63 | P38: 212.21 | Q38: 140.45 | R38: 161.64 | S38: 159.46 | T38: 163.73 | W38: VALOR | AE38: VALOR
T39: TOTAL | U39: =SUM(K38:U38) -> 1677.67 | AB39: TOTAL | AC39: =SUM(X38:AC38) -> 0 | AJ39: TOTAL | AK39: =SUM(AF38:AK38) -> 0
B40: Agosto | J40: Agosto | W40: =J40 -> Agosto | AE40: =W40 -> Agosto
A41: KM (Rodados) | B41: 1ª Leitura | C41: 2ª Leitura | D41: 3ª Leitura | E41: 4ª Leitura | F41: 15 dias Rodados | G41: 30 dias Rodados | H41: Total Mensal | J41: DATA | K41: 45872 | L41: 45874 | M41: 45876 | N41: 45881 | O41: 45883 | P41: 45889 | Q41: 45892 | R41: 45894 | W41: DATA | AE41: DATA
B42: 64610 | C42: 66230 | D42: 66230 | E42: 68130 | F42: =SUM(C42-B42) -> 1620 | G42: =SUM(E42-D42) -> 1900 | H42: =SUM(F42:G42) -> 3520 | J42: VALOR | K42: 60.7 | L42: 197.08 | M42: 240.83 | N42: 239.97 | O42: 230.26 | P42: 188.69 | Q42: 217.5 | R42: 253.28 | W42: VALOR | AE42: VALOR
T43: TOTAL | U43: =SUM(K42:U42) -> 1628.31 | AB43: TOTAL | AC43: =SUM(X42:AC42) -> 0 | AJ43: TOTAL | AK43: =SUM(AF42:AK42) -> 0
B44: Setembro | J44: Setembro | W44: =J44 -> Setembro | AE44: =W44 -> Setembro
A45: KM (Rodados) | B45: 1ª Leitura | C45: 2ª Leitura | D45: 3ª Leitura | E45: 4ª Leitura | F45: 15 dias Rodados | G45: 30 dias Rodados | H45: Total Mensal | J45: DATA | K45: 45902 | L45: 45904 | M45: 45906 | N45: 45911 | O45: 45913 | P45: 45918 | Q45: 45930 | W45: DATA | AE45: DATA
B46: 68130 | C46: 69652 | D46: 69652 | E46: 71519 | F46: =SUM(C46-B46) -> 1522 | G46: =SUM(E46-D46) -> 1867 | H46: =SUM(F46:G46) -> 3389 | J46: VALOR | K46: 164.59 | L46: 240.8 | M46: 155.08 | N46: 231.48 | O46: 191.05 | P46: 256.48 | Q46: 229.77 | W46: VALOR | AE46: VALOR
T47: TOTAL | U47: =SUM(K46:U46) -> 1469.25 | AB47: TOTAL | AC47: =SUM(X46:AC46) -> 0 | AJ47: TOTAL | AK47: =SUM(AF46:AK46) -> 0
B48: Outubro | J48: Outubro | W48: =J48 -> Outubro | AE48: =W48 -> Outubro
